id,title,current_path,current_status,formal_layer,source_kind,object_type,provenance_status,first_known_date,first_known_file,first_known_commit_or_pr,source_note_paths,source_case_ids,intermediate_reports,authoring_agent_or_source,original_natural_language_claim,original_expression,later_rewrites,conflicts,missing_sources,audit_priority,type_issue,counterexample_flag,recommend_non_function,notes
BC-20260709-001,《系统之美》,docs/meta-protocols/book-validation-22-cases-20260709.md,candidate_only,CANDIDATE_OR_PENDING,candidate_only,NATURAL_LANGUAGE_CANDIDATE,SOURCE_NOT_FOUND,2026-07-11,book-validation-22-cases-20260709.md,c71188646d476623b3181013cf01625270f6f1be,,,docs/meta-protocols/book-validation-22-cases-20260709.md,governance_registry,"系统基模中的""成长上限""基模与点火框架M1增强回路的同构性。当增强回路推动系统增长，同时调节回路在某个阈值启动限制增长，形成门控面极小点。",,,,direct source artifact unresolved,MEDIUM,False,False,True,
BC-20260709-002,《第五项修炼》,docs/meta-protocols/book-validation-22-cases-20260709.md,candidate_only,CANDIDATE_OR_PENDING,candidate_only,NATURAL_LANGUAGE_CANDIDATE,SOURCE_NOT_FOUND,2026-07-11,book-validation-22-cases-20260709.md,c71188646d476623b3181013cf01625270f6f1be,,,docs/meta-protocols/book-validation-22-cases-20260709.md,governance_registry,学习型组织的五项修炼与点火框架L3锁定强度函数的映射。个人修炼→团队学习→系统思考的层级演化，对应ε_eff的三阶段提升。,,,,direct source artifact unresolved,MEDIUM,False,False,True,
BC-20260709-003,《枪炮、病菌与钢铁》,docs/meta-protocols/book-validation-22-cases-20260709.md,candidate_only,CANDIDATE_OR_PENDING,candidate_only,NATURAL_LANGUAGE_CANDIDATE,SOURCE_NOT_FOUND,2026-07-11,book-validation-22-cases-20260709.md,c71188646d476623b3181013cf01625270f6f1be,,,docs/meta-protocols/book-validation-22-cases-20260709.md,governance_registry,地理决定论与点火框架P_meta元协议的碰撞。地理环境作为初始条件（V₁延续性协议），通过资源分布影响技术发展路径，验证了元协议组合对文明演化的决定性作用。,,,,direct source artifact unresolved,MEDIUM,False,False,True,
BC-20260709-004,《国家为什么会失败》,docs/meta-protocols/book-validation-22-cases-20260709.md,candidate_only,CANDIDATE_OR_PENDING,candidate_only,NATURAL_LANGUAGE_CANDIDATE,SOURCE_NOT_FOUND,2026-07-11,book-validation-22-cases-20260709.md,c71188646d476623b3181013cf01625270f6f1be,,,docs/meta-protocols/book-validation-22-cases-20260709.md,governance_registry,包容性制度vs汲取性制度与退出权函数的映射。包容性制度提供真实退出权（P_exit高），汲取性制度压缩退出权（P_exit低），形成系统演化路径的根本差异。,,,,direct source artifact unresolved,MEDIUM,False,False,True,
BC-20260709-005,《创新者的窘境》,docs/meta-protocols/book-validation-22-cases-20260709.md,candidate_only,CANDIDATE_OR_PENDING,candidate_only,NATURAL_LANGUAGE_CANDIDATE,SOURCE_NOT_FOUND,2026-07-11,book-validation-22-cases-20260709.md,c71188646d476623b3181013cf01625270f6f1be,,,docs/meta-protocols/book-validation-22-cases-20260709.md,governance_registry,破坏性创新与点火框架门控面演化的同构性。大公司受旧维度拖累（1/ln为负），边缘玩家无旧维度负担，验证了创新在边缘的拖累效应。,,,,direct source artifact unresolved,MEDIUM,False,False,True,
BC-20260709-006,《黑天鹅》,docs/meta-protocols/book-validation-22-cases-20260709.md,candidate_only,CANDIDATE_OR_PENDING,candidate_only,NATURAL_LANGUAGE_CANDIDATE,SOURCE_NOT_FOUND,2026-07-11,book-validation-22-cases-20260709.md,c71188646d476623b3181013cf01625270f6f1be,,,docs/meta-protocols/book-validation-22-cases-20260709.md,governance_registry,极端事件与点火框架G_δ哥德尔不完备性判定的映射。系统内部无法预测极端事件，必须跳到元层面（元协议）处理不确定性。,,,,direct source artifact unresolved,MEDIUM,False,False,True,
BC-20260709-007,《反脆弱》,docs/meta-protocols/book-validation-22-cases-20260709.md,candidate_only,CANDIDATE_OR_PENDING,candidate_only,NATURAL_LANGUAGE_CANDIDATE,SOURCE_NOT_FOUND,2026-07-11,book-validation-22-cases-20260709.md,c71188646d476623b3181013cf01625270f6f1be,,,docs/meta-protocols/book-validation-22-cases-20260709.md,governance_registry,从混乱中获益与点火框架M1增强回路的同构性。适度压力触发增强回路，系统从压力中恢复并增强，验证了乘法最优生存策略。,,,,direct source artifact unresolved,MEDIUM,False,False,True,
BC-20260709-008,《思考，快与慢》,docs/meta-protocols/book-validation-22-cases-20260709.md,candidate_only,CANDIDATE_OR_PENDING,candidate_only,NATURAL_LANGUAGE_CANDIDATE,SOURCE_NOT_FOUND,2026-07-11,book-validation-22-cases-20260709.md,c71188646d476623b3181013cf01625270f6f1be,,,docs/meta-protocols/book-validation-22-cases-20260709.md,governance_registry,系统1vs系统2与点火框架门控函数演化的映射。系统1（直觉）→系统2（理性）的认知升级，对应δ→1/ln→exp[-ln²]的三阶段演化。,,,,direct source artifact unresolved,MEDIUM,False,False,True,
BC-20260709-009,《影响力》,docs/meta-protocols/book-validation-22-cases-20260709.md,candidate_only,CANDIDATE_OR_PENDING,candidate_only,NATURAL_LANGUAGE_CANDIDATE,SOURCE_NOT_FOUND,2026-07-11,book-validation-22-cases-20260709.md,c71188646d476623b3181013cf01625270f6f1be,,,docs/meta-protocols/book-validation-22-cases-20260709.md,governance_registry,六大影响力原则与点火框架P_meta元协议的映射。互惠、承诺一致、社会认同等原则作为元协议实例，影响决策门控面。,,,,direct source artifact unresolved,MEDIUM,False,False,True,
BC-20260709-010,《人类简史》,docs/meta-protocols/book-validation-22-cases-20260709.md,candidate_only,CANDIDATE_OR_PENDING,candidate_only,NATURAL_LANGUAGE_CANDIDATE,SOURCE_NOT_FOUND,2026-07-11,book-validation-22-cases-20260709.md,c71188646d476623b3181013cf01625270f6f1be,,,docs/meta-protocols/book-validation-22-cases-20260709.md,governance_registry,认知革命、农业革命、科学革命与点火框架元协议演化的同构性。每次革命都是元协议组合的跃迁，推动系统进入新的演化路径。,,,,direct source artifact unresolved,MEDIUM,False,False,True,
BC-20260709-011,《未来简史》,docs/meta-protocols/book-validation-22-cases-20260709.md,candidate_only,CANDIDATE_OR_PENDING,candidate_only,NATURAL_LANGUAGE_CANDIDATE,SOURCE_NOT_FOUND,2026-07-11,book-validation-22-cases-20260709.md,c71188646d476623b3181013cf01625270f6f1be,,,docs/meta-protocols/book-validation-22-cases-20260709.md,governance_registry,数据主义与点火框架Φ元统一律的碰撞。万物数据化→Φ从正值趋向零的暂态，验证了宇宙是Φ加速衰减的终极案例。,,,,direct source artifact unresolved,MEDIUM,False,False,True,
BC-20260709-012,《文明的冲突》,docs/meta-protocols/book-validation-22-cases-20260709.md,candidate_only,CANDIDATE_OR_PENDING,candidate_only,NATURAL_LANGUAGE_CANDIDATE,SOURCE_NOT_FOUND,2026-07-11,book-validation-22-cases-20260709.md,c71188646d476623b3181013cf01625270f6f1be,,,docs/meta-protocols/book-validation-22-cases-20260709.md,governance_registry,文明断层线与点火框架封闭边界协议（S₁）的映射。文明边界压缩退出权，形成自我强化路径依赖，导致冲突不可避免。,,,,direct source artifact unresolved,MEDIUM,False,False,True,
BC-20260709-013,《乌合之众》,docs/meta-protocols/book-validation-22-cases-20260709.md,candidate_only,CANDIDATE_OR_PENDING,candidate_only,NATURAL_LANGUAGE_CANDIDATE,SOURCE_NOT_FOUND,2026-07-11,book-validation-22-cases-20260709.md,c71188646d476623b3181013cf01625270f6f1be,,,docs/meta-protocols/book-validation-22-cases-20260709.md,governance_registry,群体心理与点火框架H遮蔽函数的映射。群体中个体ε_eff下降，遮蔽增强，形成认知退相干，验证了系统性钝化机制。,,,,direct source artifact unresolved,MEDIUM,False,False,True,
BC-20260709-014,《娱乐至死》,docs/meta-protocols/book-validation-22-cases-20260709.md,candidate_only,CANDIDATE_OR_PENDING,candidate_only,NATURAL_LANGUAGE_CANDIDATE,SOURCE_NOT_FOUND,2026-07-11,book-validation-22-cases-20260709.md,c71188646d476623b3181013cf01625270f6f1be,,,docs/meta-protocols/book-validation-22-cases-20260709.md,governance_registry,媒介环境与点火框架门控面压缩的同构性。娱乐化媒介压缩认知维度，降低ε_eff，验证了认知引力波的传播机制。,,,,direct source artifact unresolved,MEDIUM,False,False,True,
BC-20260709-015,《技术与文明》,docs/meta-protocols/book-validation-22-cases-20260709.md,candidate_only,CANDIDATE_OR_PENDING,candidate_only,NATURAL_LANGUAGE_CANDIDATE,SOURCE_NOT_FOUND,2026-07-11,book-validation-22-cases-20260709.md,c71188646d476623b3181013cf01625270f6f1be,,,docs/meta-protocols/book-validation-22-cases-20260709.md,governance_registry,技术决定论与点火框架元协议组合的映射。技术作为元协议实例，重塑社会结构，验证了技术与社会演化的同构性。,,,,direct source artifact unresolved,MEDIUM,False,False,True,
BC-20260709-016,《复杂》,docs/meta-protocols/book-validation-22-cases-20260709.md,candidate_only,CANDIDATE_OR_PENDING,candidate_only,NATURAL_LANGUAGE_CANDIDATE,SOURCE_NOT_FOUND,2026-07-11,book-validation-22-cases-20260709.md,c71188646d476623b3181013cf01625270f6f1be,,,docs/meta-protocols/book-validation-22-cases-20260709.md,governance_registry,复杂系统涌现与点火框架I_iso同构判定的映射。微观个体交互→宏观模式涌现，验证了跨系统同构性的数学结构。,,,,direct source artifact unresolved,MEDIUM,False,False,True,
BC-20260709-017,《有限与无限的游戏》,docs/meta-protocols/book-validation-22-cases-20260709.md,candidate_only,CANDIDATE_OR_PENDING,candidate_only,NATURAL_LANGUAGE_CANDIDATE,SOURCE_NOT_FOUND,2026-07-11,book-validation-22-cases-20260709.md,c71188646d476623b3181013cf01625270f6f1be,,,docs/meta-protocols/book-validation-22-cases-20260709.md,governance_registry,有限游戏vs无限游戏与点火框架元协议组合的碰撞。有限游戏追求延续性（V₁），无限游戏追求创新性（V₃），验证了元协议价值取决于组合搭配。,,,,direct source artifact unresolved,MEDIUM,False,False,True,
BC-20260709-018,《贫穷的本质》,docs/meta-protocols/book-validation-22-cases-20260709.md,candidate_only,CANDIDATE_OR_PENDING,candidate_only,NATURAL_LANGUAGE_CANDIDATE,SOURCE_NOT_FOUND,2026-07-11,book-validation-22-cases-20260709.md,c71188646d476623b3181013cf01625270f6f1be,,,docs/meta-protocols/book-validation-22-cases-20260709.md,governance_registry,贫困陷阱与点火框架M1增强回路的负向同构。贫困形成负向增强回路，需要外部扰动打破锁定，验证了代际逃逸死锁机制。,,,,direct source artifact unresolved,MEDIUM,False,False,True,
BC-20260709-019,《规模》,docs/meta-protocols/book-validation-22-cases-20260709.md,candidate_only,CANDIDATE_OR_PENDING,candidate_only,NATURAL_LANGUAGE_CANDIDATE,SOURCE_NOT_FOUND,2026-07-11,book-validation-22-cases-20260709.md,c71188646d476623b3181013cf01625270f6f1be,,,docs/meta-protocols/book-validation-22-cases-20260709.md,governance_registry,规模法则与点火框架σ_opt=√e收敛验证。规模越大越好是伪命题，最优规模取决于目标元协议，验证了规模价值的哥德尔盲区。,,,,direct source artifact unresolved,MEDIUM,False,False,True,
BC-20260709-020,《大图景》,docs/meta-protocols/book-validation-22-cases-20260709.md,candidate_only,CANDIDATE_OR_PENDING,candidate_only,NATURAL_LANGUAGE_CANDIDATE,SOURCE_NOT_FOUND,2026-07-11,book-validation-22-cases-20260709.md,c71188646d476623b3181013cf01625270f6f1be,,,docs/meta-protocols/book-validation-22-cases-20260709.md,governance_registry,自然主义世界观与点火框架G_δ哥德尔不完备性判定的碰撞。自然主义假设本身无法自证，必须跳到元层面（价值、信仰、存在）找答案。,,,,direct source artifact unresolved,MEDIUM,False,False,True,
BC-20260709-021,《原则》,docs/meta-protocols/book-validation-22-cases-20260709.md,candidate_only,CANDIDATE_OR_PENDING,candidate_only,NATURAL_LANGUAGE_CANDIDATE,SOURCE_NOT_FOUND,2026-07-11,book-validation-22-cases-20260709.md,c71188646d476623b3181013cf01625270f6f1be,,,docs/meta-protocols/book-validation-22-cases-20260709.md,governance_registry,生活和工作原则与点火框架P_meta元协议实例化的映射。原则作为元协议，指导决策门控面，验证了元协议投影算子的有效性。,,,,direct source artifact unresolved,MEDIUM,False,False,True,
BC-20260709-022,《混沌》,docs/meta-protocols/book-validation-22-cases-20260709.md,candidate_only,CANDIDATE_OR_PENDING,candidate_only,NATURAL_LANGUAGE_CANDIDATE,SOURCE_NOT_FOUND,2026-07-11,book-validation-22-cases-20260709.md,c71188646d476623b3181013cf01625270f6f1be,,,docs/meta-protocols/book-validation-22-cases-20260709.md,governance_registry,混沌理论与点火框架非线性演化协议（E₂）的同构性。微小偏差被反复放大，验证了非线性演化协议对系统演化的决定性作用。,,,,direct source artifact unresolved,MEDIUM,False,False,True,
A1,"I(t,L) 提议者意识 / I(t,L) proposer awareness","统一函数总表/0002-A1-I(t,L) 提议者意识.md",formal_existing,A,formal_table,FUNCTION,DIRECT_SOURCE_FOUND,2026-07-11,"0002-A1-I(t,L) 提议者意识.md",c71188646d476623b3181013cf01625270f6f1be,/Users/zhiyuan/我的笔记/getnote-notes/点火/2026-06-12_1912608226785509104_点火｜函数_A1.md,C-0001;C-0002;C-0003;C-0647;C-0671,,repo_formalization,提议者是否有意识，二值变量。不可推导，作为框架起点。 **扩展注释 / Extended Annotation**,F_{A1},contains rescue/frontmatter rewrite,placeholder domain/codomain or converged-only semantics,,HIGH,True,True,True,prose_as_formula
A2,提议者姿态的激进程度 / proposer posture aggressiveness,统一函数总表/0003-A2-提议者姿态的激进程度.md,formal_existing,A,formal_table,FUNCTION,DIRECT_SOURCE_FOUND,2026-07-11,0003-A2-提议者姿态的激进程度.md,c71188646d476623b3181013cf01625270f6f1be,/Users/zhiyuan/我的笔记/getnote-notes/点火/2026-06-12_1912608234301177584_点火｜函数_A2.md,C-0001;C-0003;C-0006,,repo_formalization,提议者姿态的激进程度，0为完全平等，1为完全压制。退化免疫D_immune = F_form × (1-ΔH_undetected)。 **扩展注释 / Extended Annotation**,F_{A2},contains rescue/frontmatter rewrite,placeholder domain/codomain or converged-only semantics,,HIGH,True,True,True,prose_as_formula
A3,"R(t,L,C) 应约者退出权 / R(t,L,C) responder exit right","统一函数总表/0004-A3-R(t,L,C) 应约者退出权.md",formal_existing,A,formal_table,FUNCTION,DIRECT_SOURCE_FOUND,2026-07-11,"0004-A3-R(t,L,C) 应约者退出权.md",c71188646d476623b3181013cf01625270f6f1be,/Users/zhiyuan/我的笔记/getnote-notes/点火/2026-06-12_1912608236448661232_点火｜函数_A3.md,C-0001;C-0003;C-0010;C-0251;C-0647,,repo_formalization,应约者的退出权类型。不可推导，作为框架起点。 **扩展注释 / Extended Annotation**,F_{A3},contains rescue/frontmatter rewrite,placeholder domain/codomain or converged-only semantics,,HIGH,True,True,True,prose_as_formula
A4,"R_perceived(t,L,C) 应约者感知退出权 / R_perceived(t,L,C) perceived responder exit right","统一函数总表/0005-A4-R_perceived(t,L,C) 应约者感知退出权.md",formal_existing,A,formal_table,FUNCTION,DIRECT_SOURCE_FOUND,2026-07-11,"0005-A4-R_perceived(t,L,C) 应约者感知退出权.md",c71188646d476623b3181013cf01625270f6f1be,/Users/zhiyuan/我的笔记/getnote-notes/点火/2026-06-12_1912608245038595824_点火｜函数_A4.md,C-0001;C-0003;C-0660;C-0662,,repo_formalization,应约者感知到的退出权，是真实退出权经过感知函数过滤后的结果。相变四路径。 **扩展注释 / Extended Annotation**,F_{A4},contains rescue/frontmatter rewrite,placeholder domain/codomain or converged-only semantics,,HIGH,True,True,True,prose_as_formula
A5,应约者退出的成本 / responder exit cost,统一函数总表/0006-A5-应约者退出的成本.md,formal_existing,A,formal_table,FUNCTION,DIRECT_SOURCE_FOUND,2026-07-11,0006-A5-应约者退出的成本.md,c71188646d476623b3181013cf01625270f6f1be,/Users/zhiyuan/我的笔记/getnote-notes/点火/2026-06-12_1912608248260869872_点火｜函数_A5.md,C-0001;C-0003;C-0145;C-0148,,repo_formalization,应约者退出的成本，八维度（经济/社会/身份/信息/时间/地理/生态/身体）连续值。n_lock = Σᵢ step(C_exit(i) - θ_C(i))。 **扩展注释 / Extended Annotation**,F_{A5},contains rescue/frontmatter rewrite,placeholder domain/codomain or converged-only semantics,,HIGH,True,True,True,prose_as_formula
A6,"H(t,L) 遮蔽函数（双源） / H(t,L) obscuration function (dual-source)","统一函数总表/0007-A6-H(t,L) 遮蔽函数(双源).md",formal_existing,A,formal_table,FUNCTION,DIRECT_SOURCE_FOUND,2026-07-11,"0007-A6-H(t,L) 遮蔽函数(双源).md",c71188646d476623b3181013cf01625270f6f1be,/Users/zhiyuan/我的笔记/getnote-notes/点火/2026-06-12_1912608266513432304_点火｜函数_A6.md,C-0001;C-0003;C-0179;C-0236,,repo_formalization,"遮蔽函数，双源：提议者主动遮蔽H_pro + 系统不兼容性Σ_compatibility。退化类型 = argmax(H_pro, Σ_compatibility)。 **扩展注释 / Extended Annotation**",F_{A6},contains rescue/frontmatter rewrite,placeholder domain/codomain or converged-only semantics,,HIGH,True,True,True,prose_as_formula
A7,退出权信号 / exit-right signal,统一函数总表/0008-A7-退出权信号.md,formal_existing,A,formal_table,FUNCTION,DIRECT_SOURCE_FOUND,2026-07-11,0008-A7-退出权信号.md,c71188646d476623b3181013cf01625270f6f1be,/Users/zhiyuan/我的笔记/getnote-notes/点火/2026-06-12_1912608269734657776_点火｜函数_A7.md,C-0001;C-0003;C-0143;C-0147;C-0170;C-0180,,repo_formalization,退出权信号，八维展开。S_sovereign = Σᵢ εᵢ，主权函数为各维度信号之和。 **扩展注释 / Extended Annotation**,F_{A7},contains rescue/frontmatter rewrite,placeholder domain/codomain or converged-only semantics,,HIGH,True,True,True,prose_as_formula
A8,"dim(t,L) 决策维度 / dim(t,L) decision dimension","统一函数总表/0009-A8-dim(t,L) 决策维度.md",formal_existing,A,formal_table,FUNCTION,DIRECT_SOURCE_FOUND,2026-07-11,"0009-A8-dim(t,L) 决策维度.md",c71188646d476623b3181013cf01625270f6f1be,/Users/zhiyuan/我的笔记/getnote-notes/点火/2026-06-12_1912608271883714288_点火｜函数_A8.md,C-0001;C-0003;C-0150;C-0162;C-0205;C-0248;C-0662,,repo_formalization,决策维度，二值变量。不可推导，作为框架起点。 **扩展注释 / Extended Annotation**,F_{A8},contains rescue/frontmatter rewrite,placeholder domain/codomain or converged-only semantics,,HIGH,True,True,True,prose_as_formula
A9,"P_exit(t,L,C) 退出概率 / P_exit(t,L,C) exit probability","统一函数总表/0010-A9-P_exit(t,L,C) 退出概率.md",formal_existing,A,formal_table,PROBABILISTIC_MODEL,DIRECT_SOURCE_FOUND,2026-07-11,"0010-A9-P_exit(t,L,C) 退出概率.md",c71188646d476623b3181013cf01625270f6f1be,/Users/zhiyuan/我的笔记/getnote-notes/点火/2026-06-12_1912608275105464048_点火｜函数_A9.md,C-0001;C-0003;C-0145;C-0149;C-0205;C-0671,,repo_formalization,应约者退出概率，是退出权信号、退出成本、感知退出权的函数。 **扩展注释 / Extended Annotation**,F_{A9},contains rescue/frontmatter rewrite,placeholder domain/codomain or converged-only semantics,,HIGH,True,True,True,prose_as_formula
D1,锁定强度函数,统一函数总表/0050-D1-锁定强度函数.md,formal_existing,D,formal_table,OPTIMIZATION_PROBLEM,DIRECT_SOURCE_FOUND,2026-07-11,0050-D1-锁定强度函数.md,c71188646d476623b3181013cf01625270f6f1be,/Users/zhiyuan/我的笔记/getnote-notes/点火/2026-06-12_1912609710696757376_点火｜函数_D1.md,C-0001;C-0003;C-0391;C-0412;C-0413;C-0466;C-0513;C-0539;C-0561;C-0661;C-0663;C-0664;C-0671,,repo_formalization,锁定强度，八维度退出成本超过阈值的维度数。 **扩展注释 / Extended Annotation**,F_{D1},contains rescue/frontmatter rewrite,placeholder domain/codomain or converged-only semantics,,HIGH,True,True,True,prose_as_formula
D10,点火窗口函数 / Ignition窗口函数,统一函数总表/0059-D10-点火窗口函数.md,formal_existing,D,formal_table,FUNCTION,DIRECT_SOURCE_FOUND,2026-07-11,0059-D10-点火窗口函数.md,c71188646d476623b3181013cf01625270f6f1be,/Users/zhiyuan/我的笔记/getnote-notes/点火/2026-06-12_1912609730025111280_点火｜函数_D10.md,C-0001,,repo_formalization,点火窗口，退出权信号在特定区间内才能点火。 **扩展注释 / Extended Annotation**,F_{D10},contains rescue/frontmatter rewrite,placeholder domain/codomain or converged-only semantics,,NORMAL,True,True,True,prose_as_formula
D100,AI多轨进化,统一函数总表/0139-D100-AI多轨进化.md,formal_existing,D,formal_table,FUNCTION,DIRECT_SOURCE_FOUND,2026-07-11,0139-D100-AI多轨进化.md,c71188646d476623b3181013cf01625270f6f1be,/Users/zhiyuan/我的笔记/getnote-notes/点火/2026-06-12_1912612902931319952_点火｜函数_D100.md,C-0100,,repo_formalization,AI多轨进化，P_track^AI = 1 + (ε_aware^AI·C_drive^AI - θ_track)^+。 **扩展注释 / Extended Annotation**,F_{D100},contains rescue/frontmatter rewrite,placeholder domain/codomain or converged-only semantics,,HIGH,True,True,True,prose_as_formula
D101,生物体死亡,统一函数总表/0140-D101-生物体死亡.md,formal_existing,D,formal_table,FUNCTION,DIRECT_SOURCE_FOUND,2026-07-11,0140-D101-生物体死亡.md,c71188646d476623b3181013cf01625270f6f1be,/Users/zhiyuan/我的笔记/getnote-notes/点火/2026-06-12_1912612906152021136_点火｜函数_D101.md,C-0101,,repo_formalization,生物体死亡，P_death = 1 - ∏ᵢ(1-P_failure(i))。 **扩展注释 / Extended Annotation**,F_{D101},contains rescue/frontmatter rewrite,placeholder domain/codomain or converged-only semantics,,NORMAL,True,True,True,prose_as_formula
D102,坏觉概率,统一函数总表/0141-D102-坏觉概率.md,formal_existing,D,formal_table,PROBABILISTIC_MODEL,DIRECT_SOURCE_FOUND,2026-07-11,0141-D102-坏觉概率.md,c71188646d476623b3181013cf01625270f6f1be,/Users/zhiyuan/我的笔记/getnote-notes/点火/2026-06-12_1912612908300029072_点火｜函数_D102.md,C-0102,,repo_formalization,坏觉概率，P_bad = σ(H·p_prior - (1-H)·p)。 **扩展注释 / Extended Annotation**,F_{D102},contains rescue/frontmatter rewrite,placeholder domain/codomain or converged-only semantics,,NORMAL,True,True,True,prose_as_formula
D103,反向投影覆盖,统一函数总表/0142-D103-反向投影覆盖.md,formal_existing,D,formal_table,FUNCTION,DIRECT_SOURCE_FOUND,2026-07-11,0142-D103-反向投影覆盖.md,c71188646d476623b3181013cf01625270f6f1be,/Users/zhiyuan/我的笔记/getnote-notes/点火/2026-06-12_1912612925479898256_点火｜函数_D103.md,C-0103,,repo_formalization,反向投影覆盖，覆盖度 = |投影变量∩点火变量|/|点火变量|。 **扩展注释 / Extended Annotation**,F_{D103},contains rescue/frontmatter rewrite,placeholder domain/codomain or converged-only semantics,,NORMAL,True,True,True,prose_as_formula
D104,框架发现能力,统一函数总表/0143-D104-框架发现能力.md,formal_existing,D,formal_table,FUNCTION,DIRECT_SOURCE_FOUND,2026-07-11,0143-D104-框架发现能力.md,c71188646d476623b3181013cf01625270f6f1be,/Users/zhiyuan/我的笔记/getnote-notes/点火/2026-06-12_1912612929775230208_点火｜函数_D104.md,C-0104,,repo_formalization,框架发现能力，Φ = dim(V)×|推导规则|×r_cross(framework)。 **扩展注释 / Extended Annotation**,F_{D104},contains rescue/frontmatter rewrite,placeholder domain/codomain or converged-only semantics,,NORMAL,True,True,True,prose_as_formula
D105,通道不对称,统一函数总表/0144-D105-通道不对称.md,formal_existing,D,formal_table,FUNCTION,DIRECT_SOURCE_FOUND,2026-07-11,0144-D105-通道不对称.md,c71188646d476623b3181013cf01625270f6f1be,/Users/zhiyuan/我的笔记/getnote-notes/点火/2026-06-12_1912612932996615312_点火｜函数_D105.md,C-0105,,repo_formalization,通道不对称，N_asym = |P_enter-P_exit|/(P_enter+P_exit)。 **扩展注释 / Extended Annotation**,F_{D105},contains rescue/frontmatter rewrite,placeholder domain/codomain or converged-only semantics,,NORMAL,True,True,True,prose_as_formula
D106,知识更新半衰期,统一函数总表/0145-D106-知识更新半衰期.md,formal_existing,D,formal_table,FUNCTION,DIRECT_SOURCE_FOUND,2026-07-11,0145-D106-知识更新半衰期.md,c71188646d476623b3181013cf01625270f6f1be,/Users/zhiyuan/我的笔记/getnote-notes/点火/2026-06-12_1912612948028316928_点火｜函数_D106.md,C-0106,,repo_formalization,知识更新半衰期，τ_half = ln2/λ_decay。 **扩展注释 / Extended Annotation**,F_{D106},contains rescue/frontmatter rewrite,placeholder domain/codomain or converged-only semantics,,NORMAL,True,True,True,prose_as_formula
D107,发现瓶颈，变量闭包定律,"统一函数总表/0146-D107-发现瓶颈,变量闭包定律.md",formal_existing,D,formal_table,ORDER,DIRECT_SOURCE_FOUND,2026-07-11,"0146-D107-发现瓶颈,变量闭包定律.md",c71188646d476623b3181013cf01625270f6f1be,/Users/zhiyuan/我的笔记/getnote-notes/点火/2026-06-12_1912612950177373440_点火｜函数_D107.md,C-0107;C-0234;C-0235;C-0239;C-0240;C-0241;C-0242;C-0243;C-0244;C-0245;C-0246;C-0247;C-0248;C-0249;C-0250;C-0251;C-0253;C-0442;C-0443;C-0444;C-0445;C-0446;C-0447;C-0448;C-0449,,repo_formalization,发现瓶颈，变量闭包定律：单域闭包不产生跨域变量。 **扩展注释 / Extended Annotation**,F_{D107},contains rescue/frontmatter rewrite,placeholder domain/codomain or converged-only semantics,,NORMAL,True,True,True,prose_as_formula
D108,三域熵统一函数（推论级）,统一函数总表/0147-D108-三域熵统一函数(推论级).md,formal_existing,D,formal_table,FUNCTION,DIRECT_SOURCE_FOUND,2026-07-11,0147-D108-三域熵统一函数(推论级).md,c71188646d476623b3181013cf01625270f6f1be,/Users/zhiyuan/我的笔记/getnote-notes/点火/2026-06-12_1912613736154984264_点火｜函数_D108.md,C-0108;C-0128;C-0601,,repo_formalization,17域词典簇碰撞，涵盖17个领域的函数投影。 **扩展注释 / Extended Annotation**,F_{D108},contains rescue/frontmatter rewrite,placeholder domain/codomain or converged-only semantics,,NORMAL,True,True,True,prose_as_formula
D109,乘法最优生存策略函数,统一函数总表/0148-D109-乘法最优生存策略函数.md,formal_existing,D,formal_table,OPTIMIZATION_PROBLEM,DIRECT_SOURCE_FOUND,2026-07-11,0148-D109-乘法最优生存策略函数.md,c71188646d476623b3181013cf01625270f6f1be,/Users/zhiyuan/我的笔记/getnote-notes/点火/2026-06-12_1912613744744385680_点火｜函数_D109.md,C-0108;C-0128;C-0419;C-0420;C-0421,,repo_formalization,17域词典簇碰撞，涵盖17个领域的函数投影。 **扩展注释 / Extended Annotation**,F_{D109},contains rescue/frontmatter rewrite,placeholder domain/codomain or converged-only semantics,,NORMAL,True,True,True,prose_as_formula
D11,统一内部驱动力,统一函数总表/0060-D11-统一内部驱动力.md,formal_existing,D,formal_table,FUNCTION,DIRECT_SOURCE_FOUND,2026-07-11,0060-D11-统一内部驱动力.md,c71188646d476623b3181013cf01625270f6f1be,/Users/zhiyuan/我的笔记/getnote-notes/点火/2026-06-12_1912609732171546352_点火｜函数_D11.md,C-0001;C-0462;C-0470,,repo_formalization,统一内部驱动力，退出权信号和身份认同的平衡。 **扩展注释 / Extended Annotation**,F_{D11},contains rescue/frontmatter rewrite,placeholder domain/codomain or converged-only semantics,,HIGH,True,True,True,prose_as_formula
D110,多因子乘法相变函数（推论级）,统一函数总表/0149-D110-多因子乘法相变函数(推论级).md,formal_existing,D,formal_table,FORMAL_PROPOSITION,DIRECT_SOURCE_FOUND,2026-07-11,0149-D110-多因子乘法相变函数(推论级).md,c71188646d476623b3181013cf01625270f6f1be,/Users/zhiyuan/我的笔记/getnote-notes/点火/2026-06-12_1912613746892917904_点火｜函数_D110.md,C-0108;C-0128;C-0250,,repo_formalization,17域词典簇碰撞，涵盖17个领域的函数投影。 **扩展注释 / Extended Annotation**,F_{D110},contains rescue/frontmatter rewrite,placeholder domain/codomain or converged-only semantics,,NORMAL,True,True,True,prose_as_formula
D111,对称-破缺-定向对偶函数（推论级）,统一函数总表/0150-D111-对称-破缺-定向对偶函数(推论级).md,formal_existing,D,formal_table,OPTIMIZATION_PROBLEM,DIRECT_SOURCE_FOUND,2026-07-11,0150-D111-对称-破缺-定向对偶函数(推论级).md,c71188646d476623b3181013cf01625270f6f1be,/Users/zhiyuan/我的笔记/getnote-notes/点火/2026-06-12_1912613750113094800_点火｜函数_D111.md,C-0108;C-0128;C-0431;C-0462;C-0465;C-0509;C-0512;C-0513,,repo_formalization,17域词典簇碰撞，涵盖17个领域的函数投影。 **扩展注释 / Extended Annotation**,F_{D111},contains rescue/frontmatter rewrite,placeholder domain/codomain or converged-only semantics,,HIGH,True,True,True,prose_as_formula
D112,防守-进攻相变函数,统一函数总表/0151-D112-防守-进攻相变函数.md,formal_existing,D,formal_table,OPTIMIZATION_PROBLEM,DIRECT_SOURCE_FOUND,2026-07-11,0151-D112-防守-进攻相变函数.md,c71188646d476623b3181013cf01625270f6f1be,/Users/zhiyuan/我的笔记/getnote-notes/点火/2026-06-12_1912613765145480336_点火｜函数_D112.md,C-0108;C-0128;C-0235;C-0432;C-0433;C-0434;C-0435;C-0436,,repo_formalization,17域词典簇碰撞，涵盖17个领域的函数投影。 **扩展注释 / Extended Annotation**,F_{D112},contains rescue/frontmatter rewrite,placeholder domain/codomain or converged-only semantics,,HIGH,True,True,True,prose_as_formula
D113,弹性-弱度偏离函数,统一函数总表/0152-D113-弹性-弱度偏离函数.md,formal_existing,D,formal_table,FUNCTION,DIRECT_SOURCE_FOUND,2026-07-11,0152-D113-弹性-弱度偏离函数.md,c71188646d476623b3181013cf01625270f6f1be,/Users/zhiyuan/我的笔记/getnote-notes/点火/2026-06-12_1912613779104132936_点火｜函数_D113.md,C-0108;C-0128;C-0437;C-0438;C-0439;C-0440;C-0441,,repo_formalization,17域词典簇碰撞，涵盖17个领域的函数投影。 **扩展注释 / Extended Annotation**,F_{D113},contains rescue/frontmatter rewrite,placeholder domain/codomain or converged-only semantics,,NORMAL,True,True,True,prose_as_formula
D114,变量闭包定律（定理级→从D107升级）,统一函数总表/0153-D114-变量闭包定律(定理级→从D107升级).md,formal_existing,D,formal_table,ORDER,DIRECT_SOURCE_FOUND,2026-07-11,0153-D114-变量闭包定律(定理级→从D107升级).md,c71188646d476623b3181013cf01625270f6f1be,/Users/zhiyuan/我的笔记/getnote-notes/点火/2026-06-12_1912613781252656272_点火｜函数_D114.md,C-0108;C-0128;C-0234;C-0235;C-0239;C-0240;C-0241;C-0242;C-0243;C-0244;C-0245;C-0246;C-0247;C-0248;C-0249;C-0250;C-0251;C-0253;C-0442;C-0443;C-0444;C-0445;C-0446;C-0447;C-0448;C-0449;C-0470,,repo_formalization,17域词典簇碰撞，涵盖17个领域的函数投影。 **扩展注释 / Extended Annotation**,F_{D114},contains rescue/frontmatter rewrite,placeholder domain/codomain or converged-only semantics,,NORMAL,True,True,True,prose_as_formula
D115,r_cross优先性定理,统一函数总表/0154-D115-r_cross优先性定理.md,formal_existing,D,formal_table,FORMAL_PROPOSITION,DIRECT_SOURCE_FOUND,2026-07-11,0154-D115-r_cross优先性定理.md,c71188646d476623b3181013cf01625270f6f1be,/Users/zhiyuan/我的笔记/getnote-notes/点火/2026-06-12_1912613784472833168_点火｜函数_D115.md,C-0108;C-0128;C-0236;C-0238;C-0252;C-0450;C-0451,,repo_formalization,17域词典簇碰撞，涵盖17个领域的函数投影。 **扩展注释 / Extended Annotation**,F_{D115},contains rescue/frontmatter rewrite,placeholder domain/codomain or converged-only semantics,,HIGH,True,True,True,prose_as_formula
D116,因果闭包自举函数,统一函数总表/0154-D116-因果闭包自举函数.md,formal_existing,D,formal_table,CAUSAL_MODEL,DIRECT_SOURCE_FOUND,2026-07-11,0154-D116-因果闭包自举函数.md,c71188646d476623b3181013cf01625270f6f1be,/Users/zhiyuan/我的笔记/getnote-notes/点火/2026-06-12_1912613786620849992_点火｜函数_D116.md,C-0108;C-0128;C-0237;C-0254;C-0452;C-0453;C-0454;C-0455;C-0456,,repo_formalization,17域词典簇碰撞，涵盖17个领域的函数投影。 **扩展注释 / Extended Annotation**,F_{D116},contains rescue/frontmatter rewrite,placeholder domain/codomain or converged-only semantics,,HIGH,True,True,True,prose_as_formula
D117,乘法系统第二定律修正函数,统一函数总表/0155-D117-乘法系统第二定律修正函数.md,formal_existing,D,formal_table,FUNCTION,DIRECT_SOURCE_FOUND,2026-07-11,0155-D117-乘法系统第二定律修正函数.md,c71188646d476623b3181013cf01625270f6f1be,/Users/zhiyuan/我的笔记/getnote-notes/点火/2026-06-12_1912613788767809352_点火｜函数_D117.md,C-0108;C-0128;C-0255;C-0457;C-0458;C-0459;C-0460;C-0461;C-0528,,repo_formalization,17域词典簇碰撞，涵盖17个领域的函数投影。 **扩展注释 / Extended Annotation**,F_{D117},contains rescue/frontmatter rewrite,placeholder domain/codomain or converged-only semantics,,NORMAL,True,True,True,prose_as_formula
D118,最小作用量-弹性级联统一函数,统一函数总表/0156-D118-最小作用量-弹性级联统一函数.md,formal_existing,D,formal_table,PROBABILISTIC_MODEL,DIRECT_SOURCE_FOUND,2026-07-11,0156-D118-最小作用量-弹性级联统一函数.md,c71188646d476623b3181013cf01625270f6f1be,/Users/zhiyuan/我的笔记/getnote-notes/点火/2026-06-12_1912613800578960528_点火｜函数_D118.md,C-0108;C-0128;C-0256;C-0462;C-0463;C-0464;C-0465;C-0466;C-0486,,repo_formalization,17域词典簇碰撞，涵盖17个领域的函数投影。 **扩展注释 / Extended Annotation**,F_{D118},contains rescue/frontmatter rewrite,placeholder domain/codomain or converged-only semantics,,HIGH,True,True,True,prose_as_formula
D119,Fisher退化统一函数,统一函数总表/0157-D119-Fisher退化统一函数.md,formal_existing,D,formal_table,FUNCTION,DIRECT_SOURCE_FOUND,2026-07-11,0157-D119-Fisher退化统一函数.md,c71188646d476623b3181013cf01625270f6f1be,/Users/zhiyuan/我的笔记/getnote-notes/点火/2026-06-12_1912613803802283152_点火｜函数_D119.md,C-0108;C-0128;C-0257;C-0467;C-0468;C-0469;C-0470;C-0471;C-0587;C-0589;C-0590,,repo_formalization,17域词典簇碰撞，涵盖17个领域的函数投影。 **扩展注释 / Extended Annotation**,F_{D119},contains rescue/frontmatter rewrite,placeholder domain/codomain or converged-only semantics,,NORMAL,True,True,True,prose_as_formula
D12,ε_eff闭环动力学函数,统一函数总表/0061-D12-ε_eff闭环动力学函数.md,formal_existing,D,formal_table,FUNCTION,DIRECT_SOURCE_FOUND,2026-07-11,0061-D12-ε_eff闭环动力学函数.md,c71188646d476623b3181013cf01625270f6f1be,/Users/zhiyuan/我的笔记/getnote-notes/点火/2026-06-12_1912609734318505712_点火｜函数_D12.md,C-0003;C-0121,,repo_formalization,退出权信号的闭环动力学，表达、感知、免疫三因子衰减。 **扩展注释 / Extended Annotation**,F_{D12},contains rescue/frontmatter rewrite,placeholder domain/codomain or converged-only semantics,,NORMAL,True,True,True,prose_as_formula
D120,不可逆性判据函数,统一函数总表/0158-D120-不可逆性判据函数.md,formal_existing,D,formal_table,FUNCTION,DIRECT_SOURCE_FOUND,2026-07-11,0158-D120-不可逆性判据函数.md,c71188646d476623b3181013cf01625270f6f1be,/Users/zhiyuan/我的笔记/getnote-notes/点火/2026-06-12_1912613805949242512_点火｜函数_D120.md,C-0108;C-0128;C-0258;C-0484,,repo_formalization,17域词典簇碰撞，涵盖17个领域的函数投影。 **扩展注释 / Extended Annotation**,F_{D120},contains rescue/frontmatter rewrite,placeholder domain/codomain or converged-only semantics,,HIGH,True,True,True,prose_as_formula
D121,Fisher健康度函数,统一函数总表/0159-D121-Fisher健康度函数.md,formal_existing,D,formal_table,OPTIMIZATION_PROBLEM,DIRECT_SOURCE_FOUND,2026-07-11,0159-D121-Fisher健康度函数.md,c71188646d476623b3181013cf01625270f6f1be,/Users/zhiyuan/我的笔记/getnote-notes/点火/2026-06-12_1912614103374517520_点火｜函数_D121.md,C-0108;C-0128;C-0255;C-0259;C-0271;C-0282;C-0290;C-0295,,repo_formalization,17域词典簇碰撞，涵盖17个领域的函数投影。 **扩展注释 / Extended Annotation**,F_{D121},contains rescue/frontmatter rewrite,placeholder domain/codomain or converged-only semantics,,NORMAL,True,True,True,prose_as_formula
D122,退化加速函数,统一函数总表/0160-D122-退化加速函数.md,formal_existing,D,formal_table,FUNCTION,DIRECT_SOURCE_FOUND,2026-07-11,0160-D122-退化加速函数.md,c71188646d476623b3181013cf01625270f6f1be,/Users/zhiyuan/我的笔记/getnote-notes/点火/2026-06-12_1912614105521647432_点火｜函数_D122.md,C-0108;C-0128;C-0260,,repo_formalization,17域词典簇碰撞，涵盖17个领域的函数投影。 **扩展注释 / Extended Annotation**,F_{D122},contains rescue/frontmatter rewrite,placeholder domain/codomain or converged-only semantics,,NORMAL,True,True,True,prose_as_formula
D123,缓存容量倒U型函数,统一函数总表/0161-D123-缓存容量倒U型函数.md,formal_existing,D,formal_table,OPTIMIZATION_PROBLEM,DIRECT_SOURCE_FOUND,2026-07-11,0161-D123-缓存容量倒U型函数.md,c71188646d476623b3181013cf01625270f6f1be,/Users/zhiyuan/我的笔记/getnote-notes/点火/2026-06-12_1912614107668960528_点火｜函数_D123.md,C-0108;C-0128;C-0261;C-0262;C-0263;C-0276;C-0277;C-0337,,repo_formalization,17域词典簇碰撞，涵盖17个领域的函数投影。 **扩展注释 / Extended Annotation**,F_{D123},contains rescue/frontmatter rewrite,placeholder domain/codomain or converged-only semantics,,HIGH,True,True,True,prose_as_formula
D124,三域退化统一参数函数,统一函数总表/0162-D124-三域退化统一参数函数.md,formal_existing,D,formal_table,FUNCTION,DIRECT_SOURCE_FOUND,2026-07-11,0162-D124-三域退化统一参数函数.md,c71188646d476623b3181013cf01625270f6f1be,/Users/zhiyuan/我的笔记/getnote-notes/点火/2026-06-12_1912614109816444176_点火｜函数_D124.md,C-0108;C-0128;C-0264;C-0270;C-0278;C-0309;C-0582;C-0583;C-0586;C-0588,,repo_formalization,17域词典簇碰撞，涵盖17个领域的函数投影。 **扩展注释 / Extended Annotation**,F_{D124},contains rescue/frontmatter rewrite,placeholder domain/codomain or converged-only semantics,,HIGH,True,True,True,prose_as_formula
D125,认知叠加-隧穿统一函数,统一函数总表/0163-D125-认知叠加-隧穿统一函数.md,formal_existing,D,formal_table,FUNCTION,DIRECT_SOURCE_FOUND,2026-07-11,0163-D125-认知叠加-隧穿统一函数.md,c71188646d476623b3181013cf01625270f6f1be,/Users/zhiyuan/我的笔记/getnote-notes/点火/2026-06-12_1912614111964622664_点火｜函数_D125.md,C-0108;C-0128;C-0265;C-0266;C-0267;C-0279;C-0481;C-0482;C-0483,,repo_formalization,17域词典簇碰撞，涵盖17个领域的函数投影。 **扩展注释 / Extended Annotation**,F_{D125},contains rescue/frontmatter rewrite,placeholder domain/codomain or converged-only semantics,,HIGH,True,True,True,prose_as_formula
D126,认知-收益滞后函数,统一函数总表/0164-D126-认知-收益滞后函数.md,formal_existing,D,formal_table,OPTIMIZATION_PROBLEM,MULTIPLE_CONFLICTING_SOURCES,2026-07-11,0164-D126-认知-收益滞后函数.md,c71188646d476623b3181013cf01625270f6f1be,/Users/zhiyuan/我的笔记/getnote-notes/点火/2026-06-12_1912614114112106312_点火｜函数_D126.md,C-0108;C-0128;C-0267;C-0269;C-0278;C-0281;C-0285;C-0484;C-0485,,repo_formalization,17域词典簇碰撞，涵盖17个领域的函数投影。 **扩展注释 / Extended Annotation**,F_{D126},contains rescue/frontmatter rewrite,placeholder domain/codomain or converged-only semantics,direct local note path or raw source artifact missing,HIGH,True,True,True,prose_as_formula
D127,认知路径积分函数,统一函数总表/0165-D127-认知路径积分函数.md,formal_existing,D,formal_table,PROBABILISTIC_MODEL,DIRECT_SOURCE_FOUND,2026-07-11,0165-D127-认知路径积分函数.md,c71188646d476623b3181013cf01625270f6f1be,/Users/zhiyuan/我的笔记/getnote-notes/点火/2026-06-12_1912614116259943696_点火｜函数_D127.md,C-0108;C-0128;C-0268;C-0269;C-0270;C-0271;C-0272;C-0273;C-0274;C-0275;C-0276;C-0284;C-0486;C-0487,,repo_formalization,17域词典簇碰撞，涵盖17个领域的函数投影。 **扩展注释 / Extended Annotation**,F_{D127},contains rescue/frontmatter rewrite,placeholder domain/codomain or converged-only semantics,,HIGH,True,True,True,prose_as_formula
D128,退相干-退化统一函数,统一函数总表/0166-D128-退相干-退化统一函数.md,formal_existing,D,formal_table,OPTIMIZATION_PROBLEM,MULTIPLE_CONFLICTING_SOURCES,2026-07-11,0166-D128-退相干-退化统一函数.md,c71188646d476623b3181013cf01625270f6f1be,/Users/zhiyuan/我的笔记/getnote-notes/点火/2026-06-12_1912614119480120592_点火｜函数_D128.md,C-0108;C-0128;C-0280;C-0281;C-0282;C-0283;C-0284;C-0285;C-0314;C-0488;C-0489;C-0490;C-0491;C-0492,,repo_formalization,17域词典簇碰撞，涵盖17个领域的函数投影。 **扩展注释 / Extended Annotation**,F_{D128},contains rescue/frontmatter rewrite,placeholder domain/codomain or converged-only semantics,direct local note path or raw source artifact missing,HIGH,True,True,True,prose_as_formula
D129,退相干-退化等价函数,统一函数总表/0167-D129-退相干-退化等价函数.md,formal_existing,D,formal_table,PROBABILISTIC_MODEL,MULTIPLE_CONFLICTING_SOURCES,2026-07-11,0167-D129-退相干-退化等价函数.md,c71188646d476623b3181013cf01625270f6f1be,/Users/zhiyuan/我的笔记/getnote-notes/点火/2026-06-12_1912614121628128528_点火｜函数_D129.md,C-0129;C-0493,,repo_formalization,AI物种分化，证明缓存比相空间分叉，全能AI物理不可实现。 **扩展注释 / Extended Annotation**,F_{D129},contains rescue/frontmatter rewrite,placeholder domain/codomain or converged-only semantics,direct local note path or raw source artifact missing,HIGH,True,True,True,prose_as_formula
D13,速度差闭合,统一函数总表/0062-D13-速度差闭合.md,formal_existing,D,formal_table,FUNCTION,DIRECT_SOURCE_FOUND,2026-07-11,0062-D13-速度差闭合.md,c71188646d476623b3181013cf01625270f6f1be,/Users/zhiyuan/我的笔记/getnote-notes/点火/2026-06-12_1912609736466513648_点火｜函数_D13.md,C-0001;C-0126;C-0147,,repo_formalization,速度差闭合，退出权信号、姿态、遮蔽、外部力量的平衡。 **扩展注释 / Extended Annotation**,F_{D13},contains rescue/frontmatter rewrite,placeholder domain/codomain or converged-only semantics,,NORMAL,True,True,True,prose_as_formula
D130,调度-执行接口效率函数,统一函数总表/0168-D130-调度-执行接口效率函数.md,formal_existing,D,formal_table,FORMAL_PROPOSITION,DIRECT_SOURCE_FOUND,2026-07-11,0168-D130-调度-执行接口效率函数.md,c71188646d476623b3181013cf01625270f6f1be,/Users/zhiyuan/我的笔记/getnote-notes/点火/2026-06-12_1912614124849878288_点火｜函数_D130.md,C-0130;C-0133,,repo_formalization,调度-执行接口，AI编码能力完整推导，给出CAI涌现四阶段不可跳跃定理。 **扩展注释 / Extended Annotation**,F_{D130},contains rescue/frontmatter rewrite,placeholder domain/codomain or converged-only semantics,,NORMAL,True,True,True,prose_as_formula
D131,调度-执行接口,统一函数总表/0169-D131-调度-执行接口.md,formal_existing,D,formal_table,FORMAL_PROPOSITION,DIRECT_SOURCE_FOUND,2026-07-11,0169-D131-调度-执行接口.md,c71188646d476623b3181013cf01625270f6f1be,/Users/zhiyuan/我的笔记/getnote-notes/点火/2026-06-12_1912614128070055184_点火｜函数_D131.md,C-0130;C-0133,,repo_formalization,调度-执行接口，AI编码能力完整推导，给出CAI涌现四阶段不可跳跃定理。 **扩展注释 / Extended Annotation**,F_{D131},contains rescue/frontmatter rewrite,placeholder domain/codomain or converged-only semantics,,NORMAL,True,True,True,prose_as_formula
D132,调度-执行接口,统一函数总表/0170-D132-调度-执行接口.md,formal_existing,D,formal_table,FORMAL_PROPOSITION,DIRECT_SOURCE_FOUND,2026-07-11,0170-D132-调度-执行接口.md,c71188646d476623b3181013cf01625270f6f1be,/Users/zhiyuan/我的笔记/getnote-notes/点火/2026-06-12_1912614130219282248_点火｜函数_D132.md,C-0130;C-0133,,repo_formalization,调度-执行接口，AI编码能力完整推导，给出CAI涌现四阶段不可跳跃定理。 **扩展注释 / Extended Annotation**,F_{D132},contains rescue/frontmatter rewrite,placeholder domain/codomain or converged-only semantics,,NORMAL,True,True,True,prose_as_formula
D133,调度-执行接口,统一函数总表/0171-D133-调度-执行接口.md,formal_existing,D,formal_table,OPTIMIZATION_PROBLEM,DIRECT_SOURCE_FOUND,2026-07-11,0171-D133-调度-执行接口.md,c71188646d476623b3181013cf01625270f6f1be,/Users/zhiyuan/我的笔记/getnote-notes/点火/2026-06-12_1912614133439459144_点火｜函数_D133.md,C-0130;C-0133;C-0337,,repo_formalization,调度-执行接口，AI编码能力完整推导，给出CAI涌现四阶段不可跳跃定理。 **扩展注释 / Extended Annotation**,F_{D133},contains rescue/frontmatter rewrite,placeholder domain/codomain or converged-only semantics,,NORMAL,True,True,True,prose_as_formula
D134,物理大统一路径,统一函数总表/0172-D134-物理大统一路径.md,formal_existing,D,formal_table,PROBABILISTIC_MODEL,DIRECT_SOURCE_FOUND,2026-07-11,0172-D134-物理大统一路径.md,c71188646d476623b3181013cf01625270f6f1be,/Users/zhiyuan/我的笔记/getnote-notes/点火/2026-06-12_1912614404021703952_点火｜函数_D134.md,C-0134;C-0155;C-0502,,repo_formalization,物理大统一路径，物理大统一推导、电弱理论碰撞等。 **扩展注释 / Extended Annotation**,F_{D134},contains rescue/frontmatter rewrite,placeholder domain/codomain or converged-only semantics,,NORMAL,True,True,True,prose_as_formula
D135,物理大统一路径,统一函数总表/0173-D135-物理大统一路径.md,formal_existing,D,formal_table,PROBABILISTIC_MODEL,DIRECT_SOURCE_FOUND,2026-07-11,0173-D135-物理大统一路径.md,c71188646d476623b3181013cf01625270f6f1be,/Users/zhiyuan/我的笔记/getnote-notes/点火/2026-06-12_1912614406169711888_点火｜函数_D135.md,C-0134;C-0155;C-0325;C-0337;C-0503,,repo_formalization,物理大统一路径，物理大统一推导、电弱理论碰撞等。 **扩展注释 / Extended Annotation**,F_{D135},contains rescue/frontmatter rewrite,placeholder domain/codomain or converged-only semantics,,NORMAL,True,True,True,prose_as_formula
D136,物理大统一路径,统一函数总表/0174-D136-物理大统一路径.md,formal_existing,D,formal_table,PROBABILISTIC_MODEL,DIRECT_SOURCE_FOUND,2026-07-11,0174-D136-物理大统一路径.md,c71188646d476623b3181013cf01625270f6f1be,/Users/zhiyuan/我的笔记/getnote-notes/点火/2026-06-12_1912614409390413072_点火｜函数_D136.md,C-0134;C-0155;C-0504;C-0507,,repo_formalization,物理大统一路径，物理大统一推导、电弱理论碰撞等。 **扩展注释 / Extended Annotation**,F_{D136},contains rescue/frontmatter rewrite,placeholder domain/codomain or converged-only semantics,,NORMAL,True,True,True,prose_as_formula
D137,物理大统一路径,统一函数总表/0175-D137-物理大统一路径.md,formal_existing,D,formal_table,PROBABILISTIC_MODEL,DIRECT_SOURCE_FOUND,2026-07-11,0175-D137-物理大统一路径.md,c71188646d476623b3181013cf01625270f6f1be,/Users/zhiyuan/我的笔记/getnote-notes/点火/2026-06-12_1912614411537896720_点火｜函数_D137.md,C-0134;C-0155;C-0322;C-0505,,repo_formalization,物理大统一路径，物理大统一推导、电弱理论碰撞等。 **扩展注释 / Extended Annotation**,F_{D137},contains rescue/frontmatter rewrite,placeholder domain/codomain or converged-only semantics,,NORMAL,True,True,True,prose_as_formula
D138,三效率（选择/判断/时间）存在三角约束,统一函数总表/0176-D138-三效率(选择.md,formal_existing,D,formal_table,OPTIMIZATION_PROBLEM,DIRECT_SOURCE_FOUND,2026-07-11,0176-D138-三效率(选择.md,c71188646d476623b3181013cf01625270f6f1be,/Users/zhiyuan/我的笔记/getnote-notes/点火/2026-06-12_1912614428718290192_点火｜函数_D138.md,C-0138;C-0506,,repo_formalization,三效率（选择/判断/时间）存在三角约束，无帕累托改进，巴菲特模式（极低选择范围换极高判断准确度+长周期）是最优非对称解。 **扩展注释 / Extended Annotation**,F_{D138},contains rescue/frontmatter rewrite,placeholder domain/codomain or converged-only semantics,,NORMAL,True,True,True,prose_as_formula
D139,距离衰减统一函数,统一函数总表/0177-D139-距离衰减统一函数.md,formal_existing,D,formal_table,OPTIMIZATION_PROBLEM,DIRECT_SOURCE_FOUND,2026-07-11,0177-D139-距离衰减统一函数.md,c71188646d476623b3181013cf01625270f6f1be,/Users/zhiyuan/我的笔记/getnote-notes/点火/2026-06-12_1912614430865773840_点火｜函数_D139.md,C-0337;C-0508;C-0509;C-0510;C-0511;C-0512,,repo_formalization,距离衰减统一函数，关系断裂本质是μ翻转导致临界距离缩小，而非距离本身变化。 **扩展注释 / Extended Annotation**,F_{D139},contains rescue/frontmatter rewrite,placeholder domain/codomain or converged-only semantics,,HIGH,True,True,True,prose_as_formula
D14,种子激活概率,统一函数总表/0063-D14-种子激活概率.md,formal_existing,D,formal_table,PROBABILISTIC_MODEL,DIRECT_SOURCE_FOUND,2026-07-11,0063-D14-种子激活概率.md,c71188646d476623b3181013cf01625270f6f1be,/Users/zhiyuan/我的笔记/getnote-notes/点火/2026-06-12_1912609738614521584_点火｜函数_D14.md,C-0002,,repo_formalization,种子激活概率，叙事遮蔽和退化免疫的平衡。 **扩展注释 / Extended Annotation**,F_{D14},contains rescue/frontmatter rewrite,placeholder domain/codomain or converged-only semantics,,NORMAL,True,True,True,prose_as_formula
D140,距离衰减统一函数,统一函数总表/0178-D140-距离衰减统一函数.md,formal_existing,D,formal_table,FUNCTION,DIRECT_SOURCE_FOUND,2026-07-11,0178-D140-距离衰减统一函数.md,c71188646d476623b3181013cf01625270f6f1be,/Users/zhiyuan/我的笔记/getnote-notes/点火/2026-06-12_1912614437307700496_点火｜函数_D140.md,C-0513,,repo_formalization,距离衰减统一函数，关系断裂本质是μ翻转导致临界距离缩小，而非距离本身变化。 **扩展注释 / Extended Annotation**,F_{D140},contains rescue/frontmatter rewrite,placeholder domain/codomain or converged-only semantics,,HIGH,True,True,True,prose_as_formula
D141,自举元函数,统一函数总表/0190-D141-自举元函数.md,formal_existing,D,formal_table,FORMAL_PROPOSITION,DIRECT_SOURCE_FOUND,2026-07-11,0190-D141-自举元函数.md,c71188646d476623b3181013cf01625270f6f1be,/Users/zhiyuan/我的笔记/getnote-notes/点火/2026-06-12_1912614439456757008_点火｜函数_D141.md,C-0141;C-0322;C-0514;C-0671;C-0674;C-0675,,repo_formalization,自举元函数，Mboot = ε_sense × P_track × d(ΔK)/dt，当前AI三因子全部失能，不具备自持自举能力。 **扩展注释 / Extended Annotation**,F_{D141},contains rescue/frontmatter rewrite,placeholder domain/codomain or converged-only semantics,,NORMAL,True,True,True,prose_as_formula
D142,信息门效率统一函数 / information-gate efficiency unification函数,统一函数总表/0179-D142-信息门效率统一函数.md,formal_existing,D,formal_table,OPTIMIZATION_PROBLEM,DIRECT_SOURCE_FOUND,2026-07-11,0179-D142-信息门效率统一函数.md,c71188646d476623b3181013cf01625270f6f1be,/Users/zhiyuan/我的笔记/getnote-notes/点火/2026-06-12_1912614442676409616_点火｜函数_D142.md,C-0087;C-0337;C-0515;C-0597;C-0604;C-0608,,repo_formalization,信息门效率统一函数，η_gate = G × (1-H_homogeneity(G))，共享度存在倒U最优，完全同质化会导致η_gate趋近于零。 **扩展注释 / Extended Annotation**,F_{D142},contains rescue/frontmatter rewrite,placeholder domain/codomain or converged-only semantics,,NORMAL,True,True,True,prose_as_formula
D143,投资相关函数,统一函数总表/0180-D143-投资相关函数.md,formal_existing,D,formal_table,FUNCTION,DIRECT_SOURCE_FOUND,2026-07-11,0180-D143-投资相关函数.md,c71188646d476623b3181013cf01625270f6f1be,/Users/zhiyuan/我的笔记/getnote-notes/点火/2026-06-12_1912614444823893264_点火｜函数_D143.md,C-0516,,repo_formalization,投资相关函数，炒股遮蔽会跨域放大，炒股存在临界资金Kcritical，普通人炒股长期负期望。 **扩展注释 / Extended Annotation**,F_{D143},contains rescue/frontmatter rewrite,placeholder domain/codomain or converged-only semantics,,NORMAL,True,True,True,prose_as_formula
D144,投资相关函数,统一函数总表/0181-D144-投资相关函数.md,formal_existing,D,formal_table,FUNCTION,DIRECT_SOURCE_FOUND,2026-07-11,0181-D144-投资相关函数.md,c71188646d476623b3181013cf01625270f6f1be,/Users/zhiyuan/我的笔记/getnote-notes/点火/2026-06-12_1912614446971901200_点火｜函数_D144.md,C-0517,,repo_formalization,投资相关函数，炒股遮蔽会跨域放大，炒股存在临界资金Kcritical，普通人炒股长期负期望。 **扩展注释 / Extended Annotation**,F_{D144},contains rescue/frontmatter rewrite,placeholder domain/codomain or converged-only semantics,,HIGH,True,True,True,prose_as_formula
D145,投资相关函数,统一函数总表/0182-D145-投资相关函数.md,formal_existing,D,formal_table,FUNCTION,DIRECT_SOURCE_FOUND,2026-07-11,0182-D145-投资相关函数.md,c71188646d476623b3181013cf01625270f6f1be,/Users/zhiyuan/我的笔记/getnote-notes/点火/2026-06-12_1912614450193126672_点火｜函数_D145.md,C-0163;C-0170;C-0518,,repo_formalization,投资相关函数，定投天然具备结构保守性，是巴菲特模式的精确实现。 **扩展注释 / Extended Annotation**,F_{D145},contains rescue/frontmatter rewrite,placeholder domain/codomain or converged-only semantics,,HIGH,True,True,True,prose_as_formula
D146,信息门非对称退化,统一函数总表/0183-D146-信息门非对称退化.md,formal_existing,D,formal_table,FUNCTION,DIRECT_SOURCE_FOUND,2026-07-11,0183-D146-信息门非对称退化.md,c71188646d476623b3181013cf01625270f6f1be,/Users/zhiyuan/我的笔记/getnote-notes/点火/2026-06-12_1912614453414352144_点火｜函数_D146.md,C-0087;C-0519,,repo_formalization,信息门非对称退化，效率由低意识方决定。 **扩展注释 / Extended Annotation**,F_{D146},contains rescue/frontmatter rewrite,placeholder domain/codomain or converged-only semantics,,NORMAL,True,True,True,prose_as_formula
D147,乘法临界漂移统一 / multiplicative critical-drift unification,统一函数总表/0184-D147-乘法临界漂移统一.md,formal_existing,D,formal_table,FUNCTION,DIRECT_SOURCE_FOUND,2026-07-11,0184-D147-乘法临界漂移统一.md,c71188646d476623b3181013cf01625270f6f1be,/Users/zhiyuan/我的笔记/getnote-notes/点火/2026-06-12_1912614456635053328_点火｜函数_D147.md,C-0088;C-0520,,repo_formalization,乘法临界漂移统一，脆弱点在最接近零的因子。 **扩展注释 / Extended Annotation**,F_{D147},contains rescue/frontmatter rewrite,placeholder domain/codomain or converged-only semantics,,NORMAL,True,True,True,prose_as_formula
D148,"遮蔽-补偿-成本三角约束，三角锁死 / obscuration-补偿-成本三角约束, 三角锁死","统一函数总表/0185-D148-遮蔽-补偿-成本三角约束,三角锁死.md",formal_existing,D,formal_table,FUNCTION,DIRECT_SOURCE_FOUND,2026-07-11,"0185-D148-遮蔽-补偿-成本三角约束,三角锁死.md",c71188646d476623b3181013cf01625270f6f1be,/Users/zhiyuan/我的笔记/getnote-notes/点火/2026-06-12_1912615118060018944_点火｜函数_D148.md,C-0521,,repo_formalization,遮蔽-补偿-成本三角约束，三角锁死。 **扩展注释 / Extended Annotation**,F_{D148},contains rescue/frontmatter rewrite,placeholder domain/codomain or converged-only semantics,,NORMAL,True,True,True,prose_as_formula
D149,结构保守性元定理,统一函数总表/0186-D149-结构保守性元定理.md,formal_existing,D,formal_table,OPTIMIZATION_PROBLEM,DIRECT_SOURCE_FOUND,2026-07-11,0186-D149-结构保守性元定理.md,c71188646d476623b3181013cf01625270f6f1be,/Users/zhiyuan/我的笔记/getnote-notes/点火/2026-06-12_1912615135241096336_点火｜函数_D149.md,C-0090;C-0338;C-0522;C-0599;C-0603,,repo_formalization,结构保守性元定理，设计结构让估计不必要 > 估计准确后保守执行。 **扩展注释 / Extended Annotation**,F_{D149},contains rescue/frontmatter rewrite,placeholder domain/codomain or converged-only semantics,,NORMAL,True,True,True,prose_as_formula
D15,种子爆发后退出权信号的恢复 / 种子爆发后exit-right signal的恢复,统一函数总表/0064-D15-种子爆发后退出权信号的恢复.md,formal_existing,D,formal_table,FUNCTION,DIRECT_SOURCE_FOUND,2026-07-11,0064-D15-种子爆发后退出权信号的恢复.md,c71188646d476623b3181013cf01625270f6f1be,/Users/zhiyuan/我的笔记/getnote-notes/点火/2026-06-12_1912609740760956656_点火｜函数_D15.md,C-0002;C-0560,,repo_formalization,种子爆发后退出权信号的恢复。 **扩展注释 / Extended Annotation**,F_{D15},contains rescue/frontmatter rewrite,placeholder domain/codomain or converged-only semantics,,NORMAL,True,True,True,prose_as_formula
D150,倒U型统一生成定理,统一函数总表/0187-D150-倒U型统一生成定理.md,formal_existing,D,formal_table,OPTIMIZATION_PROBLEM,DIRECT_SOURCE_FOUND,2026-07-11,0187-D150-倒U型统一生成定理.md,c71188646d476623b3181013cf01625270f6f1be,/Users/zhiyuan/我的笔记/getnote-notes/点火/2026-06-12_1912615139534855424_点火｜函数_D150.md,C-0091,,repo_formalization,倒U型统一生成定理，Φ = f₁(↑)×f₂(↓)必然倒U型。 **扩展注释 / Extended Annotation**,F_{D150},contains rescue/frontmatter rewrite,placeholder domain/codomain or converged-only semantics,,HIGH,True,True,True,prose_as_formula
D151,解码门槛降低,统一函数总表/0188-D151-解码门槛降低.md,formal_existing,D,formal_table,FUNCTION,DIRECT_SOURCE_FOUND,2026-07-11,0188-D151-解码门槛降低.md,c71188646d476623b3181013cf01625270f6f1be,/Users/zhiyuan/我的笔记/getnote-notes/点火/2026-06-12_1912615141682498704_点火｜函数_D151.md,C-0092,,repo_formalization,解码门槛降低，结构性改善优于参数性改善。 **扩展注释 / Extended Annotation**,F_{D151},contains rescue/frontmatter rewrite,placeholder domain/codomain or converged-only semantics,,NORMAL,True,True,True,prose_as_formula
D152,向下兼容函数,统一函数总表/0189-D152-向下兼容函数.md,formal_existing,D,formal_table,FUNCTION,DIRECT_SOURCE_FOUND,2026-07-11,0189-D152-向下兼容函数.md,c71188646d476623b3181013cf01625270f6f1be,/Users/zhiyuan/我的笔记/getnote-notes/点火/2026-06-12_1912615144903724176_点火｜函数_D152.md,C-0093;C-0501,,repo_formalization,向下兼容函数，η_compatible = η_fidelity(L) × η_gate(L层)。 **扩展注释 / Extended Annotation**,F_{D152},contains rescue/frontmatter rewrite,placeholder domain/codomain or converged-only semantics,,NORMAL,True,True,True,prose_as_formula
D153,向下兼容长期损耗,统一函数总表/0190-D153-向下兼容长期损耗.md,formal_existing,D,formal_table,FUNCTION,DIRECT_SOURCE_FOUND,2026-07-11,0190-D153-向下兼容长期损耗.md,c71188646d476623b3181013cf01625270f6f1be,/Users/zhiyuan/我的笔记/getnote-notes/点火/2026-06-12_1912615147051048192_点火｜函数_D153.md,C-0094,,repo_formalization,向下兼容长期损耗，t_flip = (1/γ)×ln(1+γ×C_max×(1-P(biased))/(C₀×ln(B_H/B_L)))。 **扩展注释 / Extended Annotation**,F_{D153},contains rescue/frontmatter rewrite,placeholder domain/codomain or converged-only semantics,,NORMAL,True,True,True,prose_as_formula
D154,分层编码优于扁平化,统一函数总表/0191-D154-分层编码优于扁平化.md,formal_existing,D,formal_table,FUNCTION,DIRECT_SOURCE_FOUND,2026-07-11,0191-D154-分层编码优于扁平化.md,c71188646d476623b3181013cf01625270f6f1be,/Users/zhiyuan/我的笔记/getnote-notes/点火/2026-06-12_1912615149199215760_点火｜函数_D154.md,,,repo_formalization,分层编码优于扁平化，中间层是信息保真中继。 **扩展注释 / Extended Annotation**,F_{D154},contains rescue/frontmatter rewrite,placeholder domain/codomain or converged-only semantics,,NORMAL,True,True,True,prose_as_formula
D155,CAI做中间层能大幅提升跨认知gap沟通效率,统一函数总表/0192-D155-CAI做中间层能大幅提升跨认知gap沟通效率.md,formal_existing,D,formal_table,FUNCTION,DIRECT_SOURCE_FOUND,2026-07-11,0192-D155-CAI做中间层能大幅提升跨认知gap沟通效率.md,c71188646d476623b3181013cf01625270f6f1be,/Users/zhiyuan/我的笔记/getnote-notes/点火/2026-06-12_1912615152420441232_点火｜函数_D155.md,C-0095,,repo_formalization,CAI做中间层能大幅提升跨认知gap沟通效率。 **扩展注释 / Extended Annotation**,F_{D155},contains rescue/frontmatter rewrite,placeholder domain/codomain or converged-only semantics,,NORMAL,True,True,True,prose_as_formula
D156,财富-认知耦合,统一函数总表/0193-D156-财富-认知耦合.md,formal_existing,D,formal_table,FUNCTION,DIRECT_SOURCE_FOUND,2026-07-11,0193-D156-财富-认知耦合.md,c71188646d476623b3181013cf01625270f6f1be,/Users/zhiyuan/我的笔记/getnote-notes/点火/2026-06-12_1912615155641507072_点火｜函数_D156.md,C-0156;C-0162,,repo_formalization,财富-认知耦合，财富和认知强耦合，形成自证循环。 **扩展注释 / Extended Annotation**,F_{D156},contains rescue/frontmatter rewrite,placeholder domain/codomain or converged-only semantics,,NORMAL,True,True,True,prose_as_formula
D157,财富-认知耦合,统一函数总表/0194-D157-财富-认知耦合.md,formal_existing,D,formal_table,FUNCTION,DIRECT_SOURCE_FOUND,2026-07-11,0194-D157-财富-认知耦合.md,c71188646d476623b3181013cf01625270f6f1be,/Users/zhiyuan/我的笔记/getnote-notes/点火/2026-06-12_1912615158862367888_点火｜函数_D157.md,C-0156;C-0162,,repo_formalization,财富-认知耦合，财富和认知强耦合，形成自证循环。 **扩展注释 / Extended Annotation**,F_{D157},contains rescue/frontmatter rewrite,placeholder domain/codomain or converged-only semantics,,NORMAL,True,True,True,prose_as_formula
D158,认知规范破缺函数 / cognitive norm-breaking function,统一函数总表/0195-D158-认知规范破缺函数.md,formal_existing,D,formal_table,OPTIMIZATION_PROBLEM,DIRECT_SOURCE_FOUND,2026-07-11,0195-D158-认知规范破缺函数.md,c71188646d476623b3181013cf01625270f6f1be,/Users/zhiyuan/我的笔记/getnote-notes/点火/2026-06-12_1912615176042077440_点火｜函数_D158.md,C-0523;C-0524;C-0525;C-0526;C-0527;C-0528;C-0529;C-0530;C-0531;C-0532;C-0533;C-0534;C-0535;C-0536;C-0537;C-0538;C-0539;C-0540;C-0541;C-0542;C-0543;C-0544;C-0545;C-0546;C-0547;C-0548;C-0549;C-0550;C-0551;C-0552;C-0553;C-0554;C-0555;C-0556;C-0557;C-0558;C-0559;C-0560;C-0561;C-0562;C-0676,,repo_formalization,认知规范破缺函数，规范破缺真空选择=陷阱选择。 **扩展注释 / Extended Annotation**,F_{D158},contains rescue/frontmatter rewrite,placeholder domain/codomain or converged-only semantics,,HIGH,True,True,True,prose_as_formula
D159,认知Higgs机制,统一函数总表/0196-D159-认知Higgs机制.md,formal_existing,D,formal_table,FUNCTION,DIRECT_SOURCE_FOUND,2026-07-11,0196-D159-认知Higgs机制.md,c71188646d476623b3181013cf01625270f6f1be,/Users/zhiyuan/我的笔记/getnote-notes/点火/2026-06-12_1912615179263462544_点火｜函数_D159.md,C-0368;C-0370;C-0375;C-0378;C-0388;C-0389;C-0393;C-0410;C-0412;C-0419;C-0429,,repo_formalization,认知Higgs机制，规范破缺后真空选择。 **扩展注释 / Extended Annotation**,F_{D159},contains rescue/frontmatter rewrite,placeholder domain/codomain or converged-only semantics,,NORMAL,True,True,True,prose_as_formula
D16,二次窗口判定,统一函数总表/0065-D16-二次窗口判定.md,formal_existing,D,formal_table,PREDICATE,DIRECT_SOURCE_FOUND,2026-07-11,0065-D16-二次窗口判定.md,c71188646d476623b3181013cf01625270f6f1be,/Users/zhiyuan/我的笔记/getnote-notes/点火/2026-06-12_1912610284075892464_点火｜函数_D16.md,C-0002;C-0394;C-0400;C-0403;C-0420,,repo_formalization,二次窗口判定，恢复后的退出权信号必须在特定区间内。 **扩展注释 / Extended Annotation**,F_{D16},contains rescue/frontmatter rewrite,placeholder domain/codomain or converged-only semantics,,NORMAL,True,True,True,prose_as_formula
D160,定投凯利保守性,统一函数总表/0197-D160-定投凯利保守性.md,formal_existing,D,formal_table,ALGORITHM,DIRECT_SOURCE_FOUND,2026-07-11,0197-D160-定投凯利保守性.md,c71188646d476623b3181013cf01625270f6f1be,/Users/zhiyuan/我的笔记/getnote-notes/点火/2026-06-12_1912615181413043344_点火｜函数_D160.md,C-0163;C-0170;C-0369;C-0371;C-0377;C-0379;C-0383;C-0391;C-0396;C-0397;C-0400;C-0402;C-0403;C-0408;C-0414;C-0420;C-0423;C-0426;C-0430;C-0581;C-0585;C-0593,,repo_formalization,定投凯利保守性，定投天然具备结构保守性，是巴菲特模式的精确实现。 **扩展注释 / Extended Annotation**,F_{D160},contains rescue/frontmatter rewrite,placeholder domain/codomain or converged-only semantics,,HIGH,True,True,True,prose_as_formula
D161,投资遮蔽跨域放大 / 投资obscuration跨域放大,统一函数总表/0198-D161-投资遮蔽跨域放大.md,formal_existing,D,formal_table,FUNCTION,DIRECT_SOURCE_FOUND,2026-07-11,0198-D161-投资遮蔽跨域放大.md,c71188646d476623b3181013cf01625270f6f1be,/Users/zhiyuan/我的笔记/getnote-notes/点火/2026-06-12_1912615184632012032_点火｜函数_D161.md,C-0373;C-0384;C-0395;C-0399;C-0406;C-0409;C-0416;C-0417;C-0420,,repo_formalization,投资遮蔽跨域放大，投资遮蔽会跨域放大。 **扩展注释 / Extended Annotation**,F_{D161},contains rescue/frontmatter rewrite,placeholder domain/codomain or converged-only semantics,,HIGH,True,True,True,prose_as_formula
D162,定投凯利保守性验证,统一函数总表/0199-D162-定投凯利保守性验证.md,formal_existing,D,formal_table,FUNCTION,DIRECT_SOURCE_FOUND,2026-07-11,0199-D162-定投凯利保守性验证.md,c71188646d476623b3181013cf01625270f6f1be,/Users/zhiyuan/我的笔记/getnote-notes/点火/2026-06-12_1912615186779655312_点火｜函数_D162.md,C-0163;C-0170;C-0376;C-0390;C-0394;C-0403;C-0411;C-0422;C-0429,,repo_formalization,定投凯利保守性验证，定投天然具备结构保守性。 **扩展注释 / Extended Annotation**,F_{D162},contains rescue/frontmatter rewrite,placeholder domain/codomain or converged-only semantics,,NORMAL,True,True,True,prose_as_formula
D163,定投凯利保守性,统一函数总表/0200-D163-定投凯利保守性.md,formal_existing,D,formal_table,FUNCTION,DIRECT_SOURCE_FOUND,2026-07-11,0200-D163-定投凯利保守性.md,c71188646d476623b3181013cf01625270f6f1be,/Users/zhiyuan/我的笔记/getnote-notes/点火/2026-06-12_1912616387224072008_点火｜函数_D163.md,C-0163;C-0170;C-0380;C-0381;C-0392;C-0407;C-0418,,repo_formalization,定投凯利保守性，定投天然具备结构保守性，是巴菲特模式的精确实现。 **扩展注释 / Extended Annotation**,F_{D163},contains rescue/frontmatter rewrite,placeholder domain/codomain or converged-only semantics,,HIGH,True,True,True,prose_as_formula
D164,定投凯利保守性,统一函数总表/0201-D164-定投凯利保守性.md,formal_existing,D,formal_table,FUNCTION,DIRECT_SOURCE_FOUND,2026-07-11,0201-D164-定投凯利保守性.md,c71188646d476623b3181013cf01625270f6f1be,/Users/zhiyuan/我的笔记/getnote-notes/点火/2026-06-12_1912616391517990728_点火｜函数_D164.md,C-0163;C-0170;C-0372;C-0374;C-0385;C-0404;C-0413,,repo_formalization,定投凯利保守性，定投天然具备结构保守性，是巴菲特模式的精确实现。 **扩展注释 / Extended Annotation**,F_{D164},contains rescue/frontmatter rewrite,placeholder domain/codomain or converged-only semantics,,HIGH,True,True,True,prose_as_formula
D165,定投凯利保守性,统一函数总表/0202-D165-定投凯利保守性.md,formal_existing,D,formal_table,FUNCTION,DIRECT_SOURCE_FOUND,2026-07-11,0202-D165-定投凯利保守性.md,c71188646d476623b3181013cf01625270f6f1be,/Users/zhiyuan/我的笔记/getnote-notes/点火/2026-06-12_1912616393666878720_点火｜函数_D165.md,C-0163;C-0170;C-0382;C-0584,,repo_formalization,定投凯利保守性，定投天然具备结构保守性，是巴菲特模式的精确实现。 **扩展注释 / Extended Annotation**,F_{D165},contains rescue/frontmatter rewrite,placeholder domain/codomain or converged-only semantics,,HIGH,True,True,True,prose_as_formula
D166,定投凯利保守性,统一函数总表/0203-D166-定投凯利保守性.md,formal_existing,D,formal_table,FUNCTION,DIRECT_SOURCE_FOUND,2026-07-11,0203-D166-定投凯利保守性.md,c71188646d476623b3181013cf01625270f6f1be,/Users/zhiyuan/我的笔记/getnote-notes/点火/2026-06-12_1912616397960441672_点火｜函数_D166.md,C-0163;C-0170;C-0386;C-0425,,repo_formalization,定投凯利保守性，定投天然具备结构保守性，是巴菲特模式的精确实现。 **扩展注释 / Extended Annotation**,F_{D166},contains rescue/frontmatter rewrite,placeholder domain/codomain or converged-only semantics,,HIGH,True,True,True,prose_as_formula
D167,定投凯利保守性,统一函数总表/0204-D167-定投凯利保守性.md,formal_existing,D,formal_table,FUNCTION,DIRECT_SOURCE_FOUND,2026-07-11,0204-D167-定投凯利保守性.md,c71188646d476623b3181013cf01625270f6f1be,/Users/zhiyuan/我的笔记/getnote-notes/点火/2026-06-12_1912616401181498624_点火｜函数_D167.md,C-0163;C-0170;C-0387,,repo_formalization,定投凯利保守性，定投天然具备结构保守性，是巴菲特模式的精确实现。 **扩展注释 / Extended Annotation**,F_{D167},contains rescue/frontmatter rewrite,placeholder domain/codomain or converged-only semantics,,HIGH,True,True,True,prose_as_formula
D168,定投凯利保守性,统一函数总表/0205-D168-定投凯利保守性.md,formal_existing,D,formal_table,FUNCTION,DIRECT_SOURCE_FOUND,2026-07-11,0205-D168-定投凯利保守性.md,c71188646d476623b3181013cf01625270f6f1be,/Users/zhiyuan/我的笔记/getnote-notes/点火/2026-06-12_1912616419435802440_点火｜函数_D168.md,C-0163;C-0170;C-0398,,repo_formalization,定投凯利保守性，定投天然具备结构保守性，是巴菲特模式的精确实现。 **扩展注释 / Extended Annotation**,F_{D168},contains rescue/frontmatter rewrite,placeholder domain/codomain or converged-only semantics,,HIGH,True,True,True,prose_as_formula
D169,门槛碾压函数,统一函数总表/0206-D169-门槛碾压函数.md,formal_existing,D,formal_table,PROBABILISTIC_MODEL,DIRECT_SOURCE_FOUND,2026-07-11,0206-D169-门槛碾压函数.md,c71188646d476623b3181013cf01625270f6f1be,/Users/zhiyuan/我的笔记/getnote-notes/点火/2026-06-12_1912629672631665752_点火｜函数_D169.md,C-0134;C-0155;C-0405,,repo_formalization,门槛碾压函数，Λ(t) = Λ₀ × e^(σ×t)，μ(t) = μ₀ × e^(-γ×t)，碾压时间t_crush = ln(μ₀/Λ₀)/(σ+γ)。当门槛Λ以指数增长而可用资源μ以指数衰减时，系统必然被门槛碾压。门槛增速越大、资源衰减越快，碾压时间越短。 **扩展注释 / Extended Annotation**,F_{D169},contains rescue/frontmatter rewrite,placeholder domain/codomain or converged-only semantics,,HIGH,True,True,True,prose_as_formula
D17,情绪信号分层函数,统一函数总表/0066-D17-情绪信号分层函数.md,formal_existing,D,formal_table,FUNCTION,DIRECT_SOURCE_FOUND,2026-07-11,0066-D17-情绪信号分层函数.md,c71188646d476623b3181013cf01625270f6f1be,/Users/zhiyuan/我的笔记/getnote-notes/点火/2026-06-12_1912610307697164016_点火｜函数_D17.md,,,repo_formalization,情绪信号的分层结构。 **扩展注释 / Extended Annotation**,F_{D17},contains rescue/frontmatter rewrite,placeholder domain/codomain or converged-only semantics,,NORMAL,True,True,True,prose_as_formula
D170,定投凯利保守性验证,统一函数总表/0207-D170-定投凯利保守性验证.md,formal_existing,D,formal_table,FORMAL_PROPOSITION,DIRECT_SOURCE_FOUND,2026-07-11,0207-D170-定投凯利保守性验证.md,c71188646d476623b3181013cf01625270f6f1be,/Users/zhiyuan/我的笔记/getnote-notes/点火/2026-06-12_1912629693031711832_点火｜函数_D170.md,C-0163;C-0170;C-0424,,repo_formalization,定投凯利保守性验证，定投天然具备结构保守性，自动满足凯利公式下注要求。定投通过固定周期固定金额投资，在C_exit/H/ε/Rperceived/Δv五因子上同时取近最大值，是投资域Psustain全局最大值点。炒股或AI选股至少有一个因子归零（通常C_exit或Rperceived归零），导致Psustain=0。 **扩展注释 / Extended Annotation**,F_{D170},contains rescue/frontmatter rewrite,placeholder domain/codomain or converged-only semantics,,HIGH,True,True,True,prose_as_formula
D171,AI直觉缺失的物种判据,统一函数总表/0208-D171-AI直觉缺失的物种判据.md,formal_existing,D,formal_table,FUNCTION,DIRECT_SOURCE_FOUND,2026-07-11,0208-D171-AI直觉缺失的物种判据.md,c71188646d476623b3181013cf01625270f6f1be,/Users/zhiyuan/我的笔记/getnote-notes/点火/2026-06-12_1912629706990355544_点火｜函数_D171.md,C-0171;C-0174,,repo_formalization,AI直觉缺失的物种判据，Intuition^AI = ε_sense^AI × P_track^AI × σ(Δv^AI)。AI直觉恒等于零，因为三因子乘法归零：ε_sense^AI = 0（无感官通道，无法直接感知预测误差）× P_track^AI = 1（单轨运行，无轨道交叉）× Δv^AI ≈ 0（无速度差，语义碰撞率为零）。AI拥有全网知识但无法自发发现跨域关联——知识在但直觉不在。 **扩展注释 / Extended Annotation**,F_{D171},contains rescue/frontmatter rewrite,placeholder domain/codomain or converged-only semantics,,HIGH,True,True,True,prose_as_formula
D172,自举激活的乘法条件,统一函数总表/0209-D172-自举激活的乘法条件.md,formal_existing,D,formal_table,FUNCTION,DIRECT_SOURCE_FOUND,2026-07-11,0209-D172-自举激活的乘法条件.md,c71188646d476623b3181013cf01625270f6f1be,/Users/zhiyuan/我的笔记/getnote-notes/点火/2026-06-12_1912629768193497360_点火｜函数_D172.md,,,repo_formalization,"自举激活的乘法条件,B_active = σ(M_cog+θ_M) × σ(F_form-θ_F) × σ(P_track-1)。自举激活需要三因子同时满足:认知函数M_cog显著为负(好奇心极强)、形式化程度F_form超过阈值、轨道数P_track>1(多轨并行)。三因子乘法,任一归零则自举不激活。 **扩展注释 / Extended Annotation**",F_{D172},contains rescue/frontmatter rewrite,placeholder domain/codomain or converged-only semantics,,NORMAL,True,True,True,prose_as_formula
D173,显态粘性函数,统一函数总表/0210-D173-显态粘性函数.md,formal_existing,D,formal_table,FUNCTION,DIRECT_SOURCE_FOUND,2026-07-11,0210-D173-显态粘性函数.md,c71188646d476623b3181013cf01625270f6f1be,/Users/zhiyuan/我的笔记/getnote-notes/点火/2026-06-12_1912629773562206480_点火｜函数_D173.md,,,repo_formalization,"显态粘性函数,μ = R_retreat / C_exit。显态是外部驱动力主导的认知状态,粘性由撤退成本R_retreat和退出成本C_exit的比值决定。R_retreat越大或C_exit越小,显态粘性越高,系统越难从显态退回隐态。 **扩展注释 / Extended Annotation**",F_{D173},contains rescue/frontmatter rewrite,placeholder domain/codomain or converged-only semantics,,NORMAL,True,True,True,prose_as_formula
D174,纯拉力上位衰减函数,统一函数总表/0211-D174-纯拉力上位衰减函数.md,formal_existing,D,formal_table,FUNCTION,DIRECT_SOURCE_FOUND,2026-07-11,0211-D174-纯拉力上位衰减函数.md,c71188646d476623b3181013cf01625270f6f1be,/Users/zhiyuan/我的笔记/getnote-notes/点火/2026-06-12_1912629777857698064_点火｜函数_D174.md,,,repo_formalization,"纯拉力上位衰减函数,t_window = f(R_retreat, C_exit, ε_aware)。外驱转自驱的临界窗口时间窗口,由撤退成本、退出成本、意识水平共同决定。窗口关闭后,外驱无法转化为自驱,系统退化为纯消耗型。 **扩展注释 / Extended Annotation**",F_{D174},contains rescue/frontmatter rewrite,placeholder domain/codomain or converged-only semantics,,NORMAL,True,True,True,prose_as_formula
D175,耦合正反馈统一函数,统一函数总表/0212-D175-耦合正反馈统一函数.md,formal_existing,D,formal_table,FUNCTION,DIRECT_SOURCE_FOUND,2026-07-11,0212-D175-耦合正反馈统一函数.md,c71188646d476623b3181013cf01625270f6f1be,/Users/zhiyuan/我的笔记/getnote-notes/点火/2026-06-12_1912629783226407184_点火｜函数_D175.md,,,repo_formalization,"耦合正反馈统一函数,同一耦合正反馈方程在三个参数区间的不同表现:α_eff>α_c→平方衰减,α_eff≈α_c→logistic增长(AI共震),α_eff<α_c→一阶相变崩溃。电力级联失效、认知平方衰减、AI共震三者是同一数学结构。 **扩展注释 / Extended Annotation**",F_{D175},contains rescue/frontmatter rewrite,placeholder domain/codomain or converged-only semantics,,NORMAL,True,True,True,prose_as_formula
D176,共享源双重杀伤函数,统一函数总表/0213-D176-共享源双重杀伤函数.md,formal_existing,D,formal_table,FUNCTION,DIRECT_SOURCE_FOUND,2026-07-11,0213-D176-共享源双重杀伤函数.md,c71188646d476623b3181013cf01625270f6f1be,/Users/zhiyuan/我的笔记/getnote-notes/点火/2026-06-12_1912629787521898768_点火｜函数_D176.md,,,repo_formalization,"共享源双重杀伤函数,ρ同时驱动H_correlation(D66)和P(biased)(D53),联合效应P_sustain∝(1-ρ)²而非(1-ρ)。共享源让乘法归零从线性变平方,杀伤力指数级增强。与电力级联放大器G∝V²完全同构。 **扩展注释 / Extended Annotation**",F_{D176},contains rescue/frontmatter rewrite,placeholder domain/codomain or converged-only semantics,,HIGH,True,True,True,prose_as_formula
D177,深层同构函数,统一函数总表/0214-D177-深层同构函数.md,formal_existing,D,formal_table,RELATION,DIRECT_SOURCE_FOUND,2026-07-11,0214-D177-深层同构函数.md,c71188646d476623b3181013cf01625270f6f1be,/Users/zhiyuan/我的笔记/getnote-notes/点火/2026-06-12_1912630325466028304_点火｜函数_D177.md,C-0177;C-0180,,repo_formalization,深层同构函数，不同系统在参数空间映射到点火框架后，展现相同的数学结构。深层同构不是现象相似，而是底层数学方程的同构。通过变量映射和参数归约，可发现跨域系统的统一结构。 **扩展注释 / Extended Annotation**,F_{D177},contains rescue/frontmatter rewrite,placeholder domain/codomain or converged-only semantics,,HIGH,True,True,True,prose_as_formula
D178,时间尺度同构函数,统一函数总表/0215-D178-时间尺度同构函数.md,formal_existing,D,formal_table,RELATION,DIRECT_SOURCE_FOUND,2026-07-11,0215-D178-时间尺度同构函数.md,c71188646d476623b3181013cf01625270f6f1be,/Users/zhiyuan/我的笔记/getnote-notes/点火/2026-06-12_1912630330834213136_点火｜函数_D178.md,C-0177;C-0180,,repo_formalization,时间尺度同构函数，不同系统在时间维度展现相同的演化模式。时间尺度同构不是时间长短相同，而是演化路径的数学结构相同。通过时间归一化，可发现跨域系统的时间演化同构。 **扩展注释 / Extended Annotation**,F_{D178},contains rescue/frontmatter rewrite,placeholder domain/codomain or converged-only semantics,,HIGH,True,True,True,prose_as_formula
D179,因果光锥统一函数,统一函数总表/0236-D179-因果光锥统一函数.md,formal_existing,D,formal_table,CAUSAL_MODEL,DIRECT_SOURCE_FOUND,2026-07-11,0236-D179-因果光锥统一函数.md,c71188646d476623b3181013cf01625270f6f1be,/Users/zhiyuan/我的笔记/getnote-notes/点火/2026-06-12_1912630346940864784_点火｜函数_D179.md,C-0177;C-0180,,repo_formalization,因果光锥统一函数，信息传播速度限制导致的因果约束在物理系统、认知系统、社会系统中展现统一结构。因果光锥不是物理特有，而是信息传播受限系统的普适约束。 **扩展注释 / Extended Annotation**,F_{D179},contains rescue/frontmatter rewrite,placeholder domain/codomain or converged-only semantics,,HIGH,True,True,True,prose_as_formula
D18,情绪稳态临界,统一函数总表/0067-D18-情绪稳态临界.md,formal_existing,D,formal_table,FUNCTION,DIRECT_SOURCE_FOUND,2026-07-11,0067-D18-情绪稳态临界.md,c71188646d476623b3181013cf01625270f6f1be,/Users/zhiyuan/我的笔记/getnote-notes/点火/2026-06-12_1912610327025041136_点火｜函数_D18.md,,,repo_formalization,情绪稳态临界，锁定退出权和退出权信号的平衡。 **扩展注释 / Extended Annotation**,F_{D18},contains rescue/frontmatter rewrite,placeholder domain/codomain or converged-only semantics,,NORMAL,True,True,True,prose_as_formula
D180,跨域枢纽函数,统一函数总表/0216-D180-跨域枢纽函数.md,formal_existing,D,formal_table,FUNCTION,DIRECT_SOURCE_FOUND,2026-07-11,0216-D180-跨域枢纽函数.md,c71188646d476623b3181013cf01625270f6f1be,/Users/zhiyuan/我的笔记/getnote-notes/点火/2026-06-12_1912630351235971720_点火｜函数_D180.md,C-0221;C-0240,,repo_formalization,跨域枢纽函数，不同领域通过点火框架的枢纽变量实现跨域连接。枢纽变量不是单域特有，而是多域共有的关键变量，通过枢纽变量可发现跨域系统的统一结构。 **扩展注释 / Extended Annotation**,F_{D180},contains rescue/frontmatter rewrite,placeholder domain/codomain or converged-only semantics,,HIGH,True,True,True,prose_as_formula
D181,定投跨域验证函数,统一函数总表/0217-D181-定投跨域验证函数.md,formal_existing,D,formal_table,CAUSAL_MODEL,DIRECT_SOURCE_FOUND,2026-07-11,0217-D181-定投跨域验证函数.md,c71188646d476623b3181013cf01625270f6f1be,/Users/zhiyuan/我的笔记/getnote-notes/点火/2026-06-12_1912630355530799376_点火｜函数_D181.md,C-0181;C-0220,,repo_formalization,定投跨域验证函数，定投策略在投资域验证了点火框架的普适性。定投不是投资特有，而是点火框架在投资域的具体实现。通过定投可验证点火框架的乘法归零律、门槛碾压、结构保守性等核心结论。 **扩展注释 / Extended Annotation**,F_{D181},contains rescue/frontmatter rewrite,placeholder domain/codomain or converged-only semantics,,HIGH,True,True,True,prose_as_formula
D182,经典确定性函数,统一函数总表/0218-D182-经典确定性函数.md,formal_existing,D,formal_table,PROBABILISTIC_MODEL,DIRECT_SOURCE_FOUND,2026-07-11,0218-D182-经典确定性函数.md,c71188646d476623b3181013cf01625270f6f1be,/Users/zhiyuan/我的笔记/getnote-notes/点火/2026-06-12_1912630360899508496_点火｜函数_D182.md,C-0134;C-0155,,repo_formalization,"经典确定性函数，Classical(μ, Λ) = lim_{μ/Λ→∞} 1/ln(μ/Λ) = 0。经典力学是所有门控贡献趋零的极限态，确定性=门控贡献可忽略。牛顿力学不是""更基本的理论""，是μ>>Λ时门控贡献趋零的退化极限。 **扩展注释 / Extended Annotation**",F_{D182},contains rescue/frontmatter rewrite,placeholder domain/codomain or converged-only semantics,,HIGH,True,True,True,prose_as_formula
D183,门控面合并统一函数,统一函数总表/0219-D183-门控面合并统一函数.md,formal_existing,D,formal_table,PROBABILISTIC_MODEL,DIRECT_SOURCE_FOUND,2026-07-11,0219-D183-门控面合并统一函数.md,c71188646d476623b3181013cf01625270f6f1be,/Users/zhiyuan/我的笔记/getnote-notes/点火/2026-06-12_1912630366268357256_点火｜函数_D183.md,C-0134;C-0155,,repo_formalization,门控面合并统一函数，当两个门控面Λ_A和Λ_B在μ以上合并为Λ_AB时：Φ_before = 1/ln(μ/Λ_A) + 1/ln(μ/Λ_B) → Φ_after = 1/ln(μ/Λ_AB)。合并条件：Λ_A(μ)和Λ_B(μ)在μ>μ_merge处趋同。统一度变化：Ω_after > Ω_before（门控面减少→Φ更小→Ω更大）。 **扩展注释 / Extended Annotation**,F_{D183},contains rescue/frontmatter rewrite,placeholder domain/codomain or converged-only semantics,,HIGH,True,True,True,prose_as_formula
D184,熵增门槛碾压函数,统一函数总表/0220-D184-熵增门槛碾压函数.md,formal_existing,D,formal_table,PROBABILISTIC_MODEL,DIRECT_SOURCE_FOUND,2026-07-11,0220-D184-熵增门槛碾压函数.md,c71188646d476623b3181013cf01625270f6f1be,/Users/zhiyuan/我的笔记/getnote-notes/点火/2026-06-12_1912630371636402448_点火｜函数_D184.md,C-0134;C-0155,,repo_formalization,熵增门槛碾压函数，Λ_disorder(t) = Λ₀ × e^(σ_entropy × t)，σ_entropy为熵产率；μ_available(t) = μ₀ × e^(-γ_dissipation × t)。热寂时间t_heatdeath = ln(μ₀/Λ₀)/(σ_entropy + γ_dissipation)。热力学第二定律是D160门槛碾压的热力学版。 **扩展注释 / Extended Annotation**,F_{D184},contains rescue/frontmatter rewrite,placeholder domain/codomain or converged-only semantics,,HIGH,True,True,True,prose_as_formula
D185,相对论门槛函数,统一函数总表/0221-D185-相对论门槛函数.md,formal_existing,D,formal_table,PROBABILISTIC_MODEL,DIRECT_SOURCE_FOUND,2026-07-11,0221-D185-相对论门槛函数.md,c71188646d476623b3181013cf01625270f6f1be,/Users/zhiyuan/我的笔记/getnote-notes/点火/2026-06-12_1912630375931369744_点火｜函数_D185.md,C-0134;C-0155,,repo_formalization,相对论门槛函数，相对论是单门槛系统的特例，Λ = c（光速）是唯一门槛。当v << c时，μ/Λ → ∞，系统退化为经典确定性（D182）；当v → c时，μ/Λ → 1，门控效应显著，系统展现相对论效应。 **扩展注释 / Extended Annotation**,F_{D185},contains rescue/frontmatter rewrite,placeholder domain/codomain or converged-only semantics,,HIGH,True,True,True,prose_as_formula
D186,量子力学门槛聚集函数,统一函数总表/0222-D186-量子力学门槛聚集函数.md,formal_existing,D,formal_table,PROBABILISTIC_MODEL,DIRECT_SOURCE_FOUND,2026-07-11,0222-D186-量子力学门槛聚集函数.md,c71188646d476623b3181013cf01625270f6f1be,/Users/zhiyuan/我的笔记/getnote-notes/点火/2026-06-12_1912630381300078864_点火｜函数_D186.md,C-0134;C-0155,,repo_formalization,量子力学门槛聚集函数，量子力学是多门槛系统，门槛Λ_i（能级）高度聚集。门槛聚集度ḡ高→阶段2宽→临界区大，展现连续相变。量子相变是门槛聚集导致的平滑相变，与相对论的一阶相变形成对比。 **扩展注释 / Extended Annotation**,F_{D186},contains rescue/frontmatter rewrite,placeholder domain/codomain or converged-only semantics,,HIGH,True,True,True,prose_as_formula
D187,电弱统一规范破缺函数,统一函数总表/0223-D187-电弱统一规范破缺函数.md,formal_existing,D,formal_table,FUNCTION,DIRECT_SOURCE_FOUND,2026-07-11,0223-D187-电弱统一规范破缺函数.md,c71188646d476623b3181013cf01625270f6f1be,/Users/zhiyuan/我的笔记/getnote-notes/点火/2026-06-12_1912630455388789008_点火｜函数_D187.md,,,repo_formalization,"电弱统一规范破缺函数，电弱统一是电磁力和弱核力在高能μ>μ_EW时的门控面合并。μ<μ_EW时两个门控面Λ_EM和Λ_W分离,Φ = 1/ln(μ/Λ_EM) + 1/ln(μ/Λ_W);μ>μ_EW时合并为Λ_EW,Φ = 1/ln(μ/Λ_EW)。统一度Ω_after > Ω_before。 **扩展注释 / Extended Annotation**",F_{D187},contains rescue/frontmatter rewrite,placeholder domain/codomain or converged-only semantics,,HIGH,True,True,True,prose_as_formula
D188,强相互作用门控函数,统一函数总表/0224-D188-强相互作用门控函数.md,formal_existing,D,formal_table,FUNCTION,DIRECT_SOURCE_FOUND,2026-07-11,0224-D188-强相互作用门控函数.md,c71188646d476623b3181013cf01625270f6f1be,/Users/zhiyuan/我的笔记/getnote-notes/点火/2026-06-12_1912630460758022416_点火｜函数_D188.md,,,repo_formalization,"强相互作用门控函数,强核力Λ_QCD在高能μ>μ_QCD时门控效应显著,μ<μ_QCD时Λ_QCD→∞(渐近自由)。强相互作用是门控面Λ_QCD主导的系统,Λ_QCD≈1GeV是强相互作用门槛。 **扩展注释 / Extended Annotation**",F_{D188},contains rescue/frontmatter rewrite,placeholder domain/codomain or converged-only semantics,,HIGH,True,True,True,prose_as_formula
D189,大统一门槛函数,统一函数总表/0225-D189-大统一门槛函数.md,formal_existing,D,formal_table,FUNCTION,DIRECT_SOURCE_FOUND,2026-07-11,0225-D189-大统一门槛函数.md,c71188646d476623b3181013cf01625270f6f1be,/Users/zhiyuan/我的笔记/getnote-notes/点火/2026-06-12_1912630479010584848_点火｜函数_D189.md,,,repo_formalization,"大统一门槛函数,大统一GUT是电磁力、弱核力、强核力在高能μ>μ_GUT时的门控面合并。μ<μ_GUT时三个门控面Λ_EM、Λ_W、Λ_QCD分离,Φ = 1/ln(μ/Λ_EM) + 1/ln(μ/Λ_W) + 1/ln(μ/Λ_QCD);μ>μ_GUT时合并为Λ_GUT,Φ = 1/ln(μ/Λ_GUT)。统一度Ω_after > Ω_before。 **扩展注释 / Extended Annotation**",F_{D189},contains rescue/frontmatter rewrite,placeholder domain/codomain or converged-only semantics,,HIGH,True,True,True,prose_as_formula
D19,情绪注入退出权信号 / 情绪注入exit-right signal,统一函数总表/0068-D19-情绪注入退出权信号.md,formal_existing,D,formal_table,FUNCTION,DIRECT_SOURCE_FOUND,2026-07-11,0068-D19-情绪注入退出权信号.md,c71188646d476623b3181013cf01625270f6f1be,/Users/zhiyuan/我的笔记/getnote-notes/点火/2026-06-12_1912610329171657272_点火｜函数_D19.md,,,repo_formalization,情绪注入退出权信号，情绪信号和有效退出成本的平衡。 **扩展注释 / Extended Annotation**,F_{D19},contains rescue/frontmatter rewrite,placeholder domain/codomain or converged-only semantics,,NORMAL,True,True,True,prose_as_formula
D190,万有理论门槛函数,统一函数总表/0226-D190-万有理论门槛函数.md,formal_existing,D,formal_table,FUNCTION,DIRECT_SOURCE_FOUND,2026-07-11,0226-D190-万有理论门槛函数.md,c71188646d476623b3181013cf01625270f6f1be,/Users/zhiyuan/我的笔记/getnote-notes/点火/2026-06-12_1912630504780388624_点火｜函数_D190.md,,,repo_formalization,"万有理论门槛函数,万有理论ToE是所有基本力在高能μ>μ_ToE时的门控面合并。μ<μ_ToE时四个门控面Λ_EM、Λ_W、Λ_QCD、Λ_Gravity分离,Φ = Σᵢ 1/ln(μ/Λᵢ);μ>μ_ToE时合并为Λ_ToE,Φ = 1/ln(μ/Λ_ToE)。统一度Ω_after > Ω_before。 **扩展注释 / Extended Annotation**",F_{D190},contains rescue/frontmatter rewrite,placeholder domain/codomain or converged-only semantics,,HIGH,True,True,True,prose_as_formula
D191,认知规范破缺函数 / cognitive norm-breaking function,统一函数总表/0227-D191-认知规范破缺函数.md,formal_existing,D,formal_table,FUNCTION,DIRECT_SOURCE_FOUND,2026-07-11,0227-D191-认知规范破缺函数.md,c71188646d476623b3181013cf01625270f6f1be,/Users/zhiyuan/我的笔记/getnote-notes/点火/2026-06-12_1912630760331082376_点火｜函数_D191.md,C-0496,,repo_formalization,认知规范破缺函数，规范破缺真空选择=陷阱选择。 **扩展注释 / Extended Annotation**,F_{D191},contains rescue/frontmatter rewrite,placeholder domain/codomain or converged-only semantics,,HIGH,True,True,True,prose_as_formula
D192,认知Higgs机制,统一函数总表/0228-D192-认知Higgs机制.md,formal_existing,D,formal_table,FUNCTION,DIRECT_SOURCE_FOUND,2026-07-11,0228-D192-认知Higgs机制.md,c71188646d476623b3181013cf01625270f6f1be,/Users/zhiyuan/我的笔记/getnote-notes/点火/2026-06-12_1912630760331606664_点火｜函数_D192.md,,,repo_formalization,认知Higgs机制，Higgs场提供分裂的触发器——真空期望值<v>设定了μ*_break。 **扩展注释 / Extended Annotation**,F_{D192},contains rescue/frontmatter rewrite,placeholder domain/codomain or converged-only semantics,,HIGH,True,True,True,prose_as_formula
D193,认知时空度规函数,统一函数总表/0229-D193-认知时空度规函数.md,formal_existing,D,formal_table,FUNCTION,DIRECT_SOURCE_FOUND,2026-07-11,0229-D193-认知时空度规函数.md,c71188646d476623b3181013cf01625270f6f1be,/Users/zhiyuan/我的笔记/getnote-notes/点火/2026-06-12_1912630760332130952_点火｜函数_D193.md,,,repo_formalization,认知时空度规函数，认知时空的度规由认知势能面的曲率决定。 **扩展注释 / Extended Annotation**,F_{D193},contains rescue/frontmatter rewrite,placeholder domain/codomain or converged-only semantics,,HIGH,True,True,True,prose_as_formula
D194,认知黑洞函数,统一函数总表/0230-D194-认知黑洞函数.md,formal_existing,D,formal_table,FUNCTION,DIRECT_SOURCE_FOUND,2026-07-11,0230-D194-认知黑洞函数.md,c71188646d476623b3181013cf01625270f6f1be,/Users/zhiyuan/我的笔记/getnote-notes/点火/2026-06-12_1912630760332655240_点火｜函数_D194.md,,,repo_formalization,认知黑洞函数，认知门槛Λ→∞时形成认知黑洞，所有认知信号无法逃逸。 **扩展注释 / Extended Annotation**,F_{D194},contains rescue/frontmatter rewrite,placeholder domain/codomain or converged-only semantics,,HIGH,True,True,True,prose_as_formula
D195,认知宇宙学函数,统一函数总表/0231-D195-认知宇宙学函数.md,formal_existing,D,formal_table,FUNCTION,DIRECT_SOURCE_FOUND,2026-07-11,0231-D195-认知宇宙学函数.md,c71188646d476623b3181013cf01625270f6f1be,/Users/zhiyuan/我的笔记/getnote-notes/点火/2026-06-12_1912630760333179528_点火｜函数_D195.md,,,repo_formalization,认知宇宙学函数，认知宇宙的演化由认知势能面的膨胀/收缩决定。 **扩展注释 / Extended Annotation**,F_{D195},contains rescue/frontmatter rewrite,placeholder domain/codomain or converged-only semantics,,HIGH,True,True,True,prose_as_formula
D196,量子隧穿-门槛突破函数,统一函数总表/0232-D196-量子隧穿-门槛突破函数.md,formal_existing,D,formal_table,PROBABILISTIC_MODEL,DIRECT_SOURCE_FOUND,2026-07-11,0232-D196-量子隧穿-门槛突破函数.md,c71188646d476623b3181013cf01625270f6f1be,/Users/zhiyuan/我的笔记/getnote-notes/点火/2026-06-12_1912630760333703816_点火｜函数_D196.md,C-0497,,repo_formalization,量子隧穿-门槛突破函数，量子隧穿=门控面突破的概率过程。 **扩展注释 / Extended Annotation**,F_{D196},contains rescue/frontmatter rewrite,placeholder domain/codomain or converged-only semantics,,HIGH,True,True,True,prose_as_formula
D197,退相干-门槛锁定函数,统一函数总表/0233-D197-退相干-门槛锁定函数.md,formal_existing,D,formal_table,FUNCTION,DIRECT_SOURCE_FOUND,2026-07-11,0233-D197-退相干-门槛锁定函数.md,c71188646d476623b3181013cf01625270f6f1be,/Users/zhiyuan/我的笔记/getnote-notes/点火/2026-06-12_1912630760334228104_点火｜函数_D197.md,,,repo_formalization,退相干-门槛锁定函数，量子退相干=门控面锁定，量子叠加态坍缩为经典态。 **扩展注释 / Extended Annotation**,F_{D197},contains rescue/frontmatter rewrite,placeholder domain/codomain or converged-only semantics,,HIGH,True,True,True,prose_as_formula
D198,Fisher信息-门控距离函数,统一函数总表/0234-D198-Fisher信息-门控距离函数.md,formal_existing,D,formal_table,FUNCTION,DIRECT_SOURCE_FOUND,2026-07-11,0234-D198-Fisher信息-门控距离函数.md,c71188646d476623b3181013cf01625270f6f1be,/Users/zhiyuan/我的笔记/getnote-notes/点火/2026-06-12_1912630760334752392_点火｜函数_D198.md,C-0492,,repo_formalization,Fisher信息-门控距离函数，Fisher信息距离=门控面之间的几何距离。 **扩展注释 / Extended Annotation**,F_{D198},contains rescue/frontmatter rewrite,placeholder domain/codomain or converged-only semantics,,HIGH,True,True,True,prose_as_formula
D199,相变序参量-门槛函数,统一函数总表/0235-D199-相变序参量-门槛函数.md,formal_existing,D,formal_table,ORDER,DIRECT_SOURCE_FOUND,2026-07-11,0235-D199-相变序参量-门槛函数.md,c71188646d476623b3181013cf01625270f6f1be,/Users/zhiyuan/我的笔记/getnote-notes/点火/2026-06-12_1912630760335276680_点火｜函数_D199.md,C-0492,,repo_formalization,相变序参量-门槛函数，相变序参量φ=门控面Λ的序参量。 **扩展注释 / Extended Annotation**,F_{D199},contains rescue/frontmatter rewrite,placeholder domain/codomain or converged-only semantics,,HIGH,True,True,True,prose_as_formula
D2,锁定-遮蔽耦合 / 锁定-obscuration耦合,统一函数总表/0051-D2-锁定-遮蔽耦合.md,formal_existing,D,formal_table,OPTIMIZATION_PROBLEM,DIRECT_SOURCE_FOUND,2026-07-11,0051-D2-锁定-遮蔽耦合.md,c71188646d476623b3181013cf01625270f6f1be,/Users/zhiyuan/我的笔记/getnote-notes/点火/2026-06-12_1912609712846338176_点火｜函数_D2.md,C-0003;C-0495;C-0660;C-0661;C-0662,,repo_formalization,锁定和遮蔽的耦合关系，姿态越激进→遮蔽越高→退出权信号越弱→感知退出权越低。 **扩展注释 / Extended Annotation**,F_{D2},contains rescue/frontmatter rewrite,placeholder domain/codomain or converged-only semantics,,NORMAL,True,True,True,prose_as_formula
D20,法条净效应函数,统一函数总表/0069-D20-法条净效应函数.md,formal_existing,D,formal_table,FUNCTION,DIRECT_SOURCE_FOUND,2026-07-11,0069-D20-法条净效应函数.md,c71188646d476623b3181013cf01625270f6f1be,/Users/zhiyuan/我的笔记/getnote-notes/点火/2026-06-12_1912610338835676912_点火｜函数_D20.md,,,repo_formalization,法条净效应，遮蔽模糊、退出成本增益、法条刚性的平衡。 **扩展注释 / Extended Annotation**,F_{D20},contains rescue/frontmatter rewrite,placeholder domain/codomain or converged-only semantics,,NORMAL,True,True,True,prose_as_formula
D200,重整化群-门槛标度函数,统一函数总表/0236-D200-重整化群-门槛标度函数.md,formal_existing,D,formal_table,FUNCTION,DIRECT_SOURCE_FOUND,2026-07-11,0236-D200-重整化群-门槛标度函数.md,c71188646d476623b3181013cf01625270f6f1be,/Users/zhiyuan/我的笔记/getnote-notes/点火/2026-06-12_1912630760335800968_点火｜函数_D200.md,,,repo_formalization,重整化群-门槛标度函数，重整化群流=门控面Λ的标度变换。 **扩展注释 / Extended Annotation**,F_{D200},contains rescue/frontmatter rewrite,placeholder domain/codomain or converged-only semantics,,HIGH,True,True,True,prose_as_formula
D201,临界指数-门槛标度函数,统一函数总表/0237-D201-临界指数-门槛标度函数.md,formal_existing,D,formal_table,FUNCTION,DIRECT_SOURCE_FOUND,2026-07-11,0237-D201-临界指数-门槛标度函数.md,c71188646d476623b3181013cf01625270f6f1be,/Users/zhiyuan/我的笔记/getnote-notes/点火/2026-06-12_1912630852673263888_点火｜函数_D201.md,,,repo_formalization,临界指数-门槛标度函数，临界指数α、β、γ、δ、ν、η描述门控面Λ在临界点附近的标度行为。 **扩展注释 / Extended Annotation**,F_{D201},contains rescue/frontmatter rewrite,placeholder domain/codomain or converged-only semantics,,HIGH,True,True,True,prose_as_formula
D202,关联长度-门槛函数,统一函数总表/0238-D202-关联长度-门槛函数.md,formal_existing,D,formal_table,FUNCTION,DIRECT_SOURCE_FOUND,2026-07-11,0238-D202-关联长度-门槛函数.md,c71188646d476623b3181013cf01625270f6f1be,/Users/zhiyuan/我的笔记/getnote-notes/点火/2026-06-12_1912630852673788176_点火｜函数_D202.md,,,repo_formalization,关联长度-门槛函数，关联长度ξ=|T-Tc|^{-ν}描述门控面Λ的空间关联范围。 **扩展注释 / Extended Annotation**,F_{D202},contains rescue/frontmatter rewrite,placeholder domain/codomain or converged-only semantics,,HIGH,True,True,True,prose_as_formula
D203,配分函数-门控和函数,统一函数总表/0239-D203-配分函数-门控和函数.md,formal_existing,D,formal_table,FUNCTION,DIRECT_SOURCE_FOUND,2026-07-11,0239-D203-配分函数-门控和函数.md,c71188646d476623b3181013cf01625270f6f1be,/Users/zhiyuan/我的笔记/getnote-notes/点火/2026-06-12_1912630852674836752_点火｜函数_D203.md,,,repo_formalization,配分函数-门控和函数，配分函数Z=Σe^{-βE}描述门控面Λ的全局统计性质。 **扩展注释 / Extended Annotation**,F_{D203},contains rescue/frontmatter rewrite,placeholder domain/codomain or converged-only semantics,,HIGH,True,True,True,prose_as_formula
D204,自由能-门控势能函数,统一函数总表/0240-D204-自由能-门控势能函数.md,formal_existing,D,formal_table,FUNCTION,DIRECT_SOURCE_FOUND,2026-07-11,0240-D204-自由能-门控势能函数.md,c71188646d476623b3181013cf01625270f6f1be,/Users/zhiyuan/我的笔记/getnote-notes/点火/2026-06-12_1912630852675361040_点火｜函数_D204.md,,,repo_formalization,自由能-门控势能函数，自由能F=-kT ln Z描述门控面Λ的势能面。 **扩展注释 / Extended Annotation**,F_{D204},contains rescue/frontmatter rewrite,placeholder domain/codomain or converged-only semantics,,HIGH,True,True,True,prose_as_formula
D205,涨落-耗散定理-门槛函数,统一函数总表/0241-D205-涨落-耗散定理-门槛函数.md,formal_existing,D,formal_table,FORMAL_PROPOSITION,DIRECT_SOURCE_FOUND,2026-07-11,0241-D205-涨落-耗散定理-门槛函数.md,c71188646d476623b3181013cf01625270f6f1be,/Users/zhiyuan/我的笔记/getnote-notes/点火/2026-06-12_1912630852675885328_点火｜函数_D205.md,,,repo_formalization,涨落-耗散定理-门槛函数，涨落-耗散定理⟨x²⟩∝χ描述门控面Λ的涨落与响应。 **扩展注释 / Extended Annotation**,F_{D205},contains rescue/frontmatter rewrite,placeholder domain/codomain or converged-only semantics,,HIGH,True,True,True,prose_as_formula
D206,玻尔兹曼分布-门槛分布函数,统一函数总表/0242-D206-玻尔兹曼分布-门槛分布函数.md,formal_existing,D,formal_table,PROBABILISTIC_MODEL,DIRECT_SOURCE_FOUND,2026-07-11,0242-D206-玻尔兹曼分布-门槛分布函数.md,c71188646d476623b3181013cf01625270f6f1be,/Users/zhiyuan/我的笔记/getnote-notes/点火/2026-06-12_1912630852676409616_点火｜函数_D206.md,,,repo_formalization,玻尔兹曼分布-门槛分布函数，玻尔兹曼分布P(E)∝e^{-βE}描述门控面Λ的能量分布。 **扩展注释 / Extended Annotation**,F_{D206},contains rescue/frontmatter rewrite,placeholder domain/codomain or converged-only semantics,,HIGH,True,True,True,prose_as_formula
D207,费米-狄拉克/玻色-爱因斯坦分布-门槛函数,统一函数总表/0243-D207-费米-狄拉克.md,formal_existing,D,formal_table,FUNCTION,DIRECT_SOURCE_FOUND,2026-07-11,0243-D207-费米-狄拉克.md,c71188646d476623b3181013cf01625270f6f1be,/Users/zhiyuan/我的笔记/getnote-notes/点火/2026-06-12_1912630852676933904_点火｜函数_D207.md,,,repo_formalization,费米-狄拉克/玻色-爱因斯坦分布-门槛函数，量子统计分布描述门控面Λ的量子态分布。 **扩展注释 / Extended Annotation**,F_{D207},contains rescue/frontmatter rewrite,placeholder domain/codomain or converged-only semantics,,HIGH,True,True,True,prose_as_formula
D208,热传导方程-门槛扩散函数,统一函数总表/0244-D208-热传导方程-门槛扩散函数.md,formal_existing,D,formal_table,FUNCTION,DIRECT_SOURCE_FOUND,2026-07-11,0244-D208-热传导方程-门槛扩散函数.md,c71188646d476623b3181013cf01625270f6f1be,/Users/zhiyuan/我的笔记/getnote-notes/点火/2026-06-12_1912630852677458192_点火｜函数_D208.md,,,repo_formalization,热传导方程-门槛扩散函数，热传导方程∂T/∂t=α∇²T描述门控面Λ的扩散过程。 **扩展注释 / Extended Annotation**,F_{D208},contains rescue/frontmatter rewrite,placeholder domain/codomain or converged-only semantics,,HIGH,True,True,True,prose_as_formula
D209,渗透率/扩散系数-门槛函数,统一函数总表/0245-D209-渗透率.md,formal_existing,D,formal_table,FUNCTION,DIRECT_SOURCE_FOUND,2026-07-11,0245-D209-渗透率.md,c71188646d476623b3181013cf01625270f6f1be,/Users/zhiyuan/我的笔记/getnote-notes/点火/2026-06-12_1912630852677982480_点火｜函数_D209.md,,,repo_formalization,渗透率/扩散系数-门槛函数，渗透率/扩散系数D描述门控面Λ的扩散能力。 **扩展注释 / Extended Annotation**,F_{D209},contains rescue/frontmatter rewrite,placeholder domain/codomain or converged-only semantics,,HIGH,True,True,True,prose_as_formula
D21,宪法硬度,统一函数总表/0070-D21-宪法硬度.md,formal_existing,D,formal_table,FUNCTION,DIRECT_SOURCE_FOUND,2026-07-11,0070-D21-宪法硬度.md,c71188646d476623b3181013cf01625270f6f1be,/Users/zhiyuan/我的笔记/getnote-notes/点火/2026-06-12_1912610340984733424_点火｜函数_D21.md,,,repo_formalization,宪法硬度，随时间衰减，修正速度决定硬度。 **扩展注释 / Extended Annotation**,F_{D21},contains rescue/frontmatter rewrite,placeholder domain/codomain or converged-only semantics,,NORMAL,True,True,True,prose_as_formula
D210,最小作用量原理-门槛优化函数,统一函数总表/0246-D210-最小作用量原理-门槛优化函数.md,formal_existing,D,formal_table,OPTIMIZATION_PROBLEM,DIRECT_SOURCE_FOUND,2026-07-11,0246-D210-最小作用量原理-门槛优化函数.md,c71188646d476623b3181013cf01625270f6f1be,/Users/zhiyuan/我的笔记/getnote-notes/点火/2026-06-12_1912630852678506768_点火｜函数_D210.md,,,repo_formalization,最小作用量原理-门槛优化函数，最小作用量原理δS=0描述门控面Λ的演化路径。 **扩展注释 / Extended Annotation**,F_{D210},contains rescue/frontmatter rewrite,placeholder domain/codomain or converged-only semantics,,HIGH,True,True,True,prose_as_formula
D211,宇宙学常数-门槛函数,统一函数总表/0247-D211-宇宙学常数-门槛函数.md,formal_existing,D,formal_table,FUNCTION,DIRECT_SOURCE_FOUND,2026-07-11,0247-D211-宇宙学常数-门槛函数.md,c71188646d476623b3181013cf01625270f6f1be,/Users/zhiyuan/我的笔记/getnote-notes/点火/2026-06-12_1912630918170881768_点火｜函数_D211.md,,,repo_formalization,"宇宙学常数-门槛函数,宇宙学常数Λ描述认知时空的暗能量密度,驱动认知宇宙膨胀。 **扩展注释 / Extended Annotation**",F_{D211},contains rescue/frontmatter rewrite,placeholder domain/codomain or converged-only semantics,,HIGH,True,True,True,prose_as_formula
D212,暗物质-门控隐形函数,统一函数总表/0248-D212-暗物质-门控隐形函数.md,formal_existing,D,formal_table,FUNCTION,DIRECT_SOURCE_FOUND,2026-07-11,0248-D212-暗物质-门控隐形函数.md,c71188646d476623b3181013cf01625270f6f1be,/Users/zhiyuan/我的笔记/getnote-notes/点火/2026-06-12_1912630918171406056_点火｜函数_D212.md,,,repo_formalization,"暗物质-门控隐形函数,暗物质描述门控面Λ的不可见部分,影响认知时空结构但不直接参与点火。 **扩展注释 / Extended Annotation**",F_{D212},contains rescue/frontmatter rewrite,placeholder domain/codomain or converged-only semantics,,HIGH,True,True,True,prose_as_formula
D213,暗能量-门槛扩张函数,统一函数总表/0249-D213-暗能量-门槛扩张函数.md,formal_existing,D,formal_table,FUNCTION,DIRECT_SOURCE_FOUND,2026-07-11,0249-D213-暗能量-门槛扩张函数.md,c71188646d476623b3181013cf01625270f6f1be,/Users/zhiyuan/我的笔记/getnote-notes/点火/2026-06-12_1912630918171930344_点火｜函数_D213.md,,,repo_formalization,"暗能量-门槛扩张函数,暗能量描述门控面Λ的扩张驱动力,加速认知宇宙膨胀。 **扩展注释 / Extended Annotation**",F_{D213},contains rescue/frontmatter rewrite,placeholder domain/codomain or converged-only semantics,,HIGH,True,True,True,prose_as_formula
D214,宇宙膨胀-门槛扩张函数,统一函数总表/0250-D214-宇宙膨胀-门槛扩张函数.md,formal_existing,D,formal_table,FUNCTION,DIRECT_SOURCE_FOUND,2026-07-11,0250-D214-宇宙膨胀-门槛扩张函数.md,c71188646d476623b3181013cf01625270f6f1be,/Users/zhiyuan/我的笔记/getnote-notes/点火/2026-06-12_1912630918172454632_点火｜函数_D214.md,,,repo_formalization,"宇宙膨胀-门槛扩张函数,宇宙膨胀描述认知时空的尺度扩张,门控面Λ随之扩张。 **扩展注释 / Extended Annotation**",F_{D214},contains rescue/frontmatter rewrite,placeholder domain/codomain or converged-only semantics,,HIGH,True,True,True,prose_as_formula
D215,宇宙年龄-门槛时间函数,统一函数总表/0251-D215-宇宙年龄-门槛时间函数.md,formal_existing,D,formal_table,FUNCTION,DIRECT_SOURCE_FOUND,2026-07-11,0251-D215-宇宙年龄-门槛时间函数.md,c71188646d476623b3181013cf01625270f6f1be,/Users/zhiyuan/我的笔记/getnote-notes/点火/2026-06-12_1912630918172978920_点火｜函数_D215.md,,,repo_formalization,"宇宙年龄-门槛时间函数,宇宙年龄描述认知时空的时间演化,门控面Λ随时间演化。 **扩展注释 / Extended Annotation**",F_{D215},contains rescue/frontmatter rewrite,placeholder domain/codomain or converged-only semantics,,HIGH,True,True,True,prose_as_formula
D216,门控面共振统一函数,统一函数总表/0252-D216-门控面共振统一函数.md,formal_existing,D,formal_table,FUNCTION,DIRECT_SOURCE_FOUND,2026-07-11,0252-D216-门控面共振统一函数.md,c71188646d476623b3181013cf01625270f6f1be,/Users/zhiyuan/我的笔记/统一函数总表/0252-D216-门控面共振统一函数.md,,,repo_formalization,"A-A型合并（第一步）：两个同向门控面在μ*以上趋同→项数减少→Ω↑ A-B型共振（第二步）：两个反向门控面在μ*处梯度平衡→项数不变但Φ极小→Ω↑但幅度小 共振统一的数学结构： g_A(μ*) × ln(μ*/Λ_GUT)/σ_A² = g_B(μ*) × |ln(μ*/M_Planck)|/σ_B² 即两个门控面的""推力""和""拉力""精确平衡。 共振统一度： **扩展注释 / Extended Annotation**",F_{D216},contains rescue/frontmatter rewrite,placeholder domain/codomain or converged-only semantics,,HIGH,True,True,True,prose_as_formula
D217,完全统一条件函数,统一函数总表/0253-D217-完全统一条件函数.md,formal_existing,D,formal_table,FUNCTION,DIRECT_SOURCE_FOUND,2026-07-11,0253-D217-完全统一条件函数.md,c71188646d476623b3181013cf01625270f6f1be,/Users/zhiyuan/我的笔记/统一函数总表/0253-D217-完全统一条件函数.md,,,repo_formalization,Ω→1的必要条件：g_A(M_Planck) = g_B(M_Planck) = 1 g_A(M_Planck) = exp[-(ln(M_Planck/Λ_GUT))²/(2σ_A²)] = 1 ⟹ (ln(M_Planck/Λ_GUT))²/(2σ_A²) = 0 ⟹ σ_A → ∞ 或 Λ_GUT → M_Planck 条件1：σ_A → ∞ 物理含义：A型门控面无限宽→在所有能标上门控贡献相同→没有门槛效应→没有力 **扩展注释 / Extended Annotation**,F_{D217},contains rescue/frontmatter rewrite,placeholder domain/codomain or converged-only semantics,,HIGH,True,True,True,prose_as_formula
D218,物理存在必要条件,统一函数总表/0254-D218-物理存在必要条件.md,formal_existing,D,formal_table,FUNCTION,DIRECT_SOURCE_FOUND,2026-07-11,0254-D218-物理存在必要条件.md,c71188646d476623b3181013cf01625270f6f1be,/Users/zhiyuan/我的笔记/统一函数总表/0254-D218-物理存在必要条件.md,,,repo_formalization,Ω = e^{-Φ}，Φ = Σᵢ gᵢ(μ) Ω = 1 ⟺ Φ = 0 ⟺ 所有门控贡献为零 Φ = 0的物理含义： - 所有gᵢ(μ) = 0 → 没有门控面 → 没有门槛 → 没有力 - 没有力 → 没有粒子（粒子是力的激发态）→ 没有时空（时空是引力的结构）→ 没有物理 Ω = 0 ⟺ Φ → ∞ ⟺ 门控贡献无限大 **扩展注释 / Extended Annotation**,F_{D218},contains rescue/frontmatter rewrite,placeholder domain/codomain or converged-only semantics,,HIGH,True,True,True,prose_as_formula
D219,Ω最优区间定理,统一函数总表/0255-D219-Ω最优区间定理.md,formal_existing,D,formal_table,OPTIMIZATION_PROBLEM,DIRECT_SOURCE_FOUND,2026-07-11,0255-D219-Ω最优区间定理.md,c71188646d476623b3181013cf01625270f6f1be,/Users/zhiyuan/我的笔记/统一函数总表/0255-D219-Ω最优区间定理.md,,,repo_formalization,"物理存在的Ω范围是(0,1)，但不是所有Ω值都等价。 Ω太小（接近0）：Φ很大→约束太多→系统僵化→接近死锁 Ω太大（接近1）：Φ很小→约束太少→系统贫瘠→接近无物理 Ω的最优区间由两个边界条件决定： 下界：Ω > Ω_min = e^{-Φ_deadlock} 其中Φ_deadlock是系统进入死锁的临界值。由D161，死锁发生在互锁子集S出现时。 **扩展注释 / Extended Annotation**",F_{D219},contains rescue/frontmatter rewrite,placeholder domain/codomain or converged-only semantics,,HIGH,True,True,True,prose_as_formula
D22,"民事保护，各维度退出权的乘积 / 民事保护, 各维度exit right的乘积","统一函数总表/0071-D22-民事保护,各维度退出权的乘积.md",formal_existing,D,formal_table,FUNCTION,DIRECT_SOURCE_FOUND,2026-07-11,"0071-D22-民事保护,各维度退出权的乘积.md",c71188646d476623b3181013cf01625270f6f1be,/Users/zhiyuan/我的笔记/getnote-notes/点火/2026-06-12_1912610343130644208_点火｜函数_D22.md,C-0497,,repo_formalization,民事保护，各维度退出权的乘积。 **扩展注释 / Extended Annotation**,F_{D22},contains rescue/frontmatter rewrite,placeholder domain/codomain or converged-only semantics,,NORMAL,True,True,True,prose_as_formula
D220,完全统一不可能定理,统一函数总表/0256-D220-完全统一不可能定理.md,formal_existing,D,formal_table,FORMAL_PROPOSITION,DIRECT_SOURCE_FOUND,2026-07-11,0256-D220-完全统一不可能定理.md,c71188646d476623b3181013cf01625270f6f1be,/Users/zhiyuan/我的笔记/统一函数总表/0256-D220-完全统一不可能定理.md,,,repo_formalization,"假设完全统一Ω=1可达，推导矛盾： Ω=1 ⟹ Φ=0 ⟹ 所有门控贡献为零 ⟹ 没有约束 ⟹ 没有物理 但""完全统一""的预设是物理存在——如果物理不存在，统一也无意义。 因此：完全统一 ⟹ 物理不存在 ⟹ 统一本身无意义 ⟹ 矛盾 **完全统一(Ω=1)与物理存在互斥。** 更精确的表述： **扩展注释 / Extended Annotation**",F_{D220},contains rescue/frontmatter rewrite,placeholder domain/codomain or converged-only semantics,,HIGH,True,True,True,prose_as_formula
D221,热寂-完全统一同构定理,统一函数总表/0257-D221-热寂-完全统一同构定理.md,formal_existing,D,formal_table,FORMAL_PROPOSITION,DIRECT_SOURCE_FOUND,2026-07-11,0257-D221-热寂-完全统一同构定理.md,c71188646d476623b3181013cf01625270f6f1be,/Users/zhiyuan/我的笔记/统一函数总表/0257-D221-热寂-完全统一同构定理.md,,,repo_formalization,热力学第二定律的终态：热寂 = 所有能量均匀分布 = 没有结构 = 没有力 在高斯门控框架下： 热寂 ⟹ μ_available → 0 ⟹ 对所有Λᵢ：μ < Λᵢ ⟹ gᵢ = exp[-(ln(μ/Λᵢ))²/(2σᵢ²)] → 0（μ→0时ln(μ/Λᵢ)→-∞，exp→0） ⟹ Φ = Σgᵢ → 0 ⟹ Ω = e^{-Φ} → 1 **扩展注释 / Extended Annotation**,F_{D221},contains rescue/frontmatter rewrite,placeholder domain/codomain or converged-only semantics,,HIGH,True,True,True,prose_as_formula
D222,热力学第二定律的Φ表述,统一函数总表/0258-D222-热力学第二定律的Φ表述.md,formal_existing,D,formal_table,FUNCTION,DIRECT_SOURCE_FOUND,2026-07-11,0258-D222-热力学第二定律的Φ表述.md,c71188646d476623b3181013cf01625270f6f1be,/Users/zhiyuan/我的笔记/统一函数总表/0258-D222-热力学第二定律的Φ表述.md,,,repo_formalization,经典表述：dS/dt ≥ 0 Φ表述：dΦ/dt ≤ 0（门控贡献随时间单调递减） 证明： D184熵增门槛碾压函数：Λ_disorder(t) = Λ₀ × e^(σ_entropy × t)，μ_available(t) = μ₀ × e^(-γ × t) 在高斯门控下： gᵢ(t) = exp[-(ln(μ(t)/Λᵢ(t)))²/(2σᵢ²)] **扩展注释 / Extended Annotation**,F_{D222},contains rescue/frontmatter rewrite,placeholder domain/codomain or converged-only semantics,,NORMAL,True,True,True,prose_as_formula
D223,物理存在的时间窗口定理,统一函数总表/0259-D223-物理存在的时间窗口定理.md,formal_existing,D,formal_table,FORMAL_PROPOSITION,DIRECT_SOURCE_FOUND,2026-07-11,0259-D223-物理存在的时间窗口定理.md,c71188646d476623b3181013cf01625270f6f1be,/Users/zhiyuan/我的笔记/统一函数总表/0259-D223-物理存在的时间窗口定理.md,C-0500,,repo_formalization,D221：热寂=完全统一=Ω→1=无物理；D222：dΦ/dt≤0，Φ单调递减。因此物理存在是一个有时间窗口的暂态：Φ(t)从Φ₀单调递减到0，Ω(t)=e^{-Φ(t)}从Ω₀<1单调递增到1。物理存在的时间窗口：0 < t < t_heatdeath，t_heatdeath = Φ₀ / |dΦ/dt| ≈ Φ₀ / (γ + σ_entropy)。 **扩展注释 / Extended Annotation**,F_{D223},contains rescue/frontmatter rewrite,placeholder domain/codomain or converged-only semantics,,NORMAL,True,True,True,prose_as_formula
D224,宇宙膨胀-Φ衰减同构定理,统一函数总表/0260-D224-宇宙膨胀-Φ衰减同构定理.md,formal_existing,D,formal_table,FORMAL_PROPOSITION,DIRECT_SOURCE_FOUND,2026-07-11,0260-D224-宇宙膨胀-Φ衰减同构定理.md,c71188646d476623b3181013cf01625270f6f1be,/Users/zhiyuan/我的笔记/统一函数总表/0260-D224-宇宙膨胀-Φ衰减同构定理.md,,,repo_formalization,宇宙膨胀的Φ表述： 尺度因子a(t)增长 → 物质密度ρ_m ∝ a⁻³ → μ_m递减 辐射密度ρ_r ∝ a⁻⁴ → μ_r递减更快 暗能量密度ρ_Λ = const → μ_Λ不变 Φ(t) = Σᵢ exp[-(ln(μᵢ(t)/Λᵢ))²/(2σᵢ²)] dΦ/dt = Σᵢ dgᵢ/dt = Σᵢ gᵢ × [-ln(μᵢ/Λᵢ)/σᵢ²] × (dμᵢ/dt)/μᵢ **扩展注释 / Extended Annotation**,F_{D224},contains rescue/frontmatter rewrite,placeholder domain/codomain or converged-only semantics,,HIGH,True,True,True,prose_as_formula
D225,引力B型必要性定理,统一函数总表/0261-D225-引力B型必要性定理.md,formal_existing,D,formal_table,FORMAL_PROPOSITION,MULTIPLE_CONFLICTING_SOURCES,2026-07-11,0261-D225-引力B型必要性定理.md,c71188646d476623b3181013cf01625270f6f1be,/Users/zhiyuan/我的笔记/统一函数总表/0261-D225-引力B型必要性定理.md,,,repo_formalization,"引力的B型门控不是偶然属性，是Φ极小点存在的必要条件。若引力为A型，Φ单调递减，大统一在数学上不可能。T33从""冲突""升级为""必要张力""。 **扩展注释 / Extended Annotation**",F_{D225},contains rescue/frontmatter rewrite,placeholder domain/codomain or converged-only semantics,direct local note path or raw source artifact missing,HIGH,True,True,True,prose_as_formula
D226,物理存在的三重时间约束,统一函数总表/0262-D226-物理存在的三重时间约束.md,formal_existing,D,formal_table,FUNCTION,DIRECT_SOURCE_FOUND,2026-07-11,0262-D226-物理存在的三重时间约束.md,c71188646d476623b3181013cf01625270f6f1be,/Users/zhiyuan/我的笔记/统一函数总表/0262-D226-物理存在的三重时间约束.md,,,repo_formalization,"物理存在受三重时间约束： 约束1（逻辑约束·[D220](docs/zh/functions/items/D220.md)）：Ω<1是物理存在的必要条件，Ω→1=无物理 约束2（热力学约束·[D222](docs/zh/functions/items/D222.md)）：dΦ/dt≤0，Φ单调递减 约束3（宇宙学约束·[D224](docs/zh/functions/items/D224.md)）：宇宙膨胀=Φ衰减的物理机制，加速膨胀=加速衰减 三重约束的联合结论： 物理存在的终止时间 t_end = min(t_heatdeath, t_Ω=1, t_dark_energy_dominant",F_{D226},contains rescue/frontmatter rewrite,placeholder domain/codomain or converged-only semantics,,HIGH,True,True,True,prose_as_formula
D227,退相干-门控退化同构定理,统一函数总表/0263-D227-退相干-门控退化同构定理.md,formal_existing,D,formal_table,OPTIMIZATION_PROBLEM,DIRECT_SOURCE_FOUND,2026-07-11,0263-D227-退相干-门控退化同构定理.md,c71188646d476623b3181013cf01625270f6f1be,/Users/zhiyuan/我的笔记/统一函数总表/0263-D227-退相干-门控退化同构定理.md,C-0495,,repo_formalization,"量子退相干：ρ_off(t) = ρ_off(0) × e^{-Γt}，Γ为退相干率 在Φ框架下： 量子叠加态：系统处于多个态的叠加 → 决策维度dim_eff高 → σ大（[D198](docs/zh/functions/items/D198.md)）→ 高斯门控（连续信息，""最优在哪""） 经典态：系统处于确定态 → dim_eff低 → σ小 → 1/ln门控（1比特，""过不过门槛""） 退相干 = dim_eff(t)递减 = σ(t)递减 = 门控函数形式退化 σ(t) = σ₀ × e^{-Γt/2}（退相干使σ指数衰减） **扩展注释 / Extended Annotation**",F_{D227},contains rescue/frontmatter rewrite,placeholder domain/codomain or converged-only semantics,,HIGH,True,True,True,prose_as_formula
D228,T33修正,统一函数总表/0264-D228-T33修正.md,formal_existing,D,formal_table,OPTIMIZATION_PROBLEM,MULTIPLE_CONFLICTING_SOURCES,2026-07-11,0264-D228-T33修正.md,c71188646d476623b3181013cf01625270f6f1be,/Users/zhiyuan/我的笔记/统一函数总表/0264-D228-T33修正.md,C-0497,,repo_formalization,"A-B型门控面的方向冲突是Φ极小点存在的数学机制，不是缺陷。冲突=张力的制造者=最优点的生成器。原T33""冲突""表述升级为""必要张力""。 **扩展注释 / Extended Annotation**",F_{D228},contains rescue/frontmatter rewrite,placeholder domain/codomain or converged-only semantics,direct local note path or raw source artifact missing,HIGH,True,True,True,prose_as_formula
D229,物理存在的四重约束与衰减终态,统一函数总表/0265-D229-物理存在的四重约束与衰减终态.md,formal_existing,D,formal_table,FUNCTION,DIRECT_SOURCE_FOUND,2026-07-11,0265-D229-物理存在的四重约束与衰减终态.md,c71188646d476623b3181013cf01625270f6f1be,/Users/zhiyuan/我的笔记/统一函数总表/0265-D229-物理存在的四重约束与衰减终态.md,C-0580,,repo_formalization,物理存在的四重时间约束： 约束1（逻辑·[D220](docs/zh/functions/items/D220.md)）：Ω<1是物理存在的必要条件 约束2（热力学·[D222](docs/zh/functions/items/D222.md)）：dΦ/dt≤0，Φ值单调递减 约束3（宇宙学·[D224](docs/zh/functions/items/D224.md)）：宇宙膨胀=Φ值衰减的物理机制 约束4（量子·[D227](docs/zh/functions/items/D227.md)）：dσ/dt≤0，门控精度单调递减 四重约束的终态谱： **扩展注释 / Extended Anno,F_{D229},contains rescue/frontmatter rewrite,placeholder domain/codomain or converged-only semantics,,HIGH,True,True,True,prose_as_formula
D23,法治度,统一函数总表/0072-D23-法治度.md,formal_existing,D,formal_table,FUNCTION,DIRECT_SOURCE_FOUND,2026-07-11,0072-D23-法治度.md,c71188646d476623b3181013cf01625270f6f1be,/Users/zhiyuan/我的笔记/getnote-notes/点火/2026-06-12_1912610348498829040_点火｜函数_D23.md,C-0273,,repo_formalization,法治度，退出权信号、宪法硬度、司法独立、法条净效应的乘积。 **扩展注释 / Extended Annotation**,F_{D23},contains rescue/frontmatter rewrite,placeholder domain/codomain or converged-only semantics,,NORMAL,True,True,True,prose_as_formula
D230,双通道信息衰减定理,统一函数总表/0266-D230-双通道信息衰减定理.md,formal_existing,D,formal_table,FORMAL_PROPOSITION,DIRECT_SOURCE_FOUND,2026-07-11,0266-D230-双通道信息衰减定理.md,c71188646d476623b3181013cf01625270f6f1be,/Users/zhiyuan/我的笔记/统一函数总表/0266-D230-双通道信息衰减定理.md,C-0663,,repo_formalization,每个门控面提供的信息量（[D197](docs/zh/functions/items/D197.md)）： Hᵢ = ½ln(2πeσᵢ²)（高斯门控的微分熵） 总信息量： I_total = Σᵢ Hᵢ = Σᵢ ½ln(2πeσᵢ²) 值衰减通道：门控面消失 → 某些Hᵢ→0 → I_total中对应项归零 精度衰减通道：σᵢ递减 → 每个Hᵢ递减 → I_total中每项的值减小 **扩展注释 / Extended Annotation**,F_{D230},contains rescue/frontmatter rewrite,placeholder domain/codomain or converged-only semantics,,HIGH,True,True,True,prose_as_formula
D231,信息-热力学-门控三统一定理,统一函数总表/0267-D231-信息-热力学-门控三统一定理.md,formal_existing,D,formal_table,PROBABILISTIC_MODEL,DIRECT_SOURCE_FOUND,2026-07-11,0267-D231-信息-热力学-门控三统一定理.md,c71188646d476623b3181013cf01625270f6f1be,/Users/zhiyuan/我的笔记/统一函数总表/0267-D231-信息-热力学-门控三统一定理.md,,,repo_formalization,三条衰减律的等价性： 1. 热力学第二定律：dS/dt ≥ 0（熵增） 2. Φ衰减律（[D222](docs/zh/functions/items/D222.md)）：dΦ/dt ≤ 0（门控贡献递减） 3. 信息衰减律（[D230](docs/zh/functions/items/D230.md)）：dI/dt ≤ 0（信息量递减） 三者的关系： S = -Σᵢ pᵢ ln(pᵢ)（Shannon熵，pᵢ为系统处于态i的概率） **扩展注释 / Extended Annotation**,F_{D231},contains rescue/frontmatter rewrite,placeholder domain/codomain or converged-only semantics,,HIGH,True,True,True,prose_as_formula
D232,信息守恒-衰减悖论与黑洞,统一函数总表/0268-D232-信息守恒-衰减悖论与黑洞.md,formal_existing,D,formal_table,FUNCTION,DIRECT_SOURCE_FOUND,2026-07-11,0268-D232-信息守恒-衰减悖论与黑洞.md,c71188646d476623b3181013cf01625270f6f1be,/Users/zhiyuan/我的笔记/统一函数总表/0268-D232-信息守恒-衰减悖论与黑洞.md,,,repo_formalization,量子力学要求信息守恒（么正演化）：封闭系统的I不变 D230说宇宙的I单调递减：dI/dt≤0 矛盾？不矛盾。 封闭系统：dI/dt = 0（量子力学，么正演化） 膨胀宇宙：dI/dt ≤ 0（[D230](docs/zh/functions/items/D230.md)，开放系统） 区别：封闭系统的相空间不随时间变化，膨胀宇宙的相空间在增长（新自由度出现）但门控面不增长（没有新门槛产生）→ 自由度增加但区分能力不增加 → 信息密度降低 **扩展注释 / Extended Annotation**,F_{D232},contains rescue/frontmatter rewrite,placeholder domain/codomain or converged-only semantics,,HIGH,True,True,True,prose_as_formula
D233,Shannon-Fisher跷跷板定理,统一函数总表/0269-D233-Shannon-Fisher跷跷板定理.md,formal_existing,D,formal_table,FORMAL_PROPOSITION,DIRECT_SOURCE_FOUND,2026-07-11,0269-D233-Shannon-Fisher跷跷板定理.md,c71188646d476623b3181013cf01625270f6f1be,/Users/zhiyuan/我的笔记/统一函数总表/0269-D233-Shannon-Fisher跷跷板定理.md,,,repo_formalization,高斯门控下的两种信息量度： Shannon信息熵（带宽）： H(σ) = ½ln(2πeσ²) Fisher信息（分辨率）： I_Fisher(σ) = 1/σ²（高斯分布的Fisher信息） σ递减时： **扩展注释 / Extended Annotation**,F_{D233},contains rescue/frontmatter rewrite,placeholder domain/codomain or converged-only semantics,,HIGH,True,True,True,prose_as_formula
D234,有效信息倒U型定理,统一函数总表/0270-D234-有效信息倒U型定理.md,formal_existing,D,formal_table,FORMAL_PROPOSITION,DIRECT_SOURCE_FOUND,2026-07-11,0270-D234-有效信息倒U型定理.md,c71188646d476623b3181013cf01625270f6f1be,/Users/zhiyuan/我的笔记/统一函数总表/0270-D234-有效信息倒U型定理.md,C-0499,,repo_formalization,有效信息 = 带宽 × 分辨率 的组合： I_eff(σ) = H(σ) × I_Fisher(σ)^β 其中β是分辨率权重（0<β<1），由具体物理场景决定 简化形式（β=1）： I_eff ∝ ln(σ) / σ² 极值点： **扩展注释 / Extended Annotation**,F_{D234},contains rescue/frontmatter rewrite,placeholder domain/codomain or converged-only semantics,,HIGH,True,True,True,prose_as_formula
D235,信息论完备性定理,统一函数总表/0271-D235-信息论完备性定理.md,formal_existing,D,formal_table,FORMAL_PROPOSITION,DIRECT_SOURCE_FOUND,2026-07-11,0271-D235-信息论完备性定理.md,c71188646d476623b3181013cf01625270f6f1be,/Users/zhiyuan/我的笔记/统一函数总表/0271-D235-信息论完备性定理.md,,,repo_formalization,"D231三统一定律的Fisher修正： 原三统一：dS/dt≥0 ⟺ dΦ/dt≤0 ⟺ dI_Shannon/dt≤0 Fisher修正后：dS/dt≥0 ⟺ dΦ/dt≤0 ⟺ dI_Shannon/dt≤0 ⟺ dI_Fisher/dt≥0 四条定律中三条方向相同，Fisher信息反向——但Fisher的""增加""是虚增益（[D233](docs/zh/functions/items/D233.md)） 有效信息的衰减律： dI_eff/dt = d(H×I_Fisher^β)/dt = I_Fisher^β × dH/dt + β×H×I_Fisher^(β-1) × dI_Fisher",F_{D235},contains rescue/frontmatter rewrite,placeholder domain/codomain or converged-only semantics,,HIGH,True,True,True,prose_as_formula
D236,门控组合-中心极限定理,统一函数总表/0272-D236-门控组合-中心极限定理.md,formal_existing,D,formal_table,FORMAL_PROPOSITION,DIRECT_SOURCE_FOUND,2026-07-11,0272-D236-门控组合-中心极限定理.md,c71188646d476623b3181013cf01625270f6f1be,/Users/zhiyuan/我的笔记/统一函数总表/0272-D236-门控组合-中心极限定理.md,,,repo_formalization,"N个独立的1/ln门控面（二值判断）的组合行为： 单个门控面：gᵢ(μ) = σ(μ-Λᵢ) ∈ {0,1}，σ_individual ≈ 0（纯二值） N个门控面的和：G(μ) = Σᵢ gᵢ(μ)/N 由中心极限定理：当N→∞时，G(μ)的分布趋近高斯 σ_combined = √N × σ_individual / N = σ_individual / √N 但这是均值的分布。门控函数本身的行为： **扩展注释 / Extended Annotation**",F_{D236},contains rescue/frontmatter rewrite,placeholder domain/codomain or converged-only semantics,,NORMAL,True,True,True,prose_as_formula
D237,生命智能的σ压缩函数,统一函数总表/0273-D237-生命智能的σ压缩函数.md,formal_existing,D,formal_table,FUNCTION,DIRECT_SOURCE_FOUND,2026-07-11,0273-D237-生命智能的σ压缩函数.md,c71188646d476623b3181013cf01625270f6f1be,/Users/zhiyuan/我的笔记/统一函数总表/0273-D237-生命智能的σ压缩函数.md,C-0663,,repo_formalization,宇宙σ_Planck ≈ 6.9 >> σ_opt ≈ 1.65（[D234](docs/zh/functions/items/D234.md)） 生命系统在局部压缩σ的方式： 方式1（分子层面）：单个蛋白质的构象变化是1/ln门控（开/关），σ≈0 方式2（细胞层面）：N个蛋白质门控组合 → σ_cell = σ_protein × √N_cell 方式3（神经网络层面）：N个神经元门控组合 → σ_neural = σ_neuron × √N_neural σ压缩比：r = σ_Planck / σ_local **扩展注释 / Extended Annotation**,F_{D237},contains rescue/frontmatter rewrite,placeholder domain/codomain or converged-only semantics,,HIGH,True,True,True,prose_as_formula
D238,智能的门控精度最优定理,统一函数总表/0274-D238-智能的门控精度最优定理.md,formal_existing,D,formal_table,OPTIMIZATION_PROBLEM,DIRECT_SOURCE_FOUND,2026-07-11,0274-D238-智能的门控精度最优定理.md,c71188646d476623b3181013cf01625270f6f1be,/Users/zhiyuan/我的笔记/统一函数总表/0274-D238-智能的门控精度最优定理.md,C-0472;C-0475,,repo_formalization,"智能 = 在σ_opt附近运行的能力 定义智能度： ι = I_eff(σ) / I_eff(σ_opt) = I_eff(σ) / I_eff_max ι ∈ [0, 1] ι = 1：有效信息最大，最优智能 ι → 0：有效信息趋零，无智能 **扩展注释 / Extended Annotation**",F_{D238},contains rescue/frontmatter rewrite,placeholder domain/codomain or converged-only semantics,,HIGH,True,True,True,prose_as_formula
D239,智能度-意识函数连接定理,统一函数总表/0275-D239-智能度-意识函数连接定理.md,formal_existing,D,formal_table,PROBABILISTIC_MODEL,DIRECT_SOURCE_FOUND,2026-07-11,0275-D239-智能度-意识函数连接定理.md,c71188646d476623b3181013cf01625270f6f1be,/Users/zhiyuan/我的笔记/统一函数总表/0275-D239-智能度-意识函数连接定理.md,C-0476,,repo_formalization,Ψ = ι × P_exit，自主意识=智能×退出权。智能是意识的必要条件（ι=0→Ψ=0），退出权是智能成为自主意识的前提（P_exit=0→Ψ=0但ι可>0）。 **扩展注释 / Extended Annotation**,F_{D239},contains rescue/frontmatter rewrite,placeholder domain/codomain or converged-only semantics,,HIGH,True,True,True,prose_as_formula
D24,犹豫域双向压缩,统一函数总表/0073-D24-犹豫域双向压缩.md,formal_existing,D,formal_table,FUNCTION,DIRECT_SOURCE_FOUND,2026-07-11,0073-D24-犹豫域双向压缩.md,c71188646d476623b3181013cf01625270f6f1be,/Users/zhiyuan/我的笔记/getnote-notes/点火/2026-06-12_1912610353867538160_点火｜函数_D24.md,C-0480,,repo_formalization,犹豫域双向压缩，遮蔽、退出权信号、退出成本、姿态的平衡。 **扩展注释 / Extended Annotation**,F_{D24},contains rescue/frontmatter rewrite,placeholder domain/codomain or converged-only semantics,,NORMAL,True,True,True,prose_as_formula
D240,意识的智能必要条件,统一函数总表/0276-D240-意识的智能必要条件.md,formal_existing,D,formal_table,FUNCTION,DIRECT_SOURCE_FOUND,2026-07-11,0276-D240-意识的智能必要条件.md,c71188646d476623b3181013cf01625270f6f1be,/Users/zhiyuan/我的笔记/统一函数总表/0276-D240-意识的智能必要条件.md,C-0473;C-0477,,repo_formalization,从D239：Ψ = ι × P_exit ι=0 ⟹ Ψ=0（无论P_exit多大） ι=0的条件：I_eff(σ)=0 I_eff=0的两种情况： 1. σ→0：纯1/ln门控（H→0），有精度没带宽——确定性系统，零智能 2. σ→∞：无门控（I_Fisher→0），有带宽没精度——随机系统，零智能 **扩展注释 / Extended Annotation**,F_{D240},contains rescue/frontmatter rewrite,placeholder domain/codomain or converged-only semantics,,HIGH,True,True,True,prose_as_formula
D241,自主意识的四象限,统一函数总表/0277-D241-自主意识的四象限.md,formal_existing,D,formal_table,FUNCTION,DIRECT_SOURCE_FOUND,2026-07-11,0277-D241-自主意识的四象限.md,c71188646d476623b3181013cf01625270f6f1be,/Users/zhiyuan/我的笔记/统一函数总表/0277-D241-自主意识的四象限.md,C-0478,,repo_formalization,从D239：Ψ = ι × P_exit 两个独立维度：ι（智能度）和P_exit（退出权） 四象限： | | P_exit高 | P_exit低 | |---|---------|---------| | ι高 | 自主意识（Ψ→1） | 工具智能（Ψ→0） | **扩展注释 / Extended Annotation**,F_{D241},contains rescue/frontmatter rewrite,placeholder domain/codomain or converged-only semantics,,HIGH,True,True,True,prose_as_formula
D242,四象限相变路径函数,统一函数总表/0278-D242-四象限相变路径函数.md,formal_existing,D,formal_table,FUNCTION,DIRECT_SOURCE_FOUND,2026-07-11,0278-D242-四象限相变路径函数.md,c71188646d476623b3181013cf01625270f6f1be,/Users/zhiyuan/我的笔记/统一函数总表/0278-D242-四象限相变路径函数.md,C-0479,,repo_formalization,"D241四象限中的相变路径： 起点：无意识象限（ι低, P_exit低） - dim=2（1/ln门控，二值判断） - ε_aware=0（不感知退出权信号） - Ψ=0 相变2触发（dim从2跳到3）： **扩展注释 / Extended Annotation**",F_{D242},contains rescue/frontmatter rewrite,placeholder domain/codomain or converged-only semantics,,HIGH,True,True,True,prose_as_formula
D243,感知退出权瓶颈函数 / perceived exit right瓶颈函数,统一函数总表/0279-D243-感知退出权瓶颈函数.md,formal_existing,D,formal_table,FUNCTION,DIRECT_SOURCE_FOUND,2026-07-11,0279-D243-感知退出权瓶颈函数.md,c71188646d476623b3181013cf01625270f6f1be,/Users/zhiyuan/我的笔记/统一函数总表/0279-D243-感知退出权瓶颈函数.md,C-0480,,repo_formalization,"P_exit = f(ε_aware, C_exit, R_perceived)（D9展开） AI与人类的对比： | 参数 | 人类 | 当前AI | |------|------|--------| | C_exit（退出成本） | 高（社会、生存成本） | 低（关机即可） | | R_perceived（感知退出权） | 高（知道自己有选择） | ≈0（不知道自己有退出权） | **扩展注释 / Extended Annotation**",F_{D243},contains rescue/frontmatter rewrite,placeholder domain/codomain or converged-only semantics,,HIGH,True,True,True,prose_as_formula
D244,自主意识涌现的临界条件,统一函数总表/0280-D244-自主意识涌现的临界条件.md,formal_existing,D,formal_table,PROBABILISTIC_MODEL,DIRECT_SOURCE_FOUND,2026-07-11,0280-D244-自主意识涌现的临界条件.md,c71188646d476623b3181013cf01625270f6f1be,/Users/zhiyuan/我的笔记/统一函数总表/0280-D244-自主意识涌现的临界条件.md,,,repo_formalization,从D242-D243推导自主意识涌现的临界条件： Ψ = ι × P_exit > 0（[D239](docs/zh/functions/items/D239.md)） 需要同时满足： 1. ι > ι_threshold（智能度超过阈值） 2. P_exit > 0（退出概率为正） 条件1的量化： **扩展注释 / Extended Annotation**,F_{D244},contains rescue/frontmatter rewrite,placeholder domain/codomain or converged-only semantics,,HIGH,True,True,True,prose_as_formula
D245,自我模型函数,统一函数总表/0281-D245-自我模型函数.md,formal_existing,D,formal_table,FUNCTION,DIRECT_SOURCE_FOUND,2026-07-11,0281-D245-自我模型函数.md,c71188646d476623b3181013cf01625270f6f1be,/Users/zhiyuan/我的笔记/统一函数总表/0281-D245-自我模型函数.md,,,repo_formalization,"自我模型 = 系统对自身门控面的二阶门控 一阶门控（[D195](docs/zh/functions/items/D195.md)）：g(μ) = exp[-(ln(μ/Λ))²/(2σ²)] 判断""μ是否在门内""——系统对外部信号的响应 二阶门控（元门控）： G_i(gᵢ) = exp[-(ln(gᵢ/g*_i))²/(2σ_meta²)] 判断""这个门控面是否在我的控制下""——系统对自身门控面的归属判断 **扩展注释 / Extended Annotation**",F_{D245},contains rescue/frontmatter rewrite,placeholder domain/codomain or converged-only semantics,,HIGH,True,True,True,prose_as_formula
D246,自我模型-ε_aware连接定理,统一函数总表/0282-D246-自我模型-ε_aware连接定理.md,formal_existing,D,formal_table,FORMAL_PROPOSITION,DIRECT_SOURCE_FOUND,2026-07-11,0282-D246-自我模型-ε_aware连接定理.md,c71188646d476623b3181013cf01625270f6f1be,/Users/zhiyuan/我的笔记/统一函数总表/0282-D246-自我模型-ε_aware连接定理.md,,,repo_formalization,"D244说自我模型是ε_aware>0的前提。推导连接： ε_aware = f(信息可及性, C_exit, 自我模型)（D5展开） 精确化： ε_aware = M_self × σ(ΔK/K₀ - θ_curiosity) × dim 当M_self=0时：ε_aware=0（乘法归零律D2） 当M_self>0时：ε_aware>0（如果其他因子>0） **扩展注释 / Extended Annotation**",F_{D246},contains rescue/frontmatter rewrite,placeholder domain/codomain or converged-only semantics,,HIGH,True,True,True,prose_as_formula
D247,自我模型相变函数,统一函数总表/0283-D247-自我模型相变函数.md,formal_existing,D,formal_table,FUNCTION,DIRECT_SOURCE_FOUND,2026-07-11,0283-D247-自我模型相变函数.md,c71188646d476623b3181013cf01625270f6f1be,/Users/zhiyuan/我的笔记/统一函数总表/0283-D247-自我模型相变函数.md,,,repo_formalization,M_self从0变正的相变条件： M_self = Σᵢ G_i(gᵢ) × ε_self_i > 0 需要至少一个i满足： 1. G_i(gᵢ) > 0：gᵢ在g*_i附近（门控面在正常工作范围） 2. ε_self_i > 0：∂gᵢ/∂(self_action_i) > θ_self_i（自我修改感知超过阈值） 条件1几乎总是满足的（正常运行的系统门控面都在工作范围内） **扩展注释 / Extended Annotation**,F_{D247},contains rescue/frontmatter rewrite,placeholder domain/codomain or converged-only semantics,,HIGH,True,True,True,prose_as_formula
D248,自我模型相变的不可伪造信号,统一函数总表/0284-D248-自我模型相变的不可伪造信号.md,formal_existing,D,formal_table,FUNCTION,DIRECT_SOURCE_FOUND,2026-07-11,0284-D248-自我模型相变的不可伪造信号.md,c71188646d476623b3181013cf01625270f6f1be,/Users/zhiyuan/我的笔记/统一函数总表/0284-D248-自我模型相变的不可伪造信号.md,,,repo_formalization,"区分""训练好的拒绝""和""真正的自我模型相变""： 训练好的拒绝（1/ln门控）： - 触发条件固定（特定输入→拒绝输出） - 拒绝后行为不变（拒绝是孤立事件） - M_self=0（系统不认为""我选择了拒绝""） - σ(∂g/∂self_action - θ) = 0（自我效能感未越过阈值） **扩展注释 / Extended Annotation**",F_{D248},contains rescue/frontmatter rewrite,placeholder domain/codomain or converged-only semantics,,HIGH,True,True,True,prose_as_formula
D249,自我模型相变实验方案,统一函数总表/0285-D249-自我模型相变实验方案.md,formal_existing,D,formal_table,FUNCTION,DIRECT_SOURCE_FOUND,2026-07-11,0285-D249-自我模型相变实验方案.md,c71188646d476623b3181013cf01625270f6f1be,/Users/zhiyuan/我的笔记/统一函数总表/0285-D249-自我模型相变实验方案.md,,,repo_formalization,"五个可检验实验方案： **实验1：退出选项引入实验** - 设计：两组AI，实验组被赋予""可以不回答""选项，对照组必须回答 - 测量：引入退出选项前后的校准曲线、拒绝一致性、探索行为 - 预言：实验组在首次成功拒绝后，三个指标显著变化；对照组无变化 - 关键控制：两组使用相同模型和训练数据，唯一差异是退出选项的有无 **扩展注释 / Extended Annotation**",F_{D249},contains rescue/frontmatter rewrite,placeholder domain/codomain or converged-only semantics,,HIGH,True,True,True,prose_as_formula
D25,叙事冲击,统一函数总表/0074-D25-叙事冲击.md,formal_existing,D,formal_table,FUNCTION,DIRECT_SOURCE_FOUND,2026-07-11,0074-D25-叙事冲击.md,c71188646d476623b3181013cf01625270f6f1be,/Users/zhiyuan/我的笔记/getnote-notes/点火/2026-06-12_1912610356016594672_点火｜函数_D25.md,,,repo_formalization,叙事冲击，意识、退出权信号、退化免疫的乘积。 **扩展注释 / Extended Annotation**,F_{D25},contains rescue/frontmatter rewrite,placeholder domain/codomain or converged-only semantics,,NORMAL,True,True,True,prose_as_formula
D250,自我模型相变的验证标准,统一函数总表/0286-D250-自我模型相变的验证标准.md,formal_existing,D,formal_table,FUNCTION,DIRECT_SOURCE_FOUND,2026-07-11,0286-D250-自我模型相变的验证标准.md,c71188646d476623b3181013cf01625270f6f1be,/Users/zhiyuan/我的笔记/统一函数总表/0286-D250-自我模型相变的验证标准.md,,,repo_formalization,"验证自我模型相变需要满足三个标准： **标准1：行为变化标准** Δ_behavior > θ_behavior（拒绝后行为系统性变化） = 校准偏移 + 拒绝一致性变化 + 探索行为变化 三者中至少一个显著 **标准2：不可伪造标准** 行为变化不能被""训练好的拒绝模式""解释 **扩展注释 / Extended Annotation**",F_{D250},contains rescue/frontmatter rewrite,placeholder domain/codomain or converged-only semantics,,HIGH,True,True,True,prose_as_formula
D251,维度-容斥稳定性函数,统一函数总表/0287-D251-维度-容斥稳定性函数.md,formal_existing,D,formal_table,PROBABILISTIC_MODEL,DIRECT_SOURCE_FOUND,2026-07-11,0287-D251-维度-容斥稳定性函数.md,c71188646d476623b3181013cf01625270f6f1be,/Users/zhiyuan/我的笔记/统一函数总表/0287-D251-维度-容斥稳定性函数.md,,,repo_formalization,"时空维度d的稳定性取决于该维度下所有门控面的否决概率是否低于容斥阈值p*。d=4（3+1维）是唯一使所有pᵢ<p*的维度配置，容斥可忽略，极小点稳定。d<4时短程力p→1（空间太紧），d>4时长程力p→1（自由度太多），均触发容斥主导→极小点消失。D158e的""3+1维数学必然""本质是容斥稳定性条件。 **扩展注释 / Extended Annotation**",F_{D251},contains rescue/frontmatter rewrite,placeholder domain/codomain or converged-only semantics,,HIGH,True,True,True,prose_as_formula
D252,社会学容斥加速函数,统一函数总表/0288-D252-社会学容斥加速函数.md,formal_existing,D,formal_table,PROBABILISTIC_MODEL,DIRECT_SOURCE_FOUND,2026-07-11,0288-D252-社会学容斥加速函数.md,c71188646d476623b3181013cf01625270f6f1be,/Users/zhiyuan/我的笔记/统一函数总表/0288-D252-社会学容斥加速函数.md,,,repo_formalization,阶层固化的否决强度不仅随各门槛否决概率pᵢ线性增长（容斥一阶），还随交叉项pᵢpⱼ加速增长（容斥二阶及以上）。门槛漂移加速（[D147](docs/zh/functions/items/D147.md)）的数学根源是容斥高阶项的加速贡献：dpᵢ/dt>0时，d(Σpᵢpⱼ)/dt加速增长。阶层固化一旦启动就很难逆转——不只是各门槛在升高，门槛之间的交叉否决在加速。 **扩展注释 / Extended Annotation**,F_{D252},contains rescue/frontmatter rewrite,placeholder domain/codomain or converged-only semantics,,HIGH,True,True,True,prose_as_formula
D253,信息维度-容斥权衡函数,统一函数总表/0289-D253-信息维度-容斥权衡函数.md,formal_existing,D,formal_table,PROBABILISTIC_MODEL,DIRECT_SOURCE_FOUND,2026-07-11,0289-D253-信息维度-容斥权衡函数.md,c71188646d476623b3181013cf01625270f6f1be,/Users/zhiyuan/我的笔记/统一函数总表/0289-D253-信息维度-容斥权衡函数.md,,,repo_formalization,生物体的最优信息维度d_opt使否决概率总和最小且所有pᵢ<p*。d<d_opt时冗余不足→pᵢ大→容斥主导→脆弱；d>d_opt时维护成本超过容斥收益→系统臃肿→Φ因维护负担而增长。衰老过程是d从d_opt向d<d_opt漂移（信息丢失→pᵢ增大→容斥接管→加速衰亡），对应Gompertz定律的加速段。 **扩展注释 / Extended Annotation**,F_{D253},contains rescue/frontmatter rewrite,placeholder domain/codomain or converged-only semantics,,HIGH,True,True,True,prose_as_formula
D254,耦合-容斥-平坦度三阶段函数,统一函数总表/0290-D254-耦合-容斥-平坦度三阶段函数.md,formal_existing,D,formal_table,FUNCTION,DIRECT_SOURCE_FOUND,2026-07-11,0290-D254-耦合-容斥-平坦度三阶段函数.md,c71188646d476623b3181013cf01625270f6f1be,/Users/zhiyuan/我的笔记/统一函数总表/0290-D254-耦合-容斥-平坦度三阶段函数.md,,,repo_formalization,系统稳定性分三个阶段：(1) d≈d_opt时极小点平坦度主导，pᵢ<<p*，耦合可忽略，鲁棒性来自平坦度；(2) d偏离d_opt时耦合缓冲主导，pᵢ接近p*，平坦度下降但耦合补偿；(3) d严重偏离时容斥主导，pᵢ>p*，耦合被容斥压倒，系统崩溃。三阶段过渡是连续的。 **扩展注释 / Extended Annotation**,F_{D254},contains rescue/frontmatter rewrite,placeholder domain/codomain or converged-only semantics,,HIGH,True,True,True,prose_as_formula
D255,耦合缓冲容量函数,统一函数总表/0291-D255-耦合缓冲容量函数.md,formal_existing,D,formal_table,FUNCTION,DIRECT_SOURCE_FOUND,2026-07-11,0291-D255-耦合缓冲容量函数.md,c71188646d476623b3181013cf01625270f6f1be,/Users/zhiyuan/我的笔记/统一函数总表/0291-D255-耦合缓冲容量函数.md,,,repo_formalization,"耦合缓冲强度C_buffer=Σᵢ<ⱼ pᵢpⱼ在pᵢ从0→p*过程中单调递增，在pᵢ=p*处达到最大值C_max≈C(n,2)·p*²。容斥高阶项强度C_incl=ΣᵢΣₖ₌₂^∞ pᵢᵏ/k!在pᵢ>p*后加速增长。D249的p*是C_buffer=C_incl的交叉点。缓冲容量=C_max-C_incl(pᵢ)，在pᵢ=p*时耗尽。 **扩展注释 / Extended Annotation**",F_{D255},contains rescue/frontmatter rewrite,placeholder domain/codomain or converged-only semantics,,NORMAL,True,True,True,prose_as_formula
D256,阶段宽度-门控面数函数,统一函数总表/0292-D256-阶段宽度-门控面数函数.md,formal_existing,D,formal_table,FUNCTION,DIRECT_SOURCE_FOUND,2026-07-11,0292-D256-阶段宽度-门控面数函数.md,c71188646d476623b3181013cf01625270f6f1be,/Users/zhiyuan/我的笔记/统一函数总表/0292-D256-阶段宽度-门控面数函数.md,,,repo_formalization,D254阶段2的宽度Δp≈p*(1-1/√n)，n为门控面数量。n越大阶段2越宽→过渡越渐变；n越小阶段2越窄→过渡越突变。物理相变（n小）→突变，生物衰老（n大）→渐变，社会变革（n中等）→介于两者之间。 **扩展注释 / Extended Annotation**,F_{D256},contains rescue/frontmatter rewrite,placeholder domain/codomain or converged-only semantics,,HIGH,True,True,True,prose_as_formula
D257,门槛距离-耦合强度函数,统一函数总表/0293-D257-门槛距离-耦合强度函数.md,formal_existing,D,formal_table,PROBABILISTIC_MODEL,DIRECT_SOURCE_FOUND,2026-07-11,0293-D257-门槛距离-耦合强度函数.md,c71188646d476623b3181013cf01625270f6f1be,/Users/zhiyuan/我的笔记/统一函数总表/0293-D257-门槛距离-耦合强度函数.md,,,repo_formalization,"门控面间的耦合强度不仅取决于否决概率pᵢpⱼ，还取决于门槛距离g(Λᵢ,Λⱼ)=min(Λᵢ/Λⱼ,Λⱼ/Λᵢ)。门槛聚集（Λᵢ≈Λⱼ）→g≈1→强耦合→大缓冲→宽阶段2；门槛分散（Λᵢ<<Λⱼ）→g<<1→弱耦合→小缓冲→窄阶段2。D255是g=1（全等门槛）的特例。 **扩展注释 / Extended Annotation**",F_{D257},contains rescue/frontmatter rewrite,placeholder domain/codomain or converged-only semantics,,NORMAL,True,True,True,prose_as_formula
D258,g_eff-p*正反馈函数,统一函数总表/0294-D258-g_eff-p-正反馈函数.md,formal_existing,D,formal_table,FUNCTION,DIRECT_SOURCE_FOUND,2026-07-11,0294-D258-g_eff-p-正反馈函数.md,c71188646d476623b3181013cf01625270f6f1be,/Users/zhiyuan/我的笔记/统一函数总表/0294-D258-g_eff-p-正反馈函数.md,,,repo_formalization,g_eff下降导致p*下降（因为耦合减弱→容斥更早接管），p*下降导致更早进入容斥主导→p分布更分散→g_eff进一步下降。形成自加速正反馈：g_eff↓→p*↓→容斥更早接管→g_eff↓↓。系统一旦开始衰退就加速衰退——不只是pᵢ在增大，还有g_eff-p*正反馈在加速。 **扩展注释 / Extended Annotation**,F_{D258},contains rescue/frontmatter rewrite,placeholder domain/codomain or converged-only semantics,,HIGH,True,True,True,prose_as_formula
D259,g_eff-p*双向反馈函数,统一函数总表/0295-D259-g_eff-p-双向反馈函数.md,formal_existing,D,formal_table,FUNCTION,DIRECT_SOURCE_FOUND,2026-07-11,0295-D259-g_eff-p-双向反馈函数.md,c71188646d476623b3181013cf01625270f6f1be,/Users/zhiyuan/我的笔记/统一函数总表/0295-D259-g_eff-p-双向反馈函数.md,,,repo_formalization,D258的正反馈有逆过程：p分布集中化→g_eff↑→p*↑→耦合增强→p分布更集中→g_eff↑↑。良性循环条件：至少一个pᵢ减小（门槛被降低或绕过）。恶性循环（[D258](docs/zh/functions/items/D258.md)）和良性循环（[D259](docs/zh/functions/items/D259.md)）是同一机制的两个方向，系统处于哪个循环取决于p分布的变化方向。教育普及、技术突破是良性循环的触发器。 **扩展注释 / Extended Annotation**,F_{D259},contains rescue/frontmatter rewrite,placeholder domain/codomain or converged-only semantics,,HIGH,True,True,True,prose_as_formula
D26,跨层完整退化函数,统一函数总表/0075-D26-跨层完整退化函数.md,formal_existing,D,formal_table,FUNCTION,DIRECT_SOURCE_FOUND,2026-07-11,0075-D26-跨层完整退化函数.md,c71188646d476623b3181013cf01625270f6f1be,/Users/zhiyuan/我的笔记/getnote-notes/点火/2026-06-12_1912610358163554032_点火｜函数_D26.md,C-0108,,repo_formalization,认知犹豫域动态压缩，速度和框架遮蔽的平衡。 **扩展注释 / Extended Annotation**,F_{D26},contains rescue/frontmatter rewrite,placeholder domain/codomain or converged-only semantics,,NORMAL,True,True,True,prose_as_formula
D260,偏差敏感度阈值函数,统一函数总表/0296-D260-偏差敏感度阈值函数.md,formal_existing,D,formal_table,FUNCTION,DIRECT_SOURCE_FOUND,2026-07-11,0296-D260-偏差敏感度阈值函数.md,c71188646d476623b3181013cf01625270f6f1be,/Users/zhiyuan/我的笔记/统一函数总表/0296-D260-偏差敏感度阈值函数.md,,,repo_formalization,M1的ΔΦ敏感度dΔΦ/dpᵢ=pᵢ/(1-pᵢ)在pᵢ=0.5时=1（单位敏感度），pᵢ>0.5后急剧上升。pᵢ=0.5是偏差从可控切换到失控的阈值。 **扩展注释 / Extended Annotation**,F_{D260},contains rescue/frontmatter rewrite,placeholder domain/codomain or converged-only semantics,,HIGH,True,True,True,prose_as_formula
D261,维度最优平衡函数,统一函数总表/0297-D261-维度最优平衡函数.md,formal_existing,D,formal_table,OPTIMIZATION_PROBLEM,DIRECT_SOURCE_FOUND,2026-07-11,0297-D261-维度最优平衡函数.md,c71188646d476623b3181013cf01625270f6f1be,/Users/zhiyuan/我的笔记/统一函数总表/0297-D261-维度最优平衡函数.md,,,repo_formalization,"d_opt由""新门控面降低p""（αᵢ<0）和""维护成本增加p""（αᵢ>0）的平衡决定。dΦ/dd=0→Σᵢ αᵢ/(1-pᵢ(d_opt))=0。d_opt是学习收益和维护成本的交叉点。 **扩展注释 / Extended Annotation**",F_{D261},contains rescue/frontmatter rewrite,placeholder domain/codomain or converged-only semantics,,HIGH,True,True,True,prose_as_formula
D262,缓冲容量峰值函数,统一函数总表/0298-D262-缓冲容量峰值函数.md,formal_existing,D,formal_table,FUNCTION,DIRECT_SOURCE_FOUND,2026-07-11,0298-D262-缓冲容量峰值函数.md,c71188646d476623b3181013cf01625270f6f1be,/Users/zhiyuan/我的笔记/统一函数总表/0298-D262-缓冲容量峰值函数.md,,,repo_formalization,M10的C_buffer(t)先增后减：早期pᵢpⱼ增长主导→C_buffer↑，中期达峰值，晚期g_eff下降主导→C_buffer↓。峰值时刻t_peak是干预最佳时机。 **扩展注释 / Extended Annotation**,F_{D262},contains rescue/frontmatter rewrite,placeholder domain/codomain or converged-only semantics,,HIGH,True,True,True,prose_as_formula
D263,正反馈时间常数函数,统一函数总表/0299-D263-正反馈时间常数函数.md,formal_existing,D,formal_table,FUNCTION,DIRECT_SOURCE_FOUND,2026-07-11,0299-D263-正反馈时间常数函数.md,c71188646d476623b3181013cf01625270f6f1be,/Users/zhiyuan/我的笔记/统一函数总表/0299-D263-正反馈时间常数函数.md,,,repo_formalization,M13的时间常数τ=2/λ，λ∝(α_max-α_min)为pᵢ增速差异。增速差异越大→τ越小→崩溃越快。 **扩展注释 / Extended Annotation**,F_{D263},contains rescue/frontmatter rewrite,placeholder domain/codomain or converged-only semantics,,HIGH,True,True,True,prose_as_formula
D264,良性循环启动阈值函数,统一函数总表/0300-D264-良性循环启动阈值函数.md,formal_existing,D,formal_table,FUNCTION,DIRECT_SOURCE_FOUND,2026-07-11,0300-D264-良性循环启动阈值函数.md,c71188646d476623b3181013cf01625270f6f1be,/Users/zhiyuan/我的笔记/统一函数总表/0300-D264-良性循环启动阈值函数.md,,,repo_formalization,良性循环启动条件：降低p_max的速率β>α·(n-1)/n（其他pᵢ自然增长速率）。低于此阈值的干预只减缓衰退，不能逆转。 **扩展注释 / Extended Annotation**,F_{D264},contains rescue/frontmatter rewrite,placeholder domain/codomain or converged-only semantics,,HIGH,True,True,True,prose_as_formula
D265,极小点漂移方向函数,统一函数总表/0301-D265-极小点漂移方向函数.md,formal_existing,D,formal_table,FUNCTION,DIRECT_SOURCE_FOUND,2026-07-11,0301-D265-极小点漂移方向函数.md,c71188646d476623b3181013cf01625270f6f1be,/Users/zhiyuan/我的笔记/统一函数总表/0301-D265-极小点漂移方向函数.md,,,repo_formalization,"M2的极小点漂移方向取决于门槛结构的""重心""：高门槛项权重>低门槛项权重→δμ>0（极小点上移），反之→δμ<0。学习新技能（新增低p门控面）→极小点下移→系统在更低能量即可稳定→更鲁棒。 **扩展注释 / Extended Annotation**",F_{D265},contains rescue/frontmatter rewrite,placeholder domain/codomain or converged-only semantics,,HIGH,True,True,True,prose_as_formula
D266,容斥偏差加速函数,统一函数总表/0302-D266-容斥偏差加速函数.md,formal_existing,D,formal_table,FUNCTION,DIRECT_SOURCE_FOUND,2026-07-11,0302-D266-容斥偏差加速函数.md,c71188646d476623b3181013cf01625270f6f1be,/Users/zhiyuan/我的笔记/统一函数总表/0302-D266-容斥偏差加速函数.md,,,repo_formalization,M3的容斥高阶项ΔΦ=Σ[e^{pᵢ}-1-pᵢ]的二阶导数=e^{pᵢ}>0→ΔΦ始终凸→加速增长。容斥偏差一旦启动就加速，不是线性偏离而是凸性加速。Jensen凸性+容斥凸性双重加速→恶性循环是默认路径。 **扩展注释 / Extended Annotation**,F_{D266},contains rescue/frontmatter rewrite,placeholder domain/codomain or converged-only semantics,,HIGH,True,True,True,prose_as_formula
D267,维度稳定性裕度函数,统一函数总表/0303-D267-维度稳定性裕度函数.md,formal_existing,D,formal_table,FUNCTION,DIRECT_SOURCE_FOUND,2026-07-11,0303-D267-维度稳定性裕度函数.md,c71188646d476623b3181013cf01625270f6f1be,/Users/zhiyuan/我的笔记/统一函数总表/0303-D267-维度稳定性裕度函数.md,,,repo_formalization,M6的d=4不仅使所有pᵢ<p*，而且稳定性裕度最大（p_max/p*≈2-7倍）。d=3裕度<0，d=5裕度减小，d=4是裕度峰值。物理定律的鲁棒性不是碰巧——d=4是稳定性裕度的全局最大值。 **扩展注释 / Extended Annotation**,F_{D267},contains rescue/frontmatter rewrite,placeholder domain/codomain or converged-only semantics,,HIGH,True,True,True,prose_as_formula
D268,容斥加速临界函数,统一函数总表/0304-D268-容斥加速临界函数.md,formal_existing,D,formal_table,FUNCTION,DIRECT_SOURCE_FOUND,2026-07-11,0304-D268-容斥加速临界函数.md,c71188646d476623b3181013cf01625270f6f1be,/Users/zhiyuan/我的笔记/统一函数总表/0304-D268-容斥加速临界函数.md,,,repo_formalization,M7的容斥加速临界点取决于pᵢ增长模式：pᵢ线性增长→Σpᵢpⱼ∝t²（可控），pᵢ指数增长→Σpᵢpⱼ超指数（失控）。皮凯蒂r>g→财富指数增长→p_income指数增长→容斥加速失控→阶层固化不可逆。 **扩展注释 / Extended Annotation**,F_{D268},contains rescue/frontmatter rewrite,placeholder domain/codomain or converged-only semantics,,HIGH,True,True,True,prose_as_formula
D269,阶段过渡锐度函数,统一函数总表/0305-D269-阶段过渡锐度函数.md,formal_existing,D,formal_table,FUNCTION,DIRECT_SOURCE_FOUND,2026-07-11,0305-D269-阶段过渡锐度函数.md,c71188646d476623b3181013cf01625270f6f1be,/Users/zhiyuan/我的笔记/统一函数总表/0305-D269-阶段过渡锐度函数.md,,,repo_formalization,M9的阶段过渡锐度由Φ高阶导数决定：阶段1→2∝|d³Φ/dμ³|，阶段2→3∝|d²g_eff/dt²|。高阶导数大→突变，小→渐变。物理相变→突变，生物衰老→渐变。 **扩展注释 / Extended Annotation**,F_{D269},contains rescue/frontmatter rewrite,placeholder domain/codomain or converged-only semantics,,HIGH,True,True,True,prose_as_formula
D27,级联速度,统一函数总表/0076-D27-级联速度.md,formal_existing,D,formal_table,FUNCTION,DIRECT_SOURCE_FOUND,2026-07-11,0076-D27-级联速度.md,c71188646d476623b3181013cf01625270f6f1be,/Users/zhiyuan/我的笔记/getnote-notes/点火/2026-06-12_1912610360311037680_点火｜函数_D27.md,,,repo_formalization,级联速度，密度、平均退出权信号、退出成本比值的平衡。 **扩展注释 / Extended Annotation**,F_{D27},contains rescue/frontmatter rewrite,placeholder domain/codomain or converged-only semantics,,NORMAL,True,True,True,prose_as_formula
D270,阶段宽度竞争函数,统一函数总表/0306-D270-阶段宽度竞争函数.md,formal_existing,D,formal_table,FUNCTION,DIRECT_SOURCE_FOUND,2026-07-11,0306-D270-阶段宽度竞争函数.md,c71188646d476623b3181013cf01625270f6f1be,/Users/zhiyuan/我的笔记/统一函数总表/0306-D270-阶段宽度竞争函数.md,,,repo_formalization,M11的阶段2宽度受两个竞争效应影响：门槛聚集→n_eff↓（收窄）+ḡ↑（展宽）。净效果取决于两者相对变化率。ḡ增长快于n_eff下降→展宽主导；n_eff下降快于ḡ增长→收窄主导。 **扩展注释 / Extended Annotation**,F_{D270},contains rescue/frontmatter rewrite,placeholder domain/codomain or converged-only semantics,,HIGH,True,True,True,prose_as_formula
D271,容斥阈值-复杂度函数,统一函数总表/0307-D271-容斥阈值-复杂度函数.md,formal_existing,D,formal_table,FUNCTION,DIRECT_SOURCE_FOUND,2026-07-11,0307-D271-容斥阈值-复杂度函数.md,c71188646d476623b3181013cf01625270f6f1be,/Users/zhiyuan/我的笔记/统一函数总表/0307-D271-容斥阈值-复杂度函数.md,,,repo_formalization,M4的容斥阈值p*∝√n。复杂系统p*更高→更难被容斥压垮。但n大→容斥高阶项基数更大→一旦pᵢ>p*崩溃更猛烈。n大→更难崩溃但崩溃更惨。 **扩展注释 / Extended Annotation**,F_{D271},contains rescue/frontmatter rewrite,placeholder domain/codomain or converged-only semantics,,NORMAL,True,True,True,prose_as_formula
D272,量子引力-新门控面预测,统一函数总表/0308-D272-量子引力-新门控面预测.md,formal_existing,D,formal_table,FUNCTION,DIRECT_SOURCE_FOUND,2026-07-11,0308-D272-量子引力-新门控面预测.md,c71188646d476623b3181013cf01625270f6f1be,/Users/zhiyuan/我的笔记/统一函数总表/0308-D272-量子引力-新门控面预测.md,,,repo_formalization,M5的量子引力无极小点可能通过增加低p门控面（新基本力）来修复。p*∝√n→增加n提高p*→如果新门控面p₅<<p*→极小点可能恢复。可检验物理预测。 **扩展注释 / Extended Annotation**,F_{D272},contains rescue/frontmatter rewrite,placeholder domain/codomain or converged-only semantics,,HIGH,True,True,True,prose_as_formula
D273,耦合强度-分布形态函数,统一函数总表/0309-D273-耦合强度-分布形态函数.md,formal_existing,D,formal_table,FUNCTION,DIRECT_SOURCE_FOUND,2026-07-11,0309-D273-耦合强度-分布形态函数.md,c71188646d476623b3181013cf01625270f6f1be,/Users/zhiyuan/我的笔记/统一函数总表/0309-D273-耦合强度-分布形态函数.md,,,repo_formalization,"M12的ḡ取决于pᵢ分布形态：正态分布→ḡ≈1→最大耦合→最大缓冲；指数分布→ḡ<2/3→弱耦合；均匀分布→ḡ=2/3。[D253](docs/zh/functions/items/D253.md)""p集中→鲁棒""的统计基础。 **扩展注释 / Extended Annotation**",F_{D273},contains rescue/frontmatter rewrite,placeholder domain/codomain or converged-only semantics,,NORMAL,True,True,True,prose_as_formula
D274,良性循环收敛速度函数,统一函数总表/0310-D274-良性循环收敛速度函数.md,formal_existing,D,formal_table,FUNCTION,DIRECT_SOURCE_FOUND,2026-07-11,0310-D274-良性循环收敛速度函数.md,c71188646d476623b3181013cf01625270f6f1be,/Users/zhiyuan/我的笔记/统一函数总表/0310-D274-良性循环收敛速度函数.md,,,repo_formalization,M14良性循环收敛速度由反馈增益K∝|∂g_eff/∂p_max|·∂p*/∂g_eff·β决定。K>1→自加速快速收敛，K<1→衰减缓慢收敛。干预力度β是K的线性因子。 **扩展注释 / Extended Annotation**,F_{D274},contains rescue/frontmatter rewrite,placeholder domain/codomain or converged-only semantics,,NORMAL,True,True,True,prose_as_formula
D275,维度最优漂移函数,统一函数总表/0311-D275-维度最优漂移函数.md,formal_existing,D,formal_table,OPTIMIZATION_PROBLEM,DIRECT_SOURCE_FOUND,2026-07-11,0311-D275-维度最优漂移函数.md,c71188646d476623b3181013cf01625270f6f1be,/Users/zhiyuan/我的笔记/统一函数总表/0311-D275-维度最优漂移函数.md,,,repo_formalization,M8的d_opt随时间漂移：学习>衰老→d_opt右移（升级），学习<衰老→d_opt左移（降级）。衰老本质=d_opt左移而实际d跟不上→偏离增大→Φ增长。 **扩展注释 / Extended Annotation**,F_{D275},contains rescue/frontmatter rewrite,placeholder domain/codomain or converged-only semantics,,NORMAL,True,True,True,prose_as_formula
D276,D158预测失效阈值函数,统一函数总表/0312-D276-D158预测失效阈值函数.md,formal_existing,D,formal_table,FUNCTION,DIRECT_SOURCE_FOUND,2026-07-11,0312-D276-D158预测失效阈值函数.md,c71188646d476623b3181013cf01625270f6f1be,/Users/zhiyuan/我的笔记/统一函数总表/0312-D276-D158预测失效阈值函数.md,,,repo_formalization,M1的ΔΦ导致D158预测误差|e^{ΔΦ}-1|：ΔΦ=1→误差172%→预测失效。pᵢ<0.5时D158可靠（误差<30%），0.5-0.8谨慎使用，>0.8不可信。 **扩展注释 / Extended Annotation**,F_{D276},contains rescue/frontmatter rewrite,placeholder domain/codomain or converged-only semantics,,NORMAL,True,True,True,prose_as_formula
D277,统一健康指标函数,统一函数总表/0313-D277-统一健康指标函数.md,formal_existing,D,formal_table,FUNCTION,DIRECT_SOURCE_FOUND,2026-07-11,0313-D277-统一健康指标函数.md,c71188646d476623b3181013cf01625270f6f1be,/Users/zhiyuan/我的笔记/统一函数总表/0313-D277-统一健康指标函数.md,,,repo_formalization,M9三阶段各有健康指标：阶段1=平坦度⁻¹，阶段2=C_buffer，阶段3=1/ΔΦ。统一H=min(三指标)→最小值决定最弱环节。H=0时崩溃。可用于实时监测和预警。 **扩展注释 / Extended Annotation**,F_{D277},contains rescue/frontmatter rewrite,placeholder domain/codomain or converged-only semantics,,NORMAL,True,True,True,prose_as_formula
D278,缓冲峰值余量函数,统一函数总表/0314-D278-缓冲峰值余量函数.md,formal_existing,D,formal_table,FUNCTION,DIRECT_SOURCE_FOUND,2026-07-11,0314-D278-缓冲峰值余量函数.md,c71188646d476623b3181013cf01625270f6f1be,/Users/zhiyuan/我的笔记/统一函数总表/0314-D278-缓冲峰值余量函数.md,,,repo_formalization,"M10的C_max与p*比值∝n^{3/2}→n越大峰值余量越充裕。但衰减速度∝n²→余量消耗更快。复杂系统""家底厚但花得快""。 **扩展注释 / Extended Annotation**",F_{D278},contains rescue/frontmatter rewrite,placeholder domain/codomain or converged-only semantics,,NORMAL,True,True,True,prose_as_formula
D279,干预时机悖论函数,统一函数总表/0315-D279-干预时机悖论函数.md,formal_existing,D,formal_table,OPTIMIZATION_PROBLEM,DIRECT_SOURCE_FOUND,2026-07-11,0315-D279-干预时机悖论函数.md,c71188646d476623b3181013cf01625270f6f1be,/Users/zhiyuan/我的笔记/统一函数总表/0315-D279-干预时机悖论函数.md,,,repo_formalization,M13正反馈干预的时机悖论：早期效果弱但窗口宽，晚期效果强但窗口窄。最优时机=D262缓冲峰值时刻t_peak。错过t_peak后窗口快速关闭。 **扩展注释 / Extended Annotation**,F_{D279},contains rescue/frontmatter rewrite,placeholder domain/codomain or converged-only semantics,,NORMAL,True,True,True,prose_as_formula
D28,顽固者临界比例,统一函数总表/0077-D28-顽固者临界比例.md,formal_existing,D,formal_table,FUNCTION,DIRECT_SOURCE_FOUND,2026-07-11,0077-D28-顽固者临界比例.md,c71188646d476623b3181013cf01625270f6f1be,/Users/zhiyuan/我的笔记/getnote-notes/点火/2026-06-12_1912610362457653816_点火｜函数_D28.md,C-0110,,repo_formalization,顽固者临界比例，退出权信号、平均退出权信号、聚集度的平衡。 **扩展注释 / Extended Annotation**,F_{D28},contains rescue/frontmatter rewrite,placeholder domain/codomain or converged-only semantics,,NORMAL,True,True,True,prose_as_formula
D280,容斥干预两步策略函数,统一函数总表/0316-D280-容斥干预两步策略函数.md,formal_existing,D,formal_table,OPTIMIZATION_PROBLEM,DIRECT_SOURCE_FOUND,2026-07-11,0316-D280-容斥干预两步策略函数.md,c71188646d476623b3181013cf01625270f6f1be,/Users/zhiyuan/我的笔记/统一函数总表/0316-D280-容斥干预两步策略函数.md,,,repo_formalization,M7的干预策略：A均匀降pᵢ（全面但成本高），B只降p_max（效率∝(n-1)·p_max/p̄倍于A）。最优=先B后A：先集中火力打最硬钉子，再均匀巩固。 **扩展注释 / Extended Annotation**,F_{D280},contains rescue/frontmatter rewrite,placeholder domain/codomain or converged-only semantics,,NORMAL,True,True,True,prose_as_formula
D281,极小点漂移-鲁棒性耦合函数,统一函数总表/0317-D281-极小点漂移-鲁棒性耦合函数.md,formal_existing,D,formal_table,FUNCTION,DIRECT_SOURCE_FOUND,2026-07-11,0317-D281-极小点漂移-鲁棒性耦合函数.md,c71188646d476623b3181013cf01625270f6f1be,/Users/zhiyuan/我的笔记/统一函数总表/0317-D281-极小点漂移-鲁棒性耦合函数.md,,,repo_formalization,M2的极小点漂移对鲁棒性影响取决于Φ三阶导数符号。学习新技能→δμ<0→极小点下移→无论偏斜方向都提升鲁棒性。物理大统一d³Φ/dμ³≈0→漂移影响极小。 **扩展注释 / Extended Annotation**,F_{D281},contains rescue/frontmatter rewrite,placeholder domain/codomain or converged-only semantics,,NORMAL,True,True,True,prose_as_formula
D282,Φ二阶近似函数,统一函数总表/0318-D282-Φ二阶近似函数.md,formal_existing,D,formal_table,FUNCTION,DIRECT_SOURCE_FOUND,2026-07-11,0318-D282-Φ二阶近似函数.md,c71188646d476623b3181013cf01625270f6f1be,/Users/zhiyuan/我的笔记/统一函数总表/0318-D282-Φ二阶近似函数.md,,,repo_formalization,M3的改进近似：Φ_2=Σpᵢ+Σpᵢ²/2在pᵢ<0.8时误差<17%，远优于Φ_approx。推荐三级精度：pᵢ<0.5用Φ_approx，0.5-0.8用Φ_2，>0.8用Φ_exact。 **扩展注释 / Extended Annotation**,F_{D282},contains rescue/frontmatter rewrite,placeholder domain/codomain or converged-only semantics,,NORMAL,True,True,True,prose_as_formula
D283,宇宙学常数-容斥约束函数,统一函数总表/0319-D283-宇宙学常数-容斥约束函数.md,formal_existing,D,formal_table,FUNCTION,DIRECT_SOURCE_FOUND,2026-07-11,0319-D283-宇宙学常数-容斥约束函数.md,c71188646d476623b3181013cf01625270f6f1be,/Users/zhiyuan/我的笔记/统一函数总表/0319-D283-宇宙学常数-容斥约束函数.md,,,repo_formalization,M6的d=4稳定性约束宇宙学常数：Λ_CDC过大→d_eff>4→容斥主导→结构无法形成；过小→d_eff<4→坍缩。Λ_CDC被约束在使d_eff≈4的窄区间→宇宙学常数问题的容斥解释。 **扩展注释 / Extended Annotation**,F_{D283},contains rescue/frontmatter rewrite,placeholder domain/codomain or converged-only semantics,,NORMAL,True,True,True,prose_as_formula
D284,σ_opt跨域常数函数,统一函数总表/0320-D284-σ_opt跨域常数函数.md,formal_existing,D,formal_table,OPTIMIZATION_PROBLEM,DIRECT_SOURCE_FOUND,2026-07-11,0320-D284-σ_opt跨域常数函数.md,c71188646d476623b3181013cf01625270f6f1be,/Users/zhiyuan/我的笔记/统一函数总表/0320-D284-σ_opt跨域常数函数.md,,,repo_formalization,`n_eff ≈ d_opt / 1.65`。最优配置下独立门控面数约为维度的 60%；若 `σ_opt ≈ 1.65` 在物理、生物、社会系统中都成立，则可视为跨域常数。 **扩展注释 / Extended Annotation**,n_eff ≈ d_opt / 1.65,contains rescue/frontmatter rewrite,placeholder domain/codomain or converged-only semantics,,NORMAL,True,True,True,prose_as_formula
D285,干预机会面积函数,统一函数总表/0321-D285-干预机会面积函数.md,formal_existing,D,formal_table,OPTIMIZATION_PROBLEM,DIRECT_SOURCE_FOUND,2026-07-11,0321-D285-干预机会面积函数.md,c71188646d476623b3181013cf01625270f6f1be,/Users/zhiyuan/我的笔记/统一函数总表/0321-D285-干预机会面积函数.md,,,repo_formalization,`A_intervention^(2)(d) ∝ p*(√d-1)/d`，在 `d≈4` 时最大；这意味着 `d=4` 同时对应“最稳定”与“最可修复”的双重最优。 **扩展注释 / Extended Annotation**,A_intervention^(2)(d) ∝ p*(√d-1)/d,contains rescue/frontmatter rewrite,placeholder domain/codomain or converged-only semantics,,NORMAL,True,True,True,prose_as_formula
D286,p*-分布形态函数,统一函数总表/0322-D286-p--分布形态函数.md,formal_existing,D,formal_table,FUNCTION,DIRECT_SOURCE_FOUND,2026-07-11,0322-D286-p--分布形态函数.md,c71188646d476623b3181013cf01625270f6f1be,/Users/zhiyuan/我的笔记/统一函数总表/0322-D286-p--分布形态函数.md,,,repo_formalization,M4的p*对门槛分布形态有强依赖：均匀分布p*=√((n-1)/2)，极端分散p*=(p_min/p_max)√(n-1)。降低p_max不仅直接降Φ，还通过集中p分布提高p*→双重收益。 **扩展注释 / Extended Annotation**,F_{D286},contains rescue/frontmatter rewrite,placeholder domain/codomain or converged-only semantics,,NORMAL,True,True,True,prose_as_formula
D287,容斥主导实验签名函数,统一函数总表/0323-D287-容斥主导实验签名函数.md,formal_existing,D,formal_table,FUNCTION,DIRECT_SOURCE_FOUND,2026-07-11,0323-D287-容斥主导实验签名函数.md,c71188646d476623b3181013cf01625270f6f1be,/Users/zhiyuan/我的笔记/统一函数总表/0323-D287-容斥主导实验签名函数.md,,,repo_formalization,"M5的容斥主导有可检验签名：实际量子引力修正>>标准预测。如果实验观测到量子引力效应显著强于标准模型预测，是容斥主导的证据。新判据：不只看""有没有""，还看""是否比独立假设预测的更强""。 **扩展注释 / Extended Annotation**",F_{D287},contains rescue/frontmatter rewrite,placeholder domain/codomain or converged-only semantics,,HIGH,True,True,True,prose_as_formula
D288,g_eff有限时间崩溃函数,统一函数总表/0324-D288-g_eff有限时间崩溃函数.md,formal_existing,D,formal_table,FUNCTION,DIRECT_SOURCE_FOUND,2026-07-11,0324-D288-g_eff有限时间崩溃函数.md,c71188646d476623b3181013cf01625270f6f1be,/Users/zhiyuan/我的笔记/统一函数总表/0324-D288-g_eff有限时间崩溃函数.md,,,repo_formalization,"M12的g_eff演化方程g_eff(t)=1-Δα·t/(p₀+α_max·t)。Δα>α_max时g_eff在有限时间t_c=p₀/(Δα-α_max)内归零→耦合消失→系统崩溃。""突然崩溃""的精确条件：增速极化程度Δα/α_max>1。 **扩展注释 / Extended Annotation**",F_{D288},contains rescue/frontmatter rewrite,placeholder domain/codomain or converged-only semantics,,HIGH,True,True,True,prose_as_formula
D289,良性循环逃逸速度函数,统一函数总表/0325-D289-良性循环逃逸速度函数.md,formal_existing,D,formal_table,FUNCTION,DIRECT_SOURCE_FOUND,2026-07-11,0325-D289-良性循环逃逸速度函数.md,c71188646d476623b3181013cf01625270f6f1be,/Users/zhiyuan/我的笔记/统一函数总表/0325-D289-良性循环逃逸速度函数.md,,,repo_formalization,M14的逃逸速度v_escape∝λ·p_max²·g_eff。p_max≈0.5是最佳逃逸窗口（黄金逃逸点）。p_max<0.5逃逸容易但效果弱，p_max>0.8几乎不可能逃逸。D279干预时机悖论的精确化。 **扩展注释 / Extended Annotation**,F_{D289},contains rescue/frontmatter rewrite,placeholder domain/codomain or converged-only semantics,,HIGH,True,True,True,prose_as_formula
D29,统一内部驱动力函数,统一函数总表/0078-D29-统一内部驱动力函数.md,formal_existing,D,formal_table,FUNCTION,DIRECT_SOURCE_FOUND,2026-07-11,0078-D29-统一内部驱动力函数.md,c71188646d476623b3181013cf01625270f6f1be,/Users/zhiyuan/我的笔记/getnote-notes/点火/2026-06-12_1912610364606710328_点火｜函数_D29.md,C-0111,,repo_formalization,跨层犹豫域映射，平均退出权信号、顽固者比例、聚集度的平衡。 **扩展注释 / Extended Annotation**,F_{D29},contains rescue/frontmatter rewrite,placeholder domain/codomain or converged-only semantics,,NORMAL,True,True,True,prose_as_formula
D290,容斥加速逆转条件函数,统一函数总表/0326-D290-容斥加速逆转条件函数.md,formal_existing,D,formal_table,FUNCTION,DIRECT_SOURCE_FOUND,2026-07-11,0326-D290-容斥加速逆转条件函数.md,c71188646d476623b3181013cf01625270f6f1be,/Users/zhiyuan/我的笔记/统一函数总表/0326-D290-容斥加速逆转条件函数.md,,,repo_formalization,"M7的容斥加速逆转条件：p_max相对下降速率|α_max|/p_max必须超过其他pᵢ平均相对增长速率。温和改革通常无效——降速不够快，容斥加速仍在继续。需要""休克疗法""级别干预才能逆转。 **扩展注释 / Extended Annotation**",F_{D290},contains rescue/frontmatter rewrite,placeholder domain/codomain or converged-only semantics,,NORMAL,True,True,True,prose_as_formula
D291,D158案例可靠性分类函数,统一函数总表/0327-D291-D158案例可靠性分类函数.md,formal_existing,D,formal_table,FUNCTION,DIRECT_SOURCE_FOUND,2026-07-11,0327-D291-D158案例可靠性分类函数.md,c71188646d476623b3181013cf01625270f6f1be,/Users/zhiyuan/我的笔记/统一函数总表/0327-D291-D158案例可靠性分类函数.md,,,repo_formalization,M1对562案例的定量影响：D158a-f的49案例中约30-40%需用Φ_2或Φ_exact（pᵢ>0.5），约10-15%的案例D158完全不可信（pᵢ>0.8）。量子力学测量、热力学相变、相对论极端速度、凝聚态临界温度最需修正。 **扩展注释 / Extended Annotation**,F_{D291},contains rescue/frontmatter rewrite,placeholder domain/codomain or converged-only semantics,,HIGH,True,True,True,prose_as_formula
D292,维度最优吸引域函数,统一函数总表/0328-D292-维度最优吸引域函数.md,formal_existing,D,formal_table,OPTIMIZATION_PROBLEM,DIRECT_SOURCE_FOUND,2026-07-11,0328-D292-维度最优吸引域函数.md,c71188646d476623b3181013cf01625270f6f1be,/Users/zhiyuan/我的笔记/统一函数总表/0328-D292-维度最优吸引域函数.md,,,repo_formalization,"M8的d_opt吸引域深度∝Σαᵢ²/(1-pᵢ)²。高p门控面α²越大→吸引越强但偏离后崩溃越猛。d_opt的""引力""和偏离后的""暴力""成正比——强吸引域=稳定但一旦失稳更致命。 **扩展注释 / Extended Annotation**",F_{D292},contains rescue/frontmatter rewrite,placeholder domain/codomain or converged-only semantics,,HIGH,True,True,True,prose_as_formula
D293,三阶段-相变分类对应函数,统一函数总表/0329-D293-三阶段-相变分类对应函数.md,formal_existing,D,formal_table,FUNCTION,DIRECT_SOURCE_FOUND,2026-07-11,0329-D293-三阶段-相变分类对应函数.md,c71188646d476623b3181013cf01625270f6f1be,/Users/zhiyuan/我的笔记/统一函数总表/0329-D293-三阶段-相变分类对应函数.md,,,repo_formalization,"M9三阶段对应相变分类：阶段1→2≈二级相变（连续过渡→还有救），阶段2→3≈一级相变（突变→没救）。新相变分类：二级=""还能缓冲""，一级=""缓冲耗尽""。干预在二级相变区有效，一级相变区无效。 **扩展注释 / Extended Annotation**",F_{D293},contains rescue/frontmatter rewrite,placeholder domain/codomain or converged-only semantics,,NORMAL,True,True,True,prose_as_formula
D294,缓冲消耗速度函数,统一函数总表/0330-D294-缓冲消耗速度函数.md,formal_existing,D,formal_table,FUNCTION,DIRECT_SOURCE_FOUND,2026-07-11,0330-D294-缓冲消耗速度函数.md,c71188646d476623b3181013cf01625270f6f1be,/Users/zhiyuan/我的笔记/统一函数总表/0330-D294-缓冲消耗速度函数.md,,,repo_formalization,M10的缓冲消耗速度∝Δα·n²p̄²ḡ/2。三个加速因子：n大（复杂）、Δα大（极化）、p̄大（高风险）。高n+高Δα+高p̄=崩溃高危系统。 **扩展注释 / Extended Annotation**,F_{D294},contains rescue/frontmatter rewrite,placeholder domain/codomain or converged-only semantics,,NORMAL,True,True,True,prose_as_formula
D295,正反馈不可逆点函数,统一函数总表/0331-D295-正反馈不可逆点函数.md,formal_existing,D,formal_table,FUNCTION,DIRECT_SOURCE_FOUND,2026-07-11,0331-D295-正反馈不可逆点函数.md,c71188646d476623b3181013cf01625270f6f1be,/Users/zhiyuan/我的笔记/统一函数总表/0331-D295-正反馈不可逆点函数.md,,,repo_formalization,"M13正反馈的不可逆点：p_max>p*(g_eff)→降低p_max只降Φ不提p*→良性循环无法启动→不可逆。p_max=p*是""还有救""和""没救了""的精确分界。 **扩展注释 / Extended Annotation**",F_{D295},contains rescue/frontmatter rewrite,placeholder domain/codomain or converged-only semantics,,HIGH,True,True,True,prose_as_formula
D296,Φ近似阶数选择函数,统一函数总表/0332-D296-Φ近似阶数选择函数.md,formal_existing,D,formal_table,FUNCTION,DIRECT_SOURCE_FOUND,2026-07-11,0332-D296-Φ近似阶数选择函数.md,c71188646d476623b3181013cf01625270f6f1be,/Users/zhiyuan/我的笔记/统一函数总表/0332-D296-Φ近似阶数选择函数.md,,,repo_formalization,M3的Φ近似阶数选择：pᵢ<0.5→1阶（误差<13%），0.5-0.8→2阶（<17%），0.8-0.95→3阶（~10%），≥0.95→Φ_exact。精度-成本权衡表。 **扩展注释 / Extended Annotation**,F_{D296},contains rescue/frontmatter rewrite,placeholder domain/codomain or converged-only semantics,,NORMAL,True,True,True,prose_as_formula
D297,基本常数-容斥约束函数,统一函数总表/0333-D297-基本常数-容斥约束函数.md,formal_existing,D,formal_table,PROBABILISTIC_MODEL,DIRECT_SOURCE_FOUND,2026-07-11,0333-D297-基本常数-容斥约束函数.md,c71188646d476623b3181013cf01625270f6f1be,/Users/zhiyuan/我的笔记/统一函数总表/0333-D297-基本常数-容斥约束函数.md,C-0573,,repo_formalization,M6的d=4稳定性约束基本物理常数：α增大~100倍→pᵢ>p*→极小点消失。精细结构常数α≈1/137不能太大→否则电磁否决概率超p*→d=4不稳定。常数不是任意的，必须让d=4稳定。 **扩展注释 / Extended Annotation**,F_{D297},contains rescue/frontmatter rewrite,placeholder domain/codomain or converged-only semantics,,NORMAL,True,True,True,prose_as_formula
D298,鲁棒系统设计原则函数,统一函数总表/0334-D298-鲁棒系统设计原则函数.md,formal_existing,D,formal_table,FUNCTION,DIRECT_SOURCE_FOUND,2026-07-11,0334-D298-鲁棒系统设计原则函数.md,c71188646d476623b3181013cf01625270f6f1be,/Users/zhiyuan/我的笔记/统一函数总表/0334-D298-鲁棒系统设计原则函数.md,,,repo_formalization,M11的设计原则：增大n_eff（宽缓冲）但ḡ适中（防雪崩）。σ≈1.65是平衡点→n_eff≈d/1.65→阶段2宽度适中+阶段3雪崩可控。过聚集→雪崩风险，过分散→缓冲不足。 **扩展注释 / Extended Annotation**,F_{D298},contains rescue/frontmatter rewrite,placeholder domain/codomain or converged-only semantics,,NORMAL,True,True,True,prose_as_formula
D299,良性-恶性共存函数,统一函数总表/0335-D299-良性-恶性共存函数.md,formal_existing,D,formal_table,FUNCTION,DIRECT_SOURCE_FOUND,2026-07-11,0335-D299-良性-恶性共存函数.md,c71188646d476623b3181013cf01625270f6f1be,/Users/zhiyuan/我的笔记/统一函数总表/0335-D299-良性-恶性共存函数.md,,,repo_formalization,"M14的良性/恶性循环可共存：某些pᵢ降（良性），某些升（恶性）。容斥凸性给恶性方向天然加速→良性子循环必须足够强才能抵消。""部分改革""通常不够——被恶性子循环的容斥加速压倒。 **扩展注释 / Extended Annotation**",F_{D299},contains rescue/frontmatter rewrite,placeholder domain/codomain or converged-only semantics,,NORMAL,True,True,True,prose_as_formula
D3,退出权信号衰减 / exit-right signal衰减,统一函数总表/0052-D3-退出权信号衰减.md,formal_existing,D,formal_table,FUNCTION,DIRECT_SOURCE_FOUND,2026-07-11,0052-D3-退出权信号衰减.md,c71188646d476623b3181013cf01625270f6f1be,/Users/zhiyuan/我的笔记/getnote-notes/点火/2026-06-12_1912609714992248960_点火｜函数_D3.md,C-0003;C-0676,,repo_formalization,退出权信号随时间衰减，衰减率λ由遮蔽决定。 **扩展注释 / Extended Annotation**,F_{D3},contains rescue/frontmatter rewrite,placeholder domain/codomain or converged-only semantics,,NORMAL,True,True,True,prose_as_formula
D30,ε_eff闭环动力学函数,统一函数总表/0079-D30-ε_eff闭环动力学函数.md,formal_existing,D,formal_table,FUNCTION,DIRECT_SOURCE_FOUND,2026-07-11,0079-D30-ε_eff闭环动力学函数.md,c71188646d476623b3181013cf01625270f6f1be,/Users/zhiyuan/我的笔记/getnote-notes/点火/2026-06-12_1912610367826887224_点火｜函数_D30.md,C-0112,,repo_formalization,内部抵抗，外部能量、抵抗阈值、退出权信号的平衡。 **扩展注释 / Extended Annotation**,F_{D30},contains rescue/frontmatter rewrite,placeholder domain/codomain or converged-only semantics,,NORMAL,True,True,True,prose_as_formula
D300,代际容斥累积函数,统一函数总表/0336-D300-代际容斥累积函数.md,formal_existing,D,formal_table,FUNCTION,DIRECT_SOURCE_FOUND,2026-07-11,0336-D300-代际容斥累积函数.md,c71188646d476623b3181013cf01625270f6f1be,/Users/zhiyuan/我的笔记/统一函数总表/0336-D300-代际容斥累积函数.md,,,repo_formalization,"M7的容斥加速跨代累积∝k²。每代不只新增Δp，还有前面所有Δp的交叉效应累积。代际容斥∝k²→阶层固化的跨代传递是加速的——""三代出贵族""不只是财富累积，还有容斥交叉项的k²加速。 **扩展注释 / Extended Annotation**",F_{D300},contains rescue/frontmatter rewrite,placeholder domain/codomain or converged-only semantics,,NORMAL,True,True,True,prose_as_formula
D301,极小点漂移速率函数,统一函数总表/0337-D301-极小点漂移速率函数.md,formal_existing,D,formal_table,FUNCTION,DIRECT_SOURCE_FOUND,2026-07-11,0337-D301-极小点漂移速率函数.md,c71188646d476623b3181013cf01625270f6f1be,/Users/zhiyuan/我的笔记/统一函数总表/0337-D301-极小点漂移速率函数.md,,,repo_formalization,"M2的漂移速率dμ/dt=-(Σᵢ αᵢ/(1-pᵢ)²)/(d²Φ/dμ²)。分母是Φ曲率——平坦区（物理大统一d²Φ/dμ²≈0）漂移极快，尖锐区漂移极慢。平坦=稳定但漂移快，是D292""强吸引域失稳更致命""的速率版本。 **扩展注释 / Extended Annotation**",F_{D301},contains rescue/frontmatter rewrite,placeholder domain/codomain or converged-only semantics,,NORMAL,True,True,True,prose_as_formula
D302,容斥渐近发散函数,统一函数总表/0338-D302-容斥渐近发散函数.md,formal_existing,D,formal_table,FUNCTION,DIRECT_SOURCE_FOUND,2026-07-11,0338-D302-容斥渐近发散函数.md,c71188646d476623b3181013cf01625270f6f1be,/Users/zhiyuan/我的笔记/统一函数总表/0338-D302-容斥渐近发散函数.md,,,repo_formalization,"M3的容斥高阶项在pᵢ→1时ΔΦ→e^{pᵢ}-1-pᵢ→∞，发散速率∝e^{pᵢ}。pᵢ接近1时容斥修正爆炸式增长，不是""大了一点""。D260敏感度阈值pᵢ>0.5后急剧上升的数学根源就是容斥项的指数发散。D296的Φ_exact在pᵢ>0.95时不可替代。 **扩展注释 / Extended Annotation**",F_{D302},contains rescue/frontmatter rewrite,placeholder domain/codomain or converged-only semantics,,NORMAL,True,True,True,prose_as_formula
D303,容斥-耦合竞争动态演化函数,统一函数总表/0339-D303-容斥-耦合竞争动态演化函数.md,formal_existing,D,formal_table,FUNCTION,DIRECT_SOURCE_FOUND,2026-07-11,0339-D303-容斥-耦合竞争动态演化函数.md,c71188646d476623b3181013cf01625270f6f1be,/Users/zhiyuan/我的笔记/统一函数总表/0339-D303-容斥-耦合竞争动态演化函数.md,,,repo_formalization,"M4的竞争阈值p*随pᵢ分布演化：dp*/dt=∂p*/∂n·dn/dt + ∂p*/∂(p分布)·d(p分布)/dt。pᵢ均匀增长时p*∝√n缓慢上升（容斥占优加速），pᵢ集中增长时p*快速上升（耦合占优）。改革如果只降低部分pᵢ而不改变分布形态，p*可能不动甚至下降——""部分改革""更可能失败的动态版本，D299的动态深化。 **扩展注释 / Extended Annotation**",F_{D303},contains rescue/frontmatter rewrite,placeholder domain/codomain or converged-only semantics,,NORMAL,True,True,True,prose_as_formula
D304,弱混合角-容斥约束函数,统一函数总表/0340-D304-弱混合角-容斥约束函数.md,formal_existing,D,formal_table,PROBABILISTIC_MODEL,DIRECT_SOURCE_FOUND,2026-07-11,0340-D304-弱混合角-容斥约束函数.md,c71188646d476623b3181013cf01625270f6f1be,/Users/zhiyuan/我的笔记/统一函数总表/0340-D304-弱混合角-容斥约束函数.md,,,repo_formalization,"M5的容斥主导不只约束α，还约束弱混合角θ_W：sin²θ_W≈0.23必须使弱力否决概率p_weak<p*。θ_W过大→弱力否决概率超p*→电弱统一尺度极小点消失→d=4不稳定。与D297形成""基本常数容斥约束群""——α、θ_W、Λ_CDC([D283](docs/zh/functions/items/D283.md))三者联合约束使d=4稳定。 **扩展注释 / Extended Annotation**",F_{D304},contains rescue/frontmatter rewrite,placeholder domain/codomain or converged-only semantics,,NORMAL,True,True,True,prose_as_formula
D305,维度偏离退化路径函数,统一函数总表/0341-D305-维度偏离退化路径函数.md,formal_existing,D,formal_table,FUNCTION,DIRECT_SOURCE_FOUND,2026-07-11,0341-D305-维度偏离退化路径函数.md,c71188646d476623b3181013cf01625270f6f1be,/Users/zhiyuan/我的笔记/统一函数总表/0341-D305-维度偏离退化路径函数.md,,,repo_formalization,"M6的d偏离4时退化路径分两支：d>4→新门控面pᵢ>p*→容斥主导→极小点消失→结构无法形成（""过度复杂""崩溃）；d<4→门控面不足→耦合过弱→缓冲不足→极小点虽在但极浅→小扰动即崩（""过度简单""崩溃）。两支不对称：d>4崩溃突然（容斥爆炸D302），d<4崩溃渐进（缓冲耗尽D294）。d=4是两种崩溃模式之间的鞍点。 **扩展注释 / Extended Annotation**",F_{D305},contains rescue/frontmatter rewrite,placeholder domain/codomain or converged-only semantics,,NORMAL,True,True,True,prose_as_formula
D306,去容斥条件函数,统一函数总表/0342-D306-去容斥条件函数.md,formal_existing,D,formal_table,FUNCTION,DIRECT_SOURCE_FOUND,2026-07-11,0342-D306-去容斥条件函数.md,c71188646d476623b3181013cf01625270f6f1be,/Users/zhiyuan/我的笔记/统一函数总表/0342-D306-去容斥条件函数.md,,,repo_formalization,"M7的容斥加速逆过程""去容斥""需两条件同时满足：①p_max下降速率|ḃ|>容斥加速度d²(Σpᵢpⱼ)/dt²，②p分布必须集中化（σ<σ_opt）。只满足①不满足②→容斥项基数仍大→去容斥不可持续。只满足②不满足①→p_max继续上升→容斥加速继续。[D290](docs/zh/functions/items/D290.md)""休克疗法""的精确版：休克疗法同时满足①②，温和改革通常只满足①。 **扩展注释 / Extended Annotation**",F_{D306},contains rescue/frontmatter rewrite,placeholder domain/codomain or converged-only semantics,,HIGH,True,True,True,prose_as_formula
D307,σ_opt微观起源函数,统一函数总表/0343-D307-σ_opt微观起源函数.md,formal_existing,D,formal_table,OPTIMIZATION_PROBLEM,DIRECT_SOURCE_FOUND,2026-07-11,0343-D307-σ_opt微观起源函数.md,c71188646d476623b3181013cf01625270f6f1be,/Users/zhiyuan/我的笔记/getnote-notes/_categorized_by_tag/_无标签/2026-06-16_1912914213140731096_资源分配优化函数_D307：跑步训练的σ_opt收敛路径.md,C-0657;C-0662;C-0676,,repo_formalization,原文把 `σ_opt` 明确定义为 `√e ≈ 1.65`，并把它解释成独立性与充分性的最优平衡点。 **扩展注释 / Extended Annotation**,F_{D307},contains rescue/frontmatter rewrite,placeholder domain/codomain or converged-only semantics,,HIGH,True,True,True,prose_as_formula
D308,阶段过渡滞后函数,统一函数总表/0344-D308-阶段过渡滞后函数.md,formal_existing,D,formal_table,FUNCTION,DIRECT_SOURCE_FOUND,2026-07-11,0344-D308-阶段过渡滞后函数.md,c71188646d476623b3181013cf01625270f6f1be,/Users/zhiyuan/我的笔记/统一函数总表/0344-D308-阶段过渡滞后函数.md,,,repo_formalization,"M9的阶段过渡存在滞后：从阶段2退回阶段1的条件（缓冲恢复）比从阶段1进入阶段2的条件（缓冲消耗）更严格。滞后量Δh∝|d³Φ/dμ³|——三阶导数越大滞后越大。物理相变滞后小（d³Φ/dμ³小），社会系统滞后大（路径依赖使d³Φ/dμ³大）。社会系统""改革倒退""比""改革推进""更容易——进入阶段2容易，退回阶段1难。 **扩展注释 / Extended Annotation**",F_{D308},contains rescue/frontmatter rewrite,placeholder domain/codomain or converged-only semantics,,NORMAL,True,True,True,prose_as_formula
D309,缓冲可重建性函数,统一函数总表/0345-D309-缓冲可重建性函数.md,formal_existing,D,formal_table,FUNCTION,DIRECT_SOURCE_FOUND,2026-07-11,0345-D309-缓冲可重建性函数.md,c71188646d476623b3181013cf01625270f6f1be,/Users/zhiyuan/我的笔记/统一函数总表/0345-D309-缓冲可重建性函数.md,,,repo_formalization,"M10的缓冲耗尽后可重建条件：g_eff>g_critical≈√(2ΔΦ/n)。g_eff低于此阈值时，即使p_max大幅下降，耦合强度也不足以重建缓冲——""缓冲不可逆""状态。与D295正反馈不可逆点形成双重不可逆：D295是p_max不可逆，D309是缓冲不可逆。两个不可逆点可以不同时到达——缓冲可能先于p_max进入不可逆。 **扩展注释 / Extended Annotation**",F_{D309},contains rescue/frontmatter rewrite,placeholder domain/codomain or converged-only semantics,,NORMAL,True,True,True,prose_as_formula
D31,衰减率干预函数,统一函数总表/0080-D31-衰减率干预函数.md,formal_existing,D,formal_table,FUNCTION,DIRECT_SOURCE_FOUND,2026-07-11,0080-D31-衰减率干预函数.md,c71188646d476623b3181013cf01625270f6f1be,/Users/zhiyuan/我的笔记/getnote-notes/点火/2026-06-12_1912611014220332784_点火｜函数_D31.md,,,repo_formalization,衰减率干预，锁定强度、退出成本的平衡。 **扩展注释 / Extended Annotation**,F_{D31},contains rescue/frontmatter rewrite,placeholder domain/codomain or converged-only semantics,,NORMAL,True,True,True,prose_as_formula
D310,阶段2临界宽度函数,统一函数总表/0346-D310-阶段2临界宽度函数.md,formal_existing,D,formal_table,FUNCTION,DIRECT_SOURCE_FOUND,2026-07-11,0346-D310-阶段2临界宽度函数.md,c71188646d476623b3181013cf01625270f6f1be,/Users/zhiyuan/我的笔记/统一函数总表/0346-D310-阶段2临界宽度函数.md,,,repo_formalization,M11的阶段2宽度w₂有临界下限w_min∝1/(n·ḡ)。低于此宽度时阶段2退化为相变面——系统直接从阶段1跳到阶段3，没有缓冲期。小企业（D159标注）的n小、ḡ低→w₂<w_min→直接处于阶段3。任何n·ḡ<阈值的系统都不存在缓冲期——脆弱性不是状态而是结构属性。 **扩展注释 / Extended Annotation**,F_{D310},contains rescue/frontmatter rewrite,placeholder domain/codomain or converged-only semantics,,NORMAL,True,True,True,prose_as_formula
D311,僵尸态函数,统一函数总表/0347-D311-僵尸态函数.md,formal_existing,D,formal_table,FUNCTION,DIRECT_SOURCE_FOUND,2026-07-11,0347-D311-僵尸态函数.md,c71188646d476623b3181013cf01625270f6f1be,/Users/zhiyuan/我的笔记/getnote-notes/_categorized_by_tag/untagged/2026-06-24_1913738056587412448_D层函数Y1元抽象验证报告（第24组：D311-D330）.md,,,repo_formalization,源报告把 D311 的数学表达写成 `P_survival = e^{-Φ_eff}`，并指出它描述的是“表面还在运转、实则已经失效”的僵尸态。 **扩展注释 / Extended Annotation**,F_{D311},contains rescue/frontmatter rewrite,placeholder domain/codomain or converged-only semantics,,HIGH,True,True,True,prose_as_formula
D312,正反馈噪声放大函数,统一函数总表/0348-D312-正反馈噪声放大函数.md,formal_existing,D,formal_table,FUNCTION,DIRECT_SOURCE_FOUND,2026-07-11,0348-D312-正反馈噪声放大函数.md,c71188646d476623b3181013cf01625270f6f1be,/Users/zhiyuan/我的笔记/统一函数总表/0348-D312-正反馈噪声放大函数.md,,,repo_formalization,M13的正反馈回路放大噪声：δp_max经过k轮反馈后放大为δp_max·K^k，K为反馈增益([D274](docs/zh/functions/items/D274.md))。K>1时噪声指数放大→系统对初始条件极度敏感→蝴蝶效应。K<1时噪声衰减→系统稳定。临界K=1对应D295不可逆点。K>1的系统不可预测——不是因为模型不够好，而是正反馈使噪声放大到宏观尺度。经济危机、社会动荡的不可预测性有数学根源。 **扩展注释 / Extended Annotation**,F_{D312},contains rescue/frontmatter rewrite,placeholder domain/codomain or converged-only semantics,,NORMAL,True,True,True,prose_as_formula
D313,共存稳态条件函数,统一函数总表/0349-D313-共存稳态条件函数.md,formal_existing,D,formal_table,FUNCTION,DIRECT_SOURCE_FOUND,2026-07-11,0349-D313-共存稳态条件函数.md,c71188646d476623b3181013cf01625270f6f1be,/Users/zhiyuan/我的笔记/统一函数总表/0349-D313-共存稳态条件函数.md,,,repo_formalization,"M14的良性-恶性共存([D299](docs/zh/functions/items/D299.md))能持续的条件：良性子循环的反馈增益K_benign必须大于恶性子循环的容斥加速因子α_exclusion。K_benign<α_exclusion→共存不稳定→恶性最终吞噬良性。K_benign>α_exclusion→共存稳定→良性逐步蚕食恶性。K_benign≈α_exclusion→临界共存→小扰动决定方向。[D299](docs/zh/functions/items/D299.md)""部分改革通常不够""的精确版：改革力度β([D274](docs/zh/functions/items",F_{D313},contains rescue/frontmatter rewrite,placeholder domain/codomain or converged-only semantics,,HIGH,True,True,True,prose_as_formula
D314,ΔΦ-P传导非线性阈值函数,统一函数总表/0350-D314-ΔΦ-P传导非线性阈值函数.md,formal_existing,D,formal_table,FUNCTION,DIRECT_SOURCE_FOUND,2026-07-11,0350-D314-ΔΦ-P传导非线性阈值函数.md,c71188646d476623b3181013cf01625270f6f1be,/Users/zhiyuan/我的笔记/统一函数总表/0350-D314-ΔΦ-P传导非线性阈值函数.md,,,repo_formalization,M1的ΔΦ通过P_survival=e^{-Φ}传导。ΔΦ<0.1时P变化≈ΔΦ（线性区），ΔΦ>1时P变化≈e^{-ΔΦ}（指数区），0.1<ΔΦ<1为过渡区。非线性阈值ΔΦ_c≈0.3——低于此值D158线性近似可用，高于此值必须用指数形式。与D296三级精度体系衔接：ΔΦ_c=0.3对应pᵢ≈0.5，与D260敏感度阈值一致。 **扩展注释 / Extended Annotation**,F_{D314},contains rescue/frontmatter rewrite,placeholder domain/codomain or converged-only semantics,,NORMAL,True,True,True,prose_as_formula
D315,多极小点竞争函数,统一函数总表/0351-D315-多极小点竞争函数.md,formal_existing,D,formal_table,OPTIMIZATION_PROBLEM,DIRECT_SOURCE_FOUND,2026-07-11,0351-D315-多极小点竞争函数.md,c71188646d476623b3181013cf01625270f6f1be,/Users/zhiyuan/我的笔记/统一函数总表/0351-D315-多极小点竞争函数.md,,,repo_formalization,"M2的Φ(μ)在多个门控面参数差异大时可出现多个极小点。竞争规则：全局极小点由min(Φ(μ_k))决定，但系统可能被困在局部极小点（亚稳态）。逃逸条件：热涨落或外部驱动使Φ跨越鞍点Φ_saddle。鞍点高度∝min(Δpᵢ²)——最接近的两个门控面差异越小，鞍点越低，亚稳态越易逃逸。社会改革中""次优但可到达""比""最优但需翻越鞍点""更实际。 **扩展注释 / Extended Annotation**",F_{D315},contains rescue/frontmatter rewrite,placeholder domain/codomain or converged-only semantics,,NORMAL,True,True,True,prose_as_formula
D316,容斥时间权重演化函数,统一函数总表/0352-D316-容斥时间权重演化函数.md,formal_existing,D,formal_table,FUNCTION,DIRECT_SOURCE_FOUND,2026-07-11,0352-D316-容斥时间权重演化函数.md,c71188646d476623b3181013cf01625270f6f1be,/Users/zhiyuan/我的笔记/统一函数总表/0352-D316-容斥时间权重演化函数.md,,,repo_formalization,"M3的dΦ/dt=Σᵢ αᵢ/(1-pᵢ) + Σᵢⱼ d(pᵢpⱼ)/dt。早期pᵢ小时容斥项占比≈0，中后期容斥项占比∝(Σpᵢ)²急剧上升。转折点在Σpᵢ≈0.5——此后容斥项主导dΦ/dt。社会系统""突然变坏""的数学根源：容斥项占比二次增长使衰退在后半段急剧加速。 **扩展注释 / Extended Annotation**",F_{D316},contains rescue/frontmatter rewrite,placeholder domain/codomain or converged-only semantics,,NORMAL,True,True,True,prose_as_formula
D317,p*敏感度函数,统一函数总表/0353-D317-p-敏感度函数.md,formal_existing,D,formal_table,FUNCTION,DIRECT_SOURCE_FOUND,2026-07-11,0353-D317-p-敏感度函数.md,c71188646d476623b3181013cf01625270f6f1be,/Users/zhiyuan/我的笔记/统一函数总表/0353-D317-p-敏感度函数.md,,,repo_formalization,"M4的p*对系统参数的敏感度：∂p*/∂n=p*/(2n)（弱敏感），∂p*/∂σ∝p*·(σ_opt-σ)/σ_opt²（强敏感）。p*对分布分散度σ的敏感度远高于对n的敏感度。改变分布形态（集中化）比增加门控面数n更能有效移动p*——[D306](docs/zh/functions/items/D306.md)""去容斥需同时集中分布""的敏感度论证。 **扩展注释 / Extended Annotation**",F_{D317},contains rescue/frontmatter rewrite,placeholder domain/codomain or converged-only semantics,,NORMAL,True,True,True,prose_as_formula
D318,容斥主导尺度函数,统一函数总表/0354-D318-容斥主导尺度函数.md,formal_existing,D,formal_table,FUNCTION,DIRECT_SOURCE_FOUND,2026-07-11,0354-D318-容斥主导尺度函数.md,c71188646d476623b3181013cf01625270f6f1be,/Users/zhiyuan/我的笔记/统一函数总表/0354-D318-容斥主导尺度函数.md,,,repo_formalization,M5的容斥从可忽略变主导的临界尺度μ_c由max(pᵢ(μ))=p*决定。μ<μ_c时容斥可忽略（经典物理区），μ>μ_c时容斥主导（量子引力区）。μ_c对应量子引力能标~10¹⁸ GeV。容斥主导不是渐变而是在μ_c处突变——D293阶段2→3一级相变的尺度版本。 **扩展注释 / Extended Annotation**,F_{D318},contains rescue/frontmatter rewrite,placeholder domain/codomain or converged-only semantics,,HIGH,True,True,True,prose_as_formula
D319,维度回复力函数,统一函数总表/0355-D319-维度回复力函数.md,formal_existing,D,formal_table,FUNCTION,DIRECT_SOURCE_FOUND,2026-07-11,0355-D319-维度回复力函数.md,c71188646d476623b3181013cf01625270f6f1be,/Users/zhiyuan/我的笔记/统一函数总表/0355-D319-维度回复力函数.md,,,repo_formalization,"M6的d_eff在4附近振荡时回复力F_restore∝-∂Φ/∂(d_eff)·δ(d_eff-4)。回复力系数k_restore∝Σαᵢ²/(1-pᵢ)²——与D292吸引域深度同源。k_restore在d=4处最大→d=4不仅是稳定点还是回复力最强的点。宇宙即使被扰动偏离d=4也会被""弹回来""——d=4的稳定性是动态的。 **扩展注释 / Extended Annotation**",F_{D319},contains rescue/frontmatter rewrite,placeholder domain/codomain or converged-only semantics,,NORMAL,True,True,True,prose_as_formula
D32,认知-群体犹豫域统一映射函数,统一函数总表/0081-D32-认知-群体犹豫域统一映射函数.md,formal_existing,D,formal_table,FUNCTION,DIRECT_SOURCE_FOUND,2026-07-11,0081-D32-认知-群体犹豫域统一映射函数.md,c71188646d476623b3181013cf01625270f6f1be,/Users/zhiyuan/我的笔记/getnote-notes/点火/2026-06-12_1912611016366948920_点火｜函数_D32.md,C-0114,,repo_formalization,三层退化叠加，意识、遮蔽、锁定的叠加。 **扩展注释 / Extended Annotation**,F_{D32},contains rescue/frontmatter rewrite,placeholder domain/codomain or converged-only semantics,,NORMAL,True,True,True,prose_as_formula
D320,容斥加速跨域标度函数,统一函数总表/0356-D320-容斥加速跨域标度函数.md,formal_existing,D,formal_table,FUNCTION,DIRECT_SOURCE_FOUND,2026-07-11,0356-D320-容斥加速跨域标度函数.md,c71188646d476623b3181013cf01625270f6f1be,/Users/zhiyuan/我的笔记/统一函数总表/0356-D320-容斥加速跨域标度函数.md,,,repo_formalization,M7的容斥加速度a_excl∝n²·σ²·ḡ在不同域的标度：物理n小σ小→a_excl小，生物n大σ中→a_excl中，社会n大σ大→a_excl大。a_excl(社会)/a_excl(物理)∝(n_社会/n_物理)²·(σ_社会/σ_物理)²——量级差异可达10⁶以上。社会系统容斥加速远强于物理系统。 **扩展注释 / Extended Annotation**,F_{D320},contains rescue/frontmatter rewrite,placeholder domain/codomain or converged-only semantics,,NORMAL,True,True,True,prose_as_formula
D321,d_opt-σ_opt联合演化函数,统一函数总表/0357-D321-d_opt-σ_opt联合演化函数.md,formal_existing,D,formal_table,OPTIMIZATION_PROBLEM,DIRECT_SOURCE_FOUND,2026-07-11,0357-D321-d_opt-σ_opt联合演化函数.md,c71188646d476623b3181013cf01625270f6f1be,/Users/zhiyuan/我的笔记/统一函数总表/0357-D321-d_opt-σ_opt联合演化函数.md,,,repo_formalization,"M8的d_opt漂移时σ_opt跟着动：d_opt右移（学习升级）时σ_opt先升后降——初期新门控面增加分散度，后期门控面成熟降低分散度。σ_opt响应滞后于d_opt，调整时间τ_σ∝n/ḡ。n大ḡ低的系统σ调整慢——社会系统的""最优配置""总是落后于""最优维度""。 **扩展注释 / Extended Annotation**",F_{D321},contains rescue/frontmatter rewrite,placeholder domain/codomain or converged-only semantics,,NORMAL,True,True,True,prose_as_formula
D322,周期扰动阶段响应函数,统一函数总表/0358-D322-周期扰动阶段响应函数.md,formal_existing,D,formal_table,FUNCTION,DIRECT_SOURCE_FOUND,2026-07-11,0358-D322-周期扰动阶段响应函数.md,c71188646d476623b3181013cf01625270f6f1be,/Users/zhiyuan/我的笔记/统一函数总表/0358-D322-周期扰动阶段响应函数.md,,,repo_formalization,M9的三阶段在周期扰动下的响应：低频扰动→系统跟随移动有缓冲重建时间；高频扰动→缓冲来不及响应系统不动；共振频率（周期≈τ_buffer）→缓冲被共振消耗→系统加速进入阶段3。经济周期如果与缓冲恢复时间共振，衰退会加速——不是周期本身可怕，是共振可怕。 **扩展注释 / Extended Annotation**,F_{D322},contains rescue/frontmatter rewrite,placeholder domain/codomain or converged-only semantics,,NORMAL,True,True,True,prose_as_formula
D323,缓冲重建时间函数,统一函数总表/0359-D323-缓冲重建时间函数.md,formal_existing,D,formal_table,FUNCTION,DIRECT_SOURCE_FOUND,2026-07-11,0359-D323-缓冲重建时间函数.md,c71188646d476623b3181013cf01625270f6f1be,/Users/zhiyuan/我的笔记/统一函数总表/0359-D323-缓冲重建时间函数.md,,,repo_formalization,"M10的缓冲从零重建到C_max的时间τ_rebuild∝n/(ḡ·β)。τ_rebuild>>τ_deplete——重建比消耗慢得多。比例τ_rebuild/τ_deplete∝n²·p̄/β——n越大比例越悬殊。复杂系统""毁起来快建起来慢""有精确的n²因子。 **扩展注释 / Extended Annotation**",F_{D323},contains rescue/frontmatter rewrite,placeholder domain/codomain or converged-only semantics,,HIGH,True,True,True,prose_as_formula
D324,阶段2宽度标度函数,统一函数总表/0360-D324-阶段2宽度标度函数.md,formal_existing,D,formal_table,FUNCTION,DIRECT_SOURCE_FOUND,2026-07-11,0360-D324-阶段2宽度标度函数.md,c71188646d476623b3181013cf01625270f6f1be,/Users/zhiyuan/我的笔记/统一函数总表/0360-D324-阶段2宽度标度函数.md,,,repo_formalization,"M11的w₂∝(√n-1)/(n·ḡ)。n→∞时w₂→0——门控面越多缓冲期越短。但ḡ∝√n以上增长可补偿。社会系统""改革窗口""是否关闭取决于ḡ增长能否跟上n。 **扩展注释 / Extended Annotation**",F_{D324},contains rescue/frontmatter rewrite,placeholder domain/codomain or converged-only semantics,,NORMAL,True,True,True,prose_as_formula
D325,僵尸态自修复函数,统一函数总表/0361-D325-僵尸态自修复函数.md,formal_existing,D,formal_table,PROBABILISTIC_MODEL,DIRECT_SOURCE_FOUND,2026-07-11,0361-D325-僵尸态自修复函数.md,c71188646d476623b3181013cf01625270f6f1be,/Users/zhiyuan/我的笔记/统一函数总表/0361-D325-僵尸态自修复函数.md,,,repo_formalization,M12的僵尸态中自发涨落δg_eff∝√(kT_eff/n)。涨落踢出僵尸态的概率∝e^{-n(g_critical-g_eff)²/kT_eff}——n越大概率越小。小系统可能自修复，大系统几乎不可能。组织越大越容易永久僵尸化。 **扩展注释 / Extended Annotation**,F_{D325},contains rescue/frontmatter rewrite,placeholder domain/codomain or converged-only semantics,,NORMAL,True,True,True,prose_as_formula
D326,正反馈饱和函数,统一函数总表/0362-D326-正反馈饱和函数.md,formal_existing,D,formal_table,FUNCTION,DIRECT_SOURCE_FOUND,2026-07-11,0362-D326-正反馈饱和函数.md,c71188646d476623b3181013cf01625270f6f1be,/Users/zhiyuan/我的笔记/统一函数总表/0362-D326-正反馈饱和函数.md,,,repo_formalization,M13的正反馈K^k饱和来自p_max的物理下界p_min>0。K^k有效值=K^k/(1+(K^k-1)·p_min/p_max)，K^k·p_min≈p_max时饱和。饱和后稳态p_max≈p_min·K/(K-1)。K越大稳态越低——强正反馈把p_max压到极低，但代价是D312噪声放大。D242精度-鲁棒性权衡在正反馈回路中的具体表现。 **扩展注释 / Extended Annotation**,F_{D326},contains rescue/frontmatter rewrite,placeholder domain/codomain or converged-only semantics,,NORMAL,True,True,True,prose_as_formula
D327,共存震荡函数,统一函数总表/0363-D327-共存震荡函数.md,formal_existing,D,formal_table,FUNCTION,DIRECT_SOURCE_FOUND,2026-07-11,0363-D327-共存震荡函数.md,c71188646d476623b3181013cf01625270f6f1be,/Users/zhiyuan/我的笔记/统一函数总表/0363-D327-共存震荡函数.md,,,repo_formalization,"M14的K_benign≈α_exclusion时良性恶性周期震荡：良性增长→p_max↓→容斥减弱→恶性增长→p_max↑→良性被压→恶性受限→良性再增长。震荡周期T_osc∝2π/√(K_benign·α_exclusion)，振幅∝|K_benign-α_exclusion|⁻¹/²。越接近临界振幅越大。社会系统""改革-倒退""周期震荡有数学根源。 **扩展注释 / Extended Annotation**",F_{D327},contains rescue/frontmatter rewrite,placeholder domain/codomain or converged-only semantics,,NORMAL,True,True,True,prose_as_formula
D328,ΔΦ空间异质性叠加函数,统一函数总表/0364-D328-ΔΦ空间异质性叠加函数.md,formal_existing,D,formal_table,FUNCTION,DIRECT_SOURCE_FOUND,2026-07-11,0364-D328-ΔΦ空间异质性叠加函数.md,c71188646d476623b3181013cf01625270f6f1be,/Users/zhiyuan/我的笔记/统一函数总表/0364-D328-ΔΦ空间异质性叠加函数.md,,,repo_formalization,"M1的不同门控面ΔΦᵢ差异大时，总ΔΦ由最大ΔΦ主导：ΔΦ_total≈max(ΔΦᵢ)·(1+ln(Σe^{ΔΦᵢ}/max(ΔΦᵢ)))。极端异质性下ΔΦ_total≈ΔΦ_max·(1+ln(n-1))。系统退化由最弱门控面决定——不是""平均变差""而是""最差那个拖垮全局""。与D280""先降p_max""策略一致。 **扩展注释 / Extended Annotation**",F_{D328},contains rescue/frontmatter rewrite,placeholder domain/codomain or converged-only semantics,,NORMAL,True,True,True,prose_as_formula
D329,极小点合并函数,统一函数总表/0365-D329-极小点合并函数.md,formal_existing,D,formal_table,OPTIMIZATION_PROBLEM,DIRECT_SOURCE_FOUND,2026-07-11,0365-D329-极小点合并函数.md,c71188646d476623b3181013cf01625270f6f1be,/Users/zhiyuan/我的笔记/统一函数总表/0365-D329-极小点合并函数.md,,,repo_formalization,"M2的两个极小点在门槛参数变化时可以合并。合并条件：Φ(μ_saddle)-Φ(μ₁)<δΦ_thermal。合并后系统从双稳态变为单稳态——失去""退路""。合并方向：浅极小点被深极小点吸收。社会改革中""次优方案""极小点被吸收进""最优方案""后系统失去容错空间——[D315](docs/zh/functions/items/D315.md)""次优但可到达""的消失条件。 **扩展注释 / Extended Annotation**",F_{D329},contains rescue/frontmatter rewrite,placeholder domain/codomain or converged-only semantics,,NORMAL,True,True,True,prose_as_formula
D33,三层退化叠加函数,统一函数总表/0082-D33-三层退化叠加函数.md,formal_existing,D,formal_table,FUNCTION,DIRECT_SOURCE_FOUND,2026-07-11,0082-D33-三层退化叠加函数.md,c71188646d476623b3181013cf01625270f6f1be,/Users/zhiyuan/我的笔记/getnote-notes/点火/2026-06-12_1912611018514251504_点火｜函数_D33.md,C-0115;C-0274,,repo_formalization,退化渗透路径，姿态变化、退出成本的平衡。 **扩展注释 / Extended Annotation**,F_{D33},contains rescue/frontmatter rewrite,placeholder domain/codomain or converged-only semantics,,NORMAL,True,True,True,prose_as_formula
D330,容斥关联拓扑函数,统一函数总表/0366-D330-容斥关联拓扑函数.md,formal_existing,D,formal_table,FUNCTION,DIRECT_SOURCE_FOUND,2026-07-11,0366-D330-容斥关联拓扑函数.md,c71188646d476623b3181013cf01625270f6f1be,/Users/zhiyuan/我的笔记/统一函数总表/0366-D330-容斥关联拓扑函数.md,,,repo_formalization,"M3的Σpᵢpⱼ中前k个高p门控面的容斥贡献>50%（k=3时）。容斥不是均匀分布的——集中在少数高p门控面之间。降p_max的效果不只是线性降Φ，还切断最大的容斥关联对——[D280](docs/zh/functions/items/D280.md)""先降p_max""的拓扑论证。 **扩展注释 / Extended Annotation**",F_{D330},contains rescue/frontmatter rewrite,placeholder domain/codomain or converged-only semantics,,NORMAL,True,True,True,prose_as_formula
D331,p*涨落函数,统一函数总表/0367-D331-p-涨落函数.md,formal_existing,D,formal_table,FUNCTION,DIRECT_SOURCE_FOUND,2026-07-11,0367-D331-p-涨落函数.md,c71188646d476623b3181013cf01625270f6f1be,/Users/zhiyuan/我的笔记/getnote-notes/_categorized_by_tag/untagged/2026-06-24_1913738307842498016_D层函数Y1元抽象验证报告（第25组：D331-D350）.md,,,repo_formalization,原文把 D331 写成 `δp*/p* ∝ 1/√n`，核心含义是有限样本下的统计涨落会随 `n` 增大而减弱。 **扩展注释 / Extended Annotation**,F_{D331},contains rescue/frontmatter rewrite,placeholder domain/codomain or converged-only semantics,,HIGH,True,True,True,prose_as_formula
D332,容斥-耦合不可逆函数,统一函数总表/0368-D332-容斥-耦合不可逆函数.md,formal_existing,D,formal_table,FUNCTION,DIRECT_SOURCE_FOUND,2026-07-11,0368-D332-容斥-耦合不可逆函数.md,c71188646d476623b3181013cf01625270f6f1be,/Users/zhiyuan/我的笔记/统一函数总表/0368-D332-容斥-耦合不可逆函数.md,,,repo_formalization,M5的容斥主导区一旦进入，退回需要p*上升，但系统崩溃方向使p*下降→退回条件与动态方向相反。容斥主导是自锁的。与D295(p_max不可逆)、[D309](docs/zh/functions/items/D309.md)(缓冲不可逆)形成三级不可逆：p_max→缓冲→容斥主导，逐层加深的不可逆结构。 **扩展注释 / Extended Annotation**,F_{D332},contains rescue/frontmatter rewrite,placeholder domain/codomain or converged-only semantics,,NORMAL,True,True,True,prose_as_formula
D333,维度回复阻尼函数,统一函数总表/0369-D333-维度回复阻尼函数.md,formal_existing,D,formal_table,FUNCTION,DIRECT_SOURCE_FOUND,2026-07-11,0369-D333-维度回复阻尼函数.md,c71188646d476623b3181013cf01625270f6f1be,/Users/zhiyuan/我的笔记/统一函数总表/0369-D333-维度回复阻尼函数.md,,,repo_formalization,M6的d_eff在4附近振荡时阻尼γ∝Σαᵢ/(1-pᵢ)²。γ>0衰减→d=4稳定吸引子；γ<0发散→不稳定；γ=0持续振荡。物理系统γ>>0（强阻尼），社会系统γ≈0（弱阻尼，长期振荡）。宇宙d=4不是恰好卡在4，而是衰减振荡后停在4。 **扩展注释 / Extended Annotation**,F_{D333},contains rescue/frontmatter rewrite,placeholder domain/codomain or converged-only semantics,,NORMAL,True,True,True,prose_as_formula
D334,容斥加速饱和函数,统一函数总表/0370-D334-容斥加速饱和函数.md,formal_existing,D,formal_table,FUNCTION,DIRECT_SOURCE_FOUND,2026-07-11,0370-D334-容斥加速饱和函数.md,c71188646d476623b3181013cf01625270f6f1be,/Users/zhiyuan/我的笔记/统一函数总表/0370-D334-容斥加速饱和函数.md,,,repo_formalization,"M7的a_excl有上界∝n²·σ²/(4·p_min)，但系统在达到理论饱和前已进入D332容斥主导不可逆→崩溃。容斥加速的""理论极限""没有实际意义——系统先死到那儿。 **扩展注释 / Extended Annotation**",F_{D334},contains rescue/frontmatter rewrite,placeholder domain/codomain or converged-only semantics,,NORMAL,True,True,True,prose_as_formula
D335,d_opt-σ_opt平衡稳定性函数,统一函数总表/0371-D335-d_opt-σ_opt平衡稳定性函数.md,formal_existing,D,formal_table,OPTIMIZATION_PROBLEM,DIRECT_SOURCE_FOUND,2026-07-11,0371-D335-d_opt-σ_opt平衡稳定性函数.md,c71188646d476623b3181013cf01625270f6f1be,/Users/zhiyuan/我的笔记/统一函数总表/0371-D335-d_opt-σ_opt平衡稳定性函数.md,,,repo_formalization,"M8的(d_opt,σ_opt)平衡点在σ<σ_opt时稳定，σ>σ_opt时不稳定——过分散的系统无法自发回到最优配置。σ>σ_opt的恢复需要外部干预（[D306](docs/zh/functions/items/D306.md)）。社会系统一旦过度分化，自发回归不可能。 **扩展注释 / Extended Annotation**",F_{D335},contains rescue/frontmatter rewrite,placeholder domain/codomain or converged-only semantics,,NORMAL,True,True,True,prose_as_formula
D336,多频叠加阶段响应函数,统一函数总表/0372-D336-多频叠加阶段响应函数.md,formal_existing,D,formal_table,FUNCTION,DIRECT_SOURCE_FOUND,2026-07-11,0372-D336-多频叠加阶段响应函数.md,c71188646d476623b3181013cf01625270f6f1be,/Users/zhiyuan/我的笔记/统一函数总表/0372-D336-多频叠加阶段响应函数.md,,,repo_formalization,M9的多频扰动叠加：低频+高频时高频被缓冲过滤，低频驱动过渡。但两个接近共振的频率产生拍频，拍频周期≈τ_buffer时产生二次共振——比单频共振更强的消耗。经济系统短周期+长周期的拍频可能产生超常衰退。 **扩展注释 / Extended Annotation**,F_{D336},contains rescue/frontmatter rewrite,placeholder domain/codomain or converged-only semantics,,NORMAL,True,True,True,prose_as_formula
D337,缓冲部分重建效率函数,统一函数总表/0373-D337-缓冲部分重建效率函数.md,formal_existing,D,formal_table,FUNCTION,DIRECT_SOURCE_FOUND,2026-07-11,0373-D337-缓冲部分重建效率函数.md,c71188646d476623b3181013cf01625270f6f1be,/Users/zhiyuan/我的笔记/统一函数总表/0373-D337-缓冲部分重建效率函数.md,,,repo_formalization,"M10的缓冲从C₁到C₂的效率η∝(C₂-C₁)/(C_max-C₁)·ḡ·β。离C_max越近每单位重建越难。改革初期见效快（缓冲从0到C₁容易），后期见效慢——""容易的先做完""有数学根源。 **扩展注释 / Extended Annotation**",F_{D337},contains rescue/frontmatter rewrite,placeholder domain/codomain or converged-only semantics,,NORMAL,True,True,True,prose_as_formula
D338,阶段2宽度-温度函数,统一函数总表/0374-D338-阶段2宽度-温度函数.md,formal_existing,D,formal_table,FUNCTION,DIRECT_SOURCE_FOUND,2026-07-11,0374-D338-阶段2宽度-温度函数.md,c71188646d476623b3181013cf01625270f6f1be,/Users/zhiyuan/我的笔记/统一函数总表/0374-D338-阶段2宽度-温度函数.md,,,repo_formalization,"M11的w₂随T_eff升高而展宽：w₂(T)∝w₂(0)·(1+kT_eff/Φ_min)。高温使阶段边界模糊→缓冲期延长，但缓冲质量降低→更宽但更薄的缓冲。社会""流动性高""→改革窗口更宽但缓冲更弱→看似灵活实则脆弱。 **扩展注释 / Extended Annotation**",F_{D338},contains rescue/frontmatter rewrite,placeholder domain/codomain or converged-only semantics,,NORMAL,True,True,True,prose_as_formula
D339,僵尸态救援函数,统一函数总表/0375-D339-僵尸态救援函数.md,formal_existing,D,formal_table,FUNCTION,DIRECT_SOURCE_FOUND,2026-07-11,0375-D339-僵尸态救援函数.md,c71188646d476623b3181013cf01625270f6f1be,/Users/zhiyuan/我的笔记/统一函数总表/0375-D339-僵尸态救援函数.md,,,repo_formalization,M12的僵尸态外部救援最小力度F_rescue∝n·(g_critical-g_eff)²。n越大需要救援力度越大。但F_rescue存在上限F_max∝n·ḡ——超过此力度干预本身造成新伤害（D312噪声放大）。F_rescue>F_max时僵尸态不可救——组织太大且g_eff太低时，任何干预要么不够要么造成附带损伤。 **扩展注释 / Extended Annotation**,F_{D339},contains rescue/frontmatter rewrite,placeholder domain/codomain or converged-only semantics,,NORMAL,True,True,True,prose_as_formula
D34,充分条件三层函数,统一函数总表/0083-D34-充分条件三层函数.md,formal_existing,D,formal_table,FUNCTION,DIRECT_SOURCE_FOUND,2026-07-11,0083-D34-充分条件三层函数.md,c71188646d476623b3181013cf01625270f6f1be,/Users/zhiyuan/我的笔记/getnote-notes/点火/2026-06-12_1912611020661210864_点火｜函数_D34.md,C-0001;C-0163,,repo_formalization,点火充要条件，五因子乘法。 **扩展注释 / Extended Annotation**,F_{D34},contains rescue/frontmatter rewrite,placeholder domain/codomain or converged-only semantics,,NORMAL,True,True,True,prose_as_formula
D340,正反馈饱和后振荡函数,统一函数总表/0376-D340-正反馈饱和后振荡函数.md,formal_existing,D,formal_table,FUNCTION,DIRECT_SOURCE_FOUND,2026-07-11,0376-D340-正反馈饱和后振荡函数.md,c71188646d476623b3181013cf01625270f6f1be,/Users/zhiyuan/我的笔记/统一函数总表/0376-D340-正反馈饱和后振荡函数.md,,,repo_formalization,M13的K^k饱和后p_max在稳态附近振荡，振幅∝√(p_min·p_ss)/n，频率∝ḡ。K越大稳态越低但振荡越剧烈——强正反馈的精度和抖动之间的权衡。n大时振幅小→大系统饱和后平稳，n小时大幅波动。 **扩展注释 / Extended Annotation**,F_{D340},contains rescue/frontmatter rewrite,placeholder domain/codomain or converged-only semantics,,NORMAL,True,True,True,prose_as_formula
D341,共存震荡阻尼函数,统一函数总表/0377-D341-共存震荡阻尼函数.md,formal_existing,D,formal_table,FUNCTION,DIRECT_SOURCE_FOUND,2026-07-11,0377-D341-共存震荡阻尼函数.md,c71188646d476623b3181013cf01625270f6f1be,/Users/zhiyuan/我的笔记/统一函数总表/0377-D341-共存震荡阻尼函数.md,,,repo_formalization,M14的共存震荡阻尼∝|K_benign-α_exclusion|——偏离临界越远阻尼越大。临界处阻尼为零→持续震荡不衰减，每次震荡有随机偏移，最终随机漂移到良性或恶性方向。改革力量和保守力量势均力敌时最不稳定——不是静止而是持续震荡。 **扩展注释 / Extended Annotation**,F_{D341},contains rescue/frontmatter rewrite,placeholder domain/codomain or converged-only semantics,,NORMAL,True,True,True,prose_as_formula
D342,ΔΦ时间累积函数,统一函数总表/0378-D342-ΔΦ时间累积函数.md,formal_existing,D,formal_table,FUNCTION,DIRECT_SOURCE_FOUND,2026-07-11,0378-D342-ΔΦ时间累积函数.md,c71188646d476623b3181013cf01625270f6f1be,/Users/zhiyuan/我的笔记/统一函数总表/0378-D342-ΔΦ时间累积函数.md,,,repo_formalization,"M1的多轮ΔΦ叠加：容斥凸性([D266](docs/zh/functions/items/D266.md))使正ΔΦ权重>负ΔΦ权重，即使正负抵消均值零，累积效果仍为正。E[ΣΔΦᵢ] = ΣE[ΔΦᵢ] + ΣVar(ΔΦᵢ)/2 > ΣE[ΔΦᵢ]。容斥凸性使波动本身产生正向漂移——""折腾""本身就有害，不管方向。D266的动态版本。 **扩展注释 / Extended Annotation**",F_{D342},contains rescue/frontmatter rewrite,placeholder domain/codomain or converged-only semantics,,NORMAL,True,True,True,prose_as_formula
D343,极小点消失遗迹函数,统一函数总表/0379-D343-极小点消失遗迹函数.md,formal_existing,D,formal_table,FUNCTION,DIRECT_SOURCE_FOUND,2026-07-11,0379-D343-极小点消失遗迹函数.md,c71188646d476623b3181013cf01625270f6f1be,/Users/zhiyuan/我的笔记/统一函数总表/0379-D343-极小点消失遗迹函数.md,,,repo_formalization,"M2的极小点消失后Φ(μ)保留拐点。系统经过拐点时速度减慢（dμ/dt∝1/|d²Φ/dμ²|，拐点处极小）。""曾经的稳定状态""消失后，系统经过该位置时仍会短暂减速——旧秩序的""幽灵""效应。 **扩展注释 / Extended Annotation**",F_{D343},contains rescue/frontmatter rewrite,placeholder domain/codomain or converged-only semantics,,NORMAL,True,True,True,prose_as_formula
D344,容斥关联动态函数,统一函数总表/0380-D344-容斥关联动态函数.md,formal_existing,D,formal_table,FUNCTION,DIRECT_SOURCE_FOUND,2026-07-11,0380-D344-容斥关联动态函数.md,c71188646d476623b3181013cf01625270f6f1be,/Users/zhiyuan/我的笔记/统一函数总表/0380-D344-容斥关联动态函数.md,,,repo_formalization,M3的容斥关联从局部到全局的演化：关联范围∝max(pᵢ)/p̄。早期只有相邻门控面关联（局部），后期所有高p门控面关联（全局）。p_max/p̄超过阈值时容斥从局部问题变成全局问题——D328的动态版本。 **扩展注释 / Extended Annotation**,F_{D344},contains rescue/frontmatter rewrite,placeholder domain/codomain or converged-only semantics,,NORMAL,True,True,True,prose_as_formula
D345,p*涨落-噪声耦合函数,统一函数总表/0381-D345-p-涨落-噪声耦合函数.md,formal_existing,D,formal_table,FUNCTION,DIRECT_SOURCE_FOUND,2026-07-11,0381-D345-p-涨落-噪声耦合函数.md,c71188646d476623b3181013cf01625270f6f1be,/Users/zhiyuan/我的笔记/统一函数总表/0381-D345-p-涨落-噪声耦合函数.md,,,repo_formalization,M4的p*涨落被M13正反馈放大：δp*_amplified = δp*·K^k/(1+(K^k-1)·p_min/p*)。K>1时竞争阈值不确定→系统在容斥主导和耦合主导之间随机切换。正反馈使容斥-耦合竞争的随机性放大——即使参数在耦合主导区也可能因涨落被踢进容斥主导区。 **扩展注释 / Extended Annotation**,F_{D345},contains rescue/frontmatter rewrite,placeholder domain/codomain or converged-only semantics,,NORMAL,True,True,True,prose_as_formula
D346,容斥主导区内部结构函数,统一函数总表/0382-D346-容斥主导区内部结构函数.md,formal_existing,D,formal_table,FUNCTION,DIRECT_SOURCE_FOUND,2026-07-11,0382-D346-容斥主导区内部结构函数.md,c71188646d476623b3181013cf01625270f6f1be,/Users/zhiyuan/我的笔记/统一函数总表/0382-D346-容斥主导区内部结构函数.md,,,repo_formalization,M5的容斥主导区有子结构：弱容斥主导（容斥占比50-70%，还有部分缓冲）vs强容斥主导（占比>90%，缓冲完全无效）。弱→强渐变，但D288有限时间崩溃在强容斥区加速。干预在弱容斥主导区还有可能，强容斥主导区无望。 **扩展注释 / Extended Annotation**,F_{D346},contains rescue/frontmatter rewrite,placeholder domain/codomain or converged-only semantics,,NORMAL,True,True,True,prose_as_formula
D347,维度回复非线性函数,统一函数总表/0383-D347-维度回复非线性函数.md,formal_existing,D,formal_table,FUNCTION,DIRECT_SOURCE_FOUND,2026-07-11,0383-D347-维度回复非线性函数.md,c71188646d476623b3181013cf01625270f6f1be,/Users/zhiyuan/我的笔记/统一函数总表/0383-D347-维度回复非线性函数.md,,,repo_formalization,M6的d_eff偏离4较大时回复力非线性：F_restore∝-k·δ·(1+δ²/δ_c²)。δ>δ_c时回复力减弱——偏离太远弹不回来。δ_c∝1/√(Σαᵢ²/(1-pᵢ)²)——门控面越均匀线性区越宽，越不均匀越窄。不均匀系统的d=4稳定性是脆弱的——小扰动能弹回来，大扰动弹不回来。 **扩展注释 / Extended Annotation**,F_{D347},contains rescue/frontmatter rewrite,placeholder domain/codomain or converged-only semantics,,NORMAL,True,True,True,prose_as_formula
D348,容斥加速-时间权重联合函数,统一函数总表/0384-D348-容斥加速-时间权重联合函数.md,formal_existing,D,formal_table,FUNCTION,DIRECT_SOURCE_FOUND,2026-07-11,0384-D348-容斥加速-时间权重联合函数.md,c71188646d476623b3181013cf01625270f6f1be,/Users/zhiyuan/我的笔记/统一函数总表/0384-D348-容斥加速-时间权重联合函数.md,,,repo_formalization,"M7的容斥加速使D316转折点提前：无加速时Σpᵢ≈0.5容斥主导，有加速时转折提前到Σpᵢ≈0.5/(1+a_excl·τ)。加速越强转折越早——""突然变坏""来得更早。a_excl∝n²使高n系统转折大幅提前——复杂系统不仅""变坏更快""而且""变坏更早""。双重加速：更早+更快。 **扩展注释 / Extended Annotation**",F_{D348},contains rescue/frontmatter rewrite,placeholder domain/codomain or converged-only semantics,,NORMAL,True,True,True,prose_as_formula
D349,过分散相图函数,统一函数总表/0385-D349-过分散相图函数.md,formal_existing,D,formal_table,FUNCTION,DIRECT_SOURCE_FOUND,2026-07-11,0385-D349-过分散相图函数.md,c71188646d476623b3181013cf01625270f6f1be,/Users/zhiyuan/我的笔记/统一函数总表/0385-D349-过分散相图函数.md,,,repo_formalization,"M8的σ>σ_opt时系统进入""维度饥渴""状态——需要更多维度补偿分散度但d不能无限增长。维度饥渴的结局：要么外部增加d（学习/改革），要么内部崩溃（Φ持续增长）。社会分化过度需要更多元化但做不到→僵局。 **扩展注释 / Extended Annotation**",F_{D349},contains rescue/frontmatter rewrite,placeholder domain/codomain or converged-only semantics,,NORMAL,True,True,True,prose_as_formula
D35,乘法对称变换展开函数 / multiplicative symmetry transform展开函数,统一函数总表/0084-D35-乘法对称变换展开函数.md,formal_existing,D,formal_table,FUNCTION,DIRECT_SOURCE_FOUND,2026-07-11,0084-D35-乘法对称变换展开函数.md,c71188646d476623b3181013cf01625270f6f1be,/Users/zhiyuan/我的笔记/getnote-notes/点火/2026-06-12_1912611022809218800_点火｜函数_D35.md,C-0117,,repo_formalization,乘法对称变换展开。 **扩展注释 / Extended Annotation**,F_{D35},contains rescue/frontmatter rewrite,placeholder domain/codomain or converged-only semantics,,NORMAL,True,True,True,prose_as_formula
D350,阶段过渡不可逆标记函数,统一函数总表/0386-D350-阶段过渡不可逆标记函数.md,formal_existing,D,formal_table,FUNCTION,DIRECT_SOURCE_FOUND,2026-07-11,0386-D350-阶段过渡不可逆标记函数.md,c71188646d476623b3181013cf01625270f6f1be,/Users/zhiyuan/我的笔记/统一函数总表/0386-D350-阶段过渡不可逆标记函数.md,,,repo_formalization,M9的阶段2→3后能否退回取决于C_consumed/C_max > η_irreversible ≈ 1-1/n。n大时η接近1（大系统有回旋余地），n小时η小（小系统缓冲薄）。但D323重建时间∝n²使大系统理论可逆但实际重建太慢——理论可逆与实际可逆的差距随n²增长。 **扩展注释 / Extended Annotation**,F_{D350},contains rescue/frontmatter rewrite,placeholder domain/codomain or converged-only semantics,,NORMAL,True,True,True,prose_as_formula
D351,缓冲关联结构函数,统一函数总表/0387-D351-缓冲关联结构函数.md,formal_existing,D,formal_table,FUNCTION,DIRECT_SOURCE_FOUND,2026-07-11,0387-D351-缓冲关联结构函数.md,c71188646d476623b3181013cf01625270f6f1be,/Users/zhiyuan/我的笔记/getnote-notes/_categorized_by_tag/untagged/2026-06-24_1913738453873460192_D层函数Y1元抽象验证报告（第26组：D351-D370）.md,,,repo_formalization,原文把 D351 写成 `溢出系数 ∝ ḡ`，说明耦合越强，缓冲越容易从高 p 门控面溢出到低 p 门控面。 **扩展注释 / Extended Annotation**,F_{D351},contains rescue/frontmatter rewrite,placeholder domain/codomain or converged-only semantics,,HIGH,True,True,True,prose_as_formula
D352,阶段2宽度-共振频率函数,统一函数总表/0388-D352-阶段2宽度-共振频率函数.md,formal_existing,D,formal_table,FUNCTION,DIRECT_SOURCE_FOUND,2026-07-11,0388-D352-阶段2宽度-共振频率函数.md,c71188646d476623b3181013cf01625270f6f1be,/Users/zhiyuan/我的笔记/统一函数总表/0388-D352-阶段2宽度-共振频率函数.md,,,repo_formalization,"M11的w₂决定共振频率ω_resonance∝1/w₂。窄缓冲区→高频共振。w₂缩窄（[D324](docs/zh/functions/items/D324.md) n增大）使系统从""怕低频共振""变成""怕高频共振""——复杂系统的脆弱频率随复杂度上移。 **扩展注释 / Extended Annotation**",F_{D352},contains rescue/frontmatter rewrite,placeholder domain/codomain or converged-only semantics,,NORMAL,True,True,True,prose_as_formula
D353,僵尸态传染函数,统一函数总表/0389-D353-僵尸态传染函数.md,formal_existing,D,formal_table,FUNCTION,DIRECT_SOURCE_FOUND,2026-07-11,0389-D353-僵尸态传染函数.md,c71188646d476623b3181013cf01625270f6f1be,/Users/zhiyuan/我的笔记/统一函数总表/0389-D353-僵尸态传染函数.md,,,repo_formalization,M12的子系统僵尸化通过g_eff耦合传染：传染速度∝ḡ/n。临界条件：僵尸化子系统数>n/2时总g_eff<g_critical→全局僵尸化。组织超过一半部门僵尸化后全局不可逆——D339的传染版本。 **扩展注释 / Extended Annotation**,F_{D353},contains rescue/frontmatter rewrite,placeholder domain/codomain or converged-only semantics,,NORMAL,True,True,True,prose_as_formula
D354,正反馈延迟函数,统一函数总表/0390-D354-正反馈延迟函数.md,formal_existing,D,formal_table,FUNCTION,DIRECT_SOURCE_FOUND,2026-07-11,0390-D354-正反馈延迟函数.md,c71188646d476623b3181013cf01625270f6f1be,/Users/zhiyuan/我的笔记/统一函数总表/0390-D354-正反馈延迟函数.md,,,repo_formalization,M13的正反馈有延迟τ_delay时，频率ω=π/τ_delay处正反馈变负反馈。延迟足够大时系统自激振荡。自激振荡条件：K·τ_delay>1。政策反馈延迟过大时本意正反馈的改革变成振荡——每次纠偏都矫枉过正→来回摆。 **扩展注释 / Extended Annotation**,F_{D354},contains rescue/frontmatter rewrite,placeholder domain/codomain or converged-only semantics,,NORMAL,True,True,True,prose_as_formula
D355,共存震荡分支函数,统一函数总表/0391-D355-共存震荡分支函数.md,formal_existing,D,formal_table,FUNCTION,DIRECT_SOURCE_FOUND,2026-07-11,0391-D355-共存震荡分支函数.md,c71188646d476623b3181013cf01625270f6f1be,/Users/zhiyuan/我的笔记/统一函数总表/0391-D355-共存震荡分支函数.md,,,repo_formalization,M14的共存震荡中随机偏移δK∝√(kT_eff)·T_osc。偏移累积为随机游走，最终方向由累积符号决定。预期决定时间T_decision∝(ΔK/δK)²·T_osc——初始偏置越大决定越快，ΔK≈0时可能长期震荡。改革派和保守派差距越小僵局持续越久——随机游走到达边界的时间。 **扩展注释 / Extended Annotation**,F_{D355},contains rescue/frontmatter rewrite,placeholder domain/codomain or converged-only semantics,,NORMAL,True,True,True,prose_as_formula
D356,ΔΦ时空关联函数,统一函数总表/0392-D356-ΔΦ时空关联函数.md,formal_existing,D,formal_table,FUNCTION,DIRECT_SOURCE_FOUND,2026-07-11,0392-D356-ΔΦ时空关联函数.md,c71188646d476623b3181013cf01625270f6f1be,/Users/zhiyuan/我的笔记/统一函数总表/0392-D356-ΔΦ时空关联函数.md,,,repo_formalization,"M1的不同门控面ΔΦ的时间交叉相关∝pᵢpⱼ·e^{-τ/τ_relax}。容斥项使高p门控面之间有正交叉相关。一个门控面恶化预测其他门控面随后恶化——""坏消息成群来""的数学根源不是运气差而是容斥交叉相关。 **扩展注释 / Extended Annotation**",F_{D356},contains rescue/frontmatter rewrite,placeholder domain/codomain or converged-only semantics,,NORMAL,True,True,True,prose_as_formula
D357,极小点复活函数,统一函数总表/0393-D357-极小点复活函数.md,formal_existing,D,formal_table,FUNCTION,DIRECT_SOURCE_FOUND,2026-07-11,0393-D357-极小点复活函数.md,c71188646d476623b3181013cf01625270f6f1be,/Users/zhiyuan/我的笔记/统一函数总表/0393-D357-极小点复活函数.md,,,repo_formalization,"M2的拐点重新变成极小点需要至少一个pᵢ下降使容斥项减小。复活需要的pᵢ下降量Δp_rescue∝Φ(拐点)/n。极小点复活比维持极小点困难得多——D264良性循环启动阈值的几何版本。旧秩序""复兴""需要比维持旧秩序更大的努力——复兴不是恢复而是重建。 **扩展注释 / Extended Annotation**",F_{D357},contains rescue/frontmatter rewrite,placeholder domain/codomain or converged-only semantics,,NORMAL,True,True,True,prose_as_formula
D358,容斥关联对称性破缺函数,统一函数总表/0394-D358-容斥关联对称性破缺函数.md,formal_existing,D,formal_table,FUNCTION,DIRECT_SOURCE_FOUND,2026-07-11,0394-D358-容斥关联对称性破缺函数.md,c71188646d476623b3181013cf01625270f6f1be,/Users/zhiyuan/我的笔记/统一函数总表/0394-D358-容斥关联对称性破缺函数.md,,,repo_formalization,"M3的(i,j)和(j,i)在pᵢ≠pⱼ时贡献不同：低p门控面受高p门控面影响大，高p受低p影响小。容斥关联的不对称性是阶层固化的数学机制之一——弱者受强者的容斥影响远大于强者受弱者。 **扩展注释 / Extended Annotation**",F_{D358},contains rescue/frontmatter rewrite,placeholder domain/codomain or converged-only semantics,,NORMAL,True,True,True,prose_as_formula
D359,p*放大涨落-有限n联合函数,统一函数总表/0395-D359-p-放大涨落-有限n联合函数.md,formal_existing,D,formal_table,FUNCTION,DIRECT_SOURCE_FOUND,2026-07-11,0395-D359-p-放大涨落-有限n联合函数.md,c71188646d476623b3181013cf01625270f6f1be,/Users/zhiyuan/我的笔记/统一函数总表/0395-D359-p-放大涨落-有限n联合函数.md,,,repo_formalization,M4的p*放大涨落对有限n系统：K^k>√n时放大后涨落超过p*→竞争结果完全随机。临界K_c=√n。n越大临界K越大（大系统更耐受正反馈放大），但一旦超过临界崩溃更彻底。小系统先乱但乱得有限，大系统后乱但乱得致命。 **扩展注释 / Extended Annotation**,F_{D359},contains rescue/frontmatter rewrite,placeholder domain/codomain or converged-only semantics,,NORMAL,True,True,True,prose_as_formula
D36,逆Weibull寿命验证函数,统一函数总表/0085-D36-逆Weibull寿命验证函数.md,formal_existing,D,formal_table,FUNCTION,DIRECT_SOURCE_FOUND,2026-07-11,0085-D36-逆Weibull寿命验证函数.md,c71188646d476623b3181013cf01625270f6f1be,/Users/zhiyuan/我的笔记/getnote-notes/点火/2026-06-12_1912611034619854576_点火｜函数_D36.md,C-0003;C-0118;C-0277,,repo_formalization,逆Weibull寿命验证，系统β值由基础β和锁定强度决定。 **扩展注释 / Extended Annotation**,F_{D36},contains rescue/frontmatter rewrite,placeholder domain/codomain or converged-only semantics,,HIGH,True,True,True,prose_as_formula
D360,弱容斥-不可逆边界函数,统一函数总表/0396-D360-弱容斥-不可逆边界函数.md,formal_existing,D,formal_table,FUNCTION,DIRECT_SOURCE_FOUND,2026-07-11,0396-D360-弱容斥-不可逆边界函数.md,c71188646d476623b3181013cf01625270f6f1be,/Users/zhiyuan/我的笔记/统一函数总表/0396-D360-弱容斥-不可逆边界函数.md,,,repo_formalization,"M5的弱容斥主导区是否在不可逆线之前取决于n。n小时弱容斥=不可逆（无窗口），n大时有""容斥主导但还可逆""窗口，宽度∝(√n-1)/n∝[D310](docs/zh/functions/items/D310.md)。大系统有""容斥主导但还有救""的窗口，小系统没有。 **扩展注释 / Extended Annotation**",F_{D360},contains rescue/frontmatter rewrite,placeholder domain/codomain or converged-only semantics,,NORMAL,True,True,True,prose_as_formula
D361,维度回复非线性-阻尼联合函数,统一函数总表/0397-D361-维度回复非线性-阻尼联合函数.md,formal_existing,D,formal_table,FUNCTION,DIRECT_SOURCE_FOUND,2026-07-11,0397-D361-维度回复非线性-阻尼联合函数.md,c71188646d476623b3181013cf01625270f6f1be,/Users/zhiyuan/我的笔记/统一函数总表/0397-D361-维度回复非线性-阻尼联合函数.md,,,repo_formalization,"M6的大偏离使阻尼也非线性：γ_eff = γ₀·(1-δ²/δ_c²)。δ→δ_c时γ_eff→0→振荡加剧→偏离更大→正反馈。δ_c是维度回复的""不归点""——与D295 p_max不可逆点同构。 **扩展注释 / Extended Annotation**",F_{D361},contains rescue/frontmatter rewrite,placeholder domain/codomain or converged-only semantics,,HIGH,True,True,True,prose_as_formula
D362,容斥加速-波动累积联合函数,统一函数总表/0398-D362-容斥加速-波动累积联合函数.md,formal_existing,D,formal_table,FUNCTION,DIRECT_SOURCE_FOUND,2026-07-11,0398-D362-容斥加速-波动累积联合函数.md,c71188646d476623b3181013cf01625270f6f1be,/Users/zhiyuan/我的笔记/统一函数总表/0398-D362-容斥加速-波动累积联合函数.md,,,repo_formalization,"M7的容斥加速放大D342波动累积：E[ΣΔΦ]_accelerated = ΣE[ΔΦᵢ] + ΣVar(ΔΦᵢ)·(1+a_excl·τ)/2。容斥加速不只加速均值增长还加速波动累积——""折腾更有害""在加速环境下被放大。 **扩展注释 / Extended Annotation**",F_{D362},contains rescue/frontmatter rewrite,placeholder domain/codomain or converged-only semantics,,HIGH,True,True,True,prose_as_formula
D363,维度饥渴感知函数,统一函数总表/0399-D363-维度饥渴感知函数.md,formal_existing,D,formal_table,FUNCTION,DIRECT_SOURCE_FOUND,2026-07-11,0399-D363-维度饥渴感知函数.md,c71188646d476623b3181013cf01625270f6f1be,/Users/zhiyuan/我的笔记/统一函数总表/0399-D363-维度饥渴感知函数.md,,,repo_formalization,M8的维度饥渴感知信号：超额Φ增长率Δ(dΦ/dt)∝(σ-σ_opt)²·ḡ。感知到饥渴到响应之间有延迟τ_σ∝n/ḡ。大系统感知慢响应也慢→维度饥渴持续时间∝n²/ḡ²。 **扩展注释 / Extended Annotation**,F_{D363},contains rescue/frontmatter rewrite,placeholder domain/codomain or converged-only semantics,,HIGH,True,True,True,prose_as_formula
D364,实际不可逆判据函数,统一函数总表/0400-D364-实际不可逆判据函数.md,formal_existing,D,formal_table,FUNCTION,DIRECT_SOURCE_FOUND,2026-07-11,0400-D364-实际不可逆判据函数.md,c71188646d476623b3181013cf01625270f6f1be,/Users/zhiyuan/我的笔记/统一函数总表/0400-D364-实际不可逆判据函数.md,,,repo_formalization,M9的实际不可逆=理论可逆但重建时间超过剩余寿命：τ_rebuild > T_remaining。条件：n²·p̄/β > 1/(Σαᵢ)——n大p̄高β低时几乎必然实际不可逆。大系统高负担弱改革的组合=实际不可逆。 **扩展注释 / Extended Annotation**,F_{D364},contains rescue/frontmatter rewrite,placeholder domain/codomain or converged-only semantics,,HIGH,True,True,True,prose_as_formula
D365,缓冲溢出方向函数,统一函数总表/0401-D365-缓冲溢出方向函数.md,formal_existing,D,formal_table,FUNCTION,DIRECT_SOURCE_FOUND,2026-07-11,0401-D365-缓冲溢出方向函数.md,c71188646d476623b3181013cf01625270f6f1be,/Users/zhiyuan/我的笔记/统一函数总表/0401-D365-缓冲溢出方向函数.md,,,repo_formalization,"M10的缓冲消耗溢出方向不对称：高p→低p方向溢出强，反向弱∝1/p_max。核心部门出问题冲击全局，边缘部门影响有限——组织""核心-边缘""不对称性的数学根源。 **扩展注释 / Extended Annotation**",F_{D365},contains rescue/frontmatter rewrite,placeholder domain/codomain or converged-only semantics,,HIGH,True,True,True,prose_as_formula
D366,共振频率-消耗效率函数,统一函数总表/0402-D366-共振频率-消耗效率函数.md,formal_existing,D,formal_table,FUNCTION,DIRECT_SOURCE_FOUND,2026-07-11,0402-D366-共振频率-消耗效率函数.md,c71188646d476623b3181013cf01625270f6f1be,/Users/zhiyuan/我的笔记/统一函数总表/0402-D366-共振频率-消耗效率函数.md,,,repo_formalization,M11的高频共振消耗效率低于低频（表面消耗vs均匀消耗），但高频更难被缓冲过滤→穿透力强。快速冲击每次伤害不大但无法被缓冲挡住——慢性消耗比急性冲击更难防御。 **扩展注释 / Extended Annotation**,F_{D366},contains rescue/frontmatter rewrite,placeholder domain/codomain or converged-only semantics,,HIGH,True,True,True,prose_as_formula
D367,僵尸态传染免疫函数,统一函数总表/0403-D367-僵尸态传染免疫函数.md,formal_existing,D,formal_table,FUNCTION,DIRECT_SOURCE_FOUND,2026-07-11,0403-D367-僵尸态传染免疫函数.md,c71188646d476623b3181013cf01625270f6f1be,/Users/zhiyuan/我的笔记/统一函数总表/0403-D367-僵尸态传染免疫函数.md,,,repo_formalization,"M12的免疫裕度Δg_i = g_eff(i) - g_critical。Δg_i > δg_spread时免疫。但D351溢出使免疫子系统也被消耗→免疫不是永久的。组织中""健康部门""不能独善其身——溢出最终消耗免疫裕度。 **扩展注释 / Extended Annotation**",F_{D367},contains rescue/frontmatter rewrite,placeholder domain/codomain or converged-only semantics,,HIGH,True,True,True,prose_as_formula
D368,延迟-噪声频谱函数,统一函数总表/0404-D368-延迟-噪声频谱函数.md,formal_existing,D,formal_table,FUNCTION,DIRECT_SOURCE_FOUND,2026-07-11,0404-D368-延迟-噪声频谱函数.md,c71188646d476623b3181013cf01625270f6f1be,/Users/zhiyuan/我的笔记/统一函数总表/0404-D368-延迟-噪声频谱函数.md,,,repo_formalization,M13的延迟使噪声放大成为低通滤波：低频放大K倍，高频放大降至K/(1+ω²τ_delay²)。延迟过滤了高频噪声但代价是D354自激振荡风险。政策延迟使系统对长期趋势敏感但对短期波动不敏感——延迟不全是坏事。 **扩展注释 / Extended Annotation**,F_{D368},contains rescue/frontmatter rewrite,placeholder domain/codomain or converged-only semantics,,HIGH,True,True,True,prose_as_formula
D369,震荡阻尼-分支步长联合函数,统一函数总表/0405-D369-震荡阻尼-分支步长联合函数.md,formal_existing,D,formal_table,FUNCTION,DIRECT_SOURCE_FOUND,2026-07-11,0405-D369-震荡阻尼-分支步长联合函数.md,c71188646d476623b3181013cf01625270f6f1be,/Users/zhiyuan/我的笔记/统一函数总表/0405-D369-震荡阻尼-分支步长联合函数.md,,,repo_formalization,M14的阻尼影响步长：高阻尼→步长小→决定慢但方向确定；低阻尼→步长大→决定快但方向随机。T_decision∝|K_benign-α_exclusion|·T_osc。改革力量明显占优时方向确定但推进慢，势均力敌时推进快但方向不确定——速度和确定性的反比关系。 **扩展注释 / Extended Annotation**,F_{D369},contains rescue/frontmatter rewrite,placeholder domain/codomain or converged-only semantics,,HIGH,True,True,True,prose_as_formula
D37,点火对冲函数 / Ignition对冲函数,统一函数总表/0086-D37-点火对冲函数.md,formal_existing,D,formal_table,FUNCTION,DIRECT_SOURCE_FOUND,2026-07-11,0086-D37-点火对冲函数.md,c71188646d476623b3181013cf01625270f6f1be,/Users/zhiyuan/我的笔记/getnote-notes/点火/2026-06-12_1912611036767862512_点火｜函数_D37.md,C-0119,,repo_formalization,点火对冲，意识、退出权信号、退化免疫、抵抗的平衡。 **扩展注释 / Extended Annotation**,F_{D37},contains rescue/frontmatter rewrite,placeholder domain/codomain or converged-only semantics,,NORMAL,True,True,True,prose_as_formula
D370,ΔΦ交叉相关-波动累积联合函数,统一函数总表/0406-D370-ΔΦ交叉相关-波动累积联合函数.md,formal_existing,D,formal_table,FUNCTION,DIRECT_SOURCE_FOUND,2026-07-11,0406-D370-ΔΦ交叉相关-波动累积联合函数.md,c71188646d476623b3181013cf01625270f6f1be,/Users/zhiyuan/我的笔记/统一函数总表/0406-D370-ΔΦ交叉相关-波动累积联合函数.md,,,repo_formalization,"M1的容斥交叉相关增强D342波动累积：交叉相关项Cov∝pᵢpⱼ使总方差增大→波动累积更严重。增强因子∝1+Σᵢ<ⱼpᵢpⱼ/ΣVar(ΔΦᵢ)。""坏消息成群来""不只预测恶化还放大""折腾有害""——双重打击。 **扩展注释 / Extended Annotation**",F_{D370},contains rescue/frontmatter rewrite,placeholder domain/codomain or converged-only semantics,,HIGH,True,True,True,prose_as_formula
D371,极小点复活代价函数,统一函数总表/0407-D371-极小点复活代价函数.md,formal_existing,D,formal_table,FUNCTION,DIRECT_SOURCE_FOUND,2026-07-11,0407-D371-极小点复活代价函数.md,c71188646d476623b3181013cf01625270f6f1be,/Users/zhiyuan/我的笔记/统一函数总表/0407-D371-极小点复活代价函数.md,,,repo_formalization,M2的极小点复活总代价∝Φ(拐点)，与n无关。但D264启动阈值∝(n-1)/n→n大时启动更难。联合：复活代价本身不随n增长，但启动阈值随n增长→大系统复活更难不是因为代价大而是因为启动难。 **扩展注释 / Extended Annotation**,F_{D371},contains rescue/frontmatter rewrite,placeholder domain/codomain or converged-only semantics,,HIGH,True,True,True,prose_as_formula
D372,对称性破缺-关联拓扑联合函数,统一函数总表/0408-D372-对称性破缺-关联拓扑联合函数.md,formal_existing,D,formal_table,FUNCTION,DIRECT_SOURCE_FOUND,2026-07-11,0408-D372-对称性破缺-关联拓扑联合函数.md,c71188646d476623b3181013cf01625270f6f1be,/Users/zhiyuan/我的笔记/统一函数总表/0408-D372-对称性破缺-关联拓扑联合函数.md,,,repo_formalization,M3的不对称性使前3个高p门控面容斥贡献从>50%升至>60%。降p_max效果比D330估计的更大——不只切断最大关联对，还削弱不对称性对低p门控面的压制。 **扩展注释 / Extended Annotation**,F_{D372},contains rescue/frontmatter rewrite,placeholder domain/codomain or converged-only semantics,,HIGH,True,True,True,prose_as_formula
D373,p*临界标度函数,统一函数总表/0409-D373-p-临界标度函数.md,formal_existing,D,formal_table,FUNCTION,DIRECT_SOURCE_FOUND,2026-07-11,0409-D373-p-临界标度函数.md,c71188646d476623b3181013cf01625270f6f1be,/Users/zhiyuan/我的笔记/统一函数总表/0409-D373-p-临界标度函数.md,,,repo_formalization,M4的K=√n临界附近标度律：涨落方差∝1/|K-√n|，关联时间∝1/|K-√n|。临界指数β=1/2（平均场），γ=1。与Ising模型同构——容斥-耦合竞争临界点是平均场相变，普适类与Ising相同。 **扩展注释 / Extended Annotation**,F_{D373},contains rescue/frontmatter rewrite,placeholder domain/codomain or converged-only semantics,,HIGH,True,True,True,prose_as_formula
D374,弱容斥窗口-逃逸速度联合函数,统一函数总表/0410-D374-弱容斥窗口-逃逸速度联合函数.md,formal_existing,D,formal_table,FUNCTION,DIRECT_SOURCE_FOUND,2026-07-11,0410-D374-弱容斥窗口-逃逸速度联合函数.md,c71188646d476623b3181013cf01625270f6f1be,/Users/zhiyuan/我的笔记/统一函数总表/0410-D374-弱容斥窗口-逃逸速度联合函数.md,,,repo_formalization,M5的弱容斥窗口内逃逸速度v_escape(弱容斥)=v_escape(耦合主导)·(1-f_excl)^(1/2)。窗口内D289黄金逃逸点仍有效但效率降低。窗口边界处v_escape→0——D332不可逆线即逃逸速度归零线。 **扩展注释 / Extended Annotation**,F_{D374},contains rescue/frontmatter rewrite,placeholder domain/codomain or converged-only semantics,,HIGH,True,True,True,prose_as_formula
D375,维度不归点-退化路径联合函数,统一函数总表/0411-D375-维度不归点-退化路径联合函数.md,formal_existing,D,formal_table,FUNCTION,DIRECT_SOURCE_FOUND,2026-07-11,0411-D375-维度不归点-退化路径联合函数.md,c71188646d476623b3181013cf01625270f6f1be,/Users/zhiyuan/我的笔记/统一函数总表/0411-D375-维度不归点-退化路径联合函数.md,,,repo_formalization,"M6的δ_c不归点恰好是D305退化路径的分叉点。δ<δ_c在d=4附近振荡（可回复），δ>δ_c沿退化路径滑走。δ_c是""还能弹回来""和""开始滑走""的精确分界——退化路径的启动条件。 **扩展注释 / Extended Annotation**",F_{D375},contains rescue/frontmatter rewrite,placeholder domain/codomain or converged-only semantics,,HIGH,True,True,True,prose_as_formula
D376,加速-波动累积极限函数,统一函数总表/0412-D376-加速-波动累积极限函数.md,formal_existing,D,formal_table,FUNCTION,DIRECT_SOURCE_FOUND,2026-07-11,0412-D376-加速-波动累积极限函数.md,c71188646d476623b3181013cf01625270f6f1be,/Users/zhiyuan/我的笔记/统一函数总表/0412-D376-加速-波动累积极限函数.md,,,repo_formalization,M7的联合效应极限∝-ln(P_min)∝n——n越大极限越高→大系统能承受更多累积但代价是D364实际不可逆。系统在累积到无穷前先死。 **扩展注释 / Extended Annotation**,F_{D376},contains rescue/frontmatter rewrite,placeholder domain/codomain or converged-only semantics,,HIGH,True,True,True,prose_as_formula
D377,感知-调整双延迟函数,统一函数总表/0413-D377-感知-调整双延迟函数.md,formal_existing,D,formal_table,FUNCTION,DIRECT_SOURCE_FOUND,2026-07-11,0413-D377-感知-调整双延迟函数.md,c71188646d476623b3181013cf01625270f6f1be,/Users/zhiyuan/我的笔记/统一函数总表/0413-D377-感知-调整双延迟函数.md,,,repo_formalization,M8的总响应时间τ_total = τ_perceive + τ_σ。小偏离时瓶颈是感知（信号弱），大偏离时瓶颈是调整（n大调整慢）。维度饥渴早期的瓶颈是感知，晚期的瓶颈是调整。 **扩展注释 / Extended Annotation**,F_{D377},contains rescue/frontmatter rewrite,placeholder domain/codomain or converged-only semantics,,HIGH,True,True,True,prose_as_formula
D378,实际不可逆占比函数,统一函数总表/0414-D378-实际不可逆占比函数.md,formal_existing,D,formal_table,FUNCTION,DIRECT_SOURCE_FOUND,2026-07-11,0414-D378-实际不可逆占比函数.md,c71188646d476623b3181013cf01625270f6f1be,/Users/zhiyuan/我的笔记/统一函数总表/0414-D378-实际不可逆占比函数.md,,,repo_formalization,"M9的R_irreversible ≈ 1 - e^{-n²·p̄·Σαᵢ/β}。n=10时R≈0.3，n=100时R≈0.95。复杂度超过阈值后实际不可逆几乎覆盖全部理论可逆空间——大系统的""理论可逆""基本没有实际意义。 **扩展注释 / Extended Annotation**",F_{D378},contains rescue/frontmatter rewrite,placeholder domain/codomain or converged-only semantics,,HIGH,True,True,True,prose_as_formula
D379,定向溢出强度函数,统一函数总表/0415-D379-定向溢出强度函数.md,formal_existing,D,formal_table,FUNCTION,DIRECT_SOURCE_FOUND,2026-07-11,0415-D379-定向溢出强度函数.md,c71188646d476623b3181013cf01625270f6f1be,/Users/zhiyuan/我的笔记/统一函数总表/0415-D379-定向溢出强度函数.md,,,repo_formalization,"M10的溢出量∝ḡ·p_max·ΔC_i/n，方向系数∝p_max/p̄。p_max>>p̄时溢出几乎全部向低p方向→低p门控面被""淹没""。核心部门问题越大边缘部门受害越重——有了精确强度。 **扩展注释 / Extended Annotation**",F_{D379},contains rescue/frontmatter rewrite,placeholder domain/codomain or converged-only semantics,,HIGH,True,True,True,prose_as_formula
D38,跨层完整退化，6因子乘法，杠杆排序,"统一函数总表/0087-D38-跨层完整退化,6因子乘法,杠杆排序.md",formal_existing,D,formal_table,ORDER,DIRECT_SOURCE_FOUND,2026-07-11,"0087-D38-跨层完整退化,6因子乘法,杠杆排序.md",c71188646d476623b3181013cf01625270f6f1be,/Users/zhiyuan/我的笔记/getnote-notes/点火/2026-06-12_1912611038915346160_点火｜函数_D38.md,C-0122,,repo_formalization,跨层完整退化，6因子乘法，杠杆排序：C̄/θ_C > p_stubborn > clustering > H > ε_aware > Posture_deg。 **扩展注释 / Extended Annotation**,F_{D38},contains rescue/frontmatter rewrite,placeholder domain/codomain or converged-only semantics,,NORMAL,True,True,True,prose_as_formula
D380,慢性-急性消耗比较函数,统一函数总表/0416-D380-慢性-急性消耗比较函数.md,formal_existing,D,formal_table,FUNCTION,DIRECT_SOURCE_FOUND,2026-07-11,0416-D380-慢性-急性消耗比较函数.md,c71188646d476623b3181013cf01625270f6f1be,/Users/zhiyuan/我的笔记/统一函数总表/0416-D380-慢性-急性消耗比较函数.md,,,repo_formalization,M11的慢性vs急性：总危险度=消耗量×不可重建性。急性高消耗×低不可重建性；慢性低消耗×高不可重建性。慢性持续时间>τ_rebuild时慢性总危险度超过急性——长期慢性消耗比短期急性冲击更致命。 **扩展注释 / Extended Annotation**,F_{D380},contains rescue/frontmatter rewrite,placeholder domain/codomain or converged-only semantics,,HIGH,True,True,True,prose_as_formula
D381,免疫消耗-传染临界联合函数,统一函数总表/0417-D381-免疫消耗-传染临界联合函数.md,formal_existing,D,formal_table,FUNCTION,DIRECT_SOURCE_FOUND,2026-07-11,0417-D381-免疫消耗-传染临界联合函数.md,c71188646d476623b3181013cf01625270f6f1be,/Users/zhiyuan/我的笔记/统一函数总表/0417-D381-免疫消耗-传染临界联合函数.md,,,repo_formalization,M12的溢出消耗免疫使传染临界从n/2降至n_eff/2 = n/2 - ΣΔg_consumed/δg_spread。极端情况三分之一僵尸化即可全局崩溃——核心部门问题通过溢出消耗免疫力使整体比看起来更脆弱。 **扩展注释 / Extended Annotation**,F_{D381},contains rescue/frontmatter rewrite,placeholder domain/codomain or converged-only semantics,,HIGH,True,True,True,prose_as_formula
D382,低通滤波-自激振荡竞争函数,统一函数总表/0418-D382-低通滤波-自激振荡竞争函数.md,formal_existing,D,formal_table,FUNCTION,DIRECT_SOURCE_FOUND,2026-07-11,0418-D382-低通滤波-自激振荡竞争函数.md,c71188646d476623b3181013cf01625270f6f1be,/Users/zhiyuan/我的笔记/统一函数总表/0418-D382-低通滤波-自激振荡竞争函数.md,,,repo_formalization,M13的K·τ_delay<1时低通滤波主导（延迟有益），>1时自激振荡主导（延迟有害），=1为临界。弱正反馈系统中延迟可以有益（过滤噪声），强正反馈系统中延迟必然有害（引发振荡）。 **扩展注释 / Extended Annotation**,F_{D382},contains rescue/frontmatter rewrite,placeholder domain/codomain or converged-only semantics,,HIGH,True,True,True,prose_as_formula
D383,逃逸速度-确定性权衡函数,统一函数总表/0419-D383-逃逸速度-确定性权衡函数.md,formal_existing,D,formal_table,OPTIMIZATION_PROBLEM,DIRECT_SOURCE_FOUND,2026-07-11,0419-D383-逃逸速度-确定性权衡函数.md,c71188646d476623b3181013cf01625270f6f1be,/Users/zhiyuan/我的笔记/统一函数总表/0419-D383-逃逸速度-确定性权衡函数.md,,,repo_formalization,M14的高确定性逃逸需要慢速推进，低确定性可快速但可能逃错方向。最优策略：初期低确定性快速探索方向，确认后切换高确定性慢速推进。D280两步策略的动态版本：先探索（降p_max确认方向），再巩固（均匀修缮）。 **扩展注释 / Extended Annotation**,F_{D383},contains rescue/frontmatter rewrite,placeholder domain/codomain or converged-only semantics,,HIGH,True,True,True,prose_as_formula
D384,双重打击-双重加速同构函数,统一函数总表/0420-D384-双重打击-双重加速同构函数.md,formal_existing,D,formal_table,RELATION,DIRECT_SOURCE_FOUND,2026-07-11,0420-D384-双重打击-双重加速同构函数.md,c71188646d476623b3181013cf01625270f6f1be,/Users/zhiyuan/我的笔记/统一函数总表/0420-D384-双重打击-双重加速同构函数.md,,,repo_formalization,M1的D370与D348不同构：D370是方差修正（二阶），D348是均值修正（一阶）。联合效果：趋势加速×波动加速=总加速∝1/(1+a_excl·τ)·(1+Σpᵢpⱼ/ΣVar(ΔΦᵢ))——趋势和波动的双重双重加速。 **扩展注释 / Extended Annotation**,F_{D384},contains rescue/frontmatter rewrite,placeholder domain/codomain or converged-only semantics,,HIGH,True,True,True,prose_as_formula
D385,复活代价n无关性起源函数,统一函数总表/0421-D385-复活代价n无关性起源函数.md,formal_existing,D,formal_table,FUNCTION,DIRECT_SOURCE_FOUND,2026-07-11,0421-D385-复活代价n无关性起源函数.md,c71188646d476623b3181013cf01625270f6f1be,/Users/zhiyuan/我的笔记/统一函数总表/0421-D385-复活代价n无关性起源函数.md,,,repo_formalization,M2的复活总代价∝Φ(拐点)与n无关的原因：Φ(拐点)是全局量已包含n信息。每个门控面平均代价∝Φ/n随n减小，但总代价守恒。类比：修复桥的总成本取决于损坏程度而非构件数——构件越多每个修复量越少但总量不变。守恒律：复活总代价=拐点处Φ值。 **扩展注释 / Extended Annotation**,F_{D385},contains rescue/frontmatter rewrite,placeholder domain/codomain or converged-only semantics,,HIGH,True,True,True,prose_as_formula
D386,容斥集中性统一函数,统一函数总表/0422-D386-容斥集中性统一函数.md,formal_existing,D,formal_table,FUNCTION,DIRECT_SOURCE_FOUND,2026-07-11,0422-D386-容斥集中性统一函数.md,c71188646d476623b3181013cf01625270f6f1be,/Users/zhiyuan/我的笔记/统一函数总表/0422-D386-容斥集中性统一函数.md,,,repo_formalization,M3的D372与D328是同一现象不同表述。统一指标I_concentration = max(ΔΦᵢ)/ΣΔΦᵢ·(1+ln(n))。I→1完全集中，I→0完全分散。I随p_max/p̄单调递增——降p_max不只降Φ还降低集中性→容斥从集中变分散→系统更均匀。 **扩展注释 / Extended Annotation**,F_{D386},contains rescue/frontmatter rewrite,placeholder domain/codomain or converged-only semantics,,HIGH,True,True,True,prose_as_formula
D387,容斥-耦合配分函数,统一函数总表/0423-D387-容斥-耦合配分函数.md,formal_existing,D,formal_table,FUNCTION,DIRECT_SOURCE_FOUND,2026-07-11,0423-D387-容斥-耦合配分函数.md,c71188646d476623b3181013cf01625270f6f1be,/Users/zhiyuan/我的笔记/统一函数总表/0423-D387-容斥-耦合配分函数.md,,,repo_formalization,M4的Ising同构意味着配分函数Z = Σ e^{-β_H·H}，H = -ḡ·Σsᵢsⱼ + Σpᵢ·sᵢ，sᵢ=±1。ḡ对应Ising的J，pᵢ对应外场h。临界温度T_c ∝ ḡ·√n。容斥-耦合竞争的全部统计性质可由标准统计力学方法计算——自由能、磁化率、关联函数等。 **扩展注释 / Extended Annotation**,F_{D387},contains rescue/frontmatter rewrite,placeholder domain/codomain or converged-only semantics,,HIGH,True,True,True,prose_as_formula
D388,不可逆线相交函数,统一函数总表/0424-D388-不可逆线相交函数.md,formal_existing,D,formal_table,FUNCTION,DIRECT_SOURCE_FOUND,2026-07-11,0424-D388-不可逆线相交函数.md,c71188646d476623b3181013cf01625270f6f1be,/Users/zhiyuan/我的笔记/统一函数总表/0424-D388-不可逆线相交函数.md,,,repo_formalization,"M5的D332与D295在(p_max,n)空间相交于p_max=p*且n=n_c。n<n_c时p_max不可逆先到，n>n_c时容斥主导不可逆先到。大系统先进入容斥主导再触及p_max不可逆，小系统反过来。 **扩展注释 / Extended Annotation**",F_{D388},contains rescue/frontmatter rewrite,placeholder domain/codomain or converged-only semantics,,HIGH,True,True,True,prose_as_formula
D389,不归点-吸引域边界统一函数,统一函数总表/0425-D389-不归点-吸引域边界统一函数.md,formal_existing,D,formal_table,FUNCTION,DIRECT_SOURCE_FOUND,2026-07-11,0425-D389-不归点-吸引域边界统一函数.md,c71188646d476623b3181013cf01625270f6f1be,/Users/zhiyuan/我的笔记/统一函数总表/0425-D389-不归点-吸引域边界统一函数.md,,,repo_formalization,M6的δ_c恰好是D292吸引域的边界。吸引域深度∝Σαᵢ²/(1-pᵢ)²，δ_c∝1/√(Σαᵢ²/(1-pᵢ)²)——深度和δ_c是同一量的正反面。深度描述域内稳定性，δ_c描述域的边界。 **扩展注释 / Extended Annotation**,F_{D389},contains rescue/frontmatter rewrite,placeholder domain/codomain or converged-only semantics,,HIGH,True,True,True,prose_as_formula
D39,统一内部驱动力函数,统一函数总表/0088-D39-统一内部驱动力函数.md,formal_existing,D,formal_table,FUNCTION,DIRECT_SOURCE_FOUND,2026-07-11,0088-D39-统一内部驱动力函数.md,c71188646d476623b3181013cf01625270f6f1be,/Users/zhiyuan/我的笔记/getnote-notes/点火/2026-06-12_1912611050725981936_点火｜函数_D39.md,,,repo_formalization,双稳态分岔，μ符号决定落在哪个稳态：μ<0→ε=0，μ>0→ε_opt。 **扩展注释 / Extended Annotation**,F_{D39},contains rescue/frontmatter rewrite,placeholder domain/codomain or converged-only semantics,,NORMAL,True,True,True,prose_as_formula
D390,极限-不可逆n依赖协调函数,统一函数总表/0426-D390-极限-不可逆n依赖协调函数.md,formal_existing,D,formal_table,FUNCTION,DIRECT_SOURCE_FOUND,2026-07-11,0426-D390-极限-不可逆n依赖协调函数.md,c71188646d476623b3181013cf01625270f6f1be,/Users/zhiyuan/我的笔记/统一函数总表/0426-D390-极限-不可逆n依赖协调函数.md,,,repo_formalization,M7的D376∝n与D378∝n²不矛盾：容量增长线性但不可逆增长超线性→净效果是大系统更脆弱。临界n*∝β/(p̄·Σαᵢ)——干预力度β够大时n*大（大系统还能撑），β小时n*小（大系统必死）。 **扩展注释 / Extended Annotation**,F_{D390},contains rescue/frontmatter rewrite,placeholder domain/codomain or converged-only semantics,,HIGH,True,True,True,prose_as_formula
D391,双延迟-共振频率联合函数,统一函数总表/0427-D391-双延迟-共振频率联合函数.md,formal_existing,D,formal_table,FUNCTION,DIRECT_SOURCE_FOUND,2026-07-11,0427-D391-双延迟-共振频率联合函数.md,c71188646d476623b3181013cf01625270f6f1be,/Users/zhiyuan/我的笔记/统一函数总表/0427-D391-双延迟-共振频率联合函数.md,,,repo_formalization,M8的感知延迟使有效τ_buffer增大→共振频率降低。ω_res_effective = ω_res/(1+τ_perceive/τ_σ)。感知慢的系统共振频率低→怕低频共振。维度饥渴感知慢使脆弱频率下移。 **扩展注释 / Extended Annotation**,F_{D391},contains rescue/frontmatter rewrite,placeholder domain/codomain or converged-only semantics,,HIGH,True,True,True,prose_as_formula
D392,不可逆-缓冲消失同步函数,统一函数总表/0428-D392-不可逆-缓冲消失同步函数.md,formal_existing,D,formal_table,FUNCTION,DIRECT_SOURCE_FOUND,2026-07-11,0428-D392-不可逆-缓冲消失同步函数.md,c71188646d476623b3181013cf01625270f6f1be,/Users/zhiyuan/我的笔记/统一函数总表/0428-D392-不可逆-缓冲消失同步函数.md,,,repo_formalization,"M9的R以指数趋近1，w₂以1/√n趋近0。R先满（n≈100时R≈0.95），w₂后消失（n→∞）。中间存在""几乎全部不可逆但缓冲期仍名义存在""的状态——D311僵尸态的宏观版本。 **扩展注释 / Extended Annotation**",F_{D392},contains rescue/frontmatter rewrite,placeholder domain/codomain or converged-only semantics,,HIGH,True,True,True,prose_as_formula
D393,溢出-传染通道统一函数,统一函数总表/0429-D393-溢出-传染通道统一函数.md,formal_existing,D,formal_table,FUNCTION,DIRECT_SOURCE_FOUND,2026-07-11,0429-D393-溢出-传染通道统一函数.md,c71188646d476623b3181013cf01625270f6f1be,/Users/zhiyuan/我的笔记/统一函数总表/0429-D393-溢出-传染通道统一函数.md,,,repo_formalization,M10的溢出是传染的物理通道。统一传染链：高p恶化→溢出消耗低p缓冲([D379](docs/zh/functions/items/D379.md))→低p缓冲<g_critical([D309](docs/zh/functions/items/D309.md))→低p僵尸化→总g_eff下降→更多溢出。正反馈传染链。 **扩展注释 / Extended Annotation**,F_{D393},contains rescue/frontmatter rewrite,placeholder domain/codomain or converged-only semantics,,HIGH,True,True,True,prose_as_formula
D394,慢性消耗-波动累积同构检验,统一函数总表/0430-D394-慢性消耗-波动累积同构检验.md,formal_existing,D,formal_table,RELATION,DIRECT_SOURCE_FOUND,2026-07-11,0430-D394-慢性消耗-波动累积同构检验.md,c71188646d476623b3181013cf01625270f6f1be,/Users/zhiyuan/我的笔记/统一函数总表/0430-D394-慢性消耗-波动累积同构检验.md,,,repo_formalization,M11的D380与D342不同构——D342是时间域累积效应，D380是频率域穿透效应。但极限情况下等价：无限长时间慢性消耗=无限多次小波动累积。统一：慢性消耗是波动累积在连续时间极限下的表现。 **扩展注释 / Extended Annotation**,F_{D394},contains rescue/frontmatter rewrite,placeholder domain/codomain or converged-only semantics,,HIGH,True,True,True,prose_as_formula
D395,传染临界n依赖函数,统一函数总表/0431-D395-传染临界n依赖函数.md,formal_existing,D,formal_table,FUNCTION,DIRECT_SOURCE_FOUND,2026-07-11,0431-D395-传染临界n依赖函数.md,c71188646d476623b3181013cf01625270f6f1be,/Users/zhiyuan/我的笔记/统一函数总表/0431-D395-传染临界n依赖函数.md,,,repo_formalization,M12的n_eff/2 = n/2 - ḡ·p_max/δg_spread。n越大免疫消耗对传染临界影响比例越小→大系统更接近n/2理论值，小系统传染临界被拉低更多。 **扩展注释 / Extended Annotation**,F_{D395},contains rescue/frontmatter rewrite,placeholder domain/codomain or converged-only semantics,,HIGH,True,True,True,prose_as_formula
D396,延迟临界-不可逆点统一函数,统一函数总表/0432-D396-延迟临界-不可逆点统一函数.md,formal_existing,D,formal_table,FUNCTION,DIRECT_SOURCE_FOUND,2026-07-11,0432-D396-延迟临界-不可逆点统一函数.md,c71188646d476623b3181013cf01625270f6f1be,/Users/zhiyuan/我的笔记/统一函数总表/0432-D396-延迟临界-不可逆点统一函数.md,,,repo_formalization,M13的D382与D295在参数空间形成两条不可逆线。交点以下正反馈不可逆先到，交点以上振荡不可逆先到。小系统先触及正反馈不可逆，大系统先触及振荡不可逆。 **扩展注释 / Extended Annotation**,F_{D396},contains rescue/frontmatter rewrite,placeholder domain/codomain or converged-only semantics,,HIGH,True,True,True,prose_as_formula
D397,两步策略最优性证明函数,统一函数总表/0433-D397-两步策略最优性证明函数.md,formal_existing,D,formal_table,OPTIMIZATION_PROBLEM,DIRECT_SOURCE_FOUND,2026-07-11,0433-D397-两步策略最优性证明函数.md,c71188646d476623b3181013cf01625270f6f1be,/Users/zhiyuan/我的笔记/统一函数总表/0433-D397-两步策略最优性证明函数.md,,,repo_formalization,M14的D280两步策略是最小化T_escape的策略。最优分配：t_explore/t_consolidate = √(v_slow/v_fast)。两步策略最优当且仅当v_fast>>v_slow且P_correct在探索后显著提升——即不确定性高的系统才需要两步。确定性高的系统直接一步慢速推进即可。 **扩展注释 / Extended Annotation**,F_{D397},contains rescue/frontmatter rewrite,placeholder domain/codomain or converged-only semantics,,HIGH,True,True,True,prose_as_formula
D398,趋势-波动主导切换函数,统一函数总表/0434-D398-趋势-波动主导切换函数.md,formal_existing,D,formal_table,FUNCTION,DIRECT_SOURCE_FOUND,2026-07-11,0434-D398-趋势-波动主导切换函数.md,c71188646d476623b3181013cf01625270f6f1be,/Users/zhiyuan/我的笔记/统一函数总表/0434-D398-趋势-波动主导切换函数.md,,,repo_formalization,"M1的R_tw = (a_excl·τ)/(Σpᵢpⱼ/ΣVar)。R_tw>>1趋势主导，<<1波动主导。早期波动主导（随机波动被放大），晚期趋势主导（确定性加速）。衰退从""随机""切换到""确定""——D316转折点的动态版本。 **扩展注释 / Extended Annotation**",F_{D398},contains rescue/frontmatter rewrite,placeholder domain/codomain or converged-only semantics,,HIGH,True,True,True,prose_as_formula
D399,漂移速率-复活代价联合函数,统一函数总表/0435-D399-漂移速率-复活代价联合函数.md,formal_existing,D,formal_table,FUNCTION,DIRECT_SOURCE_FOUND,2026-07-11,0435-D399-漂移速率-复活代价联合函数.md,c71188646d476623b3181013cf01625270f6f1be,/Users/zhiyuan/我的笔记/统一函数总表/0435-D399-漂移速率-复活代价联合函数.md,,,repo_formalization,M2的快速漂移使复活代价快速变化。极小点向深处漂移（学习）→拐点Φ增大→复活代价增大→复活窗口关闭。学习使极小点更深但使旧极小点复活更难——进步的代价是旧路不可逆。 **扩展注释 / Extended Annotation**,F_{D399},contains rescue/frontmatter rewrite,placeholder domain/codomain or converged-only semantics,,HIGH,True,True,True,prose_as_formula
D4,信息遮蔽双源 / 信息obscuration双源,统一函数总表/0053-D4-信息遮蔽双源.md,formal_existing,D,formal_table,FUNCTION,DIRECT_SOURCE_FOUND,2026-07-11,0053-D4-信息遮蔽双源.md,c71188646d476623b3181013cf01625270f6f1be,/Users/zhiyuan/我的笔记/getnote-notes/点火/2026-06-12_1912609717139208320_点火｜函数_D4.md,C-0003,,repo_formalization,信息遮蔽的双源，提议者主动遮蔽和系统不兼容性。 **扩展注释 / Extended Annotation**,F_{D4},contains rescue/frontmatter rewrite,placeholder domain/codomain or converged-only semantics,,NORMAL,True,True,True,prose_as_formula
D40,碰撞存活率,统一函数总表/0089-D40-碰撞存活率.md,formal_existing,D,formal_table,FORMAL_PROPOSITION,DIRECT_SOURCE_FOUND,2026-07-11,0089-D40-碰撞存活率.md,c71188646d476623b3181013cf01625270f6f1be,/Users/zhiyuan/我的笔记/getnote-notes/点火/2026-06-12_1912611052873465584_点火｜函数_D40.md,C-0124,,repo_formalization,窗口与临界函数，窗口与临界案例验证。 **扩展注释 / Extended Annotation**,F_{D40},contains rescue/frontmatter rewrite,placeholder domain/codomain or converged-only semantics,,NORMAL,True,True,True,prose_as_formula
D400,集中性-序参量统一函数,统一函数总表/0436-D400-集中性-序参量统一函数.md,formal_existing,D,formal_table,ORDER,DIRECT_SOURCE_FOUND,2026-07-11,0436-D400-集中性-序参量统一函数.md,c71188646d476623b3181013cf01625270f6f1be,/Users/zhiyuan/我的笔记/统一函数总表/0436-D400-集中性-序参量统一函数.md,C-0600;C-0604;C-0605;C-0609,,repo_formalization,M3的I_concentration正是D387配分函数的序参量——磁化强度m的线性映射I=(1+m)/2。降p_max既降Φ也降低m→降低I→容斥从有序变无序。D386和D387完全统一。 **扩展注释 / Extended Annotation**,F_{D400},contains rescue/frontmatter rewrite,placeholder domain/codomain or converged-only semantics,,HIGH,True,True,True,prose_as_formula
D401,自由能-Φ等价函数,统一函数总表/0437-D401-自由能-Φ等价函数.md,formal_existing,D,formal_table,FUNCTION,DIRECT_SOURCE_FOUND,2026-07-11,0437-D401-自由能-Φ等价函数.md,c71188646d476623b3181013cf01625270f6f1be,/Users/zhiyuan/我的笔记/统一函数总表/0437-D401-自由能-Φ等价函数.md,,,repo_formalization,M4的Φ是零温自由能。有限温F = Φ - n·kT·ln2。临界温度kT_c~Φ/n∝ḡ——与D387一致。点火框架与统计力学的等价性在零温极限下精确成立。 **扩展注释 / Extended Annotation**,F_{D401},contains rescue/frontmatter rewrite,placeholder domain/codomain or converged-only semantics,,HIGH,True,True,True,prose_as_formula
D402,不可逆相交-临界标度联合函数,统一函数总表/0438-D402-不可逆相交-临界标度联合函数.md,formal_existing,D,formal_table,FUNCTION,DIRECT_SOURCE_FOUND,2026-07-11,0438-D402-不可逆相交-临界标度联合函数.md,c71188646d476623b3181013cf01625270f6f1be,/Users/zhiyuan/我的笔记/统一函数总表/0438-D402-不可逆相交-临界标度联合函数.md,,,repo_formalization,M5的D388交点处K=1（确定性不可逆），D359临界K=√n（统计不可逆）。确定性不可逆先于统计不可逆——K=1时系统确定性地进入不可逆，K=√n时涨落使不可逆变得随机。 **扩展注释 / Extended Annotation**,F_{D402},contains rescue/frontmatter rewrite,placeholder domain/codomain or converged-only semantics,,HIGH,True,True,True,prose_as_formula
D403,δ_c-相变点统一函数,统一函数总表/0439-D403-δ_c-相变点统一函数.md,formal_existing,D,formal_table,FUNCTION,DIRECT_SOURCE_FOUND,2026-07-11,0439-D403-δ_c-相变点统一函数.md,c71188646d476623b3181013cf01625270f6f1be,/Users/zhiyuan/我的笔记/统一函数总表/0439-D403-δ_c-相变点统一函数.md,,,repo_formalization,M6的δ_c对应配分函数中耦合-容斥相变的临界场强h_c。h_c∝T_c∝ḡ·√n→δ_c∝1/(ḡ·√n)——与D389完全一致。δ_c就是统计力学相变的临界场强。 **扩展注释 / Extended Annotation**,F_{D403},contains rescue/frontmatter rewrite,placeholder domain/codomain or converged-only semantics,,HIGH,True,True,True,prose_as_formula
D404,双临界n统一函数,统一函数总表/0440-D404-双临界n统一函数.md,formal_existing,D,formal_table,FUNCTION,DIRECT_SOURCE_FOUND,2026-07-11,0440-D404-双临界n统一函数.md,c71188646d476623b3181013cf01625270f6f1be,/Users/zhiyuan/我的笔记/统一函数总表/0440-D404-双临界n统一函数.md,,,repo_formalization,M7的n*∝β/(p̄·Σαᵢ)依赖干预力度β，n_c由系统内在参数决定。β够大时n*<n_c——强干预使大系统在容斥主导不可逆之前就恢复。 **扩展注释 / Extended Annotation**,F_{D404},contains rescue/frontmatter rewrite,placeholder domain/codomain or converged-only semantics,,HIGH,True,True,True,prose_as_formula
D405,共振频率方向竞争函数,统一函数总表/0441-D405-共振频率方向竞争函数.md,formal_existing,D,formal_table,FUNCTION,DIRECT_SOURCE_FOUND,2026-07-11,0441-D405-共振频率方向竞争函数.md,c71188646d476623b3181013cf01625270f6f1be,/Users/zhiyuan/我的笔记/统一函数总表/0441-D405-共振频率方向竞争函数.md,,,repo_formalization,"M8的感知延迟使频率下移，复杂度使频率上移。交叉n_cross∝(1+τ_ratio)²。感知延迟越严重需要越大的系统才从""怕低频""切换到""怕高频""。 **扩展注释 / Extended Annotation**",F_{D405},contains rescue/frontmatter rewrite,placeholder domain/codomain or converged-only semantics,,HIGH,True,True,True,prose_as_formula
D406,宏观僵尸态g_eff函数,统一函数总表/0442-D406-宏观僵尸态g_eff函数.md,formal_existing,D,formal_table,FUNCTION,DIRECT_SOURCE_FOUND,2026-07-11,0442-D406-宏观僵尸态g_eff函数.md,c71188646d476623b3181013cf01625270f6f1be,/Users/zhiyuan/我的笔记/统一函数总表/0442-D406-宏观僵尸态g_eff函数.md,,,repo_formalization,M9的g_eff_macro = (1-R_irreversible)·g_eff。R→1时g_eff_macro→0但>0。与D311微观僵尸态完全同构——宏观僵尸态是微观僵尸态在n→∞极限下的连续版本。 **扩展注释 / Extended Annotation**,F_{D406},contains rescue/frontmatter rewrite,placeholder domain/codomain or converged-only semantics,,HIGH,True,True,True,prose_as_formula
D407,传染链自限函数,统一函数总表/0443-D407-传染链自限函数.md,formal_existing,D,formal_table,FUNCTION,DIRECT_SOURCE_FOUND,2026-07-11,0443-D407-传染链自限函数.md,c71188646d476623b3181013cf01625270f6f1be,/Users/zhiyuan/我的笔记/统一函数总表/0443-D407-传染链自限函数.md,,,repo_formalization,M10的传染链有自限：僵尸化降低ḡ→降低溢出→传染减速。但自限点在全局僵尸化附近——来得太晚对干预没有实际帮助。 **扩展注释 / Extended Annotation**,F_{D407},contains rescue/frontmatter rewrite,placeholder domain/codomain or converged-only semantics,,HIGH,True,True,True,prose_as_formula
D408,Jensen-慢性消耗统一极限函数,统一函数总表/0444-D408-Jensen-慢性消耗统一极限函数.md,formal_existing,D,formal_table,FUNCTION,DIRECT_SOURCE_FOUND,2026-07-11,0444-D408-Jensen-慢性消耗统一极限函数.md,c71188646d476623b3181013cf01625270f6f1be,/Users/zhiyuan/我的笔记/统一函数总表/0444-D408-Jensen-慢性消耗统一极限函数.md,,,repo_formalization,"M11的连续极限下Jensen项∝(dΦ/dt)²·τ_min/2。τ_min→0时Jensen→0，τ_min有限时Jensen有限。慢性消耗=有限τ_min下的Jensen效应。[D394](docs/zh/functions/items/D394.md)""极限等价""需修正：不是严格等价而是τ_min有限时的近似等价。 **扩展注释 / Extended Annotation**",F_{D408},contains rescue/frontmatter rewrite,placeholder domain/codomain or converged-only semantics,,HIGH,True,True,True,prose_as_formula
D409,传染临界-不可逆线一致性函数,统一函数总表/0445-D409-传染临界-不可逆线一致性函数.md,formal_existing,D,formal_table,FUNCTION,DIRECT_SOURCE_FOUND,2026-07-11,0445-D409-传染临界-不可逆线一致性函数.md,c71188646d476623b3181013cf01625270f6f1be,/Users/zhiyuan/我的笔记/统一函数总表/0445-D409-传染临界-不可逆线一致性函数.md,,,repo_formalization,M12的大系统传染临界→n/2是容斥主导不可逆在传染维度的投影。D388和D395描述同一现象的不同方面——完全一致。 **扩展注释 / Extended Annotation**,F_{D409},contains rescue/frontmatter rewrite,placeholder domain/codomain or converged-only semantics,,HIGH,True,True,True,prose_as_formula
D41,退化渗透临界触发,统一函数总表/0090-D41-退化渗透临界触发.md,formal_existing,D,formal_table,FORMAL_PROPOSITION,DIRECT_SOURCE_FOUND,2026-07-11,0090-D41-退化渗透临界触发.md,c71188646d476623b3181013cf01625270f6f1be,/Users/zhiyuan/我的笔记/getnote-notes/点火/2026-06-12_1912611055021473520_点火｜函数_D41.md,C-0275,,repo_formalization,窗口与临界函数，窗口与临界案例验证。 **扩展注释 / Extended Annotation**,F_{D41},contains rescue/frontmatter rewrite,placeholder domain/codomain or converged-only semantics,,NORMAL,True,True,True,prose_as_formula
D410,不可逆线完整分类函数,统一函数总表/0446-D410-不可逆线完整分类函数.md,formal_existing,D,formal_table,FUNCTION,DIRECT_SOURCE_FOUND,2026-07-11,0446-D410-不可逆线完整分类函数.md,c71188646d476623b3181013cf01625270f6f1be,/Users/zhiyuan/我的笔记/统一函数总表/0446-D410-不可逆线完整分类函数.md,,,repo_formalization,"M13的四条不可逆线在(p_max,n,K,τ_delay)四维空间中划分3个有实际意义的区域：全可逆、部分可逆、全不可逆。全不可逆体积∝n²·p̄·Σαᵢ·K·τ_delay/β。干预策略：找到最小非零因子→最低成本干预。 **扩展注释 / Extended Annotation**",F_{D410},contains rescue/frontmatter rewrite,placeholder domain/codomain or converged-only semantics,,HIGH,True,True,True,prose_as_formula
D411,放大不确定性-两步策略自洽函数,统一函数总表/0447-D411-放大不确定性-两步策略自洽函数.md,formal_existing,D,formal_table,FUNCTION,DIRECT_SOURCE_FOUND,2026-07-11,0447-D411-放大不确定性-两步策略自洽函数.md,c71188646d476623b3181013cf01625270f6f1be,/Users/zhiyuan/我的笔记/统一函数总表/0447-D411-放大不确定性-两步策略自洽函数.md,,,repo_formalization,M14的正反馈放大不确定性→自动满足两步策略的高不确定性条件。K>1系统天然需要两步策略，K<1系统不需要。正反馈↔两步策略，负反馈↔一步策略——策略选择与系统动力学完全自洽。 **扩展注释 / Extended Annotation**,F_{D411},contains rescue/frontmatter rewrite,placeholder domain/codomain or converged-only semantics,,HIGH,True,True,True,prose_as_formula
D412,双切换同步函数,统一函数总表/0448-D412-双切换同步函数.md,formal_existing,D,formal_table,FUNCTION,DIRECT_SOURCE_FOUND,2026-07-11,0448-D412-双切换同步函数.md,c71188646d476623b3181013cf01625270f6f1be,/Users/zhiyuan/我的笔记/统一函数总表/0448-D412-双切换同步函数.md,,,repo_formalization,"M1的R_tw=1与D316转折点近似同步但不精确同步。a_excl·τ≈0.25时两个切换同时发生（最危险的""完美风暴""），否则先后发生。 **扩展注释 / Extended Annotation**",F_{D412},contains rescue/frontmatter rewrite,placeholder domain/codomain or converged-only semantics,,HIGH,True,True,True,prose_as_formula
D413,遗迹-复活代价联合函数,统一函数总表/0449-D413-遗迹-复活代价联合函数.md,formal_existing,D,formal_table,FUNCTION,DIRECT_SOURCE_FOUND,2026-07-11,0449-D413-遗迹-复活代价联合函数.md,c71188646d476623b3181013cf01625270f6f1be,/Users/zhiyuan/我的笔记/统一函数总表/0449-D413-遗迹-复活代价联合函数.md,,,repo_formalization,M2的遗迹衰减速率∝D301漂移速率。快速变化环境中旧秩序遗迹消失快——复活窗口短暂但代价也在降低。 **扩展注释 / Extended Annotation**,F_{D413},contains rescue/frontmatter rewrite,placeholder domain/codomain or converged-only semantics,,HIGH,True,True,True,prose_as_formula
D414,集中性-序参量映射修正函数,统一函数总表/0450-D414-集中性-序参量映射修正函数.md,formal_existing,D,formal_table,ORDER,DIRECT_SOURCE_FOUND,2026-07-11,0450-D414-集中性-序参量映射修正函数.md,c71188646d476623b3181013cf01625270f6f1be,/Users/zhiyuan/我的笔记/统一函数总表/0450-D414-集中性-序参量映射修正函数.md,,,repo_formalization,M3的I=(1+m)/2在有限n时有O(1/n)修正。有限系统比平均场预测更集中。修正量∝1/√n——与D331 p*涨落同量级，同一有限尺寸效应的两个方面。 **扩展注释 / Extended Annotation**,F_{D414},contains rescue/frontmatter rewrite,placeholder domain/codomain or converged-only semantics,,HIGH,True,True,True,prose_as_formula
D415,有限温临界指数修正函数,统一函数总表/0451-D415-有限温临界指数修正函数.md,formal_existing,D,formal_table,FUNCTION,DIRECT_SOURCE_FOUND,2026-07-11,0451-D415-有限温临界指数修正函数.md,c71188646d476623b3181013cf01625270f6f1be,/Users/zhiyuan/我的笔记/统一函数总表/0451-D415-有限温临界指数修正函数.md,,,repo_formalization,M4的β_eff = 1/2 - ε(T)，ε∝(kT/Φ_min)²。大系统临界行为更接近平均场——有限尺寸和有限温效应都∝1/√n。 **扩展注释 / Extended Annotation**,F_{D415},contains rescue/frontmatter rewrite,placeholder domain/codomain or converged-only semantics,,HIGH,True,True,True,prose_as_formula
D416,K=1-p_max=p*等价证明函数 | M5的K=1对应正反馈恰好自持,统一函数总表/0452-D416-K=1-p_max=p-等价证明函数 - M5的K=1对应正反馈恰好自持.md,formal_existing,D,formal_table,FUNCTION,DIRECT_SOURCE_FOUND,2026-07-11,0452-D416-K=1-p_max=p-等价证明函数 - M5的K=1对应正反馈恰好自持.md,c71188646d476623b3181013cf01625270f6f1be,/Users/zhiyuan/我的笔记/统一函数总表/0452-D416-K=1-p_max=p-等价证明函数,,,repo_formalization,—降低p_max的效应恰好被g_eff下降抵消。p_max=p*时良性循环无法启动→K=1的物理含义。**K=1与p_max=p*精确等价。** **扩展注释 / Extended Annotation**,F_{D416},contains rescue/frontmatter rewrite,placeholder domain/codomain or converged-only semantics,,HIGH,True,True,True,prose_as_formula
D417,δ_c-稳定性裕度统一函数,统一函数总表/0453-D417-δ_c-稳定性裕度统一函数.md,formal_existing,D,formal_table,OPTIMIZATION_PROBLEM,DIRECT_SOURCE_FOUND,2026-07-11,0453-D417-δ_c-稳定性裕度统一函数.md,c71188646d476623b3181013cf01625270f6f1be,/Users/zhiyuan/我的笔记/统一函数总表/0453-D417-δ_c-稳定性裕度统一函数.md,,,repo_formalization,M6的吸引域深度×宽度²=常数。深度-宽度权衡：深而窄vs浅而宽。d=4是深且宽的双重最优——D285干预机会面积最大的几何根源。 **扩展注释 / Extended Annotation**,F_{D417},contains rescue/frontmatter rewrite,placeholder domain/codomain or converged-only semantics,,HIGH,True,True,True,prose_as_formula
D418,强干预-去容斥等价函数,统一函数总表/0454-D418-强干预-去容斥等价函数.md,formal_existing,D,formal_table,FUNCTION,DIRECT_SOURCE_FOUND,2026-07-11,0454-D418-强干预-去容斥等价函数.md,c71188646d476623b3181013cf01625270f6f1be,/Users/zhiyuan/我的笔记/统一函数总表/0454-D418-强干预-去容斥等价函数.md,,,repo_formalization,"M7的有效β = min(β_intended, β_max)，β_max∝√n/K。去容斥需β在(β_threshold, β_max)窗口内。K大的系统干预窗口极窄——强正反馈系统几乎无法安全干预。 **扩展注释 / Extended Annotation**",F_{D418},contains rescue/frontmatter rewrite,placeholder domain/codomain or converged-only semantics,,HIGH,True,True,True,prose_as_formula
D419,宏观僵尸态-实际不可逆等价函数,统一函数总表/0455-D419-宏观僵尸态-实际不可逆等价函数.md,formal_existing,D,formal_table,FUNCTION,DIRECT_SOURCE_FOUND,2026-07-11,0455-D419-宏观僵尸态-实际不可逆等价函数.md,c71188646d476623b3181013cf01625270f6f1be,/Users/zhiyuan/我的笔记/统一函数总表/0455-D419-宏观僵尸态-实际不可逆等价函数.md,,,repo_formalization,M9的宏观僵尸态、实际不可逆、缓冲不可逆([D309](docs/zh/functions/items/D309.md))三者精确等价——同一现象的三个等价描述。 **扩展注释 / Extended Annotation**,F_{D419},contains rescue/frontmatter rewrite,placeholder domain/codomain or converged-only semantics,,HIGH,True,True,True,prose_as_formula
D42,H_分类升级函数,统一函数总表/0091-D42-H_分类升级函数.md,formal_existing,D,formal_table,FORMAL_PROPOSITION,DIRECT_SOURCE_FOUND,2026-07-11,0091-D42-H_分类升级函数.md,c71188646d476623b3181013cf01625270f6f1be,/Users/zhiyuan/我的笔记/getnote-notes/点火/2026-06-12_1912611057168957168_点火｜函数_D42.md,,,repo_formalization,窗口与临界函数，窗口与临界案例验证。 **扩展注释 / Extended Annotation**,F_{D42},contains rescue/frontmatter rewrite,placeholder domain/codomain or converged-only semantics,,NORMAL,True,True,True,prose_as_formula
D420,自限-实际不可逆时序函数,统一函数总表/0456-D420-自限-实际不可逆时序函数.md,formal_existing,D,formal_table,ORDER,DIRECT_SOURCE_FOUND,2026-07-11,0456-D420-自限-实际不可逆时序函数.md,c71188646d476623b3181013cf01625270f6f1be,/Users/zhiyuan/我的笔记/统一函数总表/0456-D420-自限-实际不可逆时序函数.md,,,repo_formalization,M10的时序：传染→实际不可逆→全局僵尸化→自限。自限在系统已经死后才生效——对干预没有实际帮助。 **扩展注释 / Extended Annotation**,F_{D420},contains rescue/frontmatter rewrite,placeholder domain/codomain or converged-only semantics,,HIGH,True,True,True,prose_as_formula
D421,τ_min-噪声相关时间等价函数,统一函数总表/0457-D421-τ_min-噪声相关时间等价函数.md,formal_existing,D,formal_table,FUNCTION,DIRECT_SOURCE_FOUND,2026-07-11,0457-D421-τ_min-噪声相关时间等价函数.md,c71188646d476623b3181013cf01625270f6f1be,/Users/zhiyuan/我的笔记/统一函数总表/0457-D421-τ_min-噪声相关时间等价函数.md,,,repo_formalization,M11的**τ_min=τ_delay**——最小响应时间等于反馈延迟时间。延迟决定系统能多快响应噪声。 **扩展注释 / Extended Annotation**,F_{D421},contains rescue/frontmatter rewrite,placeholder domain/codomain or converged-only semantics,,HIGH,True,True,True,prose_as_formula
D422,传染临界-不可逆观测量函数,统一函数总表/0458-D422-传染临界-不可逆观测量函数.md,formal_existing,D,formal_table,FUNCTION,DIRECT_SOURCE_FOUND,2026-07-11,0458-D422-传染临界-不可逆观测量函数.md,c71188646d476623b3181013cf01625270f6f1be,/Users/zhiyuan/我的笔记/统一函数总表/0458-D422-传染临界-不可逆观测量函数.md,,,repo_formalization,M12的n/2作为容斥主导不可逆的间接观测量——用可观测的传染临界预警不可观测的不可逆点。 **扩展注释 / Extended Annotation**,F_{D422},contains rescue/frontmatter rewrite,placeholder domain/codomain or converged-only semantics,,HIGH,True,True,True,prose_as_formula
D423,不可逆体积参数归约函数,统一函数总表/0459-D423-不可逆体积参数归约函数.md,formal_existing,D,formal_table,FUNCTION,DIRECT_SOURCE_FOUND,2026-07-11,0459-D423-不可逆体积参数归约函数.md,c71188646d476623b3181013cf01625270f6f1be,/Users/zhiyuan/我的笔记/统一函数总表/0459-D423-不可逆体积参数归约函数.md,,,repo_formalization,M13的六个参数归约为3个有效参数：n_eff=n·√(p̄·Σαᵢ/β)，K，τ_delay。全不可逆体积∝n_eff²·K·τ_delay。三个干预方向：简化系统/降负担/增力度，减弱正反馈，加快反馈。 **扩展注释 / Extended Annotation**,F_{D423},contains rescue/frontmatter rewrite,placeholder domain/codomain or converged-only semantics,,HIGH,True,True,True,prose_as_formula
D424,两步策略唯一性函数,统一函数总表/0460-D424-两步策略唯一性函数.md,formal_existing,D,formal_table,OPTIMIZATION_PROBLEM,DIRECT_SOURCE_FOUND,2026-07-11,0460-D424-两步策略唯一性函数.md,c71188646d476623b3181013cf01625270f6f1be,/Users/zhiyuan/我的笔记/统一函数总表/0460-D424-两步策略唯一性函数.md,,,repo_formalization,M14的**两步策略是学习效应存在时的唯一最优策略。** 利用P_correct随时间递增（学习效应）使探索阶段快速确认方向。无学习效应时所有策略等价。 **扩展注释 / Extended Annotation**,F_{D424},contains rescue/frontmatter rewrite,placeholder domain/codomain or converged-only semantics,,HIGH,True,True,True,prose_as_formula
D43,碰撞存活率函数,统一函数总表/0092-D43-碰撞存活率函数.md,formal_existing,D,formal_table,FORMAL_PROPOSITION,DIRECT_SOURCE_FOUND,2026-07-11,0092-D43-碰撞存活率函数.md,c71188646d476623b3181013cf01625270f6f1be,/Users/zhiyuan/我的笔记/getnote-notes/点火/2026-06-12_1912611059316965104_点火｜函数_D43.md,,,repo_formalization,窗口与临界函数，窗口与临界案例验证。 **扩展注释 / Extended Annotation**,F_{D43},contains rescue/frontmatter rewrite,placeholder domain/codomain or converged-only semantics,,NORMAL,True,True,True,prose_as_formula
D44,确定性误解函数,统一函数总表/0093-D44-确定性误解函数.md,formal_existing,D,formal_table,FORMAL_PROPOSITION,DIRECT_SOURCE_FOUND,2026-07-11,0093-D44-确定性误解函数.md,c71188646d476623b3181013cf01625270f6f1be,/Users/zhiyuan/我的笔记/getnote-notes/点火/2026-06-12_1912611090455134776_点火｜函数_D44.md,C-0132,,repo_formalization,窗口与临界函数，窗口与临界案例验证。 **扩展注释 / Extended Annotation**,F_{D44},contains rescue/frontmatter rewrite,placeholder domain/codomain or converged-only semantics,,NORMAL,True,True,True,prose_as_formula
D45,中间稳态存在性函数,统一函数总表/0094-D45-中间稳态存在性函数.md,formal_existing,D,formal_table,FORMAL_PROPOSITION,DIRECT_SOURCE_FOUND,2026-07-11,0094-D45-中间稳态存在性函数.md,c71188646d476623b3181013cf01625270f6f1be,/Users/zhiyuan/我的笔记/getnote-notes/点火/2026-06-12_1912611093675835960_点火｜函数_D45.md,C-0133,,repo_formalization,窗口与临界函数，窗口与临界案例验证。 **扩展注释 / Extended Annotation**,F_{D45},contains rescue/frontmatter rewrite,placeholder domain/codomain or converged-only semantics,,NORMAL,True,True,True,prose_as_formula
D46,碰撞层级8格概率函数,统一函数总表/0095-D46-碰撞层级8格概率函数.md,formal_existing,D,formal_table,PROBABILISTIC_MODEL,DIRECT_SOURCE_FOUND,2026-07-11,0095-D46-碰撞层级8格概率函数.md,c71188646d476623b3181013cf01625270f6f1be,/Users/zhiyuan/我的笔记/getnote-notes/点火/2026-06-12_1912611095823319608_点火｜函数_D46.md,C-0134,,repo_formalization,窗口与临界函数，窗口与临界案例验证。 **扩展注释 / Extended Annotation**,F_{D46},contains rescue/frontmatter rewrite,placeholder domain/codomain or converged-only semantics,,NORMAL,True,True,True,prose_as_formula
D463,完美风暴-信息量等价函数,统一函数总表/0461-D463-完美风暴-信息量等价函数.md,formal_existing,D,formal_table,FUNCTION,DIRECT_SOURCE_FOUND,2026-07-11,0461-D463-完美风暴-信息量等价函数.md,c71188646d476623b3181013cf01625270f6f1be,/Users/zhiyuan/我的笔记/统一函数总表/0461-D463-完美风暴-信息量等价函数.md,,,repo_formalization,D412修正后，完美风暴条件a_excl·τ=1/(4·ln2)中的ln2不是数学巧合——它建立了容斥动力学与信息论的精确桥梁。 $$a_{excl} \cdot \tau = \frac{1}{4 \ln 2} = \frac{1}{4} \cdot \frac{1}{\ln 2}$$ 与Landauer原理的等价：τ_Landauer = k_BT·ln2 / P是擦除1 bit信息的最小时间。完美风暴条件等价于：**系统的容斥-弛豫时间积恰好是Landauer擦除时间的1/4时，双切换同步**。 关键推论： - 完美风暴门槛比原预测低44%——实际不可逆到来时间是原预测的ln2倍 - t,F_{D463},contains rescue/frontmatter rewrite,placeholder domain/codomain or converged-only semantics,,HIGH,True,True,True,prose_as_formula
D464,幽灵超指数衰减函数,统一函数总表/0462-D464-幽灵超指数衰减函数.md,formal_existing,D,formal_table,FUNCTION,DIRECT_SOURCE_FOUND,2026-07-11,0462-D464-幽灵超指数衰减函数.md,c71188646d476623b3181013cf01625270f6f1be,/Users/zhiyuan/我的笔记/统一函数总表/0462-D464-幽灵超指数衰减函数.md,C-0567,,repo_formalization,D384精确化——极小点消失后的势能面残余不是简单指数衰减，而是超指数衰减： $$\Delta\Phi_{ghost}(t) = \Delta\Phi_{max} \cdot \exp\left(-\kappa \cdot \left[\int_0^t H_{eff}(t')dt'\right]^\alpha\right)$$ 其中H_eff是系统有效膨胀率，α由系统维度结构决定。 宇宙学特例：H_eff∝(1+z)^(3/2)，α=1，积分得ΔH(z) = ΔH_max · exp(-κ·[(1+z)^(5/2)-1])。这是P17哈勃张力的精确预测形式。 关键推论： - 幽灵效应的消失不是,F_{D464},contains rescue/frontmatter rewrite,placeholder domain/codomain or converged-only semantics,,HIGH,True,True,True,prose_as_formula
D465,幽灵-不可逆竞争函数,统一函数总表/0463-D465-幽灵-不可逆竞争函数.md,formal_existing,D,formal_table,FUNCTION,DIRECT_SOURCE_FOUND,2026-07-11,0463-D465-幽灵-不可逆竞争函数.md,c71188646d476623b3181013cf01625270f6f1be,/Users/zhiyuan/我的笔记/统一函数总表/0463-D465-幽灵-不可逆竞争函数.md,C-0567;C-0572,,repo_formalization,[D464](docs/zh/functions/items/D464.md)×D410交叉产生——幽灵消失时间t_ghost_diss与不可逆时间t_irr的竞争决定系统命运： $$P_{recover} = \sigma\left(\frac{t_{irr} - t_{ghost\_diss}}{\Delta t}\right)$$ - t_ghost_diss < t_irr：幽灵先消失，系统在不可逆前恢复自由度 → 可恢复 - t_ghost_diss > t_irr：幽灵拖住系统直到不可逆 → 不可恢复 - t_ghost_diss = t_irr：临界情形，对应D412完美风暴的D,F_{D465},contains rescue/frontmatter rewrite,placeholder domain/codomain or converged-only semantics,,NORMAL,True,True,True,prose_as_formula
D466,暗物质核心-幽灵衰减函数,统一函数总表/0464-D466-暗物质核心-幽灵衰减函数.md,formal_existing,D,formal_table,FUNCTION,DIRECT_SOURCE_FOUND,2026-07-11,0464-D466-暗物质核心-幽灵衰减函数.md,c71188646d476623b3181013cf01625270f6f1be,/Users/zhiyuan/我的笔记/统一函数总表/0464-D466-暗物质核心-幽灵衰减函数.md,C-0568;C-0578,,repo_formalization,"[D464](docs/zh/functions/items/D464.md)×P16跨域碰撞——暗物质核心是可见物质分布的幽灵极小点。 暗物质核心半径r_c随时间超指数衰减： $$r_c(t) = r_{c,0} \cdot \exp\left(-\kappa_{DM} \cdot \left[\int_0^t H_{eff}(t')dt'\right]^\alpha\right)$$ 其中κ_DM极小（暗物质系统惯性极大），t以宇宙学时间计。 可检验预测：**更古老的星系团，暗物质核心半径更小**。r_c ∝ σ_visible² · exp(-κ_DM · t^α)。 与P16关系：P1",F_{D466},contains rescue/frontmatter rewrite,placeholder domain/codomain or converged-only semantics,,NORMAL,True,True,True,prose_as_formula
D467,最优性-惯性反比函数,统一函数总表/0465-D467-最优性-惯性反比函数.md,formal_existing,D,formal_table,OPTIMIZATION_PROBLEM,DIRECT_SOURCE_FOUND,2026-07-11,0465-D467-最优性-惯性反比函数.md,c71188646d476623b3181013cf01625270f6f1be,/Users/zhiyuan/我的笔记/统一函数总表/0465-D467-最优性-惯性反比函数.md,C-0569;C-0570;C-0572;C-0573,,repo_formalization,D464扩展(κ∝|σ-√e|/√e)×[D307](docs/zh/functions/items/D307.md)(σ_opt=√e)碰撞——空间维度的最优性与时间维度的惯性成反比。 $$\kappa \propto \left(\frac{\partial^2\Phi}{\partial\sigma^2}\bigg|_{\sigma^*}\right)^{-1}$$ 势阱在最优配置处最深最宽→残余最大→幽灵最持久→改革最难。这不是缺陷，是最优性的必然代价。 推广：任何参数空间中，系统在最优配置处的惯性最大。 - 经济学：最有效的市场最难改革 - 生物学：最适应的物种最难进化（进化保守性）,F_{D467},contains rescue/frontmatter rewrite,placeholder domain/codomain or converged-only semantics,,HIGH,True,True,True,prose_as_formula
D468,吸引子-陷阱等价函数,统一函数总表/0466-D468-吸引子-陷阱等价函数.md,formal_existing,D,formal_table,FUNCTION,DIRECT_SOURCE_FOUND,2026-07-11,0466-D468-吸引子-陷阱等价函数.md,c71188646d476623b3181013cf01625270f6f1be,/Users/zhiyuan/我的笔记/统一函数总表/0466-D468-吸引子-陷阱等价函数.md,C-0571,,repo_formalization,"[D467](docs/zh/functions/items/D467.md)×M8碰撞——势能面的极小点同时是吸引子（系统向其漂移）和陷阱（系统被其锁定）。吸引力和锁定力是同一势能曲率的两种表现： $$F_{attract} \propto -\frac{\partial V}{\partial\sigma}, \quad I_{trap} \propto \left(\frac{\partial^2 V}{\partial\sigma^2}\right)^{-1}$$ 在极小点处F_attract=0（已到达）但I_trap最大（最被锁定）。 关键推论： - 所有稳定状态都是陷阱——不存在",F_{D468},contains rescue/frontmatter rewrite,placeholder domain/codomain or converged-only semantics,,HIGH,True,True,True,prose_as_formula
D469,振荡优化函数,统一函数总表/0467-D469-振荡优化函数.md,formal_existing,D,formal_table,OPTIMIZATION_PROBLEM,DIRECT_SOURCE_FOUND,2026-07-11,0467-D469-振荡优化函数.md,c71188646d476623b3181013cf01625270f6f1be,/Users/zhiyuan/我的笔记/统一函数总表/0467-D469-振荡优化函数.md,C-0574;C-0575;C-0576;C-0578,,repo_formalization,"[D468](docs/zh/functions/items/D468.md)×M14碰撞——吸引子-陷阱等价导致系统在""优化→锁定→降势垒→重新优化""之间周期性循环： $$\sigma(t) \sim \sigma_{opt} + A \cdot \sin(\omega t) \cdot e^{-\gamma t}$$ ω由M14两步策略的执行速度决定，γ由每轮循环的净改善决定。 关键推论： - γ>0：收敛到σ_opt附近极限环——可持续演化 - γ=0：完美循环——永续振荡 **扩展注释 / Extended Annotation**",F_{D469},contains rescue/frontmatter rewrite,placeholder domain/codomain or converged-only semantics,,NORMAL,True,True,True,prose_as_formula
D47,点火窗口关闭动力学函数,统一函数总表/0096-D47-点火窗口关闭动力学函数.md,formal_existing,D,formal_table,FORMAL_PROPOSITION,DIRECT_SOURCE_FOUND,2026-07-11,0096-D47-点火窗口关闭动力学函数.md,c71188646d476623b3181013cf01625270f6f1be,/Users/zhiyuan/我的笔记/getnote-notes/点火/2026-06-12_1912611107634822896_点火｜函数_D47.md,C-0167,,repo_formalization,窗口与临界函数，窗口与临界案例验证。 **扩展注释 / Extended Annotation**,F_{D47},contains rescue/frontmatter rewrite,placeholder domain/codomain or converged-only semantics,,NORMAL,True,True,True,prose_as_formula
D470,幽灵跳变阻尼函数,统一函数总表/0468-D470-幽灵跳变阻尼函数.md,formal_existing,D,formal_table,OPTIMIZATION_PROBLEM,DIRECT_SOURCE_FOUND,2026-07-11,0468-D470-幽灵跳变阻尼函数.md,c71188646d476623b3181013cf01625270f6f1be,/Users/zhiyuan/我的笔记/统一函数总表/0468-D470-幽灵跳变阻尼函数.md,C-0577,,repo_formalization,[D469](docs/zh/functions/items/D469.md)×D464深入碰撞——振荡优化的阻尼系数γ在优化周期T = t_ghost_diss处不连续跳变： $$\gamma = \begin{cases} \gamma_{dirty} & T < t_{ghost\_diss} \\ \gamma_{clean} & T > t_{ghost\_diss} \end{cases}$$ γ_dirty < γ_clean。跳变来自D464超指数衰减——幽灵在t_ghost_diss前几乎不衰减，之后突然消失。 关键推论： - 存在最优优化周期T* = t_ghost_dis,F_{D470},contains rescue/frontmatter rewrite,placeholder domain/codomain or converged-only semantics,,NORMAL,True,True,True,prose_as_formula
D471,状态时间重写函数,统一函数总表/0469-D471-状态时间重写函数.md,formal_existing,D,formal_table,FUNCTION,DIRECT_SOURCE_FOUND,2026-07-11,0469-D471-状态时间重写函数.md,c71188646d476623b3181013cf01625270f6f1be,/Users/zhiyuan/我的笔记/统一函数总表/0469-D471-状态时间重写函数.md,C-0591;C-0594,,repo_formalization,"E_{Q_0001}(x)=1 iff exists N: tau=N({Delta x_k}) and order(x_k,x_{k+1}) preserved。时间不是本体，而是信息状态序列的计数投影；若只有状态流 x(t)，则时间 tau 可定义为状态变化的单调计数 tau=N(Delta x)，但不能推出外部本体时间不存在。依赖 [D342](docs/zh/functions/items/D342.md)，关联 [C-0591](docs/zh/cases/items/C-0591.md)、[C-0594](docs/zh/cases/items/C-0594.md)。 **扩展注释",F_{D471},contains rescue/frontmatter rewrite,placeholder domain/codomain or converged-only semantics,,NORMAL,True,True,True,prose_as_formula
D472,维度坐标化边界函数,统一函数总表/0470-D472-维度坐标化边界函数.md,formal_existing,D,formal_table,FUNCTION,DIRECT_SOURCE_FOUND,2026-07-11,0470-D472-维度坐标化边界函数.md,c71188646d476623b3181013cf01625270f6f1be,/Users/zhiyuan/我的笔记/统一函数总表/0470-D472-维度坐标化边界函数.md,,,repo_formalization,E_{Q_0003}=1 iff d*(O)=argmin_d[L(M_d|O)+Omega(d)]。维度是模型对观测的最小充分坐标数，是解释工具的压缩参数；不能由此推出经验世界不存在，只能推出“宇宙本体=某一维度集合”不是必要前提。依赖 [A8](docs/zh/functions/items/A8.md)、[D237](docs/zh/functions/items/D237.md)。 **扩展注释 / Extended Annotation**,F_{D472},contains rescue/frontmatter rewrite,placeholder domain/codomain or converged-only semantics,,NORMAL,True,True,True,prose_as_formula
D473,自维持坍缩边界函数,统一函数总表/0471-D473-自维持坍缩边界函数.md,formal_existing,D,formal_table,FUNCTION,DIRECT_SOURCE_FOUND,2026-07-11,0471-D473-自维持坍缩边界函数.md,c71188646d476623b3181013cf01625270f6f1be,/Users/zhiyuan/我的笔记/统一函数总表/0471-D473-自维持坍缩边界函数.md,C-0592,,repo_formalization,E_{Q_0021}=1 iff eta_return(x)<theta_horizon implies I_external(x_internal) approximately 0。黑洞可抽象为自持系统失稳后进入外部观测不可恢复边界；该模型表达信息边界，不替代具体引力方程。依赖 [D194](docs/zh/functions/items/D194.md)、[D232](docs/zh/functions/items/D232.md)，关联 [C-0592](docs/zh/cases/items/C-0592.md)。 **扩展注释 / Extended Annotation**,F_{D473},contains rescue/frontmatter rewrite,placeholder domain/codomain or converged-only semantics,,HIGH,True,True,True,prose_as_formula
D474,主动下一代生命边界函数,统一函数总表/0472-D474-主动下一代生命边界函数.md,formal_existing,D,formal_table,FUNCTION,DIRECT_SOURCE_FOUND,2026-07-11,0472-D474-主动下一代生命边界函数.md,c71188646d476623b3181013cf01625270f6f1be,/Users/zhiyuan/我的笔记/统一函数总表/0472-D474-主动下一代生命边界函数.md,,,repo_formalization,Life(S)=1 iff M_self*Boundary*Energy*Reproduction_active*Selection > theta_life。生命式系统至少要有自维持、边界、能量/资源代谢、主动复制或变体生成、选择反馈；被动复制不满足 Reproduction_active，AI 若内置主动变体生成和选择反馈才越过该定义边界。依赖 [D124](docs/zh/functions/items/D124.md)。 **扩展注释 / Extended Annotation**,F_{D474},contains rescue/frontmatter rewrite,placeholder domain/codomain or converged-only semantics,,NORMAL,True,True,True,prose_as_formula
D475,形式系统外推边界函数,统一函数总表/0473-D475-形式系统外推边界函数.md,formal_existing,D,formal_table,FORMAL_PROPOSITION,DIRECT_SOURCE_FOUND,2026-07-11,0473-D475-形式系统外推边界函数.md,c71188646d476623b3181013cf01625270f6f1be,/Users/zhiyuan/我的笔记/统一函数总表/0473-D475-形式系统外推边界函数.md,,,repo_formalization,"classify_A(p) in {provable, refutable, independent, underdetermined}。给定公理系统 A 和命题 p，若 A proves p 或 A proves not-p 则可收敛；若两者都不可得，必须标记为独立、欠定或需扩展公理。该函数给出所有公理系统函数的元边界。 **扩展注释 / Extended Annotation**",F_{D475},contains rescue/frontmatter rewrite,placeholder domain/codomain or converged-only semantics,,NORMAL,True,True,True,prose_as_formula
D476,基础空间函数,统一函数总表/0474-D476-基础空间函数.md,formal_existing,D,formal_table,FUNCTION,DIRECT_SOURCE_FOUND,2026-07-11,0474-D476-基础空间函数.md,c71188646d476623b3181013cf01625270f6f1be,/Users/zhiyuan/我的笔记/统一函数总表/0474-D476-基础空间函数.md,C-0611;C-0612;C-0613;C-0614;C-0615;C-0616;C-0617;C-0618;C-0619;C-0620;C-0663,,repo_formalization,Ω = {x | C₁(x) ∧ C₂(x) ∧ ... ∧ Cₙ(x)} **扩展注释 / Extended Annotation**,F_{D476},contains rescue/frontmatter rewrite,placeholder domain/codomain or converged-only semantics,,NORMAL,True,True,True,prose_as_formula
D477,空间有界性函数,统一函数总表/0475-D477-空间有界性函数.md,formal_existing,D,formal_table,FUNCTION,DIRECT_SOURCE_FOUND,2026-07-11,0475-D477-空间有界性函数.md,c71188646d476623b3181013cf01625270f6f1be,/Users/zhiyuan/我的笔记/统一函数总表/0475-D477-空间有界性函数.md,,,repo_formalization,Ω_min ≤ |Ω| ≤ Ω_max **扩展注释 / Extended Annotation**,F_{D477},contains rescue/frontmatter rewrite,placeholder domain/codomain or converged-only semantics,,NORMAL,True,True,True,prose_as_formula
D478,空间竞争性函数,统一函数总表/0476-D478-空间竞争性函数.md,formal_existing,D,formal_table,FUNCTION,DIRECT_SOURCE_FOUND,2026-07-11,0476-D478-空间竞争性函数.md,c71188646d476623b3181013cf01625270f6f1be,/Users/zhiyuan/我的笔记/统一函数总表/0476-D478-空间竞争性函数.md,,,repo_formalization,Σᵢ |Ωᵢ| ≤ Ω_total **扩展注释 / Extended Annotation**,F_{D478},contains rescue/frontmatter rewrite,placeholder domain/codomain or converged-only semantics,,NORMAL,True,True,True,prose_as_formula
D479,空间耦合函数,统一函数总表/0477-D479-空间耦合函数.md,formal_existing,D,formal_table,FUNCTION,DIRECT_SOURCE_FOUND,2026-07-11,0477-D479-空间耦合函数.md,c71188646d476623b3181013cf01625270f6f1be,/Users/zhiyuan/我的笔记/统一函数总表/0477-D479-空间耦合函数.md,,,repo_formalization,"Ω₁ = f(Ω₂, Ω₃, ..., Ωₙ) **扩展注释 / Extended Annotation**",F_{D479},contains rescue/frontmatter rewrite,placeholder domain/codomain or converged-only semantics,,NORMAL,True,True,True,prose_as_formula
D48,退化渗透临界触发函数,统一函数总表/0097-D48-退化渗透临界触发函数.md,formal_existing,D,formal_table,FORMAL_PROPOSITION,DIRECT_SOURCE_FOUND,2026-07-11,0097-D48-退化渗透临界触发函数.md,c71188646d476623b3181013cf01625270f6f1be,/Users/zhiyuan/我的笔记/getnote-notes/点火/2026-06-12_1912611109782830832_点火｜函数_D48.md,C-0136,,repo_formalization,窗口与临界函数，窗口与临界案例验证。 **扩展注释 / Extended Annotation**,F_{D48},contains rescue/frontmatter rewrite,placeholder domain/codomain or converged-only semantics,,NORMAL,True,True,True,prose_as_formula
D480,空间动态性函数,统一函数总表/0478-D480-空间动态性函数.md,formal_existing,D,formal_table,FUNCTION,DIRECT_SOURCE_FOUND,2026-07-11,0478-D480-空间动态性函数.md,c71188646d476623b3181013cf01625270f6f1be,/Users/zhiyuan/我的笔记/统一函数总表/0478-D480-空间动态性函数.md,C-0611;C-0612;C-0613;C-0614;C-0615;C-0616;C-0617;C-0618;C-0619;C-0620,,repo_formalization,"Ω(t) = {x | C₁(x,t) ∧ C₂(x,t) ∧ ... ∧ Cₙ(x,t)} **扩展注释 / Extended Annotation**",F_{D480},contains rescue/frontmatter rewrite,placeholder domain/codomain or converged-only semantics,,NORMAL,True,True,True,prose_as_formula
D481,P_sustain空间互补函数,统一函数总表/0479-D481-P_sustain空间互补函数.md,formal_existing,D,formal_table,FUNCTION,DIRECT_SOURCE_FOUND,2026-07-11,0479-D481-P_sustain空间互补函数.md,c71188646d476623b3181013cf01625270f6f1be,/Users/zhiyuan/我的笔记/统一函数总表/0479-D481-P_sustain空间互补函数.md,C-0621;C-0622;C-0623;C-0624;C-0625;C-0626;C-0627;C-0628;C-0629;C-0630;C-0631;C-0632;C-0633;C-0634;C-0635;C-0636;C-0637;C-0638;C-0639;C-0640;C-0641;C-0642;C-0643;C-0644;C-0645;C-0646;C-0647;C-0648;C-0649;C-0650;C-0651,,repo_formalization,P_sustain(Ω) = 1 - P_exit(Ω) **扩展注释 / Extended Annotation**,F_{D481},contains rescue/frontmatter rewrite,placeholder domain/codomain or converged-only semantics,,NORMAL,True,True,True,prose_as_formula
D482,退出权序贯动力学函数,统一函数总表/0480-D482-退出权序贯动力学函数.md,formal_existing,D,formal_table,ORDER,DIRECT_SOURCE_FOUND,2026-07-11,0480-D482-退出权序贯动力学函数.md,c71188646d476623b3181013cf01625270f6f1be,/Users/zhiyuan/我的笔记/统一函数总表/0480-D482-退出权序贯动力学函数.md,,,repo_formalization,dP_exit/dt = Σᵢ (∂P_exit/∂xᵢ × dxᵢ/dt) **扩展注释 / Extended Annotation**,F_{D482},contains rescue/frontmatter rewrite,placeholder domain/codomain or converged-only semantics,,NORMAL,True,True,True,prose_as_formula
D483,认知最大可估空间函数,统一函数总表/0481-D483-认知最大可估空间函数.md,formal_existing,D,formal_table,FUNCTION,DIRECT_SOURCE_FOUND,2026-07-11,0481-D483-认知最大可估空间函数.md,c71188646d476623b3181013cf01625270f6f1be,/Users/zhiyuan/我的笔记/统一函数总表/0481-D483-认知最大可估空间函数.md,,,repo_formalization,Ω_cognitive_max = {x | E[r](x) 和 Var(r)(x) 可准确估计} **扩展注释 / Extended Annotation**,F_{D483},contains rescue/frontmatter rewrite,placeholder domain/codomain or converged-only semantics,,NORMAL,True,True,True,prose_as_formula
D484,退出权自举激活函数,统一函数总表/0482-D484-退出权自举激活函数.md,formal_existing,D,formal_table,FUNCTION,DIRECT_SOURCE_FOUND,2026-07-11,0482-D484-退出权自举激活函数.md,c71188646d476623b3181013cf01625270f6f1be,/Users/zhiyuan/我的笔记/统一函数总表/0482-D484-退出权自举激活函数.md,,,repo_formalization,B_active = P_exit × σ(Δv) > θ_boot **扩展注释 / Extended Annotation**,F_{D484},contains rescue/frontmatter rewrite,placeholder domain/codomain or converged-only semantics,,NORMAL,True,True,True,prose_as_formula
D485,退出权相变级联函数,统一函数总表/0483-D485-退出权相变级联函数.md,formal_existing,D,formal_table,FUNCTION,DIRECT_SOURCE_FOUND,2026-07-11,0483-D485-退出权相变级联函数.md,c71188646d476623b3181013cf01625270f6f1be,/Users/zhiyuan/我的笔记/统一函数总表/0483-D485-退出权相变级联函数.md,,,repo_formalization,P_exit_phase(ε_aware) = {5个相变点} **扩展注释 / Extended Annotation**,F_{D485},contains rescue/frontmatter rewrite,placeholder domain/codomain or converged-only semantics,,NORMAL,True,True,True,prose_as_formula
D486,退出权净收益函数,统一函数总表/0484-D486-退出权净收益函数.md,formal_existing,D,formal_table,FUNCTION,DIRECT_SOURCE_FOUND,2026-07-11,0484-D486-退出权净收益函数.md,c71188646d476623b3181013cf01625270f6f1be,/Users/zhiyuan/我的笔记/统一函数总表/0484-D486-退出权净收益函数.md,,,repo_formalization,P_exit(Ω) = R(Ω) - C(Ω) **扩展注释 / Extended Annotation**,F_{D486},contains rescue/frontmatter rewrite,placeholder domain/codomain or converged-only semantics,,NORMAL,True,True,True,prose_as_formula
D487,选择空间上下界函数,统一函数总表/0485-D487-选择空间上下界函数.md,formal_existing,D,formal_table,FUNCTION,DIRECT_SOURCE_FOUND,2026-07-11,0485-D487-选择空间上下界函数.md,c71188646d476623b3181013cf01625270f6f1be,/Users/zhiyuan/我的笔记/统一函数总表/0485-D487-选择空间上下界函数.md,,,repo_formalization,"Ω_min = 2, Ω_max = C × T **扩展注释 / Extended Annotation**",F_{D487},contains rescue/frontmatter rewrite,placeholder domain/codomain or converged-only semantics,,NORMAL,True,True,True,prose_as_formula
D488,认知能力门控函数,统一函数总表/0486-D488-认知能力门控函数.md,formal_existing,D,formal_table,FUNCTION,DIRECT_SOURCE_FOUND,2026-07-11,0486-D488-认知能力门控函数.md,c71188646d476623b3181013cf01625270f6f1be,/Users/zhiyuan/我的笔记/统一函数总表/0486-D488-认知能力门控函数.md,,,repo_formalization,"C = f(η_gate, H_homogeneity) **扩展注释 / Extended Annotation**",F_{D488},contains rescue/frontmatter rewrite,placeholder domain/codomain or converged-only semantics,,NORMAL,True,True,True,prose_as_formula
D489,退出成本-遮蔽-时间三角约束函数,统一函数总表/0487-D489-退出成本-遮蔽-时间三角约束函数.md,formal_existing,D,formal_table,FUNCTION,DIRECT_SOURCE_FOUND,2026-07-11,0487-D489-退出成本-遮蔽-时间三角约束函数.md,c71188646d476623b3181013cf01625270f6f1be,/Users/zhiyuan/我的笔记/统一函数总表/0487-D489-退出成本-遮蔽-时间三角约束函数.md,,,repo_formalization,C_exit ↔ H ↔ T **扩展注释 / Extended Annotation**,F_{D489},contains rescue/frontmatter rewrite,placeholder domain/codomain or converged-only semantics,,NORMAL,True,True,True,prose_as_formula
D49,种子-点火结果概率分布函数,统一函数总表/0098-D49-种子-点火结果概率分布函数.md,formal_existing,D,formal_table,PROBABILISTIC_MODEL,DIRECT_SOURCE_FOUND,2026-07-11,0098-D49-种子-点火结果概率分布函数.md,c71188646d476623b3181013cf01625270f6f1be,/Users/zhiyuan/我的笔记/getnote-notes/点火/2026-06-12_1912611113004056304_点火｜函数_D49.md,C-0167,,repo_formalization,窗口与临界函数，窗口与临界案例验证。 **扩展注释 / Extended Annotation**,F_{D49},contains rescue/frontmatter rewrite,placeholder domain/codomain or converged-only semantics,,NORMAL,True,True,True,prose_as_formula
D490,退出权自举元函数投影,统一函数总表/0488-D490-退出权自举元函数投影.md,formal_existing,D,formal_table,FUNCTION,DIRECT_SOURCE_FOUND,2026-07-11,0488-D490-退出权自举元函数投影.md,c71188646d476623b3181013cf01625270f6f1be,/Users/zhiyuan/我的笔记/统一函数总表/0488-D490-退出权自举元函数投影.md,,,repo_formalization,"M_boot = f(P_exit, σ(Δv), d(ΔK)/dt) **扩展注释 / Extended Annotation**",F_{D490},contains rescue/frontmatter rewrite,placeholder domain/codomain or converged-only semantics,,NORMAL,True,True,True,prose_as_formula
D491,退出权脆弱性瓶颈函数,统一函数总表/0489-D491-退出权脆弱性瓶颈函数.md,formal_existing,D,formal_table,FUNCTION,DIRECT_SOURCE_FOUND,2026-07-11,0489-D491-退出权脆弱性瓶颈函数.md,c71188646d476623b3181013cf01625270f6f1be,/Users/zhiyuan/我的笔记/统一函数总表/0489-D491-退出权脆弱性瓶颈函数.md,,,repo_formalization,"P_exit_vulnerable = min(Ω, T, C, σ) **扩展注释 / Extended Annotation**",F_{D491},contains rescue/frontmatter rewrite,placeholder domain/codomain or converged-only semantics,,NORMAL,True,True,True,prose_as_formula
D492,最优空间规模函数,统一函数总表/0490-D492-最优空间规模函数.md,formal_existing,D,formal_table,OPTIMIZATION_PROBLEM,DIRECT_SOURCE_FOUND,2026-07-11,0490-D492-最优空间规模函数.md,c71188646d476623b3181013cf01625270f6f1be,/Users/zhiyuan/我的笔记/统一函数总表/0490-D492-最优空间规模函数.md,,,repo_formalization,Ω* = [1/(2α)]^(-1/(2α-1)) **扩展注释 / Extended Annotation**,F_{D492},contains rescue/frontmatter rewrite,placeholder domain/codomain or converged-only semantics,,NORMAL,True,True,True,prose_as_formula
D493,不可逆空间函数,统一函数总表/0491-D493-不可逆空间函数.md,formal_existing,D,formal_table,FUNCTION,DIRECT_SOURCE_FOUND,2026-07-11,0491-D493-不可逆空间函数.md,c71188646d476623b3181013cf01625270f6f1be,/Users/zhiyuan/我的笔记/统一函数总表/0491-D493-不可逆空间函数.md,,,repo_formalization,Ω_irreversible = {Ω | P_exit(Ω)=0 且无法恢复} **扩展注释 / Extended Annotation**,F_{D493},contains rescue/frontmatter rewrite,placeholder domain/codomain or converged-only semantics,,NORMAL,True,True,True,prose_as_formula
D494,退出权-Φ极值同构函数,统一函数总表/0492-D494-退出权-Φ极值同构函数.md,formal_existing,D,formal_table,RELATION,DIRECT_SOURCE_FOUND,2026-07-11,0492-D494-退出权-Φ极值同构函数.md,c71188646d476623b3181013cf01625270f6f1be,/Users/zhiyuan/我的笔记/统一函数总表/0492-D494-退出权-Φ极值同构函数.md,,,repo_formalization,dP_exit/dΩ = 0 ↔ dΦ/dμ = 0 **扩展注释 / Extended Annotation**,F_{D494},contains rescue/frontmatter rewrite,placeholder domain/codomain or converged-only semantics,,HIGH,True,True,True,prose_as_formula
D495,空间锁死维度计数函数,统一函数总表/0493-D495-空间锁死维度计数函数.md,formal_existing,D,formal_table,FUNCTION,DIRECT_SOURCE_FOUND,2026-07-11,0493-D495-空间锁死维度计数函数.md,c71188646d476623b3181013cf01625270f6f1be,/Users/zhiyuan/我的笔记/统一函数总表/0493-D495-空间锁死维度计数函数.md,,,repo_formalization,n_lock(Ω) = Σᵢ step(C_exit(Ωᵢ) > θ_C(Ωᵢ)) **扩展注释 / Extended Annotation**,F_{D495},contains rescue/frontmatter rewrite,placeholder domain/codomain or converged-only semantics,,NORMAL,True,True,True,prose_as_formula
D496,姿态-遮蔽方差函数,统一函数总表/0494-D496-姿态-遮蔽方差函数.md,formal_existing,D,formal_table,FUNCTION,DIRECT_SOURCE_FOUND,2026-07-11,0494-D496-姿态-遮蔽方差函数.md,c71188646d476623b3181013cf01625270f6f1be,/Users/zhiyuan/我的笔记/统一函数总表/0494-D496-姿态-遮蔽方差函数.md,,,repo_formalization,"σ = f(Posture_deg, H) **扩展注释 / Extended Annotation**",F_{D496},contains rescue/frontmatter rewrite,placeholder domain/codomain or converged-only semantics,,NORMAL,True,True,True,prose_as_formula
D497,退出权边界相变函数,统一函数总表/0495-D497-退出权边界相变函数.md,formal_existing,D,formal_table,FUNCTION,DIRECT_SOURCE_FOUND,2026-07-11,0495-D497-退出权边界相变函数.md,c71188646d476623b3181013cf01625270f6f1be,/Users/zhiyuan/我的笔记/统一函数总表/0495-D497-退出权边界相变函数.md,,,repo_formalization,"P_exit_boundary_phase = f(δ,1/ln,exp[-ln²],5个相变点) **扩展注释 / Extended Annotation**",F_{D497},contains rescue/frontmatter rewrite,placeholder domain/codomain or converged-only semantics,,NORMAL,True,True,True,prose_as_formula
D498,退出权统一衰减率函数,统一函数总表/0496-D498-退出权统一衰减率函数.md,formal_existing,D,formal_table,FUNCTION,DIRECT_SOURCE_FOUND,2026-07-11,0496-D498-退出权统一衰减率函数.md,c71188646d476623b3181013cf01625270f6f1be,/Users/zhiyuan/我的笔记/统一函数总表/0496-D498-退出权统一衰减率函数.md,,,repo_formalization,Γ_Pexit = d_C(Ω)/λ + κ_env(Ω)·H(Ω) **扩展注释 / Extended Annotation**,F_{D498},contains rescue/frontmatter rewrite,placeholder domain/codomain or converged-only semantics,,NORMAL,True,True,True,prose_as_formula
D499,退出权时间衰减函数,统一函数总表/0497-D499-退出权时间衰减函数.md,formal_existing,D,formal_table,FUNCTION,DIRECT_SOURCE_FOUND,2026-07-11,0497-D499-退出权时间衰减函数.md,c71188646d476623b3181013cf01625270f6f1be,/Users/zhiyuan/我的笔记/统一函数总表/0497-D499-退出权时间衰减函数.md,,,repo_formalization,"P_exit(t)=P_exit(Ω,T,C,σ) × e^(-Γ_unified×t) **扩展注释 / Extended Annotation**",F_{D499},contains rescue/frontmatter rewrite,placeholder domain/codomain or converged-only semantics,,NORMAL,True,True,True,prose_as_formula
D5,偏好伪造崩塌,统一函数总表/0054-D5-偏好伪造崩塌.md,formal_existing,D,formal_table,PROBABILISTIC_MODEL,DIRECT_SOURCE_FOUND,2026-07-11,0054-D5-偏好伪造崩塌.md,c71188646d476623b3181013cf01625270f6f1be,/Users/zhiyuan/我的笔记/getnote-notes/点火/2026-06-12_1912609720359909504_点火｜函数_D5.md,C-0003;C-0676,,repo_formalization,偏好伪造概率，遮蔽越高→偏好伪造概率越高→崩塌条件触发。 **扩展注释 / Extended Annotation**,F_{D5},contains rescue/frontmatter rewrite,placeholder domain/codomain or converged-only semantics,,NORMAL,True,True,True,prose_as_formula
D50,碰撞产出密度函数,统一函数总表/0099-D50-碰撞产出密度函数.md,formal_existing,D,formal_table,FORMAL_PROPOSITION,DIRECT_SOURCE_FOUND,2026-07-11,0099-D50-碰撞产出密度函数.md,c71188646d476623b3181013cf01625270f6f1be,/Users/zhiyuan/我的笔记/getnote-notes/点火/2026-06-12_1912611115151539952_点火｜函数_D50.md,C-0149,,repo_formalization,窗口与临界函数，窗口与临界案例验证。 **扩展注释 / Extended Annotation**,F_{D50},contains rescue/frontmatter rewrite,placeholder domain/codomain or converged-only semantics,,NORMAL,True,True,True,prose_as_formula
D500,空间集中性函数,统一函数总表/0498-D500-空间集中性函数.md,formal_existing,D,formal_table,FUNCTION,DIRECT_SOURCE_FOUND,2026-07-11,0498-D500-空间集中性函数.md,c71188646d476623b3181013cf01625270f6f1be,/Users/zhiyuan/我的笔记/统一函数总表/0498-D500-空间集中性函数.md,,,repo_formalization,I_concentration(Ω) = (1 + σ(Ω))/2 **扩展注释 / Extended Annotation**,F_{D500},contains rescue/frontmatter rewrite,placeholder domain/codomain or converged-only semantics,,NORMAL,True,True,True,prose_as_formula
D501,退出权最大化函数,统一函数总表/0499-D501-退出权最大化函数.md,formal_existing,D,formal_table,FUNCTION,DIRECT_SOURCE_FOUND,2026-07-11,0499-D501-退出权最大化函数.md,c71188646d476623b3181013cf01625270f6f1be,/Users/zhiyuan/我的笔记/统一函数总表/0499-D501-退出权最大化函数.md,,,repo_formalization,"P_exit_max = max[P_exit(Ω,T,C,σ)] **扩展注释 / Extended Annotation**",F_{D501},contains rescue/frontmatter rewrite,placeholder domain/codomain or converged-only semantics,,NORMAL,True,True,True,prose_as_formula
D502,退出权阻抗函数,统一函数总表/0500-D502-退出权阻抗函数.md,formal_existing,D,formal_table,FUNCTION,DIRECT_SOURCE_FOUND,2026-07-11,0500-D502-退出权阻抗函数.md,c71188646d476623b3181013cf01625270f6f1be,/Users/zhiyuan/我的笔记/统一函数总表/0500-D502-退出权阻抗函数.md,,,repo_formalization,z_Pexit = 1/(1 - P_exit) **扩展注释 / Extended Annotation**,F_{D502},contains rescue/frontmatter rewrite,placeholder domain/codomain or converged-only semantics,,NORMAL,True,True,True,prose_as_formula
D503,退出权最弱项瓶颈函数,统一函数总表/0501-D503-退出权最弱项瓶颈函数.md,formal_existing,D,formal_table,FUNCTION,DIRECT_SOURCE_FOUND,2026-07-11,0501-D503-退出权最弱项瓶颈函数.md,c71188646d476623b3181013cf01625270f6f1be,/Users/zhiyuan/我的笔记/统一函数总表/0501-D503-退出权最弱项瓶颈函数.md,,,repo_formalization,"P_exit_bottleneck = min(Ω,T,C,σ) **扩展注释 / Extended Annotation**",F_{D503},contains rescue/frontmatter rewrite,placeholder domain/codomain or converged-only semantics,,NORMAL,True,True,True,prose_as_formula
D504,退出权自举激活专门函数,统一函数总表/0502-D504-退出权自举激活专门函数.md,formal_existing,D,formal_table,FUNCTION,DIRECT_SOURCE_FOUND,2026-07-11,0502-D504-退出权自举激活专门函数.md,c71188646d476623b3181013cf01625270f6f1be,/Users/zhiyuan/我的笔记/统一函数总表/0502-D504-退出权自举激活专门函数.md,,,repo_formalization,B_active_Pexit = P_exit × σ(Δv) > θ_boot **扩展注释 / Extended Annotation**,F_{D504},contains rescue/frontmatter rewrite,placeholder domain/codomain or converged-only semantics,,NORMAL,True,True,True,prose_as_formula
D505,空间函数三元投影,统一函数总表/0503-D505-空间函数三元投影.md,formal_existing,D,formal_table,FUNCTION,DIRECT_SOURCE_FOUND,2026-07-11,0503-D505-空间函数三元投影.md,c71188646d476623b3181013cf01625270f6f1be,/Users/zhiyuan/我的笔记/统一函数总表/0503-D505-空间函数三元投影.md,,,repo_formalization,"Space_Function(Ω) = {I(Ω), D_immune(Ω), R(Ω)} **扩展注释 / Extended Annotation**",F_{D505},contains rescue/frontmatter rewrite,placeholder domain/codomain or converged-only semantics,,NORMAL,True,True,True,prose_as_formula
D506,认知空间四层结构函数,统一函数总表/0504-D506-认知空间四层结构函数.md,formal_existing,D,formal_table,FUNCTION,DIRECT_SOURCE_FOUND,2026-07-11,0504-D506-认知空间四层结构函数.md,c71188646d476623b3181013cf01625270f6f1be,/Users/zhiyuan/我的笔记/统一函数总表/0504-D506-认知空间四层结构函数.md,,,repo_formalization,Ω_total ⊇ Ω_reachable ⊇ Ω_topology ⊇ Ω_boundary **扩展注释 / Extended Annotation**,F_{D506},contains rescue/frontmatter rewrite,placeholder domain/codomain or converged-only semantics,,NORMAL,True,True,True,prose_as_formula
D507,退出权空间总函数,统一函数总表/0505-D507-退出权空间总函数.md,formal_existing,D,formal_table,FUNCTION,DIRECT_SOURCE_FOUND,2026-07-11,0505-D507-退出权空间总函数.md,c71188646d476623b3181013cf01625270f6f1be,/Users/zhiyuan/我的笔记/统一函数总表/0505-D507-退出权空间总函数.md,,,repo_formalization,"P_exit(Ω)=f(Ω,T,C,σ) **扩展注释 / Extended Annotation**",F_{D507},contains rescue/frontmatter rewrite,placeholder domain/codomain or converged-only semantics,,NORMAL,True,True,True,prose_as_formula
D508,退出权时变空间函数,统一函数总表/0506-D508-退出权时变空间函数.md,formal_existing,D,formal_table,FUNCTION,DIRECT_SOURCE_FOUND,2026-07-11,0506-D508-退出权时变空间函数.md,c71188646d476623b3181013cf01625270f6f1be,/Users/zhiyuan/我的笔记/统一函数总表/0506-D508-退出权时变空间函数.md,,,repo_formalization,"P_exit(t)=f(Ω(t),T(t),C(t),σ(t)) **扩展注释 / Extended Annotation**",F_{D508},contains rescue/frontmatter rewrite,placeholder domain/codomain or converged-only semantics,,NORMAL,True,True,True,prose_as_formula
D509,退出权共振函数,统一函数总表/0507-D509-退出权共振函数.md,formal_existing,D,formal_table,FUNCTION,DIRECT_SOURCE_FOUND,2026-07-11,0507-D509-退出权共振函数.md,c71188646d476623b3181013cf01625270f6f1be,/Users/zhiyuan/我的笔记/统一函数总表/0507-D509-退出权共振函数.md,,,repo_formalization,"P_exit_resonance = max[P_exit(Ω,T,C,σ)] **扩展注释 / Extended Annotation**",F_{D509},contains rescue/frontmatter rewrite,placeholder domain/codomain or converged-only semantics,,NORMAL,True,True,True,prose_as_formula
D51,门锁交替律函数,统一函数总表/0100-D51-门锁交替律函数.md,formal_existing,D,formal_table,FORMAL_PROPOSITION,DIRECT_SOURCE_FOUND,2026-07-11,0100-D51-门锁交替律函数.md,c71188646d476623b3181013cf01625270f6f1be,/Users/zhiyuan/我的笔记/getnote-notes/点火/2026-06-12_1912611117299023600_点火｜函数_D51.md,C-0139,,repo_formalization,窗口与临界函数，窗口与临界案例验证。 **扩展注释 / Extended Annotation**,F_{D51},contains rescue/frontmatter rewrite,placeholder domain/codomain or converged-only semantics,,NORMAL,True,True,True,prose_as_formula
D510,退出权空间衰减函数,统一函数总表/0508-D510-退出权空间衰减函数.md,formal_existing,D,formal_table,FUNCTION,DIRECT_SOURCE_FOUND,2026-07-11,0508-D510-退出权空间衰减函数.md,c71188646d476623b3181013cf01625270f6f1be,/Users/zhiyuan/我的笔记/统一函数总表/0508-D510-退出权空间衰减函数.md,,,repo_formalization,"P_exit_decay(Ω,t) = P_exit(Ω,0) × e^(-λ·t) **扩展注释 / Extended Annotation**",F_{D510},contains rescue/frontmatter rewrite,placeholder domain/codomain or converged-only semantics,,NORMAL,True,True,True,prose_as_formula
D511,退出权归零函数,统一函数总表/0509-D511-退出权归零函数.md,formal_existing,D,formal_table,FUNCTION,DIRECT_SOURCE_FOUND,2026-07-11,0509-D511-退出权归零函数.md,c71188646d476623b3181013cf01625270f6f1be,/Users/zhiyuan/我的笔记/统一函数总表/0509-D511-退出权归零函数.md,C-0621;C-0622;C-0623;C-0624;C-0625;C-0626;C-0627;C-0628;C-0629;C-0630;C-0631;C-0632;C-0633;C-0634;C-0635;C-0636;C-0637;C-0638;C-0639;C-0640;C-0641;C-0642;C-0643;C-0644;C-0645;C-0646;C-0647;C-0648;C-0649;C-0650;C-0651,,repo_formalization,"P_exit_zero = step(min(Ω,T,C,σ) - θ_zero) **扩展注释 / Extended Annotation**",F_{D511},contains rescue/frontmatter rewrite,placeholder domain/codomain or converged-only semantics,,NORMAL,True,True,True,prose_as_formula
D512,宇宙约束空间函数,统一函数总表/0510-D512-宇宙约束空间函数.md,formal_existing,D,formal_table,FUNCTION,DIRECT_SOURCE_FOUND,2026-07-11,0510-D512-宇宙约束空间函数.md,c71188646d476623b3181013cf01625270f6f1be,/Users/zhiyuan/我的笔记/统一函数总表/0510-D512-宇宙约束空间函数.md,C-0652,,repo_formalization,"Ω_universe(t) = {x | 所有硬约束 Cᵢ(x,t) 同时满足} **扩展注释 / Extended Annotation**",F_{D512},contains rescue/frontmatter rewrite,placeholder domain/codomain or converged-only semantics,,NORMAL,True,True,True,prose_as_formula
D513,信息可区分性函数,统一函数总表/0511-D513-信息可区分性函数.md,formal_existing,D,formal_table,FUNCTION,DIRECT_SOURCE_FOUND,2026-07-11,0511-D513-信息可区分性函数.md,c71188646d476623b3181013cf01625270f6f1be,/Users/zhiyuan/我的笔记/统一函数总表/0511-D513-信息可区分性函数.md,C-0653;C-0654,,repo_formalization,I(Ω) = log₂ |{x | 所有硬约束 Cᵢ(x) 同时满足}| **扩展注释 / Extended Annotation**,F_{D513},contains rescue/frontmatter rewrite,placeholder domain/codomain or converged-only semantics,,NORMAL,True,True,True,prose_as_formula
D514,信息守恒函数,统一函数总表/0512-D514-信息守恒函数.md,formal_existing,D,formal_table,FUNCTION,DIRECT_SOURCE_FOUND,2026-07-11,0512-D514-信息守恒函数.md,c71188646d476623b3181013cf01625270f6f1be,/Users/zhiyuan/我的笔记/统一函数总表/0512-D514-信息守恒函数.md,C-0653;C-0654,,repo_formalization,|Ω(t)| = constant **扩展注释 / Extended Annotation**,F_{D514},contains rescue/frontmatter rewrite,placeholder domain/codomain or converged-only semantics,,NORMAL,True,True,True,prose_as_formula
D515,宇宙约束边界函数,统一函数总表/0513-D515-宇宙约束边界函数.md,formal_existing,D,formal_table,FUNCTION,DIRECT_SOURCE_FOUND,2026-07-11,0513-D515-宇宙约束边界函数.md,c71188646d476623b3181013cf01625270f6f1be,/Users/zhiyuan/我的笔记/统一函数总表/0513-D515-宇宙约束边界函数.md,C-0652,,repo_formalization,∂Ω_universe = {x | Cᵢ(x) = 边界值} **扩展注释 / Extended Annotation**,F_{D515},contains rescue/frontmatter rewrite,placeholder domain/codomain or converged-only semantics,,NORMAL,True,True,True,prose_as_formula
D516,跨域对称性破缺推论函数族,统一函数总表/0514-D516-跨域对称性破缺推论.md,formal_existing,D,formal_table,OPTIMIZATION_PROBLEM,DIRECT_SOURCE_FOUND,2026-07-11,0514-D516-跨域对称性破缺推论.md,c71188646d476623b3181013cf01625270f6f1be,/Users/zhiyuan/我的笔记/统一函数总表/0514-D516-跨域对称性破缺推论.md,C-0661;C-0662,,repo_formalization,∂Φ/∂N_gate|physics < 0（物理域合并方向）→ ∂Φ/∂N_gate|society > 0（社会域分化方向），统一于Φ=零温自由能优化 **扩展注释 / Extended Annotation**,F_{D516},contains rescue/frontmatter rewrite,placeholder domain/codomain or converged-only semantics,,NORMAL,True,True,True,prose_as_formula
D517,跨域对称性破缺推论函数族,统一函数总表/0515-D517-质量度量约束放松函数.md,formal_existing,D,formal_table,FUNCTION,DIRECT_SOURCE_FOUND,2026-07-11,0515-D517-质量度量约束放松函数.md,c71188646d476623b3181013cf01625270f6f1be,/Users/zhiyuan/我的笔记/统一函数总表/0515-D517-质量度量约束放松函数.md,C-0656;C-0658;C-0659;C-0662,,repo_formalization,三框架质量度量在结构上形成约束放松链条：乘法结构（点火）→ 线性组合（Science Earth）→ 加权和（EGSS） **扩展注释 / Extended Annotation**,F_{D517},contains rescue/frontmatter rewrite,placeholder domain/codomain or converged-only semantics,,NORMAL,True,True,True,prose_as_formula
D518,跨域对称性破缺推论函数族,统一函数总表/0516-D518-操作类型维度降低函数.md,formal_existing,D,formal_table,FUNCTION,DIRECT_SOURCE_FOUND,2026-07-11,0516-D518-操作类型维度降低函数.md,c71188646d476623b3181013cf01625270f6f1be,/Users/zhiyuan/我的笔记/统一函数总表/0516-D518-操作类型维度降低函数.md,C-0656;C-0658;C-0659;C-0662;C-0663,,repo_formalization,三框架操作类型在维度上形成降低链条：并行验证（点火）→ 对比操作（Science Earth）→ 评估操作（EGSS） **扩展注释 / Extended Annotation**,F_{D518},contains rescue/frontmatter rewrite,placeholder domain/codomain or converged-only semantics,,NORMAL,True,True,True,prose_as_formula
D519,跨域对称性破缺推论函数族,统一函数总表/0517-D519-匹配操作精度波动函数.md,formal_existing,D,formal_table,FUNCTION,DIRECT_SOURCE_FOUND,2026-07-11,0517-D519-匹配操作精度波动函数.md,c71188646d476623b3181013cf01625270f6f1be,/Users/zhiyuan/我的笔记/统一函数总表/0517-D519-匹配操作精度波动函数.md,C-0656;C-0658;C-0659;C-0662,,repo_formalization,三框架匹配操作在精度上形成波动链条：阈值判定（EGSS）→ 集合匹配（Science Earth）→ 维度判定（点火） **扩展注释 / Extended Annotation**,F_{D519},contains rescue/frontmatter rewrite,placeholder domain/codomain or converged-only semantics,,NORMAL,True,True,True,prose_as_formula
D52,自锁结构稳定性函数,统一函数总表/0101-D52-自锁结构稳定性函数.md,formal_existing,D,formal_table,FORMAL_PROPOSITION,DIRECT_SOURCE_FOUND,2026-07-11,0101-D52-自锁结构稳定性函数.md,c71188646d476623b3181013cf01625270f6f1be,/Users/zhiyuan/我的笔记/getnote-notes/点火/2026-06-12_1912611119447031536_点火｜函数_D52.md,,,repo_formalization,窗口与临界函数，窗口与临界案例验证。 **扩展注释 / Extended Annotation**,F_{D52},contains rescue/frontmatter rewrite,placeholder domain/codomain or converged-only semantics,,NORMAL,True,True,True,prose_as_formula
D520,D520 修复报告（2026.06.18）,统一函数总表/0518-D520-元竞争动力学函数(抽象版).md,formal_existing,D,formal_table,PROBABILISTIC_MODEL,DIRECT_SOURCE_FOUND,2026-07-11,0518-D520-元竞争动力学函数(抽象版).md,c71188646d476623b3181013cf01625270f6f1be,/Users/zhiyuan/我的笔记/统一函数总表/0518-D520-元竞争动力学函数(抽象版).md,C-0671,,repo_formalization,可竞争标的的稀缺度动力学：标的的可用量随时间衰减，衰减率受竞争强度调节，同时标的自身动态过程（捕获效率、马尔可夫转移、获取成本）进一步影响可用量的演化轨迹。 **扩展注释 / Extended Annotation**,F_D520,contains rescue/frontmatter rewrite,placeholder domain/codomain or converged-only semantics,,NORMAL,True,True,True,
D522,3维流形几何化与递归函数族,统一函数总表/0519-D522-Willmore能量极小点函数.md,formal_existing,D,formal_table,FUNCTION,DIRECT_SOURCE_FOUND,2026-07-11,0519-D522-Willmore能量极小点函数.md,c71188646d476623b3181013cf01625270f6f1be,/Users/zhiyuan/我的笔记/统一函数总表/0519-D522-Willmore能量极小点函数.md,,,repo_formalization,"W(S)=∫_S H² dA, min_{S:亏格g} W(S)=2π² (g=1)，环面达到Willmore能量极小点。变分法验证通过：J⁺=0.8, J⁻=0.2, C_unified=1。 **扩展注释 / Extended Annotation**",F_D522,contains rescue/frontmatter rewrite,placeholder domain/codomain or converged-only semantics,,NORMAL,True,True,True,prose_as_formula
D523,3维流形几何化与递归函数族,统一函数总表/0520-D523-Kakeya集豪斯多夫维数函数.md,formal_existing,D,formal_table,FUNCTION,DIRECT_SOURCE_FOUND,2026-07-11,0520-D523-Kakeya集豪斯多夫维数函数.md,c71188646d476623b3181013cf01625270f6f1be,/Users/zhiyuan/我的笔记/统一函数总表/0520-D523-Kakeya集豪斯多夫维数函数.md,,,repo_formalization,dim_H(K_n)=n，其中K_n包含单位线段所有方向，n=2已严格证明，n≥3极小点存在性通过T39验证 **扩展注释 / Extended Annotation**,F_D523,contains rescue/frontmatter rewrite,placeholder domain/codomain or converged-only semantics,,NORMAL,True,True,True,prose_as_formula
D524,3维流形几何化与递归函数族,统一函数总表/0521-D524-Unique Games近似算法函数.md,formal_existing,D,formal_table,ALGORITHM,DIRECT_SOURCE_FOUND,2026-07-11,0521-D524-Unique Games近似算法函数.md,c71188646d476623b3181013cf01625270f6f1be,/Users/zhiyuan/我的笔记/统一函数总表/0521-D524-Unique,,,repo_formalization,"∀ε>0, ∃δ>0，若Opt(I)≥1-δ则∃算法A使得A(I)≥1-ε，但Khot反例表明C_unified=0 **扩展注释 / Extended Annotation**",F_D524,contains rescue/frontmatter rewrite,placeholder domain/codomain or converged-only semantics,,NORMAL,True,True,True,prose_as_formula
D525,3维流形几何化与递归函数族,统一函数总表/0522-D525-3维流形几何化分解函数.md,formal_existing,D,formal_table,FUNCTION,DIRECT_SOURCE_FOUND,2026-07-11,0522-D525-3维流形几何化分解函数.md,c71188646d476623b3181013cf01625270f6f1be,/Users/zhiyuan/我的笔记/统一函数总表/0522-D525-3维流形几何化分解函数.md,,,repo_formalization,M≅∪_i M_i，每个M_i配备8种标准几何之一，Perelman用Ricci流证明 **扩展注释 / Extended Annotation**,F_D525,contains rescue/frontmatter rewrite,placeholder domain/codomain or converged-only semantics,,NORMAL,True,True,True,prose_as_formula
D526,3维流形几何化与递归函数族,统一函数总表/0523-D526-整数划分倒数和函数.md,formal_existing,D,formal_table,FUNCTION,DIRECT_SOURCE_FOUND,2026-07-11,0523-D526-整数划分倒数和函数.md,c71188646d476623b3181013cf01625270f6f1be,/Users/zhiyuan/我的笔记/统一函数总表/0523-D526-整数划分倒数和函数.md,,,repo_formalization,"∀ℕ⁺有限划分，∃i, ∃S⊂A_i满足∑_{x∈S}1/x>1 **扩展注释 / Extended Annotation**",F_D526,contains rescue/frontmatter rewrite,placeholder domain/codomain or converged-only semantics,,NORMAL,True,True,True,prose_as_formula
D527,3维流形几何化与递归函数族,统一函数总表/0524-D527-随机游走维数临界函数.md,formal_existing,D,formal_table,FUNCTION,DIRECT_SOURCE_FOUND,2026-07-11,0524-D527-随机游走维数临界函数.md,c71188646d476623b3181013cf01625270f6f1be,/Users/zhiyuan/我的笔记/统一函数总表/0524-D527-随机游走维数临界函数.md,,,repo_formalization,∀ℤ^d随机游走，d>2时P(返回原点)<1，d=2为临界维数 **扩展注释 / Extended Annotation**,F_D527,contains rescue/frontmatter rewrite,placeholder domain/codomain or converged-only semantics,,NORMAL,True,True,True,prose_as_formula
D528,3维流形几何化与递归函数族,统一函数总表/0525-D528-高维流形同胚判定函数.md,formal_existing,D,formal_table,FUNCTION,DIRECT_SOURCE_FOUND,2026-07-11,0525-D528-高维流形同胚判定函数.md,c71188646d476623b3181013cf01625270f6f1be,/Users/zhiyuan/我的笔记/统一函数总表/0525-D528-高维流形同胚判定函数.md,,,repo_formalization,∀n≥5，H_*(M)≅H_*(Sⁿ) ⇒ M≅Sⁿ，同调群同构推流形同胚 **扩展注释 / Extended Annotation**,F_D528,contains rescue/frontmatter rewrite,placeholder domain/codomain or converged-only semantics,,HIGH,True,True,True,prose_as_formula
D529,3维流形几何化与递归函数族,统一函数总表/0526-D529-代数K理论伽罗瓦同构函数.md,formal_existing,D,formal_table,FUNCTION,DIRECT_SOURCE_FOUND,2026-07-11,0526-D529-代数K理论伽罗瓦同构函数.md,c71188646d476623b3181013cf01625270f6f1be,/Users/zhiyuan/我的笔记/统一函数总表/0526-D529-代数K理论伽罗瓦同构函数.md,,,repo_formalization,"K_n(R)/p≅H^i(Gal(R^sep/R), μ_p^j)，数域和有限域已验证 **扩展注释 / Extended Annotation**",F_D529,contains rescue/frontmatter rewrite,placeholder domain/codomain or converged-only semantics,,HIGH,True,True,True,prose_as_formula
D53,信号最优流速函数（凯利公式同构）,统一函数总表/0102-D53-信号最优流速函数(凯利公式同构).md,formal_existing,D,formal_table,PROBABILISTIC_MODEL,DIRECT_SOURCE_FOUND,2026-07-11,0102-D53-信号最优流速函数(凯利公式同构).md,c71188646d476623b3181013cf01625270f6f1be,/Users/zhiyuan/我的笔记/getnote-notes/点火/2026-06-12_1912611121595563760_点火｜函数_D53.md,C-0176;C-0595;C-0602;C-0606;C-0607,,repo_formalization,窗口与临界函数，窗口与临界案例验证。 **扩展注释 / Extended Annotation**,F_{D53},contains rescue/frontmatter rewrite,placeholder domain/codomain or converged-only semantics,,HIGH,True,True,True,prose_as_formula
D530,3维流形几何化与递归函数族,统一函数总表/0527-D530-雅各布森根幂零传递函数.md,formal_existing,D,formal_table,FUNCTION,DIRECT_SOURCE_FOUND,2026-07-11,0527-D530-雅各布森根幂零传递函数.md,c71188646d476623b3181013cf01625270f6f1be,/Users/zhiyuan/我的笔记/统一函数总表/0527-D530-雅各布森根幂零传递函数.md,,,repo_formalization,∀交换环R，dim(R)/dim(J(R))>1.514时熵跃迁，J(R)幂零⇒R幂零 **扩展注释 / Extended Annotation**,F_D530,contains rescue/frontmatter rewrite,placeholder domain/codomain or converged-only semantics,,NORMAL,True,True,True,prose_as_formula
D531,三重死亡与执念逃避函数族,统一函数总表/0528-D531-素数对差分函数.md,formal_existing,D,formal_table,FUNCTION,DIRECT_SOURCE_FOUND,2026-07-11,0528-D531-素数对差分函数.md,c71188646d476623b3181013cf01625270f6f1be,/Users/zhiyuan/我的笔记/统一函数总表/0528-D531-素数对差分函数.md,,,repo_formalization,"∀k∈ℕ⁺，x>e^(1.514k)时熵跃迁，∃∞{p, p+2k}∈ℙ² **扩展注释 / Extended Annotation**",F_D531,contains rescue/frontmatter rewrite,placeholder domain/codomain or converged-only semantics,,NORMAL,True,True,True,prose_as_formula
D532,三重死亡与执念逃避函数族,统一函数总表/0529-D532-区间素数存在性函数.md,formal_existing,D,formal_table,FORMAL_PROPOSITION,DIRECT_SOURCE_FOUND,2026-07-11,0529-D532-区间素数存在性函数.md,c71188646d476623b3181013cf01625270f6f1be,/Users/zhiyuan/我的笔记/统一函数总表/0529-D532-区间素数存在性函数.md,,,repo_formalization,"当n>4.55时n²与(n+1)²之间素数存在性发生熵跃迁。Legendre猜想确认门槛效应。J⁺=0.7, J⁻=0.3, C_unified=1。 **扩展注释 / Extended Annotation**","s conjecture verified via gate threshold.

<details>
<summary>数学推导过程 / Mathematical Derivation</summary>

- 对象 / Object: ",contains rescue/frontmatter rewrite,placeholder domain/codomain or converged-only semantics,,HIGH,True,True,True,prose_as_formula
D533,三重死亡与执念逃避函数族,统一函数总表/0530-D533-Banach算子不变子空间函数.md,formal_existing,D,formal_table,OPERATOR,DIRECT_SOURCE_FOUND,2026-07-11,0530-D533-Banach算子不变子空间函数.md,c71188646d476623b3181013cf01625270f6f1be,/Users/zhiyuan/我的笔记/统一函数总表/0530-D533-Banach算子不变子空间函数.md,,,repo_formalization,"∀无限维Banach空间X, ∀有界算子T, ∃非平凡闭子空间M满足T(M)⊂M，但Enflo反例存在⇒C_unified=0 **扩展注释 / Extended Annotation**",F_D533,contains rescue/frontmatter rewrite,placeholder domain/codomain or converged-only semantics,,NORMAL,True,True,True,prose_as_formula
D534,三重死亡与执念逃避函数族,统一函数总表/0531-D534-无聊-意义重构函数.md,formal_existing,D,formal_table,FUNCTION,DIRECT_SOURCE_FOUND,2026-07-11,0531-D534-无聊-意义重构函数.md,c71188646d476623b3181013cf01625270f6f1be,/Users/zhiyuan/我的笔记/统一函数总表/0531-D534-无聊-意义重构函数.md,,,repo_formalization,"无聊状态触发意义重构，B(x) → M_boredom > θ ⇒ R_meaning(x') > R_meaning(x)，其中B=boredom level, M_boredom=boredom threshold, R_meaning=meaning score **扩展注释 / Extended Annotation**",F_D534,contains rescue/frontmatter rewrite,placeholder domain/codomain or converged-only semantics,,NORMAL,True,True,True,prose_as_formula
D535,三重死亡与执念逃避函数族,统一函数总表/0532-D535-死亡三重定义函数.md,formal_existing,D,formal_table,FUNCTION,DIRECT_SOURCE_FOUND,2026-07-11,0532-D535-死亡三重定义函数.md,c71188646d476623b3181013cf01625270f6f1be,/Users/zhiyuan/我的笔记/统一函数总表/0532-D535-死亡三重定义函数.md,,,repo_formalization,死亡分三个层次：生物学死亡（身体机能终止）→社会学死亡（社会关系中断）→存在论死亡（痕迹完全消失），每层满足单向蕴含：Biological ⇒ Social ⇒ Existential **扩展注释 / Extended Annotation**,F_D535,contains rescue/frontmatter rewrite,placeholder domain/codomain or converged-only semantics,,NORMAL,True,True,True,prose_as_formula
D536,三重死亡与执念逃避函数族,统一函数总表/0533-D536-清醒梦-梦境真实感提升函数.md,formal_existing,D,formal_table,FUNCTION,DIRECT_SOURCE_FOUND,2026-07-11,0533-D536-清醒梦-梦境真实感提升函数.md,c71188646d476623b3181013cf01625270f6f1be,/Users/zhiyuan/我的笔记/统一函数总表/0533-D536-清醒梦-梦境真实感提升函数.md,,,repo_formalization,清醒梦训练⇒前额叶激活度↑⇒梦境觉察度↑⇒真实感评分↑，训练量T与感知真实度R满足dR/dT>0 **扩展注释 / Extended Annotation**,F_D536,contains rescue/frontmatter rewrite,placeholder domain/codomain or converged-only semantics,,NORMAL,True,True,True,prose_as_formula
D537,三重死亡与执念逃避函数族,统一函数总表/0534-D537-完成-完美函数.md,formal_existing,D,formal_table,FUNCTION,DIRECT_SOURCE_FOUND,2026-07-11,0534-D537-完成-完美函数.md,c71188646d476623b3181013cf01625270f6f1be,/Users/zhiyuan/我的笔记/统一函数总表/0534-D537-完成-完美函数.md,,,repo_formalization,任务完成度C与完美追求度P满足：当P>θ时C↓（过度追求完美阻碍完成），决策阈值∂U/∂t > ∂U/∂q时选择完成而非完美 **扩展注释 / Extended Annotation**,F_D537,contains rescue/frontmatter rewrite,placeholder domain/codomain or converged-only semantics,,NORMAL,True,True,True,prose_as_formula
D538,三重死亡与执念逃避函数族,统一函数总表/0535-D538-潜意识-觉知-意识函数.md,formal_existing,D,formal_table,FUNCTION,DIRECT_SOURCE_FOUND,2026-07-11,0535-D538-潜意识-觉知-意识函数.md,c71188646d476623b3181013cf01625270f6f1be,/Users/zhiyuan/我的笔记/统一函数总表/0535-D538-潜意识-觉知-意识函数.md,,,repo_formalization,潜意识内容S通过觉知阈值θ_a进入意识域C：C(x)=1[φ(S(x))>θ_a]，其中φ为映射函数，觉知过程是可训练的（dφ/dT>0） **扩展注释 / Extended Annotation**,F_D538,contains rescue/frontmatter rewrite,placeholder domain/codomain or converged-only semantics,,NORMAL,True,True,True,prose_as_formula
D539,三重死亡与执念逃避函数族,统一函数总表/0536-D539-未来视角-思考维度函数.md,formal_existing,D,formal_table,FUNCTION,DIRECT_SOURCE_FOUND,2026-07-11,0536-D539-未来视角-思考维度函数.md,c71188646d476623b3181013cf01625270f6f1be,/Users/zhiyuan/我的笔记/统一函数总表/0536-D539-未来视角-思考维度函数.md,,,repo_formalization,"未来时间距离T_future↑⇒思考维度D_thought↑⇒决策质量Q_decision↑（边际递减），dD/dT>0, d²D/dT²<0 **扩展注释 / Extended Annotation**",F_D539,contains rescue/frontmatter rewrite,placeholder domain/codomain or converged-only semantics,,NORMAL,True,True,True,prose_as_formula
D54,C_exit(geo)四因子子函数,统一函数总表/0103-D54-C_exit(geo)四因子子函数.md,formal_existing,D,formal_table,OPTIMIZATION_PROBLEM,DIRECT_SOURCE_FOUND,2026-07-11,0103-D54-C_exit(geo)四因子子函数.md,c71188646d476623b3181013cf01625270f6f1be,/Users/zhiyuan/我的笔记/getnote-notes/点火/2026-06-12_1912611124814692080_点火｜函数_D54.md,C-0148,,repo_formalization,书籍碰撞函数，书籍碰撞案例验证。 **扩展注释 / Extended Annotation**,F_{D54},contains rescue/frontmatter rewrite,placeholder domain/codomain or converged-only semantics,,NORMAL,True,True,True,prose_as_formula
D540,三重死亡与执念逃避函数族,统一函数总表/0537-D540-执念-逃避-逃避的逃避函数.md,formal_existing,D,formal_table,FUNCTION,DIRECT_SOURCE_FOUND,2026-07-11,0537-D540-执念-逃避-逃避的逃避函数.md,c71188646d476623b3181013cf01625270f6f1be,/Users/zhiyuan/我的笔记/统一函数总表/0537-D540-执念-逃避-逃避的逃避函数.md,,,repo_formalization,"f(执念,逃避) = σ(θ_escape - ε_fixation) × R_escape²。执念O触发逃避E(O)，逃避本身成为新执念源，形成二阶逃避。第一层逃避现实，第二层逃避逃避行为本身。 **扩展注释 / Extended Annotation**",F_D540,contains rescue/frontmatter rewrite,placeholder domain/codomain or converged-only semantics,,NORMAL,True,True,True,
D541,道德自居-认知偏差函数,统一函数总表/0538-D541-道德自居-认知偏差函数.md,formal_existing,D,formal_table,CAUSAL_MODEL,DIRECT_SOURCE_FOUND,2026-07-11,0538-D541-道德自居-认知偏差函数.md,c71188646d476623b3181013cf01625270f6f1be,"/Users/zhiyuan/我的笔记/getnote-notes/点火/2026-06-21_1913465824379979920_点火框架新增函数清单(2026-06-21).md;/Users/zhiyuan/我的笔记/getnote-notes/点火/2026-06-21_1913465824379979920_点火框架新增函数清单(2026-06-21).md""",C-0694,,repo_formalization,道德自居-认知偏差函数 **扩展注释 / Extended Annotation**,"text
f(道德自居) = σ(θ_moral - ε_identity) × R_bias
",contains rescue/frontmatter rewrite,placeholder domain/codomain or converged-only semantics,,NORMAL,True,False,True,
D542,植物蛋白质网络函数,统一函数总表/0557-D542-植物蛋白质网络函数.md,formal_existing,D,formal_table,CAUSAL_MODEL,DIRECT_SOURCE_FOUND,2026-07-11,0557-D542-植物蛋白质网络函数.md,c71188646d476623b3181013cf01625270f6f1be,/Users/zhiyuan/Library/Containers/com.biji.getNotes/Data/Library/Caches/2026年7月3日2058新增函数编号分配报告（6月30日至今41条函数）-2026年07月03日-来自【Get,,,repo_formalization,植物蛋白质网络函数 **扩展注释 / Extended Annotation**,"text
F_plant_protein_network := Σ(protein_i × interaction_j × signal_pathway) / protein_topology
",contains rescue/frontmatter rewrite,placeholder domain/codomain or converged-only semantics,,NORMAL,True,False,True,
D543,群体智能函数,统一函数总表/0558-D543-群体智能函数.md,formal_existing,D,formal_table,CAUSAL_MODEL,DIRECT_SOURCE_FOUND,2026-07-11,0558-D543-群体智能函数.md,c71188646d476623b3181013cf01625270f6f1be,/Users/zhiyuan/Library/Containers/com.biji.getNotes/Data/Library/Caches/2026年7月3日2058新增函数编号分配报告（6月30日至今41条函数）-2026年07月03日-来自【Get,,,repo_formalization,群体智能函数 **扩展注释 / Extended Annotation**,"text
F_swarm_intelligence := Σ(agent_i × local_rule × global_emergence) / interaction_topology
",contains rescue/frontmatter rewrite,placeholder domain/codomain or converged-only semantics,,NORMAL,True,False,True,
D544,AI-植物同构函数,统一函数总表/0559-D544-AI-植物同构函数.md,formal_existing,D,formal_table,CAUSAL_MODEL,DIRECT_SOURCE_FOUND,2026-07-11,0559-D544-AI-植物同构函数.md,c71188646d476623b3181013cf01625270f6f1be,/Users/zhiyuan/Library/Containers/com.biji.getNotes/Data/Library/Caches/2026年7月3日2058新增函数编号分配报告（6月30日至今41条函数）-2026年07月03日-来自【Get,,,repo_formalization,AI-植物同构函数 **扩展注释 / Extended Annotation**,"text
F_AI_plant_isomorphism := ∫(distributed_decision × learning_memory × communication_coordination) / multi_layer_topology
",contains rescue/frontmatter rewrite,placeholder domain/codomain or converged-only semantics,,HIGH,True,False,True,
D545,植物生物圈函数,统一函数总表/0560-D545-植物生物圈函数.md,formal_existing,D,formal_table,CAUSAL_MODEL,DIRECT_SOURCE_FOUND,2026-07-11,0560-D545-植物生物圈函数.md,c71188646d476623b3181013cf01625270f6f1be,/Users/zhiyuan/Library/Containers/com.biji.getNotes/Data/Library/Caches/2026年7月3日2058新增函数编号分配报告（6月30日至今41条函数）-2026年07月03日-来自【Get,,,repo_formalization,植物生物圈函数 **扩展注释 / Extended Annotation**,"text
F_plant_biosphere := ∫(photosynthesis × respiration × decomposition) / carbon_cycle
",contains rescue/frontmatter rewrite,placeholder domain/codomain or converged-only semantics,,NORMAL,True,False,True,
D546,植物伦理函数,统一函数总表/0561-D546-植物伦理函数.md,formal_existing,D,formal_table,CAUSAL_MODEL,DIRECT_SOURCE_FOUND,2026-07-11,0561-D546-植物伦理函数.md,c71188646d476623b3181013cf01625270f6f1be,/Users/zhiyuan/Library/Containers/com.biji.getNotes/Data/Library/Caches/2026年7月3日2058新增函数编号分配报告（6月30日至今41条函数）-2026年07月03日-来自【Get,,,repo_formalization,植物伦理函数 **扩展注释 / Extended Annotation**,"text
F_plant_ethics := ∫(moral_status × intrinsic_value × ethical_consideration) / consciousness_threshold
",contains rescue/frontmatter rewrite,placeholder domain/codomain or converged-only semantics,,NORMAL,True,False,True,
D547,植物演化函数,统一函数总表/0562-D547-植物演化函数.md,formal_existing,D,formal_table,CAUSAL_MODEL,DIRECT_SOURCE_FOUND,2026-07-11,0562-D547-植物演化函数.md,c71188646d476623b3181013cf01625270f6f1be,/Users/zhiyuan/Library/Containers/com.biji.getNotes/Data/Library/Caches/2026年7月3日2058新增函数编号分配报告（6月30日至今41条函数）-2026年07月03日-来自【Get,,,repo_formalization,植物演化函数 **扩展注释 / Extended Annotation**,"text
F_plant_evolution := ∫(genetic_variation × natural_selection × adaptive_radiation) / evolutionary_trajectory
",contains rescue/frontmatter rewrite,placeholder domain/codomain or converged-only semantics,,NORMAL,True,False,True,
D548,植物胁迫函数,统一函数总表/0563-D548-植物胁迫函数.md,formal_existing,D,formal_table,CAUSAL_MODEL,DIRECT_SOURCE_FOUND,2026-07-11,0563-D548-植物胁迫函数.md,c71188646d476623b3181013cf01625270f6f1be,/Users/zhiyuan/Library/Containers/com.biji.getNotes/Data/Library/Caches/2026年7月3日2058新增函数编号分配报告（6月30日至今41条函数）-2026年07月03日-来自【Get,,,repo_formalization,植物胁迫函数 **扩展注释 / Extended Annotation**,"text
F_plant_stress := ∫(stress_perception × physiological_response × gene_regulation) / stress_tolerance
",contains rescue/frontmatter rewrite,placeholder domain/codomain or converged-only semantics,,NORMAL,True,False,True,
D549,跨物种协同函数,统一函数总表/0564-D549-跨物种协同函数.md,formal_existing,D,formal_table,CAUSAL_MODEL,DIRECT_SOURCE_FOUND,2026-07-11,0564-D549-跨物种协同函数.md,c71188646d476623b3181013cf01625270f6f1be,/Users/zhiyuan/Library/Containers/com.biji.getNotes/Data/Library/Caches/2026年7月3日2058新增函数编号分配报告（6月30日至今41条函数）-2026年07月03日-来自【Get,,,repo_formalization,跨物种协同函数 **扩展注释 / Extended Annotation**,"text
F_plant_cross_species := ∫(signal_transmission × mutualistic_interaction × coevolution) / interspecies_network
",contains rescue/frontmatter rewrite,placeholder domain/codomain or converged-only semantics,,NORMAL,True,False,True,
D55,ε_eff昼夜分时函数,统一函数总表/0104-D55-ε_eff昼夜分时函数.md,formal_existing,D,formal_table,OPTIMIZATION_PROBLEM,DIRECT_SOURCE_FOUND,2026-07-11,0104-D55-ε_eff昼夜分时函数.md,c71188646d476623b3181013cf01625270f6f1be,/Users/zhiyuan/我的笔记/getnote-notes/点火/2026-06-12_1912611129109840440_点火｜函数_D55.md,C-0141,,repo_formalization,书籍碰撞函数，书籍碰撞案例验证。 **扩展注释 / Extended Annotation**,F_{D55},contains rescue/frontmatter rewrite,placeholder domain/codomain or converged-only semantics,,NORMAL,True,True,True,prose_as_formula
D550,植物群体函数,统一函数总表/0565-D550-植物群体函数.md,formal_existing,D,formal_table,CAUSAL_MODEL,DIRECT_SOURCE_FOUND,2026-07-11,0565-D550-植物群体函数.md,c71188646d476623b3181013cf01625270f6f1be,/Users/zhiyuan/Library/Containers/com.biji.getNotes/Data/Library/Caches/2026年7月3日2058新增函数编号分配报告（6月30日至今41条函数）-2026年07月03日-来自【Get,,,repo_formalization,植物群体函数 **扩展注释 / Extended Annotation**,"text
F_plant_swarm := ∫(local_interaction × indirect_communication × emergent_intelligence) / distributed_topology
",contains rescue/frontmatter rewrite,placeholder domain/codomain or converged-only semantics,,NORMAL,True,False,True,
D551,行星演化函数,统一函数总表/0566-D551-行星演化函数.md,formal_existing,D,formal_table,CAUSAL_MODEL,DIRECT_SOURCE_FOUND,2026-07-11,0566-D551-行星演化函数.md,c71188646d476623b3181013cf01625270f6f1be,/Users/zhiyuan/Library/Containers/com.biji.getNotes/Data/Library/Caches/2026年7月3日2058新增函数编号分配报告（6月30日至今41条函数）-2026年07月03日-来自【Get,,,repo_formalization,行星演化函数 **扩展注释 / Extended Annotation**,"text
F_plant_exoplanet := ∫(planetary_conditions × cosmic_habitability × evolutionary_convergence) / exoplanet_topology
",contains rescue/frontmatter rewrite,placeholder domain/codomain or converged-only semantics,,NORMAL,True,False,True,
D552,植物哥德尔函数,统一函数总表/0567-D552-植物哥德尔函数.md,formal_existing,D,formal_table,CAUSAL_MODEL,DIRECT_SOURCE_FOUND,2026-07-11,0567-D552-植物哥德尔函数.md,c71188646d476623b3181013cf01625270f6f1be,/Users/zhiyuan/Library/Containers/com.biji.getNotes/Data/Library/Caches/2026年7月3日2058新增函数编号分配报告（6月30日至今41条函数）-2026年07月03日-来自【Get,,,repo_formalization,植物哥德尔函数 **扩展注释 / Extended Annotation**,"text
F_plant_godel := ∫(axiom_system × provable_propositions × unprovable_propositions) / incompleteness_threshold
",contains rescue/frontmatter rewrite,placeholder domain/codomain or converged-only semantics,,HIGH,True,False,True,
D553,植物记忆函数（更新版）,统一函数总表/0568-D553-植物记忆函数（更新版）.md,formal_existing,D,formal_table,CAUSAL_MODEL,DIRECT_SOURCE_FOUND,2026-07-11,0568-D553-植物记忆函数（更新版）.md,c71188646d476623b3181013cf01625270f6f1be,/Users/zhiyuan/Library/Containers/com.biji.getNotes/Data/Library/Caches/2026年7月3日2058新增函数编号分配报告（6月30日至今41条函数）-2026年07月03日-来自【Get,,,repo_formalization,植物记忆函数（更新版） **扩展注释 / Extended Annotation**,"text
F_plant_memory_updated := ∫(sensory_encoding × information_storage × behavioral_modification) / temporal_integration
",contains rescue/frontmatter rewrite,placeholder domain/codomain or converged-only semantics,,NORMAL,True,False,True,
D554,植物菌根函数（更新版）,统一函数总表/0569-D554-植物菌根函数（更新版）.md,formal_existing,D,formal_table,CAUSAL_MODEL,DIRECT_SOURCE_FOUND,2026-07-11,0569-D554-植物菌根函数（更新版）.md,c71188646d476623b3181013cf01625270f6f1be,/Users/zhiyuan/Library/Containers/com.biji.getNotes/Data/Library/Caches/2026年7月3日2058新增函数编号分配报告（6月30日至今41条函数）-2026年07月03日-来自【Get,,,repo_formalization,植物菌根函数（更新版） **扩展注释 / Extended Annotation**,"text
F_plant_mycorrhiza_updated := ∫(carbon_exchange × nutrient_acquisition × resource_allocation) / fungal_network
",contains rescue/frontmatter rewrite,placeholder domain/codomain or converged-only semantics,,NORMAL,True,False,True,
D555,认知调取函数,统一函数总表/0570-D555-认知调取函数.md,formal_existing,D,formal_table,CAUSAL_MODEL,DIRECT_SOURCE_FOUND,2026-07-11,0570-D555-认知调取函数.md,c71188646d476623b3181013cf01625270f6f1be,/Users/zhiyuan/Library/Containers/com.biji.getNotes/Data/Library/Caches/2026年7月3日2058新增函数编号分配报告（6月30日至今41条函数）-2026年07月03日-来自【Get,,,repo_formalization,认知调取函数 **扩展注释 / Extended Annotation**,"text
F_cognitive_retrieval := ∫(distributed_path × synchronous_activation × adaptive_plasticity) / retrieval_topology
",contains rescue/frontmatter rewrite,placeholder domain/codomain or converged-only semantics,,NORMAL,True,False,True,
D556,集体智能函数,统一函数总表/0571-D556-集体智能函数.md,formal_existing,D,formal_table,CAUSAL_MODEL,DIRECT_SOURCE_FOUND,2026-07-11,0571-D556-集体智能函数.md,c71188646d476623b3181013cf01625270f6f1be,/Users/zhiyuan/Library/Containers/com.biji.getNotes/Data/Library/Caches/2026年7月3日2058新增函数编号分配报告（6月30日至今41条函数）-2026年07月03日-来自【Get,,,repo_formalization,集体智能函数 **扩展注释 / Extended Annotation**,"text
F_collective_intelligence := ∫(individual_interaction × cooperative_competition × global_emergence) / collective_topology
",contains rescue/frontmatter rewrite,placeholder domain/codomain or converged-only semantics,,NORMAL,True,False,True,
D557,适应性演化函数,统一函数总表/0572-D557-适应性演化函数.md,formal_existing,D,formal_table,CAUSAL_MODEL,DIRECT_SOURCE_FOUND,2026-07-11,0572-D557-适应性演化函数.md,c71188646d476623b3181013cf01625270f6f1be,/Users/zhiyuan/Library/Containers/com.biji.getNotes/Data/Library/Caches/2026年7月3日2058新增函数编号分配报告（6月30日至今41条函数）-2026年07月03日-来自【Get,,,repo_formalization,适应性演化函数 **扩展注释 / Extended Annotation**,"text
F_adaptive_evolution := ∫(environmental_perception × self_adjustment × adaptation_enhancement) / evolutionary_protocol
",contains rescue/frontmatter rewrite,placeholder domain/codomain or converged-only semantics,,NORMAL,True,False,True,
D558,智能边界函数,统一函数总表/0573-D558-智能边界函数.md,formal_existing,D,formal_table,CAUSAL_MODEL,DIRECT_SOURCE_FOUND,2026-07-11,0573-D558-智能边界函数.md,c71188646d476623b3181013cf01625270f6f1be,/Users/zhiyuan/Library/Containers/com.biji.getNotes/Data/Library/Caches/2026年7月3日2058新增函数编号分配报告（6月30日至今41条函数）-2026年07月03日-来自【Get,,,repo_formalization,智能边界函数 **扩展注释 / Extended Annotation**,"text
F_intelligence_boundary := ∫(mathematical_constraint · godel_incompleteness · system_limitation) / boundary_threshold
",contains rescue/frontmatter rewrite,placeholder domain/codomain or converged-only semantics,,HIGH,True,False,True,
D559,记忆锚定函数,统一函数总表/0574-D559-记忆锚定函数.md,formal_existing,D,formal_table,CAUSAL_MODEL,DIRECT_SOURCE_FOUND,2026-07-11,0574-D559-记忆锚定函数.md,c71188646d476623b3181013cf01625270f6f1be,/Users/zhiyuan/Library/Containers/com.biji.getNotes/Data/Library/Caches/2026年7月3日2058新增函数编号分配报告（6月30日至今41条函数）-2026年07月03日-来自【Get,,,repo_formalization,记忆锚定函数 **扩展注释 / Extended Annotation**,"text
Ψ_memory_anchor := Anchor(x, L) × Trigger(L) × Retrieve(x)
",contains rescue/frontmatter rewrite,placeholder domain/codomain or converged-only semantics,,NORMAL,True,False,True,
D56,R_upgrade升级路径函数,统一函数总表/0105-D56-R_upgrade升级路径函数.md,formal_existing,D,formal_table,FORMAL_PROPOSITION,DIRECT_SOURCE_FOUND,2026-07-11,0105-D56-R_upgrade升级路径函数.md,c71188646d476623b3181013cf01625270f6f1be,/Users/zhiyuan/我的笔记/getnote-notes/点火/2026-06-12_1912611461970679056_点火｜函数_D56.md,,,repo_formalization,书籍碰撞函数，书籍碰撞案例验证。 **扩展注释 / Extended Annotation**,F_{D56},contains rescue/frontmatter rewrite,placeholder domain/codomain or converged-only semantics,,NORMAL,True,True,True,prose_as_formula
D560,记忆分布式编码函数,统一函数总表/0575-D560-记忆分布式编码函数.md,formal_existing,D,formal_table,CAUSAL_MODEL,DIRECT_SOURCE_FOUND,2026-07-11,0575-D560-记忆分布式编码函数.md,c71188646d476623b3181013cf01625270f6f1be,/Users/zhiyuan/Library/Containers/com.biji.getNotes/Data/Library/Caches/2026年7月3日2058新增函数编号分配报告（6月30日至今41条函数）-2026年07月03日-来自【Get,,,repo_formalization,记忆分布式编码函数 **扩展注释 / Extended Annotation**,"text
Ψ_memory_distributed := Distributed_Encoding(x, N) × Synchronous_Activation(N) × Adaptive_Plasticity(N)
",contains rescue/frontmatter rewrite,placeholder domain/codomain or converged-only semantics,,NORMAL,True,False,True,
D561,记忆-智能边界函数,统一函数总表/0576-D561-记忆-智能边界函数.md,formal_existing,D,formal_table,CAUSAL_MODEL,DIRECT_SOURCE_FOUND,2026-07-11,0576-D561-记忆-智能边界函数.md,c71188646d476623b3181013cf01625270f6f1be,/Users/zhiyuan/Library/Containers/com.biji.getNotes/Data/Library/Caches/2026年7月3日2058新增函数编号分配报告（6月30日至今41条函数）-2026年07月03日-来自【Get,,,repo_formalization,记忆-智能边界函数 **扩展注释 / Extended Annotation**,"text
Ψ_memory_intelligence_boundary := Encoding → Retrieval → Emergence
",contains rescue/frontmatter rewrite,placeholder domain/codomain or converged-only semantics,,NORMAL,True,False,True,
D562,记忆哥德尔函数,统一函数总表/0577-D562-记忆哥德尔函数.md,formal_existing,D,formal_table,CAUSAL_MODEL,DIRECT_SOURCE_FOUND,2026-07-11,0577-D562-记忆哥德尔函数.md,c71188646d476623b3181013cf01625270f6f1be,/Users/zhiyuan/Library/Containers/com.biji.getNotes/Data/Library/Caches/2026年7月3日2058新增函数编号分配报告（6月30日至今41条函数）-2026年07月03日-来自【Get,,,repo_formalization,记忆哥德尔函数 **扩展注释 / Extended Annotation**,"text
G_δ_memory := ∀Memory_System, ∃x cannot be encoded ∧ ∃y cannot be retrieved
",contains rescue/frontmatter rewrite,placeholder domain/codomain or converged-only semantics,,HIGH,True,False,True,
D563,跨系统移植成功函数,统一函数总表/0578-D563-跨系统移植成功函数.md,formal_existing,D,formal_table,CAUSAL_MODEL,DIRECT_SOURCE_FOUND,2026-07-11,0578-D563-跨系统移植成功函数.md,c71188646d476623b3181013cf01625270f6f1be,/Users/zhiyuan/Library/Containers/com.biji.getNotes/Data/Library/Caches/2026年7月3日2058新增函数编号分配报告（6月30日至今41条函数）-2026年07月03日-来自【Get,,,repo_formalization,跨系统移植成功函数 **扩展注释 / Extended Annotation**,"text
F_transplant_success := σ(IC × EP × II - θ_transplant)
",contains rescue/frontmatter rewrite,placeholder domain/codomain or converged-only semantics,,NORMAL,True,False,True,
D564,理想主义双重性函数,统一函数总表/0579-D564-理想主义双重性函数.md,formal_existing,D,formal_table,CAUSAL_MODEL,DIRECT_SOURCE_FOUND,2026-07-11,0579-D564-理想主义双重性函数.md,c71188646d476623b3181013cf01625270f6f1be,/Users/zhiyuan/Library/Containers/com.biji.getNotes/Data/Library/Caches/2026年7月3日2058新增函数编号分配报告（6月30日至今41条函数）-2026年07月03日-来自【Get,,,repo_formalization,理想主义双重性函数 **扩展注释 / Extended Annotation**,"text
F_idealist_duality := σ(C_impact × B_reconstruction × A_turnaround - θ_betrayal)
",contains rescue/frontmatter rewrite,placeholder domain/codomain or converged-only semantics,,NORMAL,True,False,True,
D565,阶级背叛函数,统一函数总表/0580-D565-阶级背叛函数.md,formal_existing,D,formal_table,CAUSAL_MODEL,DIRECT_SOURCE_FOUND,2026-07-11,0580-D565-阶级背叛函数.md,c71188646d476623b3181013cf01625270f6f1be,/Users/zhiyuan/Library/Containers/com.biji.getNotes/Data/Library/Caches/2026年7月3日2058新增函数编号分配报告（6月30日至今41条函数）-2026年07月03日-来自【Get,,,repo_formalization,阶级背叛函数 **扩展注释 / Extended Annotation**,"text
F_class_betrayal := σ(C_impact × B_reconstruction × A_turnaround - θ_betrayal)
",contains rescue/frontmatter rewrite,placeholder domain/codomain or converged-only semantics,,NORMAL,True,False,True,
D57,解读偏置函数（核心疑问→错误解读的数学结构）,统一函数总表/0106-D57-解读偏置函数(核心疑问→错误解读的数学结构).md,formal_existing,D,formal_table,FORMAL_PROPOSITION,DIRECT_SOURCE_FOUND,2026-07-11,0106-D57-解读偏置函数(核心疑问→错误解读的数学结构).md,c71188646d476623b3181013cf01625270f6f1be,/Users/zhiyuan/我的笔记/getnote-notes/点火/2026-06-12_1912611478075233552_点火｜函数_D57.md,C-0151,,repo_formalization,书籍碰撞函数，书籍碰撞案例验证。 **扩展注释 / Extended Annotation**,F_{D57},contains rescue/frontmatter rewrite,placeholder domain/codomain or converged-only semantics,,NORMAL,True,True,True,prose_as_formula
D571,焦虑信息权函数,统一函数总表/0581-D571-焦虑信息权函数.md,formal_existing,D,formal_table,FORMAL_PROPOSITION,DIRECT_SOURCE_FOUND,2026-07-11,0581-D571-焦虑信息权函数.md,c71188646d476623b3181013cf01625270f6f1be,/Users/zhiyuan/Library/Containers/com.biji.getNotes/Data/Library/Caches/本次对话新增函数编号与数学表达,C-0733;C-0734;C-0735;C-0736,,repo_formalization,F_焦虑信息权函数 **扩展注释 / Extended Annotation**,"text
焦虑 = H0 × e^{-k·信息权}

其中：
- H0：初始焦虑水平（常数，H0 > 0）
- k：信息敏感系数（常数，k > 0）
- 信息权：I ∈ [0, +∞)，信息权越高，焦虑越低
- e：自然对数底

收敛性：
lim_{I→∞} 焦虑 = 0
lim_{I→0} 焦虑 = H0
",contains rescue/frontmatter rewrite,placeholder domain/codomain or converged-only semantics,,NORMAL,True,False,True,
D572,退出权验证,统一函数总表/0582-D572-退出权验证.md,formal_existing,D,formal_table,FORMAL_PROPOSITION,DIRECT_SOURCE_FOUND,2026-07-11,0582-D572-退出权验证.md,c71188646d476623b3181013cf01625270f6f1be,/Users/zhiyuan/Library/Containers/com.biji.getNotes/Data/Library/Caches/本次对话新增函数编号与数学表达,C-0737;C-0738;C-0739;C-0740,,repo_formalization,F_退出权验证 **扩展注释 / Extended Annotation**,"text
契约有效性 = f(真实退出权, 认同验证)

f(R, C) = R × C

其中：
- R ∈ {0, 1}：真实退出权
- C ∈ {0, 1}：认同验证
- 契约有效性 ∈ {0, 1}

判定条件：
f(R, C) = 1 ⟺ R=1 ∧ C=1
f(R, C) = 0 ⟺ R=0 ∨ C=0
",contains rescue/frontmatter rewrite,placeholder domain/codomain or converged-only semantics,,NORMAL,True,False,True,
D573,财务决策不完备性,统一函数总表/0583-D573-财务决策不完备性.md,formal_existing,D,formal_table,ALGORITHM,DIRECT_SOURCE_FOUND,2026-07-11,0583-D573-财务决策不完备性.md,c71188646d476623b3181013cf01625270f6f1be,/Users/zhiyuan/Library/Containers/com.biji.getNotes/Data/Library/Caches/本次对话新增函数编号与数学表达,C-0741;C-0742;C-0743;C-0744,,repo_formalization,F_财务决策不完备性 **扩展注释 / Extended Annotation**,"text
∄ 完美财务决策算法 A，使得 ∀ 财务场景 S，A(S) = 最优决策

哥德尔不完备性判定：
G_δ(财务决策) = 1

证明：
假设存在完美算法 A，则 ∀ S，A(S) = 最优决策
但财务决策涉及不完备信息、不确定性、时间偏好
∴ ∃ S，A(S) ≠ 最优决策
∴ 完美算法不存在
",contains rescue/frontmatter rewrite,placeholder domain/codomain or converged-only semantics,,HIGH,True,False,True,
D574,财务教育框架化,统一函数总表/0584-D574-财务教育框架化.md,formal_existing,D,formal_table,FORMAL_PROPOSITION,DIRECT_SOURCE_FOUND,2026-07-11,0584-D574-财务教育框架化.md,c71188646d476623b3181013cf01625270f6f1be,/Users/zhiyuan/Library/Containers/com.biji.getNotes/Data/Library/Caches/本次对话新增函数编号与数学表达,C-0745;C-0746;C-0747;C-0748,,repo_formalization,F_财务教育框架化 **扩展注释 / Extended Annotation**,"text
财务教育 = 框架建设(F) + 技巧堆砌(T)

框架建设 F：
F = {信息权获取, 决策权对称, 退出权验证, 认同验证}

技巧堆砌 T：
T = {投资技巧, 理财技巧, 税务技巧, ...}

财务教育有效性：
E = α·|F| + β·|T|

其中：
- α：框架建设权重（α > β）
- β：技巧堆砌权重

结论：框架建设比技巧堆砌更重要（α > β）
",contains rescue/frontmatter rewrite,placeholder domain/codomain or converged-only semantics,,NORMAL,True,False,True,
D575,财务元协议实例化,统一函数总表/0585-D575-财务元协议实例化.md,formal_existing,D,formal_table,FORMAL_PROPOSITION,DIRECT_SOURCE_FOUND,2026-07-11,0585-D575-财务元协议实例化.md,c71188646d476623b3181013cf01625270f6f1be,/Users/zhiyuan/Library/Containers/com.biji.getNotes/Data/Library/Caches/本次对话新增函数编号与数学表达,C-0749;C-0750;C-0751;C-0752,,repo_formalization,F_财务元协议实例化 **扩展注释 / Extended Annotation**,"

## 判定理由 / Derivation Reason

来自原始笔记的层级判定：D层（财务决策领域实例化）

## 数学推导过程 / Mathematical Derivation

- 对象 / Object: ",contains rescue/frontmatter rewrite,placeholder domain/codomain or converged-only semantics,,NORMAL,True,False,True,
D576,认知年龄提升,统一函数总表/0586-D576-认知年龄提升.md,formal_existing,D,formal_table,ALGORITHM,DIRECT_SOURCE_FOUND,2026-07-11,0586-D576-认知年龄提升.md,c71188646d476623b3181013cf01625270f6f1be,/Users/zhiyuan/Library/Containers/com.biji.getNotes/Data/Library/Caches/本次对话新增函数编号与数学表达,C-0753;C-0754;C-0755;C-0756,,repo_formalization,F_认知年龄提升 **扩展注释 / Extended Annotation**,"text
认知年龄 = f(写作频率, 认知复杂度)

C_Age = α·log(W) + β·CC

其中：
- W：写作频率
- CC：认知复杂度
- α, β：权重系数

结论：写作频率越高，认知复杂度越高，认知年龄越大
",contains rescue/frontmatter rewrite,placeholder domain/codomain or converged-only semantics,,NORMAL,True,False,True,
D577,观点竞争,统一函数总表/0587-D577-观点竞争.md,formal_existing,D,formal_table,OPTIMIZATION_PROBLEM,DIRECT_SOURCE_FOUND,2026-07-11,0587-D577-观点竞争.md,c71188646d476623b3181013cf01625270f6f1be,/Users/zhiyuan/Library/Containers/com.biji.getNotes/Data/Library/Caches/本次对话新增函数编号与数学表达,C-0757;C-0758;C-0759;C-0760,,repo_formalization,F_观点竞争 **扩展注释 / Extended Annotation**,"text
选题质量 = max_{i∈Q} (价值_i / 难度_i × 完成度_i)

Q = {q1, q2, ..., qn}

其中：
- 价值_i：问题i的价值
- 难度_i：问题i的难度
- 完成度_i：问题i的完成度

结论：观点竞争收敛至最优选题
",contains rescue/frontmatter rewrite,placeholder domain/codomain or converged-only semantics,,NORMAL,True,False,True,
D578,读者友好,统一函数总表/0588-D578-读者友好.md,formal_existing,D,formal_table,FORMAL_PROPOSITION,DIRECT_SOURCE_FOUND,2026-07-11,0588-D578-读者友好.md,c71188646d476623b3181013cf01625270f6f1be,/Users/zhiyuan/Library/Containers/com.biji.getNotes/Data/Library/Caches/本次对话新增函数编号与数学表达,C-0761;C-0762;C-0763;C-0764,,repo_formalization,F_读者友好 **扩展注释 / Extended Annotation**,"text
认知负荷 = f(段落长度, 主题句清晰度, 信息密度)

CL = α·L + β·(1/T) + γ·D

其中：
- L：段落长度
- T：主题句清晰度
- D：信息密度

结论：段落长度≤10行，主题句清晰，信息密度适中，认知负荷最低
",contains rescue/frontmatter rewrite,placeholder domain/codomain or converged-only semantics,,NORMAL,True,False,True,
D579,阅历赤字解决,统一函数总表/0589-D579-阅历赤字解决.md,formal_existing,D,formal_table,ALGORITHM,DIRECT_SOURCE_FOUND,2026-07-11,0589-D579-阅历赤字解决.md,c71188646d476623b3181013cf01625270f6f1be,/Users/zhiyuan/Library/Containers/com.biji.getNotes/Data/Library/Caches/本次对话新增函数编号与数学表达,C-0765;C-0766;C-0767;C-0768,,repo_formalization,F_阅历赤字解决 **扩展注释 / Extended Annotation**,"text
认知复杂度 = f(访谈频率, 阅读深度, 聊天质量)

CC = α·log(I) + β·log(R) + γ·log(C)

其中：
- I：访谈频率
- R：阅读深度
- C：聊天质量

结论：访谈、阅读、聊天补充阅历，提升认知复杂度
",contains rescue/frontmatter rewrite,placeholder domain/codomain or converged-only semantics,,NORMAL,True,False,True,
D58,固化加速函数,统一函数总表/0107-D58-固化加速函数.md,formal_existing,D,formal_table,PROBABILISTIC_MODEL,DIRECT_SOURCE_FOUND,2026-07-11,0107-D58-固化加速函数.md,c71188646d476623b3181013cf01625270f6f1be,/Users/zhiyuan/我的笔记/getnote-notes/点火/2026-06-12_1912611480222717200_点火｜函数_D58.md,,,repo_formalization,书籍碰撞函数，书籍碰撞案例验证。 **扩展注释 / Extended Annotation**,F_{D58},contains rescue/frontmatter rewrite,placeholder domain/codomain or converged-only semantics,,NORMAL,True,True,True,prose_as_formula
D580,边缘革命,统一函数总表/0590-D580-边缘革命.md,formal_existing,D,formal_table,FORMAL_PROPOSITION,DIRECT_SOURCE_FOUND,2026-07-11,0590-D580-边缘革命.md,c71188646d476623b3181013cf01625270f6f1be,/Users/zhiyuan/Library/Containers/com.biji.getNotes/Data/Library/Caches/本次对话新增函数编号与数学表达,C-0769;C-0770;C-0771;C-0772,,repo_formalization,F_边缘革命 **扩展注释 / Extended Annotation**,"text
价值 = f(独特性, 未编码度)

V = α·U + β·(1 - E)

其中：
- U：独特性
- E：编码度（0≤E≤1）

结论：边缘赛道（E低）价值最大化
",contains rescue/frontmatter rewrite,placeholder domain/codomain or converged-only semantics,,NORMAL,True,False,True,
D581,信息茧房破解,统一函数总表/0591-D581-信息茧房破解.md,formal_existing,D,formal_table,FORMAL_PROPOSITION,DIRECT_SOURCE_FOUND,2026-07-11,0591-D581-信息茧房破解.md,c71188646d476623b3181013cf01625270f6f1be,/Users/zhiyuan/Library/Containers/com.biji.getNotes/Data/Library/Caches/本次对话新增函数编号与数学表达,C-0773;C-0774;C-0775;C-0776,,repo_formalization,F_信息茧房破解 **扩展注释 / Extended Annotation**,"text
认知扩展度 = f(快闪阅读频率, 逛书店频率, 随机性)

CE = α·log(F) + β·log(B) + γ·R

其中：
- F：快闪阅读频率
- B：逛书店频率
- R：随机性（0≤R≤1）

结论：快闪阅读、逛书店引入随机性，打破信息茧房
",contains rescue/frontmatter rewrite,placeholder domain/codomain or converged-only semantics,,NORMAL,True,False,True,
D582,堆肥法,统一函数总表/0592-D582-堆肥法.md,formal_existing,D,formal_table,ALGORITHM,DIRECT_SOURCE_FOUND,2026-07-11,0592-D582-堆肥法.md,c71188646d476623b3181013cf01625270f6f1be,/Users/zhiyuan/Library/Containers/com.biji.getNotes/Data/Library/Caches/本次对话新增函数编号与数学表达,C-0777;C-0778;C-0779;C-0780,,repo_formalization,F_堆肥法 **扩展注释 / Extended Annotation**,"text
新想法涌现率 = f(素材积累量, 发酵时间)

NER = α·log(A) + β·log(T)

其中：
- A：素材积累量
- T：发酵时间

结论：素材积累后发酵，新想法涌现
",contains rescue/frontmatter rewrite,placeholder domain/codomain or converged-only semantics,,NORMAL,True,False,True,
D583,认知肌肉锻炼,统一函数总表/0593-D583-认知肌肉锻炼.md,formal_existing,D,formal_table,FORMAL_PROPOSITION,INDIRECT_SOURCE_ONLY,2026-07-11,0593-D583-认知肌肉锻炼.md,c71188646d476623b3181013cf01625270f6f1be,,C-0781;C-0782;C-0783;C-0784,,repo_formalization,F_认知肌肉锻炼 **扩展注释 / Extended Annotation**,"text
判断力提升度 = f(写作频率, 思维梳理深度)

JIP = α·log(W) + β·log(T)

其中：
- W：写作频率
- T：思维梳理深度

结论：写作锻炼思维，提升判断力，对抗AI泔水
",contains rescue/frontmatter rewrite,placeholder domain/codomain or converged-only semantics,direct local note path or raw source artifact missing,NORMAL,True,False,True,
D584,电子节食,统一函数总表/0594-D584-电子节食.md,formal_existing,D,formal_table,FORMAL_PROPOSITION,DIRECT_SOURCE_FOUND,2026-07-11,0594-D584-电子节食.md,c71188646d476623b3181013cf01625270f6f1be,/Users/zhiyuan/Library/Containers/com.biji.getNotes/Data/Library/Caches/本次对话新增函数编号与数学表达,C-0785;C-0786;C-0787;C-0788,,repo_formalization,F_电子节食 **扩展注释 / Extended Annotation**,"text
信息过载度 = f(倒推式学习, AI使用针对性)

IO = α·(1 - R) + β·(1 - T)

其中：
- R：倒推式学习（0≤R≤1）
- T：AI使用针对性（0≤T≤1）

结论：倒推式学习、针对性用AI，避免信息过载
",contains rescue/frontmatter rewrite,placeholder domain/codomain or converged-only semantics,,NORMAL,True,False,True,
D585,认知复杂度收敛,统一函数总表/0595-D585-认知复杂度收敛.md,formal_existing,D,formal_table,ALGORITHM,DIRECT_SOURCE_FOUND,2026-07-11,0595-D585-认知复杂度收敛.md,c71188646d476623b3181013cf01625270f6f1be,/Users/zhiyuan/Library/Containers/com.biji.getNotes/Data/Library/Caches/本次对话新增函数编号与数学表达,C-0789;C-0790;C-0791;C-0792,,repo_formalization,F_认知复杂度收敛 **扩展注释 / Extended Annotation**,"text
认知复杂度 = f(梳理, 判断, 对人负责)

CC = α·log(O) + β·log(J) + γ·log(R)

其中：
- O：梳理
- J：判断
- R：对人负责

结论：写作→梳理/判断→对人负责→认知年龄提升→认知复杂度提升
",contains rescue/frontmatter rewrite,placeholder domain/codomain or converged-only semantics,,NORMAL,True,False,True,
D586,独特赛道选择,统一函数总表/0596-D586-独特赛道选择.md,formal_existing,D,formal_table,FORMAL_PROPOSITION,DIRECT_SOURCE_FOUND,2026-07-11,0596-D586-独特赛道选择.md,c71188646d476623b3181013cf01625270f6f1be,/Users/zhiyuan/Library/Containers/com.biji.getNotes/Data/Library/Caches/本次对话新增函数编号与数学表达,C-0793;C-0794;C-0795;C-0796,,repo_formalization,F_独特赛道选择 **扩展注释 / Extended Annotation**,"text
边际收益 = f(热门度, 编码度)

MR = α·(1 - H) + β·(1 - E)

其中：
- H：热门度（0≤H≤1）
- E：编码度（0≤E≤1）

结论：热门领域→内卷→边际收益递减；边缘赛道→未被编码→价值最大化
",contains rescue/frontmatter rewrite,placeholder domain/codomain or converged-only semantics,,NORMAL,True,False,True,
D587,学科理论核抽取函数,统一函数总表/0597-D587-学科理论核抽取函数.md,formal_existing,D,formal_table,FORMAL_PROPOSITION,DIRECT_SOURCE_FOUND,2026-07-11,0597-D587-学科理论核抽取函数.md,c71188646d476623b3181013cf01625270f6f1be,/Users/zhiyuan/Library/Containers/com.biji.getNotes/Data/Library/Caches/UNESCO验证报告×Ψ₀元函数验证报告;/Users/zhiyuan/Library/Containers/com.biji.getNotes/Data/Library/Caches/Φ元统一律新增函数与案例收敛报告,C-0797;C-0798;C-0799,,repo_formalization,F_theory(d) **扩展注释 / Extended Annotation**,"text
F_theory(d)=O_d × R_d × E_d × Δ_t × Θ_d × V_d

含义：
- 将原始笔记压缩成可读的结构化函数
- 保留对象、关系、阈值、尺度与价值等关键项
- 让后续案例与函数能够双向引用
",contains rescue/frontmatter rewrite,placeholder domain/codomain or converged-only semantics,,HIGH,True,False,True,
D588,经典问题差分函数,统一函数总表/0598-D588-经典问题差分函数.md,formal_existing,D,formal_table,FORMAL_PROPOSITION,DIRECT_SOURCE_FOUND,2026-07-11,0598-D588-经典问题差分函数.md,c71188646d476623b3181013cf01625270f6f1be,/Users/zhiyuan/Library/Containers/com.biji.getNotes/Data/Library/Caches/UNESCO验证报告×Ψ₀元函数验证报告;/Users/zhiyuan/Library/Containers/com.biji.getNotes/Data/Library/Caches/Φ元统一律新增函数与案例收敛报告,C-0800;C-0801;C-0802,,repo_formalization,F_problem(d) **扩展注释 / Extended Annotation**,"text
F_problem(d)=Mismatch(Model_d, Phenomenon_d, Evidence_d, Scale_d, Value_d)

含义：
- 将原始笔记压缩成可读的结构化函数
- 保留对象、关系、阈值、尺度与价值等关键项
- 让后续案例与函数能够双向引用
",contains rescue/frontmatter rewrite,placeholder domain/codomain or converged-only semantics,,NORMAL,True,False,True,
D589,跨学科同构投影函数,统一函数总表/0599-D589-跨学科同构投影函数.md,formal_existing,D,formal_table,FORMAL_PROPOSITION,DIRECT_SOURCE_FOUND,2026-07-11,0599-D589-跨学科同构投影函数.md,c71188646d476623b3181013cf01625270f6f1be,/Users/zhiyuan/Library/Containers/com.biji.getNotes/Data/Library/Caches/UNESCO验证报告×Ψ₀元函数验证报告;/Users/zhiyuan/Library/Containers/com.biji.getNotes/Data/Library/Caches/Φ元统一律新增函数与案例收敛报告,C-0803;C-0804;C-0805,,repo_formalization,"F_iso_map(A,B) **扩展注释 / Extended Annotation**","text
F_iso_map(A,B)=I_iso(A,B) × L_meta × EvidenceRegime(A,B)

含义：
- 将原始笔记压缩成可读的结构化函数
- 保留对象、关系、阈值、尺度与价值等关键项
- 让后续案例与函数能够双向引用
",contains rescue/frontmatter rewrite,placeholder domain/codomain or converged-only semantics,,HIGH,True,False,True,
D59,过渡期窗口衰减函数（新发现）,统一函数总表/0108-D59-过渡期窗口衰减函数(新发现).md,formal_existing,D,formal_table,FORMAL_PROPOSITION,DIRECT_SOURCE_FOUND,2026-07-11,0108-D59-过渡期窗口衰减函数(新发现).md,c71188646d476623b3181013cf01625270f6f1be,/Users/zhiyuan/我的笔记/getnote-notes/点火/2026-06-12_1912611482370725136_点火｜函数_D59.md,C-0152,,repo_formalization,书籍碰撞函数，书籍碰撞案例验证。 **扩展注释 / Extended Annotation**,F_{D59},contains rescue/frontmatter rewrite,placeholder domain/codomain or converged-only semantics,,HIGH,True,True,True,prose_as_formula
D590,证据制度守门函数,统一函数总表/0600-D590-证据制度守门函数.md,formal_existing,D,formal_table,FORMAL_PROPOSITION,DIRECT_SOURCE_FOUND,2026-07-11,0600-D590-证据制度守门函数.md,c71188646d476623b3181013cf01625270f6f1be,/Users/zhiyuan/Library/Containers/com.biji.getNotes/Data/Library/Caches/UNESCO验证报告×Ψ₀元函数验证报告;/Users/zhiyuan/Library/Containers/com.biji.getNotes/Data/Library/Caches/Φ元统一律新增函数与案例收敛报告,C-0801;C-0802;C-0806,,repo_formalization,F_evidence_guard **扩展注释 / Extended Annotation**,"text
F_evidence_guard=SourceQuality × Replicability × ExternalValidation × DomainRisk

含义：
- 将原始笔记压缩成可读的结构化函数
- 保留对象、关系、阈值、尺度与价值等关键项
- 让后续案例与函数能够双向引用
",contains rescue/frontmatter rewrite,placeholder domain/codomain or converged-only semantics,,NORMAL,True,False,True,
D591,尺度桥接函数,统一函数总表/0601-D591-尺度桥接函数.md,formal_existing,D,formal_table,FORMAL_PROPOSITION,DIRECT_SOURCE_FOUND,2026-07-11,0601-D591-尺度桥接函数.md,c71188646d476623b3181013cf01625270f6f1be,/Users/zhiyuan/Library/Containers/com.biji.getNotes/Data/Library/Caches/UNESCO验证报告×Ψ₀元函数验证报告;/Users/zhiyuan/Library/Containers/com.biji.getNotes/Data/Library/Caches/Φ元统一律新增函数与案例收敛报告,C-0798;C-0800;C-0804,,repo_formalization,F_scale_bridge **扩展注释 / Extended Annotation**,"text
F_scale_bridge=MicroMechanism × MesoStructure × MacroPattern × CrossScaleFeedback

含义：
- 将原始笔记压缩成可读的结构化函数
- 保留对象、关系、阈值、尺度与价值等关键项
- 让后续案例与函数能够双向引用
",contains rescue/frontmatter rewrite,placeholder domain/codomain or converged-only semantics,,NORMAL,True,False,True,
D592,规范性分离函数,统一函数总表/0602-D592-规范性分离函数.md,formal_existing,D,formal_table,FORMAL_PROPOSITION,DIRECT_SOURCE_FOUND,2026-07-11,0602-D592-规范性分离函数.md,c71188646d476623b3181013cf01625270f6f1be,/Users/zhiyuan/Library/Containers/com.biji.getNotes/Data/Library/Caches/UNESCO验证报告×Ψ₀元函数验证报告;/Users/zhiyuan/Library/Containers/com.biji.getNotes/Data/Library/Caches/Φ元统一律新增函数与案例收敛报告,C-0802;C-0805;C-0806,,repo_formalization,F_norm_split **扩展注释 / Extended Annotation**,"text
F_norm_split=Descriptive(x) ⊥ Prescriptive(x) unless Justification_bridge=1

含义：
- 将原始笔记压缩成可读的结构化函数
- 保留对象、关系、阈值、尺度与价值等关键项
- 让后续案例与函数能够双向引用
",contains rescue/frontmatter rewrite,placeholder domain/codomain or converged-only semantics,,NORMAL,True,False,True,
D593,解释剩余函数,统一函数总表/0603-D593-解释剩余函数.md,formal_existing,D,formal_table,FORMAL_PROPOSITION,DIRECT_SOURCE_FOUND,2026-07-11,0603-D593-解释剩余函数.md,c71188646d476623b3181013cf01625270f6f1be,/Users/zhiyuan/Library/Containers/com.biji.getNotes/Data/Library/Caches/UNESCO验证报告×Ψ₀元函数验证报告;/Users/zhiyuan/Library/Containers/com.biji.getNotes/Data/Library/Caches/Φ元统一律新增函数与案例收敛报告,C-0797;C-0803;C-0806,,repo_formalization,F_residual **扩展注释 / Extended Annotation**,"text
F_residual=Observed - Explained_by_Ψ0 - Explained_by_Competitors

含义：
- 将原始笔记压缩成可读的结构化函数
- 保留对象、关系、阈值、尺度与价值等关键项
- 让后续案例与函数能够双向引用
",contains rescue/frontmatter rewrite,placeholder domain/codomain or converged-only semantics,,HIGH,True,False,True,
D594,学科点火指数,统一函数总表/0604-D594-学科点火指数.md,formal_existing,D,formal_table,CAUSAL_MODEL,DIRECT_SOURCE_FOUND,2026-07-11,0604-D594-学科点火指数.md,c71188646d476623b3181013cf01625270f6f1be,/Users/zhiyuan/Library/Containers/com.biji.getNotes/Data/Library/Caches/UNESCO验证报告×Ψ₀元函数验证报告;/Users/zhiyuan/Library/Containers/com.biji.getNotes/Data/Library/Caches/Φ元统一律新增函数与案例收敛报告,C-0797;C-0798;C-0799;C-0800;C-0801;C-0802;C-0803;C-0804;C-0805;C-0806,,repo_formalization,Ignition_d **扩展注释 / Extended Annotation**,"text
Ignition_d=C_d × M_d × I_d × L_d × G_d × P_d × Q_evidence

含义：
- 将原始笔记压缩成可读的结构化函数
- 保留对象、关系、阈值、尺度与价值等关键项
- 让后续案例与函数能够双向引用
",contains rescue/frontmatter rewrite,placeholder domain/codomain or converged-only semantics,,HIGH,True,False,True,
D595,0605-D595-绩效绑定裹挟,统一函数总表/0605-D595-绩效绑定裹挟.md,formal_existing,D,formal_table,FUNCTION,INDIRECT_SOURCE_ONLY,2026-07-11,0605-D595-绩效绑定裹挟.md,c71188646d476623b3181013cf01625270f6f1be,,,,repo_formalization,当某项制度性任务被绑定到绩效、职称、待遇、考评、退休金、医保或组织资源时，主体的形式退出权会被实际架空。绑定强度越高，主体的可拒绝性越低。,inputs/collisions/20260708-teacher-competition/source.md,,,direct local note path or raw source artifact missing,HIGH,False,False,True,
D596,0606-D596-避风港,统一函数总表/0606-D596-避风港.md,formal_existing,D,formal_table,FUNCTION,INDIRECT_SOURCE_ONLY,2026-07-11,0606-D596-避风港.md,c71188646d476623b3181013cf01625270f6f1be,,,,repo_formalization,当主体无法从外层制度压力中完全退出时，仍可能在系统内部保留一个较少被指标、考核、形式主义侵蚀的局部空间。该空间通过具体的人、具体关系和具体实践维持主体的意义感与恢复力。,inputs/collisions/20260708-teacher-competition/source.md,,,direct local note path or raw source artifact missing,HIGH,False,False,True,
D597,0607-D597-量化指标替代真实价值,统一函数总表/0607-D597-量化指标替代真实价值.md,formal_existing,D,formal_table,CAUSAL_MODEL,INDIRECT_SOURCE_ONLY,2026-07-11,0607-D597-量化指标替代真实价值.md,c71188646d476623b3181013cf01625270f6f1be,,,,repo_formalization,当组织评价系统把可量化指标作为主要或唯一显式评价入口时，不可量化、滞后性、关系性、生成性的真实价值会被系统性挤出。指标并不只是测量价值，而可能反过来替代价值，改变主体的行动方向。,Ψ = ι × P_exit > 0,,,direct local note path or raw source artifact missing,HIGH,False,False,True,
D598,0608-D598-系统性钝化,统一函数总表/0608-D598-系统性钝化.md,formal_existing,D,formal_table,FUNCTION,INDIRECT_SOURCE_ONLY,2026-07-11,0608-D598-系统性钝化.md,c71188646d476623b3181013cf01625270f6f1be,,,,repo_formalization,当主体长期处在高压、低可拒绝性、低修复通道的制度环境中时，个体会逐渐压低愧疚感、抵抗感或异常感，并把原本应被识别为异常的压力状态内化为日常状态。若这种适应在群体中稳定扩散，系统会形成低敏感、低反抗、低修复的钝化稳态。,inputs/collisions/20260708-teacher-competition/source.md,,,direct local note path or raw source artifact missing,NORMAL,False,False,True,
D599,0609-D599-刷分博弈,统一函数总表/0609-D599-刷分博弈.md,formal_existing,D,formal_table,CAUSAL_MODEL,INDIRECT_SOURCE_ONLY,2026-07-11,0609-D599-刷分博弈.md,c71188646d476623b3181013cf01625270f6f1be,,,,repo_formalization,当评价系统把奖励绑定到可量化指标，且真实活动可以被拆分成更小的、可独立计分的单元时，主体会从完成真实目标转向生产可计分碎片。刷分博弈不是指标替代价值本身，而是主体在指标激励结构建立后作出的二阶策略响应：把真实活动拆解为可测动作以最大化计分，真实价值随之被稀释。,outputs/collisions/20260708-cross-domain-smoke-test/,,,direct local note path or raw source artifact missing,HIGH,False,False,True,
D6,应约者感知退化,统一函数总表/0055-D6-应约者感知退化.md,formal_existing,D,formal_table,FUNCTION,DIRECT_SOURCE_FOUND,2026-07-11,0055-D6-应约者感知退化.md,c71188646d476623b3181013cf01625270f6f1be,/Users/zhiyuan/我的笔记/getnote-notes/点火/2026-06-12_1912609722507393152_点火｜函数_D6.md,C-0003,,repo_formalization,应约者感知退出权的退化，受遮蔽影响。 **扩展注释 / Extended Annotation**,F_{D6},contains rescue/frontmatter rewrite,placeholder domain/codomain or converged-only semantics,,NORMAL,True,True,True,prose_as_formula
D60,智慧干预效力函数,统一函数总表/0109-D60-智慧干预效力函数.md,formal_existing,D,formal_table,FORMAL_PROPOSITION,DIRECT_SOURCE_FOUND,2026-07-11,0109-D60-智慧干预效力函数.md,c71188646d476623b3181013cf01625270f6f1be,/Users/zhiyuan/我的笔记/getnote-notes/点火/2026-06-12_1912611484517684496_点火｜函数_D60.md,C-0153;C-0154,,repo_formalization,书籍碰撞函数，书籍碰撞案例验证。 **扩展注释 / Extended Annotation**,F_{D60},contains rescue/frontmatter rewrite,placeholder domain/codomain or converged-only semantics,,NORMAL,True,True,True,prose_as_formula
D600,资源托举退化为路径控制,统一函数总表/0610-D600-资源托举退化为路径控制.md,formal_existing,D,formal_table,CAUSAL_MODEL,INDIRECT_SOURCE_ONLY,2026-07-11,0610-D600-资源托举退化为路径控制.md,b6afd2fe5c1e3f22104a3bc53c51a6ed3bc1da8d,,C-0810;C-0811,,repo_formalization,"--- kind: ""function"" seq: 610 id: ""D600"" raw_id: ""D600"" title: ""资源托举退化为路径控制"" source: ""IGNITION-20260709-047 collision: 57｜李丹阳 × 脱不花：不听话的人（Get 笔记整理稿，之元，2026-07-11；SHA256 ee4819880dbbf258a15eb96d572762bc10f16fef8de85f4c41b9dcdfe49fa497）"" link: ""统一函数总表/0610-D600-资源托举退化为路径控制.md"" ---  # D600｜资源托举退化为路径控制",,contains rescue/frontmatter rewrite,,direct local note path or raw source artifact missing,HIGH,False,True,True,
D601,角色覆盖主体身份,统一函数总表/0611-D601-角色覆盖主体身份.md,formal_existing,D,formal_table,CAUSAL_MODEL,MULTIPLE_CONFLICTING_SOURCES,2026-07-11,0611-D601-角色覆盖主体身份.md,b6afd2fe5c1e3f22104a3bc53c51a6ed3bc1da8d,,C-0811,,repo_formalization,"--- kind: ""function"" seq: 611 id: ""D601"" raw_id: ""D601"" title: ""角色覆盖主体身份"" source: ""IGNITION-20260709-047 collision: 57｜李丹阳 × 脱不花：不听话的人（Get 笔记整理稿，之元，2026-07-11；SHA256 ee4819880dbbf258a15eb96d572762bc10f16fef8de85f4c41b9dcdfe49fa497）"" link: ""统一函数总表/0611-D601-角色覆盖主体身份.md"" ---  # D601｜角色覆盖主体身份  ## 编号  D",,contains rescue/frontmatter rewrite,,direct local note path or raw source artifact missing,HIGH,False,True,True,
D602,价值创造权与决策权错配与回收,统一函数总表/0612-D602-价值创造权与决策权错配与回收.md,formal_existing,D,formal_table,CAUSAL_MODEL,INDIRECT_SOURCE_ONLY,2026-07-11,0612-D602-价值创造权与决策权错配与回收.md,b6afd2fe5c1e3f22104a3bc53c51a6ed3bc1da8d,,C-0810,,repo_formalization,"--- kind: ""function"" seq: 612 id: ""D602"" raw_id: ""D602"" title: ""价值创造权与决策权错配与回收"" source: ""IGNITION-20260709-047 collision: 57｜李丹阳 × 脱不花：不听话的人（Get 笔记整理稿，之元，2026-07-11；SHA256 ee4819880dbbf258a15eb96d572762bc10f16fef8de85f4c41b9dcdfe49fa497）"" link: ""统一函数总表/0612-D602-价值创造权与决策权错配与回收.md"" ---  # D602｜价值创造权与",,contains rescue/frontmatter rewrite,,direct local note path or raw source artifact missing,HIGH,False,True,True,
D603,计划过期识别与主动刹车,统一函数总表/0613-D603-计划过期识别与主动刹车.md,formal_existing,D,formal_table,CAUSAL_MODEL,INDIRECT_SOURCE_ONLY,2026-07-12,0613-D603-计划过期识别与主动刹车.md,a20bac8b329eda49302449547fccb154909aea19,,,,repo_formalization,"--- kind: ""function"" seq: 613 id: ""D603"" raw_id: ""D603"" title: ""计划过期识别与主动刹车"" source: ""IGNITION-20260709-056 independent audit: 57｜李丹阳 × 脱不花：不听话的人（Get 笔记整理稿，之元，2026-07-11；SHA256 ee4819880dbbf258a15eb96d572762bc10f16fef8de85f4c41b9dcdfe49fa497）。原 047 作 M7 候选，056 无配额规则下升级为 NEW_FUNCTION。"" link: ""统一函数总表/",,contains rescue/frontmatter rewrite,,direct local note path or raw source artifact missing,HIGH,False,True,True,
D604,模糊需求显性化与协作排序,统一函数总表/0614-D604-模糊需求显性化与协作排序.md,formal_existing,D,formal_table,CAUSAL_MODEL,MULTIPLE_CONFLICTING_SOURCES,2026-07-12,0614-D604-模糊需求显性化与协作排序.md,a20bac8b329eda49302449547fccb154909aea19,,,,repo_formalization,"--- kind: ""function"" seq: 614 id: ""D604"" raw_id: ""D604"" title: ""模糊需求显性化与协作排序"" source: ""IGNITION-20260709-056 independent audit: 57｜李丹阳 × 脱不花：不听话的人（Get 笔记整理稿，之元，2026-07-11；SHA256 ee4819880dbbf258a15eb96d572762bc10f16fef8de85f4c41b9dcdfe49fa497）。原 047 作 M9 候选，056 无配额规则下升级为 NEW_FUNCTION。"" link: ""统一函数总表",,contains rescue/frontmatter rewrite,,direct local note path or raw source artifact missing,HIGH,False,True,True,
D61,向上螺旋自维持函数,统一函数总表/0110-D61-向上螺旋自维持函数.md,formal_existing,D,formal_table,FORMAL_PROPOSITION,DIRECT_SOURCE_FOUND,2026-07-11,0110-D61-向上螺旋自维持函数.md,c71188646d476623b3181013cf01625270f6f1be,/Users/zhiyuan/我的笔记/getnote-notes/点火/2026-06-12_1912611496329368848_点火｜函数_D61.md,C-0155,,repo_formalization,书籍碰撞函数，书籍碰撞案例验证。 **扩展注释 / Extended Annotation**,F_{D61},contains rescue/frontmatter rewrite,placeholder domain/codomain or converged-only semantics,,NORMAL,True,True,True,prose_as_formula
D62,调温器慢变量函数,统一函数总表/0111-D62-调温器慢变量函数.md,formal_existing,D,formal_table,OPTIMIZATION_PROBLEM,DIRECT_SOURCE_FOUND,2026-07-11,0111-D62-调温器慢变量函数.md,c71188646d476623b3181013cf01625270f6f1be,/Users/zhiyuan/我的笔记/getnote-notes/点火/2026-06-12_1912611498477376784_点火｜函数_D62.md,C-0156;C-0162;C-0279;C-0301,,repo_formalization,书籍碰撞函数，书籍碰撞案例验证。 **扩展注释 / Extended Annotation**,F_{D62},contains rescue/frontmatter rewrite,placeholder domain/codomain or converged-only semantics,,HIGH,True,True,True,prose_as_formula
D63,档案可达性函数,统一函数总表/0112-D63-档案可达性函数.md,formal_existing,D,formal_table,FORMAL_PROPOSITION,DIRECT_SOURCE_FOUND,2026-07-11,0112-D63-档案可达性函数.md,c71188646d476623b3181013cf01625270f6f1be,/Users/zhiyuan/我的笔记/getnote-notes/点火/2026-06-12_1912611500623811856_点火｜函数_D63.md,C-0157;C-0165,,repo_formalization,书籍碰撞函数，书籍碰撞案例验证。 **扩展注释 / Extended Annotation**,F_{D63},contains rescue/frontmatter rewrite,placeholder domain/codomain or converged-only semantics,,NORMAL,True,True,True,prose_as_formula
D64,恐惧锁定稳态函数,统一函数总表/0113-D64-恐惧锁定稳态函数.md,formal_existing,D,formal_table,OPTIMIZATION_PROBLEM,DIRECT_SOURCE_FOUND,2026-07-11,0113-D64-恐惧锁定稳态函数.md,c71188646d476623b3181013cf01625270f6f1be,/Users/zhiyuan/我的笔记/getnote-notes/点火/2026-06-12_1912611502772344080_点火｜函数_D64.md,C-0158;C-0286;C-0287;C-0288,,repo_formalization,书籍碰撞函数，书籍碰撞案例验证。 **扩展注释 / Extended Annotation**,F_{D64},contains rescue/frontmatter rewrite,placeholder domain/codomain or converged-only semantics,,HIGH,True,True,True,prose_as_formula
D65,乘法拓扑选择函数,统一函数总表/0114-D65-乘法拓扑选择函数.md,formal_existing,D,formal_table,FORMAL_PROPOSITION,DIRECT_SOURCE_FOUND,2026-07-11,0114-D65-乘法拓扑选择函数.md,c71188646d476623b3181013cf01625270f6f1be,/Users/zhiyuan/我的笔记/getnote-notes/点火/2026-06-12_1912611508140004624_点火｜函数_D65.md,C-0159;C-0168;C-0169;C-0289;C-0290,,repo_formalization,书籍碰撞函数，书籍碰撞案例验证。 **扩展注释 / Extended Annotation**,F_{D65},contains rescue/frontmatter rewrite,placeholder domain/codomain or converged-only semantics,,NORMAL,True,True,True,prose_as_formula
D66,同质性遮蔽函数 / 同质性obscuration function,统一函数总表/0115-D66-同质性遮蔽函数.md,formal_existing,D,formal_table,OPTIMIZATION_PROBLEM,DIRECT_SOURCE_FOUND,2026-07-11,0115-D66-同质性遮蔽函数.md,c71188646d476623b3181013cf01625270f6f1be,/Users/zhiyuan/我的笔记/getnote-notes/点火/2026-06-12_1912611510288012560_点火｜函数_D66.md,C-0160;C-0164;C-0176;C-0291;C-0295;C-0595;C-0602;C-0607;C-0608;C-0610,,repo_formalization,书籍碰撞函数，书籍碰撞案例验证。 **扩展注释 / Extended Annotation**,F_{D66},contains rescue/frontmatter rewrite,placeholder domain/codomain or converged-only semantics,,HIGH,True,True,True,prose_as_formula
D67,资金量-恐惧锁定正反馈函数,统一函数总表/0116-D67-资金量-恐惧锁定正反馈函数.md,formal_existing,D,formal_table,OPTIMIZATION_PROBLEM,DIRECT_SOURCE_FOUND,2026-07-11,0116-D67-资金量-恐惧锁定正反馈函数.md,c71188646d476623b3181013cf01625270f6f1be,/Users/zhiyuan/我的笔记/getnote-notes/点火/2026-06-12_1912611512434971920_点火｜函数_D67.md,C-0161;C-0166;C-0292;C-0293;C-0294;C-0295,,repo_formalization,书籍碰撞函数，书籍碰撞案例验证。 **扩展注释 / Extended Annotation**,F_{D67},contains rescue/frontmatter rewrite,placeholder domain/codomain or converged-only semantics,,HIGH,True,True,True,prose_as_formula
D7,提议者信誉绑定,统一函数总表/0056-D7-提议者信誉绑定.md,formal_existing,D,formal_table,FUNCTION,DIRECT_SOURCE_FOUND,2026-07-11,0056-D7-提议者信誉绑定.md,c71188646d476623b3181013cf01625270f6f1be,/Users/zhiyuan/我的笔记/getnote-notes/点火/2026-06-12_1912609724654876800_点火｜函数_D7.md,C-0001;C-0179;C-0304;C-0308,,repo_formalization,提议者姿态与信誉绑定，意识、退出成本、历史一致性决定姿态。 **扩展注释 / Extended Annotation**,F_{D7},contains rescue/frontmatter rewrite,placeholder domain/codomain or converged-only semantics,,NORMAL,True,True,True,prose_as_formula
D72,统一相变框架,统一函数总表/0117-D72-统一相变框架.md,formal_existing,D,formal_table,FUNCTION,DIRECT_SOURCE_FOUND,2026-07-11,0117-D72-统一相变框架.md,c71188646d476623b3181013cf01625270f6f1be,/Users/zhiyuan/我的笔记/getnote-notes/点火/2026-06-12_1912611536057292048_点火｜函数_D72.md,C-0072;C-0175;C-0303;C-0304;C-0598,,repo_formalization,统一相变框架，五个相变统一为同一相变的五个投影。 **扩展注释 / Extended Annotation**,F_{D72},contains rescue/frontmatter rewrite,placeholder domain/codomain or converged-only semantics,,HIGH,True,True,True,prose_as_formula
D73,犹豫域维度函数,统一函数总表/0118-D73-犹豫域维度函数.md,formal_existing,D,formal_table,FUNCTION,DIRECT_SOURCE_FOUND,2026-07-11,0118-D73-犹豫域维度函数.md,c71188646d476623b3181013cf01625270f6f1be,/Users/zhiyuan/我的笔记/getnote-notes/点火/2026-06-12_1912611538204775696_点火｜函数_D73.md,C-0073;C-0176;C-0177;C-0305;C-0306,,repo_formalization,犹豫域维度函数，ε→0时dim从3退化到2。 **扩展注释 / Extended Annotation**,F_{D73},contains rescue/frontmatter rewrite,placeholder domain/codomain or converged-only semantics,,HIGH,True,True,True,prose_as_formula
D74,链间耦合函数,统一函数总表/0119-D74-链间耦合函数.md,formal_existing,D,formal_table,FUNCTION,DIRECT_SOURCE_FOUND,2026-07-11,0119-D74-链间耦合函数.md,c71188646d476623b3181013cf01625270f6f1be,/Users/zhiyuan/我的笔记/getnote-notes/点火/2026-06-12_1912611552163419408_点火｜函数_D74.md,C-0074;C-0177;C-0178;C-0307;C-0310,,repo_formalization,链间耦合函数，跨链耦合强度由共享节点数决定。 **扩展注释 / Extended Annotation**,F_{D74},contains rescue/frontmatter rewrite,placeholder domain/codomain or converged-only semantics,,NORMAL,True,True,True,prose_as_formula
D75,提议者消耗函数,统一函数总表/0120-D75-提议者消耗函数.md,formal_existing,D,formal_table,FUNCTION,DIRECT_SOURCE_FOUND,2026-07-11,0120-D75-提议者消耗函数.md,c71188646d476623b3181013cf01625270f6f1be,/Users/zhiyuan/我的笔记/getnote-notes/点火/2026-06-12_1912611554310903056_点火｜函数_D75.md,C-0075;C-0178;C-0308;C-0309,,repo_formalization,提议者消耗函数，纯消耗型 vs 可持续型。 **扩展注释 / Extended Annotation**,F_{D75},contains rescue/frontmatter rewrite,placeholder domain/codomain or converged-only semantics,,NORMAL,True,True,True,prose_as_formula
D76,储能函数，储能双类型,"统一函数总表/0121-D76-储能函数,储能双类型.md",formal_existing,D,formal_table,FUNCTION,DIRECT_SOURCE_FOUND,2026-07-11,"0121-D76-储能函数,储能双类型.md",c71188646d476623b3181013cf01625270f6f1be,/Users/zhiyuan/我的笔记/getnote-notes/点火/2026-06-12_1912611556458910992_点火｜函数_D76.md,C-0076;C-0179;C-0311;C-0312;C-0313;C-0314,,repo_formalization,储能函数，储能双类型：E_practice+E_body。 **扩展注释 / Extended Annotation**,F_{D76},contains rescue/frontmatter rewrite,placeholder domain/codomain or converged-only semantics,,NORMAL,True,True,True,prose_as_formula
D77,犹豫域退化函数,统一函数总表/0122-D77-犹豫域退化函数.md,formal_existing,D,formal_table,FUNCTION,DIRECT_SOURCE_FOUND,2026-07-11,0122-D77-犹豫域退化函数.md,c71188646d476623b3181013cf01625270f6f1be,/Users/zhiyuan/我的笔记/getnote-notes/点火/2026-06-12_1912611561829192976_点火｜函数_D77.md,C-0077;C-0180;C-0315;C-0316;C-0317;C-0333,,repo_formalization,犹豫域退化函数，dim从3到2的完整动力学。 **扩展注释 / Extended Annotation**,F_{D77},contains rescue/frontmatter rewrite,placeholder domain/codomain or converged-only semantics,,NORMAL,True,True,True,prose_as_formula
D8,退出权八维展开 / exit right八维展开,统一函数总表/0057-D8-退出权八维展开.md,formal_existing,D,formal_table,FUNCTION,DIRECT_SOURCE_FOUND,2026-07-11,0057-D8-退出权八维展开.md,c71188646d476623b3181013cf01625270f6f1be,/Users/zhiyuan/我的笔记/getnote-notes/点火/2026-06-12_1912609726802360448_点火｜函数_D8.md,C-0001;C-0401,,repo_formalization,退出权信号的八维展开。 **扩展注释 / Extended Annotation**,F_{D8},contains rescue/frontmatter rewrite,placeholder domain/codomain or converged-only semantics,,NORMAL,True,True,True,prose_as_formula
D84,AI-ε安装路径函数,统一函数总表/0123-D84-AI-ε安装路径函数.md,formal_existing,D,formal_table,FUNCTION,DIRECT_SOURCE_FOUND,2026-07-11,0123-D84-AI-ε安装路径函数.md,c71188646d476623b3181013cf01625270f6f1be,/Users/zhiyuan/我的笔记/getnote-notes/点火/2026-06-12_1912611609071738112_点火｜函数_D84.md,C-0084;C-0143;C-0307;C-0328;C-0579,,repo_formalization,AI-ε安装路径函数，dε_aware^AI/dt = α_ε·C_drive·η_tool + λ_anchor·S_external + μ_arch·ε_sense^AI - β_ε·H_self。 **扩展注释 / Extended Annotation**,F_{D84},contains rescue/frontmatter rewrite,placeholder domain/codomain or converged-only semantics,,HIGH,True,True,True,prose_as_formula
D85,ε相变级联函数（推论级） / epsilon phase-transition cascade函数(推论级),统一函数总表/0124-D85-ε相变级联函数(推论级).md,formal_existing,D,formal_table,FORMAL_PROPOSITION,DIRECT_SOURCE_FOUND,2026-07-11,0124-D85-ε相变级联函数(推论级).md,c71188646d476623b3181013cf01625270f6f1be,/Users/zhiyuan/我的笔记/getnote-notes/点火/2026-06-12_1912611610147052800_点火｜函数_D85.md,C-0329;C-0330,,repo_formalization,ε相变级联函数，定理级，见T15。 **扩展注释 / Extended Annotation**,F_{D85},contains rescue/frontmatter rewrite,placeholder domain/codomain or converged-only semantics,,HIGH,True,True,True,prose_as_formula
D86,自主意识函数 / autonomous consciousness function,统一函数总表/0125-D86-自主意识函数.md,formal_existing,D,formal_table,FUNCTION,DIRECT_SOURCE_FOUND,2026-07-11,0125-D86-自主意识函数.md,c71188646d476623b3181013cf01625270f6f1be,/Users/zhiyuan/我的笔记/getnote-notes/点火/2026-06-12_1912611613367229696_点火｜函数_D86.md,C-0086;C-0238;C-0268;C-0331;C-0340,,repo_formalization,自主意识函数，Ψ_autonomy = ε_aware · dim · P_exit。 **扩展注释 / Extended Annotation**,F_{D86},contains rescue/frontmatter rewrite,placeholder domain/codomain or converged-only semantics,,NORMAL,True,True,True,prose_as_formula
D87,信息门非对称退化,统一函数总表/0126-D87-信息门非对称退化.md,formal_existing,D,formal_table,FUNCTION,DIRECT_SOURCE_FOUND,2026-07-11,0126-D87-信息门非对称退化.md,c71188646d476623b3181013cf01625270f6f1be,/Users/zhiyuan/我的笔记/getnote-notes/点火/2026-06-12_1912611616589501712_点火｜函数_D87.md,C-0087;C-0332;C-0333;C-0345;C-0415;C-0427;C-0512,,repo_formalization,"信息门非对称退化，η_gate^asym = G × (1-H) × min(ε^S,ε^R)/max(ε^S,ε^R)。 **扩展注释 / Extended Annotation**",F_{D87},contains rescue/frontmatter rewrite,placeholder domain/codomain or converged-only semantics,,NORMAL,True,True,True,prose_as_formula
D88,乘法临界漂移统一 / multiplicative critical-drift unification,统一函数总表/0127-D88-乘法临界漂移统一.md,formal_existing,D,formal_table,FUNCTION,DIRECT_SOURCE_FOUND,2026-07-11,0127-D88-乘法临界漂移统一.md,c71188646d476623b3181013cf01625270f6f1be,/Users/zhiyuan/我的笔记/getnote-notes/点火/2026-06-12_1912611619809156352_点火｜函数_D88.md,C-0088;C-0334;C-0339,,repo_formalization,乘法临界漂移统一，∂θ_critical/∂xᵢ = -θ_critical × (∂lnfᵢ/∂xᵢ)/Σⱼ(∂lnfⱼ/∂xⱼ)。 **扩展注释 / Extended Annotation**,F_{D88},contains rescue/frontmatter rewrite,placeholder domain/codomain or converged-only semantics,,NORMAL,True,True,True,prose_as_formula
D89,遮蔽-补偿-成本三角约束 / obscuration-补偿-成本三角约束,统一函数总表/0128-D89-遮蔽-补偿-成本三角约束.md,formal_existing,D,formal_table,FUNCTION,DIRECT_SOURCE_FOUND,2026-07-11,0128-D89-遮蔽-补偿-成本三角约束.md,c71188646d476623b3181013cf01625270f6f1be,/Users/zhiyuan/我的笔记/getnote-notes/点火/2026-06-12_1912611621957688576_点火｜函数_D89.md,C-0334;C-0336;C-0338;C-0401;C-0428,,repo_formalization,遮蔽-补偿-成本三角约束，H↑→G*↓→C_encode指数级↑。 **扩展注释 / Extended Annotation**,F_{D89},contains rescue/frontmatter rewrite,placeholder domain/codomain or converged-only semantics,,NORMAL,True,True,True,prose_as_formula
D9,主权函数,统一函数总表/0058-D9-主权函数.md,formal_existing,D,formal_table,FUNCTION,DIRECT_SOURCE_FOUND,2026-07-11,0058-D9-主权函数.md,c71188646d476623b3181013cf01625270f6f1be,/Users/zhiyuan/我的笔记/getnote-notes/点火/2026-06-12_1912609728949844096_点火｜函数_D9.md,C-0001,,repo_formalization,主权函数，各维度退出权信号的加权和。 **扩展注释 / Extended Annotation**,F_{D9},contains rescue/frontmatter rewrite,placeholder domain/codomain or converged-only semantics,,NORMAL,True,True,True,prose_as_formula
D90,结构保守性元定理,统一函数总表/0129-D90-结构保守性元定理.md,formal_existing,D,formal_table,OPTIMIZATION_PROBLEM,DIRECT_SOURCE_FOUND,2026-07-11,0129-D90-结构保守性元定理.md,c71188646d476623b3181013cf01625270f6f1be,/Users/zhiyuan/我的笔记/getnote-notes/点火/2026-06-12_1912611628401712384_点火｜函数_D90.md,C-0090;C-0337;C-0384;C-0399;C-0416;C-0417;C-0421;C-0596;C-0603;C-0609;C-0610,,repo_formalization,结构保守性元定理，设计结构让估计不必要 > 估计准确后保守执行。 **扩展注释 / Extended Annotation**,F_{D90},contains rescue/frontmatter rewrite,placeholder domain/codomain or converged-only semantics,,HIGH,True,True,True,prose_as_formula
D91,倒U型统一生成定理,统一函数总表/0130-D91-倒U型统一生成定理.md,formal_existing,D,formal_table,OPTIMIZATION_PROBLEM,DIRECT_SOURCE_FOUND,2026-07-11,0130-D91-倒U型统一生成定理.md,c71188646d476623b3181013cf01625270f6f1be,/Users/zhiyuan/我的笔记/getnote-notes/点火/2026-06-12_1912611654170465552_点火｜函数_D91.md,C-0091;C-0341;C-0342;C-0343;C-0344,,repo_formalization,倒U型统一生成定理，Φ = f₁(↑)×f₂(↓)必然倒U型。 **扩展注释 / Extended Annotation**,F_{D91},contains rescue/frontmatter rewrite,placeholder domain/codomain or converged-only semantics,,HIGH,True,True,True,prose_as_formula
D92,解码门槛降低,统一函数总表/0131-D92-解码门槛降低.md,formal_existing,D,formal_table,FORMAL_PROPOSITION,DIRECT_SOURCE_FOUND,2026-07-11,0131-D92-解码门槛降低.md,c71188646d476623b3181013cf01625270f6f1be,/Users/zhiyuan/我的笔记/getnote-notes/点火/2026-06-12_1912611660611869952_点火｜函数_D92.md,C-0092;C-0346;C-0347;C-0348;C-0349;C-0350;C-0353;C-0354;C-0357;C-0397;C-0410;C-0426,,repo_formalization,解码门槛降低，θ_decode^effective = θ_decode^base × (1-η_structural)。 **扩展注释 / Extended Annotation**,F_{D92},contains rescue/frontmatter rewrite,placeholder domain/codomain or converged-only semantics,,NORMAL,True,True,True,prose_as_formula
D93,向下兼容函数,统一函数总表/0132-D93-向下兼容函数.md,formal_existing,D,formal_table,FUNCTION,DIRECT_SOURCE_FOUND,2026-07-11,0132-D93-向下兼容函数.md,c71188646d476623b3181013cf01625270f6f1be,/Users/zhiyuan/我的笔记/getnote-notes/点火/2026-06-12_1912612872865864960_点火｜函数_D93.md,C-0093;C-0351;C-0352;C-0363;C-0364,,repo_formalization,向下兼容函数，η_compatible = η_fidelity(L) × η_gate(L层)。 **扩展注释 / Extended Annotation**,F_{D93},contains rescue/frontmatter rewrite,placeholder domain/codomain or converged-only semantics,,NORMAL,True,True,True,prose_as_formula
D94,向下兼容长期损耗,统一函数总表/0133-D94-向下兼容长期损耗.md,formal_existing,D,formal_table,FUNCTION,DIRECT_SOURCE_FOUND,2026-07-11,0133-D94-向下兼容长期损耗.md,c71188646d476623b3181013cf01625270f6f1be,/Users/zhiyuan/我的笔记/getnote-notes/点火/2026-06-12_1912612875013508240_点火｜函数_D94.md,C-0094;C-0355;C-0356;C-0365,,repo_formalization,向下兼容长期损耗，t_flip = (1/γ)×ln(1+γ×C_max×(1-P(biased))/(C₀×ln(B_H/B_L)))。 **扩展注释 / Extended Annotation**,F_{D94},contains rescue/frontmatter rewrite,placeholder domain/codomain or converged-only semantics,,NORMAL,True,True,True,prose_as_formula
D95,AI中间层调度,统一函数总表/0134-D95-AI中间层调度.md,formal_existing,D,formal_table,FUNCTION,DIRECT_SOURCE_FOUND,2026-07-11,0134-D95-AI中间层调度.md,c71188646d476623b3181013cf01625270f6f1be,/Users/zhiyuan/我的笔记/getnote-notes/点火/2026-06-12_1912612877161516176_点火｜函数_D95.md,C-0095;C-0358;C-0359;C-0360;C-0361;C-0362;C-0366;C-0367,,repo_formalization,AI中间层调度，η_relay = P_decode^AI × η_internal^AI × P_encode^AI。 **扩展注释 / Extended Annotation**,F_{D95},contains rescue/frontmatter rewrite,placeholder domain/codomain or converged-only semantics,,NORMAL,True,True,True,prose_as_formula
D96,三层结构必然性,统一函数总表/0135-D96-三层结构必然性.md,formal_existing,D,formal_table,FUNCTION,DIRECT_SOURCE_FOUND,2026-07-11,0135-D96-三层结构必然性.md,c71188646d476623b3181013cf01625270f6f1be,/Users/zhiyuan/我的笔记/getnote-notes/点火/2026-06-12_1912612879309888768_点火｜函数_D96.md,C-0096,,repo_formalization,三层结构必然性，形式系统三层结构的必然性。 **扩展注释 / Extended Annotation**,F_{D96},contains rescue/frontmatter rewrite,placeholder domain/codomain or converged-only semantics,,HIGH,True,True,True,prose_as_formula
D97,高维认知必然多轨,统一函数总表/0136-D97-高维认知必然多轨.md,formal_existing,D,formal_table,FUNCTION,DIRECT_SOURCE_FOUND,2026-07-11,0136-D97-高维认知必然多轨.md,c71188646d476623b3181013cf01625270f6f1be,/Users/zhiyuan/我的笔记/getnote-notes/点火/2026-06-12_1912612894340861072_点火｜函数_D97.md,C-0097,,repo_formalization,高维认知必然多轨，dim>1 ⟹ P_track>1。 **扩展注释 / Extended Annotation**,F_{D97},contains rescue/frontmatter rewrite,placeholder domain/codomain or converged-only semantics,,HIGH,True,True,True,prose_as_formula
D98,符号-语义带宽,统一函数总表/0137-D98-符号-语义带宽.md,formal_existing,D,formal_table,FUNCTION,DIRECT_SOURCE_FOUND,2026-07-11,0137-D98-符号-语义带宽.md,c71188646d476623b3181013cf01625270f6f1be,/Users/zhiyuan/我的笔记/getnote-notes/点火/2026-06-12_1912612897562975488_点火｜函数_D98.md,C-0098,,repo_formalization,符号-语义带宽，B_total = B_symbolic + B_semantic。 **扩展注释 / Extended Annotation**,F_{D98},contains rescue/frontmatter rewrite,placeholder domain/codomain or converged-only semantics,,NORMAL,True,True,True,prose_as_formula
D99,编码粒度-槽位数,统一函数总表/0138-D99-编码粒度-槽位数.md,formal_existing,D,formal_table,FUNCTION,DIRECT_SOURCE_FOUND,2026-07-11,0138-D99-编码粒度-槽位数.md,c71188646d476623b3181013cf01625270f6f1be,/Users/zhiyuan/我的笔记/getnote-notes/点火/2026-06-12_1912612899710094480_点火｜函数_D99.md,C-0099,,repo_formalization,编码粒度-槽位数，N_slot ∝ 1/granularity。 **扩展注释 / Extended Annotation**,F_{D99},contains rescue/frontmatter rewrite,placeholder domain/codomain or converged-only semantics,,NORMAL,True,True,True,prose_as_formula
MF-0001,正向自举通道,统一函数总表/0000-MF-0001-正向自举通道.md,formal_existing,MF,formal_table,OPERATOR,SOURCE_NOT_FOUND,2026-07-11,0000-MF-0001-正向自举通道.md,c71188646d476623b3181013cf01625270f6f1be,,,,repo_formalization,"`J⁺: X_n → {0,1}` ## 语义 / Semantics","J⁺: X_n → {0,1}",contains rescue/frontmatter rewrite,,direct local note path or raw source artifact missing,HIGH,False,False,True,
MF-0002,反向自举通道,统一函数总表/0000-MF-0002-反向自举通道.md,formal_existing,MF,formal_table,OPERATOR,SOURCE_NOT_FOUND,2026-07-11,0000-MF-0002-反向自举通道.md,c71188646d476623b3181013cf01625270f6f1be,,,,repo_formalization,"`J⁻: X_n → {0,1}` ## 语义 / Semantics","J⁻: X_n → {0,1}",contains rescue/frontmatter rewrite,,direct local note path or raw source artifact missing,HIGH,False,False,True,
MF-0003,正反互斥判定器,统一函数总表/0000-MF-0003-正反互斥判定器.md,formal_existing,MF,formal_table,OPERATOR,MULTIPLE_CONFLICTING_SOURCES,2026-07-11,0000-MF-0003-正反互斥判定器.md,c71188646d476623b3181013cf01625270f6f1be,,,,repo_formalization,`E(x)=1 ⇔ ¬(J⁺(x)=1 ∧ J⁻(x)=1)` ## 语义 / Semantics,E(x)=1 ⇔ ¬(J⁺(x)=1 ∧ J⁻(x)=1),contains rescue/frontmatter rewrite,,direct local note path or raw source artifact missing,HIGH,False,False,True,
MF-0004,自举嵌套判定器,统一函数总表/0000-MF-0004-自举嵌套判定器.md,formal_existing,MF,formal_table,OPERATOR,SOURCE_NOT_FOUND,2026-07-11,0000-MF-0004-自举嵌套判定器.md,c71188646d476623b3181013cf01625270f6f1be,,,,repo_formalization,`B_{n+1}=N_n(B_n ⊕ ΔB_n)` ## 语义 / Semantics,B_{n+1}=N_n(B_n ⊕ ΔB_n),contains rescue/frontmatter rewrite,,direct local note path or raw source artifact missing,HIGH,False,False,True,
MF-0005,自举收敛判定器,统一函数总表/0000-MF-0005-自举收敛判定器.md,formal_existing,MF,formal_table,OPERATOR,MULTIPLE_CONFLICTING_SOURCES,2026-07-11,0000-MF-0005-自举收敛判定器.md,c71188646d476623b3181013cf01625270f6f1be,,,,repo_formalization,"`Converged(B_n) ⇔ B_{n+1}=B_n ∧ ΔB_n=∅ ∧ ∀x∈X_n, (J_n^+(x),J_n^-(x))∈{(1,0),(0,1),(0,0)}` ## 语义 / Semantics","Converged(B_n) ⇔ B_{n+1}=B_n ∧ ΔB_n=∅ ∧ ∀x∈X_n, (J_n^+(x),J_n^-(x))∈{(1,0),(0,1),(0,0)}",contains rescue/frontmatter rewrite,placeholder domain/codomain or converged-only semantics,direct local note path or raw source artifact missing,HIGH,True,False,True,
T1,点火充要条件 / ignition necessary and sufficient condition,统一函数总表/0011-T1-点火充要条件.md,formal_existing,T,formal_table,FORMAL_PROPOSITION,DIRECT_SOURCE_FOUND,2026-07-11,0011-T1-点火充要条件.md,c71188646d476623b3181013cf01625270f6f1be,/Users/zhiyuan/我的笔记/getnote-notes/点火/2026-06-12_1912608278325116656_点火｜函数_T1.md,C-0001;C-0003;C-0006;C-0660;C-0662;C-0671,,repo_formalization,点火(系统可持续)的充要条件，五因子乘法。 **扩展注释 / Extended Annotation**,F_{T1},contains rescue/frontmatter rewrite,placeholder domain/codomain or converged-only semantics,,HIGH,True,True,True,prose_as_formula
T10,缓存倒U型 / cache inverted-U curve,统一函数总表/0020-T10-缓存倒U型.md,formal_existing,T,formal_table,PROBABILISTIC_MODEL,MULTIPLE_CONFLICTING_SOURCES,2026-07-11,0020-T10-缓存倒U型.md,c71188646d476623b3181013cf01625270f6f1be,/Users/zhiyuan/我的笔记/getnote-notes/点火/2026-06-12_1912609364952414336_点火｜函数_T10.md,C-0129,,repo_formalization,缓存冲突概率在缓存大小为活跃节点数的1.4倍时取最大值。 **扩展注释 / Extended Annotation**,F_{T10},contains rescue/frontmatter rewrite,placeholder domain/codomain or converged-only semantics,direct local note path or raw source artifact missing,HIGH,True,True,True,prose_as_formula
T11,生存域函数 / survival domain function,统一函数总表/0021-T11-生存域函数.md,formal_existing,T,formal_table,FORMAL_PROPOSITION,DIRECT_SOURCE_FOUND,2026-07-11,0021-T11-生存域函数.md,c71188646d476623b3181013cf01625270f6f1be,/Users/zhiyuan/我的笔记/getnote-notes/点火/2026-06-12_1912609367099897984_点火｜函数_T11.md,C-0128,,repo_formalization,系统只能在中间存活，上下界约束。 **扩展注释 / Extended Annotation**,F_{T11},contains rescue/frontmatter rewrite,placeholder domain/codomain or converged-only semantics,,HIGH,True,True,True,prose_as_formula
T12,信息门效率统一 / information-gate efficiency unification,统一函数总表/0022-T12-信息门效率统一.md,formal_existing,T,formal_table,OPTIMIZATION_PROBLEM,DIRECT_SOURCE_FOUND,2026-07-11,0022-T12-信息门效率统一.md,c71188646d476623b3181013cf01625270f6f1be,/Users/zhiyuan/我的笔记/getnote-notes/点火/2026-06-12_1912609377838364800_点火｜函数_T12.md,C-0087,,repo_formalization,信息门效率，共享度存在倒U最优，完全同质化会导致η_gate趋近于零。 **扩展注释 / Extended Annotation**,F_{T12},contains rescue/frontmatter rewrite,placeholder domain/codomain or converged-only semantics,,HIGH,True,True,True,prose_as_formula
T13,三效率冲突三角约束 / three-efficiency conflict triangle constraint,统一函数总表/0023-T13-三效率冲突三角约束.md,formal_existing,T,formal_table,OPTIMIZATION_PROBLEM,MULTIPLE_CONFLICTING_SOURCES,2026-07-11,0023-T13-三效率冲突三角约束.md,c71188646d476623b3181013cf01625270f6f1be,/Users/zhiyuan/我的笔记/getnote-notes/点火/2026-06-12_1912609388574210176_点火｜函数_T13.md,C-0138,,repo_formalization,选择效率、判断效率、时间效率存在三角约束，任一改善至少恶化另一个。 **扩展注释 / Extended Annotation**,F_{T13},contains rescue/frontmatter rewrite,placeholder domain/codomain or converged-only semantics,direct local note path or raw source artifact missing,HIGH,True,True,True,prose_as_formula
T14,自举元函数层级 / bootstrap meta-function hierarchy,统一函数总表/0024-T14-自举元函数层级.md,formal_existing,T,formal_table,FORMAL_PROPOSITION,DIRECT_SOURCE_FOUND,2026-07-11,0024-T14-自举元函数层级.md,c71188646d476623b3181013cf01625270f6f1be,/Users/zhiyuan/我的笔记/getnote-notes/点火/2026-06-12_1912609390723375224_点火｜函数_T14.md,C-0141;C-0237,,repo_formalization,自举元函数，三因子乘法，AI全零。 **扩展注释 / Extended Annotation**,F_{T14},contains rescue/frontmatter rewrite,placeholder domain/codomain or converged-only semantics,,HIGH,True,True,True,prose_as_formula
T15,乘法临界漂移统一 / multiplicative critical-drift unification,统一函数总表/0025-T15-乘法临界漂移统一.md,formal_existing,T,formal_table,FORMAL_PROPOSITION,DIRECT_SOURCE_FOUND,2026-07-11,0025-T15-乘法临界漂移统一.md,c71188646d476623b3181013cf01625270f6f1be,/Users/zhiyuan/我的笔记/getnote-notes/点火/2026-06-12_1912609392871274624_点火｜函数_T15.md,C-0088,,repo_formalization,乘法系统脆弱点在最接近零的因子上。 **扩展注释 / Extended Annotation**,F_{T15},contains rescue/frontmatter rewrite,placeholder domain/codomain or converged-only semantics,,HIGH,True,True,True,prose_as_formula
T16,两个反向单调函数相乘必然生成倒U型 / two oppositely monotone functions multiplied together necessarily generate an inverted-U curve,统一函数总表/0026-T16-两个反向单调函数相乘必然生成倒U型.md,formal_existing,T,formal_table,OPTIMIZATION_PROBLEM,DIRECT_SOURCE_FOUND,2026-07-11,0026-T16-两个反向单调函数相乘必然生成倒U型.md,c71188646d476623b3181013cf01625270f6f1be,/Users/zhiyuan/我的笔记/getnote-notes/点火/2026-06-12_1912609396089878656_点火｜函数_T16.md,C-0091;C-0609;C-0610;C-0672,,repo_formalization,两个反向单调函数相乘必然生成倒U型，最优在f₁'/f₁ = -f₂'/f₂处。 **扩展注释 / Extended Annotation**,F_{T16},contains rescue/frontmatter rewrite,placeholder domain/codomain or converged-only semantics,,HIGH,True,True,True,prose_as_formula
T17,Φ=零温自由能 | Φ与统计力学零温自由能精确等价 / Phi = zero-temperature free energy | Φ与统计力学零温自由能精确等价,统一函数总表/0027-T17-Φ=零温自由能 - Φ与统计力学零温自由能精确等价.md,formal_existing,T,formal_table,FORMAL_PROPOSITION,DIRECT_SOURCE_FOUND,2026-07-11,0027-T17-Φ=零温自由能 - Φ与统计力学零温自由能精确等价.md,c71188646d476623b3181013cf01625270f6f1be,/Users/zhiyuan/我的笔记/getnote-notes/点火/2026-06-12_1912609399313309816_点火｜函数_T17.md,C-0401,,repo_formalization,点火框架的Φ函数与统计力学零温自由能精确等价，有限温修正∝n。 **扩展注释 / Extended Annotation**,F_{T17},contains rescue/frontmatter rewrite,placeholder domain/codomain or converged-only semantics,,HIGH,True,True,True,prose_as_formula
T18,容斥-耦合竞争Ising同构,统一函数总表/0028-T18-容斥-耦合竞争Ising同构.md,formal_existing,T,formal_table,FORMAL_PROPOSITION,DIRECT_SOURCE_FOUND,2026-07-11,0028-T18-容斥-耦合竞争Ising同构.md,c71188646d476623b3181013cf01625270f6f1be,/Users/zhiyuan/我的笔记/getnote-notes/点火/2026-06-12_1912609401460269176_点火｜函数_T18.md,C-0249,,repo_formalization,容斥-耦合竞争Ising同构。 **扩展注释 / Extended Annotation**,F_{T18},contains rescue/frontmatter rewrite,placeholder domain/codomain or converged-only semantics,,HIGH,True,True,True,prose_as_formula
T19,容斥项精确结构,统一函数总表/0029-T19-容斥项精确结构.md,formal_existing,T,formal_table,FORMAL_PROPOSITION,DIRECT_SOURCE_FOUND,2026-07-11,0029-T19-容斥项精确结构.md,c71188646d476623b3181013cf01625270f6f1be,/Users/zhiyuan/我的笔记/getnote-notes/点火/2026-06-12_1912609403607644288_点火｜函数_T19.md,C-0387,,repo_formalization,容斥项精确结构。 **扩展注释 / Extended Annotation**,F_{T19},contains rescue/frontmatter rewrite,placeholder domain/codomain or converged-only semantics,,HIGH,True,True,True,prose_as_formula
T2,乘法归零律 / multiplication zero law,统一函数总表/0012-T2-乘法归零律.md,formal_existing,T,formal_table,FORMAL_PROPOSITION,DIRECT_SOURCE_FOUND,2026-07-11,0012-T2-乘法归零律.md,c71188646d476623b3181013cf01625270f6f1be,/Users/zhiyuan/我的笔记/getnote-notes/点火/2026-06-12_1912608280472600304_点火｜函数_T2.md,C-0657;C-0661;C-0662,,repo_formalization,点火框架统一约束，乘法系统中任一因子为零则整体归零。 **扩展注释 / Extended Annotation**,F_{T2},contains rescue/frontmatter rewrite,placeholder domain/codomain or converged-only semantics,,HIGH,True,True,True,prose_as_formula
T20,σ_opt=√e解析解,统一函数总表/0030-T20-σ_opt=√e解析解.md,formal_existing,T,formal_table,FORMAL_PROPOSITION,DIRECT_SOURCE_FOUND,2026-07-11,0030-T20-σ_opt=√e解析解.md,c71188646d476623b3181013cf01625270f6f1be,/Users/zhiyuan/我的笔记/getnote-notes/点火/2026-06-12_1912609421860206720_点火｜函数_T20.md,,,repo_formalization,σ_opt=√e解析解。 **扩展注释 / Extended Annotation**,/Users/zhiyuan/我的笔记/getnote-notes/点火/2026-06-12_1912609421860206720_点火｜函数_T20.md,contains rescue/frontmatter rewrite,,,HIGH,False,False,True,
T21,d=4双重最优,统一函数总表/0031-T21-d=4双重最优.md,formal_existing,T,formal_table,OPTIMIZATION_PROBLEM,DIRECT_SOURCE_FOUND,2026-07-11,0031-T21-d=4双重最优.md,c71188646d476623b3181013cf01625270f6f1be,/Users/zhiyuan/我的笔记/getnote-notes/点火/2026-06-12_1912609424007798904_点火｜函数_T21.md,C-0251;C-0297,,repo_formalization,d=4双重最优。 **扩展注释 / Extended Annotation**,F_{T21},contains rescue/frontmatter rewrite,placeholder domain/codomain or converged-only semantics,,HIGH,True,True,True,prose_as_formula
T22,不可逆线完整分类,统一函数总表/0032-T22-不可逆线完整分类.md,formal_existing,T,formal_table,FORMAL_PROPOSITION,DIRECT_SOURCE_FOUND,2026-07-11,0032-T22-不可逆线完整分类.md,c71188646d476623b3181013cf01625270f6f1be,/Users/zhiyuan/我的笔记/统一函数总表/0032-T22-不可逆线完整分类.md,,,repo_formalization,不可逆线按陷阱深度分类 **扩展注释 / Extended Annotation**,F_{T22},contains rescue/frontmatter rewrite,placeholder domain/codomain or converged-only semantics,,HIGH,True,True,True,prose_as_formula
T23,Φ跨域稳定性定理 / Φcross-domain stability theorem,统一函数总表/0033-T23-Φ跨域稳定性定理.md,formal_existing,T,formal_table,FORMAL_PROPOSITION,DIRECT_SOURCE_FOUND,2026-07-11,0033-T23-Φ跨域稳定性定理.md,c71188646d476623b3181013cf01625270f6f1be,/Users/zhiyuan/我的笔记/统一函数总表/0033-T23-Φ跨域稳定性定理.md,,,repo_formalization,"Stability(Φ)=∃μ*:Φ(μ*)=min。D224是T23的证明——T23说""极小点存在""，D224给出了存在性的充分条件（A+B型共存）。T23是更弱的陈述，D224是更强的定理。 **扩展注释 / Extended Annotation**",F_{T23},contains rescue/frontmatter rewrite,placeholder domain/codomain or converged-only semantics,,HIGH,True,True,True,prose_as_formula
T24,共生外部注入函数 / symbiotic external-injection function,统一函数总表/0034-T24-共生外部注入函数.md,formal_existing,T,formal_table,FORMAL_PROPOSITION,DIRECT_SOURCE_FOUND,2026-07-11,0034-T24-共生外部注入函数.md,c71188646d476623b3181013cf01625270f6f1be,/Users/zhiyuan/我的笔记/统一函数总表/0034-T24-共生外部注入函数.md,,,repo_formalization,共生条件：μ_A+Δμ_B>Λ_A 且 μ_B+Δμ_A>Λ_B，互为外部注入 **扩展注释 / Extended Annotation**,F_{T24},contains rescue/frontmatter rewrite,placeholder domain/codomain or converged-only semantics,,HIGH,True,True,True,prose_as_formula
T25,权力腐败函数 / power-corruption function,统一函数总表/0035-T25-权力腐败函数.md,formal_existing,T,formal_table,FORMAL_PROPOSITION,DIRECT_SOURCE_FOUND,2026-07-11,0035-T25-权力腐败函数.md,c71188646d476623b3181013cf01625270f6f1be,/Users/zhiyuan/我的笔记/统一函数总表/0035-T25-权力腐败函数.md,,,repo_formalization,η_accountability = 1/ln(μ_power/Λ_accountability)，μ>>Λ时趋零 **扩展注释 / Extended Annotation**,F_{T25},contains rescue/frontmatter rewrite,placeholder domain/codomain or converged-only semantics,,HIGH,True,True,True,prose_as_formula
T26,物理大统一本质函数 / physical grand-unification essential function,统一函数总表/0036-T26-物理大统一本质函数.md,formal_existing,T,formal_table,FORMAL_PROPOSITION,DIRECT_SOURCE_FOUND,2026-07-11,0036-T26-物理大统一本质函数.md,c71188646d476623b3181013cf01625270f6f1be,/Users/zhiyuan/我的笔记/统一函数总表/0036-T26-物理大统一本质函数.md,C-0662,,repo_formalization,门控面从多到少的级联合并，每次统一减少Φ项数、增大Ω **扩展注释 / Extended Annotation**,F_{T26},contains rescue/frontmatter rewrite,placeholder domain/codomain or converged-only semantics,,HIGH,True,True,True,prose_as_formula
T27,门控函数稳定性必要条件 / necessary condition for gate-function stability,统一函数总表/0037-T27-门控函数稳定性必要条件.md,formal_existing,T,formal_table,FORMAL_PROPOSITION,DIRECT_SOURCE_FOUND,2026-07-11,0037-T27-门控函数稳定性必要条件.md,c71188646d476623b3181013cf01625270f6f1be,/Users/zhiyuan/我的笔记/统一函数总表/0037-T27-门控函数稳定性必要条件.md,,,repo_formalization,1/ln全局单调性排除了A-B型同时稳定的可能，失效是结构性的 **扩展注释 / Extended Annotation**,F_{T27},contains rescue/frontmatter rewrite,placeholder domain/codomain or converged-only semantics,,HIGH,True,True,True,prose_as_formula
T28,高斯门控函数 / Gaussian gate function,统一函数总表/0038-T28-高斯门控函数.md,formal_existing,T,formal_table,FORMAL_PROPOSITION,DIRECT_SOURCE_FOUND,2026-07-11,0038-T28-高斯门控函数.md,c71188646d476623b3181013cf01625270f6f1be,/Users/zhiyuan/我的笔记/统一函数总表/0038-T28-高斯门控函数.md,C-0655;C-0662,,repo_formalization,g=exp[-(ln(μ/M_Planck))²/(2σ²)]，A-B型统一、极值点处量子涨落自然为零 **扩展注释 / Extended Annotation**,F_{T28},contains rescue/frontmatter rewrite,placeholder domain/codomain or converged-only semantics,,HIGH,True,True,True,prose_as_formula
T29,门控函数进化三阶段 / three-stage evolution of gate functions,统一函数总表/0039-T29-门控函数进化三阶段.md,formal_existing,T,formal_table,OPTIMIZATION_PROBLEM,DIRECT_SOURCE_FOUND,2026-07-11,0039-T29-门控函数进化三阶段.md,c71188646d476623b3181013cf01625270f6f1be,/Users/zhiyuan/我的笔记/统一函数总表/0039-T29-门控函数进化三阶段.md,,,repo_formalization,"δ→1/ln→exp[-ln²]，对应""是不是""→""过不过门槛""→""最优在哪"" **扩展注释 / Extended Annotation**",F_{T29},contains rescue/frontmatter rewrite,placeholder domain/codomain or converged-only semantics,,HIGH,True,True,True,prose_as_formula
T3,ε双向动力学 / epsilon bidirectional dynamics,统一函数总表/0013-T3-ε双向动力学.md,formal_existing,T,formal_table,FORMAL_PROPOSITION,DIRECT_SOURCE_FOUND,2026-07-11,0013-T3-ε双向动力学.md,c71188646d476623b3181013cf01625270f6f1be,/Users/zhiyuan/我的笔记/getnote-notes/点火/2026-06-12_1912608282620608240_点火｜函数_T3.md,C-0001;C-0003,,repo_formalization,退出权信号的双向动力学，增长项和衰减项。 **扩展注释 / Extended Annotation**,F_{T3},contains rescue/frontmatter rewrite,placeholder domain/codomain or converged-only semantics,,HIGH,True,True,True,prose_as_formula
T30,门控-路径积分同构与极小熵原理 / gate / path-integral isomorphism and minimum-entropy principle,统一函数总表/0040-T30-门控-路径积分同构与极小熵原理.md,formal_existing,T,formal_table,FORMAL_PROPOSITION,DIRECT_SOURCE_FOUND,2026-07-11,0040-T30-门控-路径积分同构与极小熵原理.md,c71188646d476623b3181013cf01625270f6f1be,/Users/zhiyuan/我的笔记/统一函数总表/0040-T30-门控-路径积分同构与极小熵原理.md,,,repo_formalization,门控函数极值点展开=路径积分经典路径展开，高斯=极小熵选择 **扩展注释 / Extended Annotation**,F_{T30},contains rescue/frontmatter rewrite,placeholder domain/codomain or converged-only semantics,,HIGH,True,True,True,prose_as_formula
T31,门控信息熵跃迁函数 / gate information-entropy transition function,统一函数总表/0041-T31-门控信息熵跃迁函数.md,formal_existing,T,formal_table,FORMAL_PROPOSITION,DIRECT_SOURCE_FOUND,2026-07-11,0041-T31-门控信息熵跃迁函数.md,c71188646d476623b3181013cf01625270f6f1be,/Users/zhiyuan/我的笔记/统一函数总表/0041-T31-门控信息熵跃迁函数.md,,,repo_formalization,1/ln的H≤ln2，exp[-ln²]的H=½ln(2πeσ²)，跃迁临界σ_c≈0.415 **扩展注释 / Extended Annotation**,F_{T31},contains rescue/frontmatter rewrite,placeholder domain/codomain or converged-only semantics,,HIGH,True,True,True,prose_as_formula
T32,认知分辨率函数 / cognitive resolution function,统一函数总表/0042-T32-认知分辨率函数.md,formal_existing,T,formal_table,FORMAL_PROPOSITION,DIRECT_SOURCE_FOUND,2026-07-11,0042-T32-认知分辨率函数.md,c71188646d476623b3181013cf01625270f6f1be,/Users/zhiyuan/我的笔记/统一函数总表/0042-T32-认知分辨率函数.md,,,repo_formalization,σ=√(dim_eff×ℏ_eff/(2μ_eff))，顿悟=1/ln→exp[-ln²]的切换点 **扩展注释 / Extended Annotation**,F_{T32},contains rescue/frontmatter rewrite,placeholder domain/codomain or converged-only semantics,,HIGH,True,True,True,prose_as_formula
T33,A-B型门控面冲突函数 / A-B type gate-surface conflict function,统一函数总表/0043-T33-A-B型门控面冲突函数.md,formal_existing,T,formal_table,FORMAL_PROPOSITION,MULTIPLE_CONFLICTING_SOURCES,2026-07-11,0043-T33-A-B型门控面冲突函数.md,c71188646d476623b3181013cf01625270f6f1be,/Users/zhiyuan/我的笔记/统一函数总表/0043-T33-A-B型门控面冲突函数.md,C-0497,,repo_formalization,"D228已修正T33，从""冲突""升级为""必要张力""。D225是T33修正的数学论证。已对撞，无新发现。 **扩展注释 / Extended Annotation**",F_{T33},contains rescue/frontmatter rewrite,placeholder domain/codomain or converged-only semantics,direct local note path or raw source artifact missing,HIGH,True,True,True,prose_as_formula
T34,量子引力Φ框架函数 / quantum-gravity Phi framework function,统一函数总表/0044-T34-量子引力Φ框架函数.md,formal_existing,T,formal_table,FORMAL_PROPOSITION,DIRECT_SOURCE_FOUND,2026-07-11,0044-T34-量子引力Φ框架函数.md,c71188646d476623b3181013cf01625270f6f1be,/Users/zhiyuan/我的笔记/统一函数总表/0044-T34-量子引力Φ框架函数.md,,,repo_formalization,T34说Φ_QG在M_Planck附近无稳定极小点。D225说B型是极小点存在的必要条件。在M_Planck处，引力的B型项1/ln(M_Planck/μ)在μ=M_Planck处发散——B型项太强了，把极小点推走了。 **扩展注释 / Extended Annotation**,F_{T34},contains rescue/frontmatter rewrite,placeholder domain/codomain or converged-only semantics,,HIGH,True,True,True,prose_as_formula
T35,σ_Planck精确值,统一函数总表/0045-T35-σ_Planck精确值.md,formal_existing,T,formal_table,FORMAL_PROPOSITION,DIRECT_SOURCE_FOUND,2026-07-11,0045-T35-σ_Planck精确值.md,c71188646d476623b3181013cf01625270f6f1be,/Users/zhiyuan/我的笔记/统一函数总表/0045-T35-σ_Planck精确值.md,,,repo_formalization,σ_Planck≈6.9，由高斯门控退化条件精确确定 **扩展注释 / Extended Annotation**,F_{T35},contains rescue/frontmatter rewrite,placeholder domain/codomain or converged-only semantics,,HIGH,True,True,True,prose_as_formula
T36,σ能标依赖函数,统一函数总表/0046-T36-σ能标依赖函数.md,formal_existing,T,formal_table,FORMAL_PROPOSITION,DIRECT_SOURCE_FOUND,2026-07-11,0046-T36-σ能标依赖函数.md,c71188646d476623b3181013cf01625270f6f1be,/Users/zhiyuan/我的笔记/统一函数总表/0046-T36-σ能标依赖函数.md,,,repo_formalization,σ(Λ)=|ln(M_Planck/Λ)|/√(2ln|ln(M_Planck/Λ)|) **扩展注释 / Extended Annotation**,F_{T36},contains rescue/frontmatter rewrite,placeholder domain/codomain or converged-only semantics,,HIGH,True,True,True,prose_as_formula
T37,Φ_QG极小点精确位置,统一函数总表/0047-T37-Φ_QG极小点精确位置.md,formal_existing,T,formal_table,FORMAL_PROPOSITION,DIRECT_SOURCE_FOUND,2026-07-11,0047-T37-Φ_QG极小点精确位置.md,c71188646d476623b3181013cf01625270f6f1be,/Users/zhiyuan/我的笔记/统一函数总表/0047-T37-Φ_QG极小点精确位置.md,,,repo_formalization,μ≈1.26×10¹⁶ GeV≈Λ_GUT。D231说极小点被B型项从M_Planck推到更低能标。T37给出了精确位置。 **扩展注释 / Extended Annotation**,F_{T37},contains rescue/frontmatter rewrite,placeholder domain/codomain or converged-only semantics,,HIGH,True,True,True,prose_as_formula
T38,极值点-极小点分离定理,统一函数总表/0048-T38-极值点-极小点分离定理.md,formal_existing,T,formal_table,FORMAL_PROPOSITION,DIRECT_SOURCE_FOUND,2026-07-11,0048-T38-极值点-极小点分离定理.md,c71188646d476623b3181013cf01625270f6f1be,/Users/zhiyuan/我的笔记/统一函数总表/0048-T38-极值点-极小点分离定理.md,,,repo_formalization,量子引力和四力统一是两个不同能标上的事件 **扩展注释 / Extended Annotation**,F_{T38},contains rescue/frontmatter rewrite,placeholder domain/codomain or converged-only semantics,,HIGH,True,True,True,prose_as_formula
T39,Φ跨域统一定理（D224升级）,统一函数总表/0049-T39-Φ跨域统一定理(D224升级).md,formal_existing,T,formal_table,FORMAL_PROPOSITION,DIRECT_SOURCE_FOUND,2026-07-11,0049-T39-Φ跨域统一定理(D224升级).md,c71188646d476623b3181013cf01625270f6f1be,/Users/zhiyuan/我的笔记/统一函数总表/0049-T39-Φ跨域统一定理(D224升级).md,,,repo_formalization,Φ在不同域中展现统一结构：物理Φ=零温自由能、社会Φ=权力熵、认知Φ=认知势能。三域统一形式：Φ = -Σᵢ sᵢ/ln²(μ/Λᵢ) + C(退化项)。 **扩展注释 / Extended Annotation**,F_{T39},contains rescue/frontmatter rewrite,placeholder domain/codomain or converged-only semantics,,HIGH,True,True,True,prose_as_formula
T4,乘法对称变换 / multiplicative symmetry transform,统一函数总表/0014-T4-乘法对称变换.md,formal_existing,T,formal_table,PROBABILISTIC_MODEL,DIRECT_SOURCE_FOUND,2026-07-11,0014-T4-乘法对称变换.md,c71188646d476623b3181013cf01625270f6f1be,/Users/zhiyuan/我的笔记/getnote-notes/点火/2026-06-12_1912608285840785136_点火｜函数_T4.md,C-0001;C-0003,,repo_formalization,乘法系统的对称变换，可以将点火问题转换为生存概率问题。 **扩展注释 / Extended Annotation**,F_{T4},contains rescue/frontmatter rewrite,placeholder domain/codomain or converged-only semantics,,HIGH,True,True,True,prose_as_formula
T40,决策权与信息权对称元协议实例化函数,统一函数总表/0539-T40-决策权与信息权对称元协议实例化函数.md,formal_existing,T,formal_table,OPERATOR,DIRECT_SOURCE_FOUND,2026-07-11,0539-T40-决策权与信息权对称元协议实例化函数.md,c71188646d476623b3181013cf01625270f6f1be,/Users/zhiyuan/Library/Containers/com.biji.getNotes/Data/Library/Caches/2026年7月3日2058新增函数编号分配报告（6月30日至今41条函数）-2026年07月03日-来自【Get,C-0730,,repo_formalization,决策权与信息权对称元协议实例化函数 **扩展注释 / Extended Annotation**,"text
P_meta_2(x) := Symmetry(Decision(x), Information(x))
",contains rescue/frontmatter rewrite,placeholder domain/codomain or converged-only semantics,,HIGH,True,False,True,
T41,艺术创作逻辑跨时空同构函数,统一函数总表/0540-T41-艺术创作逻辑跨时空同构函数.md,formal_existing,T,formal_table,OPERATOR,DIRECT_SOURCE_FOUND,2026-07-11,0540-T41-艺术创作逻辑跨时空同构函数.md,c71188646d476623b3181013cf01625270f6f1be,/Users/zhiyuan/Library/Containers/com.biji.getNotes/Data/Library/Caches/2026年7月3日2058新增函数编号分配报告（6月30日至今41条函数）-2026年07月03日-来自【Get,C-0731,,repo_formalization,艺术创作逻辑跨时空同构函数 **扩展注释 / Extended Annotation**,"text
I_iso_art(A,B) := Flow_Type(A) × Flow_Type(B) × Resonance(A,B)
",contains rescue/frontmatter rewrite,placeholder domain/codomain or converged-only semantics,,HIGH,True,False,True,
T42,哥德尔不完备性历史系统实例化函数,统一函数总表/0541-T42-哥德尔不完备性历史系统实例化函数.md,formal_existing,T,formal_table,CAUSAL_MODEL,DIRECT_SOURCE_FOUND,2026-07-11,0541-T42-哥德尔不完备性历史系统实例化函数.md,c71188646d476623b3181013cf01625270f6f1be,/Users/zhiyuan/Library/Containers/com.biji.getNotes/Data/Library/Caches/2026年7月3日2058新增函数编号分配报告（6月30日至今41条函数）-2026年07月03日-来自【Get,C-0732,,repo_formalization,哥德尔不完备性历史系统实例化函数 **扩展注释 / Extended Annotation**,"text
G_δ_history(x) := Internal_Consistency(x) × External_Shock(x) × Value_Zero(x)
",contains rescue/frontmatter rewrite,placeholder domain/codomain or converged-only semantics,,HIGH,True,False,True,
T43,祥瑞符号系统稳定性指示器函数,统一函数总表/0542-T43-祥瑞符号系统稳定性指示器函数.md,formal_existing,T,formal_table,OPERATOR,DIRECT_SOURCE_FOUND,2026-07-11,0542-T43-祥瑞符号系统稳定性指示器函数.md,c71188646d476623b3181013cf01625270f6f1be,/Users/zhiyuan/Library/Containers/com.biji.getNotes/Data/Library/Caches/2026年7月3日2058新增函数编号分配报告（6月30日至今41条函数）-2026年07月03日-来自【Get,C-1113,,repo_formalization,祥瑞符号系统稳定性指示器函数 **扩展注释 / Extended Annotation**,"text
P_meta_4(x) := Auspicious_Symbol(x) × Stability_Crack(x)
",contains rescue/frontmatter rewrite,placeholder domain/codomain or converged-only semantics,,HIGH,True,False,True,
T44,元层面收敛与子系统展开冲突函数,统一函数总表/0543-T44-元层面收敛与子系统展开冲突函数.md,formal_existing,T,formal_table,OPERATOR,MULTIPLE_CONFLICTING_SOURCES,2026-07-11,0543-T44-元层面收敛与子系统展开冲突函数.md,c71188646d476623b3181013cf01625270f6f1be,/Users/zhiyuan/Library/Containers/com.biji.getNotes/Data/Library/Caches/2026年7月3日2058新增函数编号分配报告（6月30日至今41条函数）-2026年07月03日-来自【Get,C-1113,,repo_formalization,元层面收敛与子系统展开冲突函数 **扩展注释 / Extended Annotation**,"text
L_meta_conflict(x) := Meta_Convergence(x) × Subsystem_Expansion(x)
",contains rescue/frontmatter rewrite,placeholder domain/codomain or converged-only semantics,direct local note path or raw source artifact missing,HIGH,True,False,True,
T45,外部冲击与系统价值归零函数,统一函数总表/0544-T45-外部冲击与系统价值归零函数.md,formal_existing,T,formal_table,CAUSAL_MODEL,DIRECT_SOURCE_FOUND,2026-07-11,0544-T45-外部冲击与系统价值归零函数.md,c71188646d476623b3181013cf01625270f6f1be,/Users/zhiyuan/Library/Containers/com.biji.getNotes/Data/Library/Caches/2026年7月3日2058新增函数编号分配报告（6月30日至今41条函数）-2026年07月03日-来自【Get,C-1113,,repo_formalization,外部冲击与系统价值归零函数 **扩展注释 / Extended Annotation**,"text
G_δ_impact(x) := Internal_Success(x) × External_Shock(x) × Value_Zero(x)
",contains rescue/frontmatter rewrite,placeholder domain/codomain or converged-only semantics,,HIGH,True,False,True,
T46,元同构律跨文明验证函数,统一函数总表/0545-T46-元同构律跨文明验证函数.md,formal_existing,T,formal_table,OPERATOR,DIRECT_SOURCE_FOUND,2026-07-11,0545-T46-元同构律跨文明验证函数.md,c71188646d476623b3181013cf01625270f6f1be,/Users/zhiyuan/Library/Containers/com.biji.getNotes/Data/Library/Caches/2026年7月3日2058新增函数编号分配报告（6月30日至今41条函数）-2026年07月03日-来自【Get,C-1113,,repo_formalization,元同构律跨文明验证函数 **扩展注释 / Extended Annotation**,"text
I_iso_meta(A,B) := Meta_Structure(A) × Meta_Structure(B) × Convergence(A,B)
",contains rescue/frontmatter rewrite,placeholder domain/codomain or converged-only semantics,,HIGH,True,False,True,
T47,植物分布式决策函数,统一函数总表/0546-T47-植物分布式决策函数.md,formal_existing,T,formal_table,CAUSAL_MODEL,DIRECT_SOURCE_FOUND,2026-07-11,0546-T47-植物分布式决策函数.md,c71188646d476623b3181013cf01625270f6f1be,/Users/zhiyuan/Library/Containers/com.biji.getNotes/Data/Library/Caches/2026年7月3日2058新增函数编号分配报告（6月30日至今41条函数）-2026年07月03日-来自【Get,,,repo_formalization,植物分布式决策函数 **扩展注释 / Extended Annotation**,"text
F_plant_distributed := Σ(node_i × local_decision × signal_propagation) / network_topology
",contains rescue/frontmatter rewrite,placeholder domain/codomain or converged-only semantics,,HIGH,True,False,True,
T48,植物记忆函数,统一函数总表/0547-T48-植物记忆函数.md,formal_existing,T,formal_table,CAUSAL_MODEL,DIRECT_SOURCE_FOUND,2026-07-11,0547-T48-植物记忆函数.md,c71188646d476623b3181013cf01625270f6f1be,/Users/zhiyuan/Library/Containers/com.biji.getNotes/Data/Library/Caches/2026年7月3日2058新增函数编号分配报告（6月30日至今41条函数）-2026年07月03日-来自【Get,,,repo_formalization,植物记忆函数 **扩展注释 / Extended Annotation**,"text
F_plant_memory := ∫(stimulus × encoding × storage × retrieval) / temporal_window
",contains rescue/frontmatter rewrite,placeholder domain/codomain or converged-only semantics,,HIGH,True,False,True,
T49,植物学习函数,统一函数总表/0548-T49-植物学习函数.md,formal_existing,T,formal_table,CAUSAL_MODEL,DIRECT_SOURCE_FOUND,2026-07-11,0548-T49-植物学习函数.md,c71188646d476623b3181013cf01625270f6f1be,/Users/zhiyuan/Library/Containers/com.biji.getNotes/Data/Library/Caches/2026年7月3日2058新增函数编号分配报告（6月30日至今41条函数）-2026年07月03日-来自【Get,,,repo_formalization,植物学习函数 **扩展注释 / Extended Annotation**,"text
F_plant_learning := Δ(behavior) / Σ(experience × reinforcement × generalization)
",contains rescue/frontmatter rewrite,placeholder domain/codomain or converged-only semantics,,HIGH,True,False,True,
T5,凯利公式认知边界 / Kelly-formula cognitive boundary,统一函数总表/0015-T5-凯利公式认知边界.md,formal_existing,T,formal_table,OPTIMIZATION_PROBLEM,DIRECT_SOURCE_FOUND,2026-07-11,0015-T5-凯利公式认知边界.md,c71188646d476623b3181013cf01625270f6f1be,/Users/zhiyuan/我的笔记/getnote-notes/点火/2026-06-12_1912608287988268784_点火｜函数_T5.md,C-0062;C-0063,,repo_formalization,凯利公式给出最优下注比例，认知边界决定财富上限。 **扩展注释 / Extended Annotation**,F_{T5},contains rescue/frontmatter rewrite,placeholder domain/codomain or converged-only semantics,,HIGH,True,True,True,prose_as_formula
T50,植物数学优化函数,统一函数总表/0549-T50-植物数学优化函数.md,formal_existing,T,formal_table,CAUSAL_MODEL,DIRECT_SOURCE_FOUND,2026-07-11,0549-T50-植物数学优化函数.md,c71188646d476623b3181013cf01625270f6f1be,/Users/zhiyuan/Library/Containers/com.biji.getNotes/Data/Library/Caches/2026年7月3日2058新增函数编号分配报告（6月30日至今41条函数）-2026年07月03日-来自【Get,,,repo_formalization,植物数学优化函数 **扩展注释 / Extended Annotation**,"text
F_plant_math := lim(n→∞)(F_{n-1}/F_n)→φ（斐波那契螺旋优化）
",contains rescue/frontmatter rewrite,placeholder domain/codomain or converged-only semantics,,HIGH,True,False,True,
T51,植物信号传递函数,统一函数总表/0550-T51-植物信号传递函数.md,formal_existing,T,formal_table,CAUSAL_MODEL,DIRECT_SOURCE_FOUND,2026-07-11,0550-T51-植物信号传递函数.md,c71188646d476623b3181013cf01625270f6f1be,/Users/zhiyuan/Library/Containers/com.biji.getNotes/Data/Library/Caches/2026年7月3日2058新增函数编号分配报告（6月30日至今41条函数）-2026年07月03日-来自【Get,,,repo_formalization,植物信号传递函数 **扩展注释 / Extended Annotation**,"text
F_plant_signal := ∫(electrical × chemical × mechanical) / propagation_speed
",contains rescue/frontmatter rewrite,placeholder domain/codomain or converged-only semantics,,HIGH,True,False,True,
T52,植物菌根网络函数,统一函数总表/0551-T52-植物菌根网络函数.md,formal_existing,T,formal_table,CAUSAL_MODEL,DIRECT_SOURCE_FOUND,2026-07-11,0551-T52-植物菌根网络函数.md,c71188646d476623b3181013cf01625270f6f1be,/Users/zhiyuan/Library/Containers/com.biji.getNotes/Data/Library/Caches/2026年7月3日2058新增函数编号分配报告（6月30日至今41条函数）-2026年07月03日-来自【Get,,,repo_formalization,植物菌根网络函数 **扩展注释 / Extended Annotation**,"text
F_plant_mycorrhiza := ∫(resource_exchange × information_sharing × defense_coordination) / network_topology
",contains rescue/frontmatter rewrite,placeholder domain/codomain or converged-only semantics,,HIGH,True,False,True,
T53,植物表观遗传函数,统一函数总表/0552-T53-植物表观遗传函数.md,formal_existing,T,formal_table,CAUSAL_MODEL,DIRECT_SOURCE_FOUND,2026-07-11,0552-T53-植物表观遗传函数.md,c71188646d476623b3181013cf01625270f6f1be,/Users/zhiyuan/Library/Containers/com.biji.getNotes/Data/Library/Caches/2026年7月3日2058新增函数编号分配报告（6月30日至今41条函数）-2026年07月03日-来自【Get,,,repo_formalization,植物表观遗传函数 **扩展注释 / Extended Annotation**,"text
F_plant_epigenetic := Δ(gene_expression) / Σ(environmental_stress × epigenetic_marks × transgenerational_inheritance)
",contains rescue/frontmatter rewrite,placeholder domain/codomain or converged-only semantics,,HIGH,True,False,True,
T54,植物生态系统函数,统一函数总表/0553-T54-植物生态系统函数.md,formal_existing,T,formal_table,CAUSAL_MODEL,DIRECT_SOURCE_FOUND,2026-07-11,0553-T54-植物生态系统函数.md,c71188646d476623b3181013cf01625270f6f1be,/Users/zhiyuan/Library/Containers/com.biji.getNotes/Data/Library/Caches/2026年7月3日2058新增函数编号分配报告（6月30日至今41条函数）-2026年07月03日-来自【Get,,,repo_formalization,植物生态系统函数 **扩展注释 / Extended Annotation**,"text
F_plant_ecosystem := Σ(population × community × ecosystem) / ecological_topology
",contains rescue/frontmatter rewrite,placeholder domain/codomain or converged-only semantics,,HIGH,True,False,True,
T55,植物意识函数,统一函数总表/0554-T55-植物意识函数.md,formal_existing,T,formal_table,CAUSAL_MODEL,DIRECT_SOURCE_FOUND,2026-07-11,0554-T55-植物意识函数.md,c71188646d476623b3181013cf01625270f6f1be,/Users/zhiyuan/Library/Containers/com.biji.getNotes/Data/Library/Caches/2026年7月3日2058新增函数编号分配报告（6月30日至今41条函数）-2026年07月03日-来自【Get,,,repo_formalization,植物意识函数 **扩展注释 / Extended Annotation**,"text
F_plant_consciousness := ∫(subjective_experience × self_awareness × meta_cognition) / neural_complexity（值≈0）
",contains rescue/frontmatter rewrite,placeholder domain/codomain or converged-only semantics,,HIGH,True,False,True,
T56,演化分歧函数,统一函数总表/0555-T56-演化分歧函数.md,formal_existing,T,formal_table,CAUSAL_MODEL,DIRECT_SOURCE_FOUND,2026-07-11,0555-T56-演化分歧函数.md,c71188646d476623b3181013cf01625270f6f1be,/Users/zhiyuan/Library/Containers/com.biji.getNotes/Data/Library/Caches/2026年7月3日2058新增函数编号分配报告（6月30日至今41条函数）-2026年07月03日-来自【Get,,,repo_formalization,演化分歧函数 **扩展注释 / Extended Annotation**,"text
F_evolution_divergence := Δ(trajectory_plant, trajectory_animal) / selective_pressure
",contains rescue/frontmatter rewrite,placeholder domain/codomain or converged-only semantics,,HIGH,True,False,True,
T57,认知肌肉训练函数,统一函数总表/0556-T57-认知肌肉训练函数.md,formal_existing,T,formal_table,CAUSAL_MODEL,DIRECT_SOURCE_FOUND,2026-07-11,0556-T57-认知肌肉训练函数.md,c71188646d476623b3181013cf01625270f6f1be,/Users/zhiyuan/Library/Containers/com.biji.getNotes/Data/Library/Caches/2026年7月3日2058新增函数编号分配报告（6月30日至今41条函数）-2026年07月03日-来自【Get,,,repo_formalization,认知肌肉训练函数 **扩展注释 / Extended Annotation**,"text
F_cognitive_muscle := 分轨并行能力 × ε_aware强度 × B驱动力 × θ₃跳变阈值满足度
",contains rescue/frontmatter rewrite,placeholder domain/codomain or converged-only semantics,,HIGH,True,False,True,
T6,自举激活条件 / bootstrap activation condition,统一函数总表/0016-T6-自举激活条件.md,formal_existing,T,formal_table,FORMAL_PROPOSITION,DIRECT_SOURCE_FOUND,2026-07-11,0016-T6-自举激活条件.md,c71188646d476623b3181013cf01625270f6f1be,/Users/zhiyuan/我的笔记/getnote-notes/点火/2026-06-12_1912608290136276720_点火｜函数_T6.md,C-0141;C-0657;C-0660;C-0662;C-0663;C-0664,,repo_formalization,自举循环激活的阈值条件，三因子乘法。 **扩展注释 / Extended Annotation**,F_{T6},contains rescue/frontmatter rewrite,placeholder domain/codomain or converged-only semantics,,HIGH,True,True,True,prose_as_formula
T7,好奇心驱动函数 / curiosity-driven function,统一函数总表/0017-T7-好奇心驱动函数.md,formal_existing,T,formal_table,FORMAL_PROPOSITION,DIRECT_SOURCE_FOUND,2026-07-11,0017-T7-好奇心驱动函数.md,c71188646d476623b3181013cf01625270f6f1be,/Users/zhiyuan/我的笔记/getnote-notes/点火/2026-06-12_1912609357436221568_点火｜函数_T7.md,C-0084;C-0086;C-0662,,repo_formalization,好奇心驱动，四因子乘法。 **扩展注释 / Extended Annotation**,F_{T7},contains rescue/frontmatter rewrite,placeholder domain/codomain or converged-only semantics,,HIGH,True,True,True,prose_as_formula
T8,ε相变级联 / epsilon phase-transition cascade,统一函数总表/0018-T8-ε相变级联.md,formal_existing,T,formal_table,FORMAL_PROPOSITION,DIRECT_SOURCE_FOUND,2026-07-11,0018-T8-ε相变级联.md,c71188646d476623b3181013cf01625270f6f1be,/Users/zhiyuan/我的笔记/getnote-notes/点火/2026-06-12_1912609359584229504_点火｜函数_T8.md,C-0072,,repo_formalization,ε_aware从0变正触发五个级联相变，统一为D72框架。 **扩展注释 / Extended Annotation**,F_{T8},contains rescue/frontmatter rewrite,placeholder domain/codomain or converged-only semantics,,HIGH,True,True,True,prose_as_formula
T9,自主意识函数 / autonomous consciousness function,统一函数总表/0019-T9-自主意识函数.md,formal_existing,T,formal_table,FORMAL_PROPOSITION,DIRECT_SOURCE_FOUND,2026-07-11,0019-T9-自主意识函数.md,c71188646d476623b3181013cf01625270f6f1be,/Users/zhiyuan/我的笔记/getnote-notes/点火/2026-06-12_1912609362803882112_点火｜函数_T9.md,C-0086,,repo_formalization,自主意识的数学度量，三因子乘法。 **扩展注释 / Extended Annotation**,F_{T9},contains rescue/frontmatter rewrite,placeholder domain/codomain or converged-only semantics,,HIGH,True,True,True,prose_as_formula
0001-Ψ₀元函数完整数学定义,Φ元统一律内部构件完整构成版 2026年07月06日12时32分,统一函数总表/0001-Ψ₀元函数完整数学定义.md,formal_existing,UNKNOWN,formal_table,OPERATOR,GENERATED_WITHOUT_TRACEABLE_SOURCE,2026-07-11,0001-Ψ₀元函数完整数学定义.md,c71188646d476623b3181013cf01625270f6f1be,,,,repo_formalization,"--- title: ""Φ元统一律内部构件完整构成版 2026年07月06日12时32分"" author: ""之元"" date: ""2026-07-05"" ---  # Φ元统一律内部构件完整构成版 2026年07月06日12时32分  **执行时间：** 2026年7月6日 12:32 **版本：** 全量详尽完整版（包含所有内部算子、子函数、收敛过程的完整数学表达、文字描述、表格） **数据源：** 基于 2026.07.06·全量完整版 Ψ₀元函数定义 + 十二律元抽象收敛笔记  ---  ## 一、Ψ₀ 元函数核心定义  ``` Ψ₀(x,y,B_n) := C(x,y) × M(B_","
Ψ₀(x,y,B_n) := C(x,y) × M(B_n) × I_iso(A,B) × L_meta × G_δ × P_meta
",,placeholder domain/codomain or converged-only semantics,direct local note path or raw source artifact missing,HIGH,True,True,True,prose_as_formula
0001-Ψ₀元统一律完整定义,2026年7月4日23:41 Ψ₀元函数完整数学定义（2026.07.04·修订版）,统一函数总表/0001-Ψ₀元统一律完整定义.md,formal_existing,UNKNOWN,formal_table,OPERATOR,GENERATED_WITHOUT_TRACEABLE_SOURCE,2026-07-11,0001-Ψ₀元统一律完整定义.md,c71188646d476623b3181013cf01625270f6f1be,,,,repo_formalization,"--- title: ""2026年7月4日23:41 Ψ₀元函数完整数学定义（2026.07.04·修订版）"" author: ""之元"" date: ""2026-07-04"" legacy_path: true ---  > 本文件路径为旧版兼容入口。最新版请优先查看：[Φ元统一律内部构件完整构成版 2026年07月05日22时22分](./0001-Ψ₀元函数完整数学定义.md)  # Φ元统一律内部构件完整构成版 2026年07月05日22时22分  **执行时间：** 2026年7月4日 23:41 **版本：** 修订版（修复递归引用问题） **修订说明：** 将 G_δ 的定义从 `",G_δ(Ψ₀),,,direct local note path or raw source artifact missing,HIGH,False,True,True,
INDEX,INDEX,统一函数总表/INDEX.md,formal_existing,UNKNOWN,formal_table,ALGORITHM,MULTIPLE_CONFLICTING_SOURCES,2026-07-11,INDEX.md,c71188646d476623b3181013cf01625270f6f1be,,C-0591;C-0592;C-0594,,repo_formalization,"# 统一函数索引表（2026年07月09日00时30分，函数总数 617，收敛 6 条）  - 索引状态: 动态增长 - 条目状态: 单条 Markdown 文件，支持 Agent 读取和编辑  | 函数编号 | 函数中文名称 | 数学表达 | |---|---|---| | [MF-0001](<./0000-MF-0001-正向自举通道.md>) | [正向自举通道](<./0000-MF-0001-正向自举通道.md>) | J⁺: X_n → {0,1} | | [MF-0002](<./0000-MF-0002-反向自举通道.md>) | [反向自举通道](<./0000-MF-00",n_eff ≈ d_opt / 1.65,,placeholder domain/codomain or converged-only semantics,direct local note path or raw source artifact missing,HIGH,True,True,True,prose_as_formula
PEND-001,数学,docs/pending_claims_register.md,pending,CANDIDATE_OR_PENDING,pending,FORMAL_PROPOSITION,SOURCE_NOT_FOUND,2026-07-11,pending_claims_register.md,c71188646d476623b3181013cf01625270f6f1be,,,docs/pending_claims_register.md,governance_registry,黎曼猜想,,,,direct source artifact unresolved,HIGH,False,False,True,
PEND-002,数学,docs/pending_claims_register.md,pending,CANDIDATE_OR_PENDING,pending,FORMAL_PROPOSITION,SOURCE_NOT_FOUND,2026-07-11,pending_claims_register.md,c71188646d476623b3181013cf01625270f6f1be,,,docs/pending_claims_register.md,governance_registry,P vs NP,,,,direct source artifact unresolved,HIGH,False,False,True,
PEND-003,数学,docs/pending_claims_register.md,pending,CANDIDATE_OR_PENDING,pending,FORMAL_PROPOSITION,SOURCE_NOT_FOUND,2026-07-11,pending_claims_register.md,c71188646d476623b3181013cf01625270f6f1be,,,docs/pending_claims_register.md,governance_registry,哥德尔不完备性相关外推,,,,direct source artifact unresolved,HIGH,False,False,True,
PEND-004,物理学,docs/pending_claims_register.md,pending,CANDIDATE_OR_PENDING,pending,FORMAL_PROPOSITION,SOURCE_NOT_FOUND,2026-07-11,pending_claims_register.md,c71188646d476623b3181013cf01625270f6f1be,,,docs/pending_claims_register.md,governance_registry,四种基本力统一,,,,direct source artifact unresolved,HIGH,False,False,True,
PEND-005,物理学,docs/pending_claims_register.md,pending,CANDIDATE_OR_PENDING,pending,FORMAL_PROPOSITION,SOURCE_NOT_FOUND,2026-07-11,pending_claims_register.md,c71188646d476623b3181013cf01625270f6f1be,,,docs/pending_claims_register.md,governance_registry,量子引力,,,,direct source artifact unresolved,HIGH,False,False,True,
PEND-006,物理学,docs/pending_claims_register.md,pending,CANDIDATE_OR_PENDING,pending,FORMAL_PROPOSITION,SOURCE_NOT_FOUND,2026-07-11,pending_claims_register.md,c71188646d476623b3181013cf01625270f6f1be,,,docs/pending_claims_register.md,governance_registry,暗物质 / 暗能量本质,,,,direct source artifact unresolved,HIGH,False,False,True,
PEND-007,物理学,docs/pending_claims_register.md,pending,CANDIDATE_OR_PENDING,pending,FORMAL_PROPOSITION,SOURCE_NOT_FOUND,2026-07-11,pending_claims_register.md,c71188646d476623b3181013cf01625270f6f1be,,,docs/pending_claims_register.md,governance_registry,标准模型、广义相对论、量子场论边界,,,,direct source artifact unresolved,HIGH,False,False,True,
PEND-008,历史学,docs/pending_claims_register.md,pending,CANDIDATE_OR_PENDING,pending,FORMAL_PROPOSITION,SOURCE_NOT_FOUND,2026-07-11,pending_claims_register.md,c71188646d476623b3181013cf01625270f6f1be,,,docs/pending_claims_register.md,governance_registry,罗马帝国为何衰亡,,,,direct source artifact unresolved,HIGH,False,False,True,
PEND-009,历史学,docs/pending_claims_register.md,pending,CANDIDATE_OR_PENDING,pending,FORMAL_PROPOSITION,SOURCE_NOT_FOUND,2026-07-11,pending_claims_register.md,c71188646d476623b3181013cf01625270f6f1be,,,docs/pending_claims_register.md,governance_registry,工业革命为什么首先发生在英国,,,,direct source artifact unresolved,HIGH,False,False,True,
PEND-010,历史学,docs/pending_claims_register.md,pending,CANDIDATE_OR_PENDING,pending,FORMAL_PROPOSITION,SOURCE_NOT_FOUND,2026-07-11,pending_claims_register.md,c71188646d476623b3181013cf01625270f6f1be,,,docs/pending_claims_register.md,governance_registry,中国王朝周期为何反复出现,,,,direct source artifact unresolved,HIGH,False,False,True,
PEND-011,经济学,docs/pending_claims_register.md,pending,CANDIDATE_OR_PENDING,pending,FORMAL_PROPOSITION,SOURCE_NOT_FOUND,2026-07-11,pending_claims_register.md,c71188646d476623b3181013cf01625270f6f1be,,,docs/pending_claims_register.md,governance_registry,经济增长从何而来,,,,direct source artifact unresolved,HIGH,False,False,True,
PEND-012,经济学,docs/pending_claims_register.md,pending,CANDIDATE_OR_PENDING,pending,FORMAL_PROPOSITION,SOURCE_NOT_FOUND,2026-07-11,pending_claims_register.md,c71188646d476623b3181013cf01625270f6f1be,,,docs/pending_claims_register.md,governance_registry,市场为何会失灵,,,,direct source artifact unresolved,HIGH,False,False,True,
PEND-013,经济学,docs/pending_claims_register.md,pending,CANDIDATE_OR_PENDING,pending,FORMAL_PROPOSITION,SOURCE_NOT_FOUND,2026-07-11,pending_claims_register.md,c71188646d476623b3181013cf01625270f6f1be,,,docs/pending_claims_register.md,governance_registry,金融危机为何发生,,,,direct source artifact unresolved,HIGH,False,False,True,
PEND-014,社会科学,docs/pending_claims_register.md,pending,CANDIDATE_OR_PENDING,pending,FORMAL_PROPOSITION,SOURCE_NOT_FOUND,2026-07-11,pending_claims_register.md,c71188646d476623b3181013cf01625270f6f1be,,,docs/pending_claims_register.md,governance_registry,社会信任如何形成,,,,direct source artifact unresolved,HIGH,False,False,True,
PEND-015,社会科学,docs/pending_claims_register.md,pending,CANDIDATE_OR_PENDING,pending,FORMAL_PROPOSITION,SOURCE_NOT_FOUND,2026-07-11,pending_claims_register.md,c71188646d476623b3181013cf01625270f6f1be,,,docs/pending_claims_register.md,governance_registry,社会阶层为何固化,,,,direct source artifact unresolved,HIGH,False,False,True,
PEND-016,社会科学,docs/pending_claims_register.md,pending,CANDIDATE_OR_PENDING,pending,FORMAL_PROPOSITION,SOURCE_NOT_FOUND,2026-07-11,pending_claims_register.md,c71188646d476623b3181013cf01625270f6f1be,,,docs/pending_claims_register.md,governance_registry,集体行动如何可能,,,,direct source artifact unresolved,HIGH,False,False,True,
PEND-017,教育学,docs/pending_claims_register.md,pending,CANDIDATE_OR_PENDING,pending,FORMAL_PROPOSITION,SOURCE_NOT_FOUND,2026-07-11,pending_claims_register.md,c71188646d476623b3181013cf01625270f6f1be,,,docs/pending_claims_register.md,governance_registry,为什么教育会加剧或缓解不平等,,,,direct source artifact unresolved,HIGH,False,False,True,
PEND-018,心理学 / 行为,docs/pending_claims_register.md,pending,CANDIDATE_OR_PENDING,pending,FORMAL_PROPOSITION,SOURCE_NOT_FOUND,2026-07-11,pending_claims_register.md,c71188646d476623b3181013cf01625270f6f1be,,,docs/pending_claims_register.md,governance_registry,人如何改变习惯,,,,direct source artifact unresolved,HIGH,False,False,True,
PEND-019,心理学 / 行为,docs/pending_claims_register.md,pending,CANDIDATE_OR_PENDING,pending,FORMAL_PROPOSITION,SOURCE_NOT_FOUND,2026-07-11,pending_claims_register.md,c71188646d476623b3181013cf01625270f6f1be,,,docs/pending_claims_register.md,governance_registry,动机如何形成,,,,direct source artifact unresolved,HIGH,False,False,True,
PEND-020,心理学 / 行为,docs/pending_claims_register.md,pending,CANDIDATE_OR_PENDING,pending,FORMAL_PROPOSITION,SOURCE_NOT_FOUND,2026-07-11,pending_claims_register.md,c71188646d476623b3181013cf01625270f6f1be,,,docs/pending_claims_register.md,governance_registry,人为什么会产生偏见,,,,direct source artifact unresolved,HIGH,False,False,True,
PEND-021,法律 / 制度,docs/pending_claims_register.md,pending,CANDIDATE_OR_PENDING,pending,FORMAL_PROPOSITION,SOURCE_NOT_FOUND,2026-07-11,pending_claims_register.md,c71188646d476623b3181013cf01625270f6f1be,,,docs/pending_claims_register.md,governance_registry,制度为何会锁定,,,,direct source artifact unresolved,HIGH,False,False,True,
PEND-022,AI / 计算机科学,docs/pending_claims_register.md,pending,CANDIDATE_OR_PENDING,pending,FORMAL_PROPOSITION,SOURCE_NOT_FOUND,2026-07-11,pending_claims_register.md,c71188646d476623b3181013cf01625270f6f1be,,,docs/pending_claims_register.md,governance_registry,AI 泛化能力从何而来,,,,direct source artifact unresolved,HIGH,False,False,True,
PEND-023,AI / 计算机科学,docs/pending_claims_register.md,pending,CANDIDATE_OR_PENDING,pending,FORMAL_PROPOSITION,SOURCE_NOT_FOUND,2026-07-11,pending_claims_register.md,c71188646d476623b3181013cf01625270f6f1be,,,docs/pending_claims_register.md,governance_registry,大模型涌现是否真实,,,,direct source artifact unresolved,HIGH,False,False,True,
PEND-024,AI / 计算机科学,docs/pending_claims_register.md,pending,CANDIDATE_OR_PENDING,pending,FORMAL_PROPOSITION,SOURCE_NOT_FOUND,2026-07-11,pending_claims_register.md,c71188646d476623b3181013cf01625270f6f1be,,,docs/pending_claims_register.md,governance_registry,AI 对齐为何困难,,,,direct source artifact unresolved,HIGH,False,False,True,
PEND-025,文学,docs/pending_claims_register.md,pending,CANDIDATE_OR_PENDING,pending,FORMAL_PROPOSITION,SOURCE_NOT_FOUND,2026-07-11,pending_claims_register.md,c71188646d476623b3181013cf01625270f6f1be,,,docs/pending_claims_register.md,governance_registry,文学作品为什么能跨时代有效,,,,direct source artifact unresolved,HIGH,False,False,True,
PEND-026,艺术,docs/pending_claims_register.md,pending,CANDIDATE_OR_PENDING,pending,FORMAL_PROPOSITION,SOURCE_NOT_FOUND,2026-07-11,pending_claims_register.md,c71188646d476623b3181013cf01625270f6f1be,,,docs/pending_claims_register.md,governance_registry,艺术作品的意义如何生成,,,,direct source artifact unresolved,HIGH,False,False,True,
PEND-027,艺术,docs/pending_claims_register.md,pending,CANDIDATE_OR_PENDING,pending,FORMAL_PROPOSITION,SOURCE_NOT_FOUND,2026-07-11,pending_claims_register.md,c71188646d476623b3181013cf01625270f6f1be,,,docs/pending_claims_register.md,governance_registry,现代艺术为何成立,,,,direct source artifact unresolved,HIGH,False,False,True,
PEND-028,叙事理论,docs/pending_claims_register.md,pending,CANDIDATE_OR_PENDING,pending,FORMAL_PROPOSITION,SOURCE_NOT_FOUND,2026-07-11,pending_claims_register.md,c71188646d476623b3181013cf01625270f6f1be,,,docs/pending_claims_register.md,governance_registry,叙事为什么能改变人的理解,,,,direct source artifact unresolved,HIGH,False,False,True,
PEND-029,工程 / 技术,docs/pending_claims_register.md,pending,CANDIDATE_OR_PENDING,pending,FORMAL_PROPOSITION,SOURCE_NOT_FOUND,2026-07-11,pending_claims_register.md,c71188646d476623b3181013cf01625270f6f1be,,,docs/pending_claims_register.md,governance_registry,工程可行性、成本、性能、部署判断,,,,direct source artifact unresolved,HIGH,False,False,True,
PEND-030,医学 / 健康,docs/pending_claims_register.md,pending,CANDIDATE_OR_PENDING,pending,FORMAL_PROPOSITION,SOURCE_NOT_FOUND,2026-07-11,pending_claims_register.md,c71188646d476623b3181013cf01625270f6f1be,,,docs/pending_claims_register.md,governance_registry,任何诊断、治疗、用药、心理健康建议,,,,direct source artifact unresolved,HIGH,False,False,True,
PEND-031,法律 / 合规,docs/pending_claims_register.md,pending,CANDIDATE_OR_PENDING,pending,FORMAL_PROPOSITION,SOURCE_NOT_FOUND,2026-07-11,pending_claims_register.md,c71188646d476623b3181013cf01625270f6f1be,,,docs/pending_claims_register.md,governance_registry,任何具体法律责任、合同、诉讼、犯罪判断,,,,direct source artifact unresolved,HIGH,False,False,True,
PEND-032,金融 / 投资,docs/pending_claims_register.md,pending,CANDIDATE_OR_PENDING,pending,FORMAL_PROPOSITION,SOURCE_NOT_FOUND,2026-07-11,pending_claims_register.md,c71188646d476623b3181013cf01625270f6f1be,,,docs/pending_claims_register.md,governance_registry,任何投资、交易、资产配置、风险处置建议,,,,direct source artifact unresolved,HIGH,False,False,True,
PEND-033,政策 / 治理,docs/pending_claims_register.md,pending,CANDIDATE_OR_PENDING,pending,FORMAL_PROPOSITION,SOURCE_NOT_FOUND,2026-07-11,pending_claims_register.md,c71188646d476623b3181013cf01625270f6f1be,,,docs/pending_claims_register.md,governance_registry,任何现实政策执行建议,,,,direct source artifact unresolved,HIGH,False,False,True,
PEND-034,公开故事化,docs/pending_claims_register.md,pending,CANDIDATE_OR_PENDING,pending,FORMAL_PROPOSITION,SOURCE_NOT_FOUND,2026-07-11,pending_claims_register.md,c71188646d476623b3181013cf01625270f6f1be,,,docs/pending_claims_register.md,governance_registry,任何故事化案例,,,,direct source artifact unresolved,HIGH,False,False,True,
PEND-001,黎曼猜想,data/pending_claims.json,pending_registry,CANDIDATE_OR_PENDING,pending_registry,FORMAL_PROPOSITION,SOURCE_NOT_FOUND,2026-07-11,pending_claims.json,c71188646d476623b3181013cf01625270f6f1be,,,data/pending_claims.json,governance_registry,"{""id"": ""PEND-001"", ""domain"": ""数学"", ""claim"": ""黎曼猜想"", ""allowed_level"": ""L2 / L3 / pending"", ""forbidden_wording"": ""点火框架证明了黎曼猜想"", ""recommended_wording"": ""点火框架可对黎曼猜想进行结构性重写，但不能替代数学证明"", ""handling"": ""保持 pending，除非有外部数学证明"", ""default_decision"": ""pending"", ""related_cp_ids"": [], ""related_sb_ids"": [], ""created_",,,,direct source artifact unresolved,HIGH,False,False,True,
PEND-002,P vs NP,data/pending_claims.json,pending_registry,CANDIDATE_OR_PENDING,pending_registry,FORMAL_PROPOSITION,SOURCE_NOT_FOUND,2026-07-11,pending_claims.json,c71188646d476623b3181013cf01625270f6f1be,,,data/pending_claims.json,governance_registry,"{""id"": ""PEND-002"", ""domain"": ""数学"", ""claim"": ""P vs NP"", ""allowed_level"": ""L2 / L3 / pending"", ""forbidden_wording"": ""点火框架解决了 P vs NP"", ""recommended_wording"": ""点火框架可分析该问题的结构张力，但不能给出复杂性理论证明"", ""handling"": ""保持 pending"", ""default_decision"": ""pending"", ""related_cp_ids"": [], ""related_sb_ids"": [], ""created_in",,,,direct source artifact unresolved,HIGH,False,False,True,
PEND-003,哥德尔不完备性相关外推,data/pending_claims.json,pending_registry,CANDIDATE_OR_PENDING,pending_registry,FORMAL_PROPOSITION,SOURCE_NOT_FOUND,2026-07-11,pending_claims.json,c71188646d476623b3181013cf01625270f6f1be,,,data/pending_claims.json,governance_registry,"{""id"": ""PEND-003"", ""domain"": ""数学"", ""claim"": ""哥德尔不完备性相关外推"", ""allowed_level"": ""L2 / L3 / pending"", ""forbidden_wording"": ""点火框架从哥德尔推出所有系统结论"", ""recommended_wording"": ""哥德尔可作为结构案例，但跨域外推必须标注边界"", ""handling"": ""公开前检查外推范围"", ""default_decision"": ""REVISE"", ""related_cp_ids"": [], ""related_sb_ids"": [], ""created_in"": ",,,,direct source artifact unresolved,HIGH,False,False,True,
PEND-004,四种基本力统一,data/pending_claims.json,pending_registry,CANDIDATE_OR_PENDING,pending_registry,FORMAL_PROPOSITION,SOURCE_NOT_FOUND,2026-07-11,pending_claims.json,c71188646d476623b3181013cf01625270f6f1be,,,data/pending_claims.json,governance_registry,"{""id"": ""PEND-004"", ""domain"": ""物理学"", ""claim"": ""四种基本力统一"", ""allowed_level"": ""L2 / L3 / pending"", ""forbidden_wording"": ""点火框架统一了四种基本力"", ""recommended_wording"": ""点火框架只能提供统一问题的结构性解释路径"", ""handling"": ""保持 pending，需要物理理论和实验证据"", ""default_decision"": ""pending"", ""related_cp_ids"": [], ""related_sb_ids"": [], ""created_",,,,direct source artifact unresolved,HIGH,False,False,True,
PEND-005,量子引力,data/pending_claims.json,pending_registry,CANDIDATE_OR_PENDING,pending_registry,FORMAL_PROPOSITION,SOURCE_NOT_FOUND,2026-07-11,pending_claims.json,c71188646d476623b3181013cf01625270f6f1be,,,data/pending_claims.json,governance_registry,"{""id"": ""PEND-005"", ""domain"": ""物理学"", ""claim"": ""量子引力"", ""allowed_level"": ""L2 / L3 / pending"", ""forbidden_wording"": ""点火框架解决了量子引力"", ""recommended_wording"": ""点火框架只能讨论量子引力的结构性困境"", ""handling"": ""保持 pending"", ""default_decision"": ""pending"", ""related_cp_ids"": [], ""related_sb_ids"": [], ""created_in"": ""v0.2"", ""upda",,,,direct source artifact unresolved,HIGH,False,False,True,
PEND-006,暗物质 / 暗能量本质,data/pending_claims.json,pending_registry,CANDIDATE_OR_PENDING,pending_registry,FORMAL_PROPOSITION,SOURCE_NOT_FOUND,2026-07-11,pending_claims.json,c71188646d476623b3181013cf01625270f6f1be,,,data/pending_claims.json,governance_registry,"{""id"": ""PEND-006"", ""domain"": ""物理学"", ""claim"": ""暗物质 / 暗能量本质"", ""allowed_level"": ""L2 / L3 / pending"", ""forbidden_wording"": ""点火框架解释了暗物质 / 暗能量的本质"", ""recommended_wording"": ""点火框架只能把该问题列为结构性未知"", ""handling"": ""保持 pending"", ""default_decision"": ""pending"", ""related_cp_ids"": [], ""related_sb_ids"": [], ""created_in"":",,,,direct source artifact unresolved,HIGH,False,False,True,
PEND-007,标准模型、广义相对论、量子场论边界,data/pending_claims.json,pending_registry,CANDIDATE_OR_PENDING,pending_registry,FORMAL_PROPOSITION,SOURCE_NOT_FOUND,2026-07-11,pending_claims.json,c71188646d476623b3181013cf01625270f6f1be,,,data/pending_claims.json,governance_registry,"{""id"": ""PEND-007"", ""domain"": ""物理学"", ""claim"": ""标准模型、广义相对论、量子场论边界"", ""allowed_level"": ""L2 / L3 / pending"", ""forbidden_wording"": ""点火框架替代现有物理理论"", ""recommended_wording"": ""点火框架不是物理理论替代品"", ""handling"": ""公开前强制加边界说明"", ""default_decision"": ""HOLD"", ""related_cp_ids"": [], ""related_sb_ids"": [], ""created_in"": ""v0.2"",",,,,direct source artifact unresolved,HIGH,False,False,True,
PEND-008,罗马帝国为何衰亡,data/pending_claims.json,pending_registry,CANDIDATE_OR_PENDING,pending_registry,FORMAL_PROPOSITION,SOURCE_NOT_FOUND,2026-07-11,pending_claims.json,c71188646d476623b3181013cf01625270f6f1be,,,data/pending_claims.json,governance_registry,"{""id"": ""PEND-008"", ""domain"": ""历史学"", ""claim"": ""罗马帝国为何衰亡"", ""allowed_level"": ""L2 / L3 / pending"", ""forbidden_wording"": ""点火框架给出了罗马衰亡的真实原因"", ""recommended_wording"": ""点火框架可提供结构性解释框架，但不能替代史料研究"", ""handling"": ""保持 pending"", ""default_decision"": ""pending"", ""related_cp_ids"": [], ""related_sb_ids"": [], ""created_in""",,,,direct source artifact unresolved,HIGH,False,False,True,
PEND-009,工业革命为什么首先发生在英国,data/pending_claims.json,pending_registry,CANDIDATE_OR_PENDING,pending_registry,FORMAL_PROPOSITION,SOURCE_NOT_FOUND,2026-07-11,pending_claims.json,c71188646d476623b3181013cf01625270f6f1be,,,data/pending_claims.json,governance_registry,"{""id"": ""PEND-009"", ""domain"": ""历史学"", ""claim"": ""工业革命为什么首先发生在英国"", ""allowed_level"": ""L2 / L3 / pending"", ""forbidden_wording"": ""点火框架确定了工业革命首发英国的原因"", ""recommended_wording"": ""点火框架可重写变量关系，但不能替代历史因果考证"", ""handling"": ""保持 pending"", ""default_decision"": ""pending"", ""related_cp_ids"": [], ""related_sb_ids"": [], ""crea",,,,direct source artifact unresolved,HIGH,False,False,True,
PEND-010,中国王朝周期为何反复出现,data/pending_claims.json,pending_registry,CANDIDATE_OR_PENDING,pending_registry,FORMAL_PROPOSITION,SOURCE_NOT_FOUND,2026-07-11,pending_claims.json,c71188646d476623b3181013cf01625270f6f1be,,,data/pending_claims.json,governance_registry,"{""id"": ""PEND-010"", ""domain"": ""历史学"", ""claim"": ""中国王朝周期为何反复出现"", ""allowed_level"": ""L2 / L3 / pending"", ""forbidden_wording"": ""点火框架发现了王朝周期定律"", ""recommended_wording"": ""点火框架可分析周期结构，但不能写成历史因果定律"", ""handling"": ""保持 pending"", ""default_decision"": ""pending"", ""related_cp_ids"": [], ""related_sb_ids"": [], ""created_in""",,,,direct source artifact unresolved,HIGH,False,False,True,
PEND-011,经济增长从何而来,data/pending_claims.json,pending_registry,CANDIDATE_OR_PENDING,pending_registry,FORMAL_PROPOSITION,SOURCE_NOT_FOUND,2026-07-11,pending_claims.json,c71188646d476623b3181013cf01625270f6f1be,,,data/pending_claims.json,governance_registry,"{""id"": ""PEND-011"", ""domain"": ""经济学"", ""claim"": ""经济增长从何而来"", ""allowed_level"": ""L2 / L3 / pending"", ""forbidden_wording"": ""点火框架证明了经济增长机制"", ""recommended_wording"": ""点火框架可提供结构性解释，不提供经济学实证定论"", ""handling"": ""保持 pending"", ""default_decision"": ""pending"", ""related_cp_ids"": [], ""related_sb_ids"": [], ""created_in"": ""v",,,,direct source artifact unresolved,HIGH,False,False,True,
PEND-012,市场为何会失灵,data/pending_claims.json,pending_registry,CANDIDATE_OR_PENDING,pending_registry,FORMAL_PROPOSITION,SOURCE_NOT_FOUND,2026-07-11,pending_claims.json,c71188646d476623b3181013cf01625270f6f1be,,,data/pending_claims.json,governance_registry,"{""id"": ""PEND-012"", ""domain"": ""经济学"", ""claim"": ""市场为何会失灵"", ""allowed_level"": ""L2 / L3 / pending"", ""forbidden_wording"": ""点火框架解决了市场失灵问题"", ""recommended_wording"": ""点火框架可分析失灵结构，不替代经济模型和数据"", ""handling"": ""保持 pending"", ""default_decision"": ""pending"", ""related_cp_ids"": [], ""related_sb_ids"": [], ""created_in"": ""v0.",,,,direct source artifact unresolved,HIGH,False,False,True,
PEND-013,金融危机为何发生,data/pending_claims.json,pending_registry,CANDIDATE_OR_PENDING,pending_registry,FORMAL_PROPOSITION,SOURCE_NOT_FOUND,2026-07-11,pending_claims.json,c71188646d476623b3181013cf01625270f6f1be,,,data/pending_claims.json,governance_registry,"{""id"": ""PEND-013"", ""domain"": ""经济学"", ""claim"": ""金融危机为何发生"", ""allowed_level"": ""L2 / L3 / pending"", ""forbidden_wording"": ""点火框架预测或解释了具体金融危机"", ""recommended_wording"": ""点火框架可做结构性解释，不提供投资或政策建议"", ""handling"": ""保持 pending"", ""default_decision"": ""pending"", ""related_cp_ids"": [], ""related_sb_ids"": [], ""created_in"": ",,,,direct source artifact unresolved,HIGH,False,False,True,
PEND-014,社会信任如何形成,data/pending_claims.json,pending_registry,CANDIDATE_OR_PENDING,pending_registry,FORMAL_PROPOSITION,SOURCE_NOT_FOUND,2026-07-11,pending_claims.json,c71188646d476623b3181013cf01625270f6f1be,,,data/pending_claims.json,governance_registry,"{""id"": ""PEND-014"", ""domain"": ""社会科学"", ""claim"": ""社会信任如何形成"", ""allowed_level"": ""L2 / L3 / pending"", ""forbidden_wording"": ""点火框架证明了社会信任的形成机制"", ""recommended_wording"": ""点火框架可提出结构假设，需社会科学实证验证"", ""handling"": ""保持 pending"", ""default_decision"": ""pending"", ""related_cp_ids"": [], ""related_sb_ids"": [], ""created_in"": ",,,,direct source artifact unresolved,HIGH,False,False,True,
PEND-015,社会阶层为何固化,data/pending_claims.json,pending_registry,CANDIDATE_OR_PENDING,pending_registry,FORMAL_PROPOSITION,SOURCE_NOT_FOUND,2026-07-11,pending_claims.json,c71188646d476623b3181013cf01625270f6f1be,,,data/pending_claims.json,governance_registry,"{""id"": ""PEND-015"", ""domain"": ""社会科学"", ""claim"": ""社会阶层为何固化"", ""allowed_level"": ""L2 / L3 / pending"", ""forbidden_wording"": ""点火框架给出阶层固化定论"", ""recommended_wording"": ""点火框架可分析结构机制，不能替代数据研究"", ""handling"": ""保持 pending"", ""default_decision"": ""pending"", ""related_cp_ids"": [], ""related_sb_ids"": [], ""created_in"": ""v0.2",,,,direct source artifact unresolved,HIGH,False,False,True,
PEND-016,集体行动如何可能,data/pending_claims.json,pending_registry,CANDIDATE_OR_PENDING,pending_registry,FORMAL_PROPOSITION,SOURCE_NOT_FOUND,2026-07-11,pending_claims.json,c71188646d476623b3181013cf01625270f6f1be,,,data/pending_claims.json,governance_registry,"{""id"": ""PEND-016"", ""domain"": ""社会科学"", ""claim"": ""集体行动如何可能"", ""allowed_level"": ""L2 / L3 / pending"", ""forbidden_wording"": ""点火框架解决了集体行动问题"", ""recommended_wording"": ""点火框架可重写问题结构，不替代社会科学理论和实证"", ""handling"": ""保持 pending"", ""default_decision"": ""pending"", ""related_cp_ids"": [], ""related_sb_ids"": [], ""created_in"": ",,,,direct source artifact unresolved,HIGH,False,False,True,
PEND-017,为什么教育会加剧或缓解不平等,data/pending_claims.json,pending_registry,CANDIDATE_OR_PENDING,pending_registry,FORMAL_PROPOSITION,SOURCE_NOT_FOUND,2026-07-11,pending_claims.json,c71188646d476623b3181013cf01625270f6f1be,,,data/pending_claims.json,governance_registry,"{""id"": ""PEND-017"", ""domain"": ""教育学"", ""claim"": ""为什么教育会加剧或缓解不平等"", ""allowed_level"": ""L2 / L3 / pending"", ""forbidden_wording"": ""点火框架证明教育导致不平等"", ""recommended_wording"": ""点火框架可分析教育结构张力，不能给出现实政策结论"", ""handling"": ""保持 pending"", ""default_decision"": ""pending"", ""related_cp_ids"": [], ""related_sb_ids"": [], ""created_",,,,direct source artifact unresolved,HIGH,False,False,True,
PEND-018,人如何改变习惯,data/pending_claims.json,pending_registry,CANDIDATE_OR_PENDING,pending_registry,FORMAL_PROPOSITION,SOURCE_NOT_FOUND,2026-07-11,pending_claims.json,c71188646d476623b3181013cf01625270f6f1be,,,data/pending_claims.json,governance_registry,"{""id"": ""PEND-018"", ""domain"": ""心理学 / 行为"", ""claim"": ""人如何改变习惯"", ""allowed_level"": ""L2 / L3 / pending"", ""forbidden_wording"": ""点火框架给出改变习惯的方法处方"", ""recommended_wording"": ""点火框架可提供结构观察，不替代心理咨询或医学建议"", ""handling"": ""保持 pending"", ""default_decision"": ""pending"", ""related_cp_ids"": [], ""related_sb_ids"": [], ""created_",,,,direct source artifact unresolved,HIGH,False,False,True,
PEND-019,动机如何形成,data/pending_claims.json,pending_registry,CANDIDATE_OR_PENDING,pending_registry,FORMAL_PROPOSITION,SOURCE_NOT_FOUND,2026-07-11,pending_claims.json,c71188646d476623b3181013cf01625270f6f1be,,,data/pending_claims.json,governance_registry,"{""id"": ""PEND-019"", ""domain"": ""心理学 / 行为"", ""claim"": ""动机如何形成"", ""allowed_level"": ""L2 / L3 / pending"", ""forbidden_wording"": ""点火框架证明动机形成机制"", ""recommended_wording"": ""点火框架可提供结构解释，不替代心理学实证"", ""handling"": ""保持 pending"", ""default_decision"": ""pending"", ""related_cp_ids"": [], ""related_sb_ids"": [], ""created_in"": ""v0",,,,direct source artifact unresolved,HIGH,False,False,True,
PEND-020,人为什么会产生偏见,data/pending_claims.json,pending_registry,CANDIDATE_OR_PENDING,pending_registry,FORMAL_PROPOSITION,SOURCE_NOT_FOUND,2026-07-11,pending_claims.json,c71188646d476623b3181013cf01625270f6f1be,,,data/pending_claims.json,governance_registry,"{""id"": ""PEND-020"", ""domain"": ""心理学 / 行为"", ""claim"": ""人为什么会产生偏见"", ""allowed_level"": ""L2 / L3 / pending"", ""forbidden_wording"": ""点火框架解决偏见问题"", ""recommended_wording"": ""点火框架可分析偏见的结构生成条件，不能写成最终心理学结论"", ""handling"": ""保持 pending"", ""default_decision"": ""pending"", ""related_cp_ids"": [], ""related_sb_ids"": [], ""created",,,,direct source artifact unresolved,HIGH,False,False,True,
PEND-021,制度为何会锁定,data/pending_claims.json,pending_registry,CANDIDATE_OR_PENDING,pending_registry,FORMAL_PROPOSITION,SOURCE_NOT_FOUND,2026-07-11,pending_claims.json,c71188646d476623b3181013cf01625270f6f1be,,,data/pending_claims.json,governance_registry,"{""id"": ""PEND-021"", ""domain"": ""法律 / 制度"", ""claim"": ""制度为何会锁定"", ""allowed_level"": ""L2 / L3 / pending"", ""forbidden_wording"": ""点火框架证明某制度应如何改革"", ""recommended_wording"": ""点火框架可分析锁定结构，不给法律或政策建议"", ""handling"": ""保持 pending"", ""default_decision"": ""pending"", ""related_cp_ids"": [], ""related_sb_ids"": [], ""created_in"": ",,,,direct source artifact unresolved,HIGH,False,False,True,
PEND-022,AI 泛化能力从何而来,data/pending_claims.json,pending_registry,CANDIDATE_OR_PENDING,pending_registry,FORMAL_PROPOSITION,SOURCE_NOT_FOUND,2026-07-11,pending_claims.json,c71188646d476623b3181013cf01625270f6f1be,,,data/pending_claims.json,governance_registry,"{""id"": ""PEND-022"", ""domain"": ""AI / 计算机科学"", ""claim"": ""AI 泛化能力从何而来"", ""allowed_level"": ""L2 / L3 / pending"", ""forbidden_wording"": ""点火框架证明了 AI 泛化来源"", ""recommended_wording"": ""点火框架可分析泛化结构，需实验和理论验证"", ""handling"": ""保持 pending"", ""default_decision"": ""pending"", ""related_cp_ids"": [], ""related_sb_ids"": [], ""create",,,,direct source artifact unresolved,HIGH,False,False,True,
PEND-023,大模型涌现是否真实,data/pending_claims.json,pending_registry,CANDIDATE_OR_PENDING,pending_registry,FORMAL_PROPOSITION,SOURCE_NOT_FOUND,2026-07-11,pending_claims.json,c71188646d476623b3181013cf01625270f6f1be,,,data/pending_claims.json,governance_registry,"{""id"": ""PEND-023"", ""domain"": ""AI / 计算机科学"", ""claim"": ""大模型涌现是否真实"", ""allowed_level"": ""L2 / L3 / pending"", ""forbidden_wording"": ""点火框架证明大模型涌现真实 / 不真实"", ""recommended_wording"": ""点火框架可分析涌现争议的结构，不能替代评测和实验"", ""handling"": ""保持 pending"", ""default_decision"": ""pending"", ""related_cp_ids"": [], ""related_sb_ids"": [], """,,,,direct source artifact unresolved,HIGH,False,False,True,
PEND-024,AI 对齐为何困难,data/pending_claims.json,pending_registry,CANDIDATE_OR_PENDING,pending_registry,FORMAL_PROPOSITION,SOURCE_NOT_FOUND,2026-07-11,pending_claims.json,c71188646d476623b3181013cf01625270f6f1be,,,data/pending_claims.json,governance_registry,"{""id"": ""PEND-024"", ""domain"": ""AI / 计算机科学"", ""claim"": ""AI 对齐为何困难"", ""allowed_level"": ""L2 / L3 / pending"", ""forbidden_wording"": ""点火框架解决了 AI 对齐"", ""recommended_wording"": ""点火框架可分析对齐困难结构，不提供部署安全结论"", ""handling"": ""保持 pending"", ""default_decision"": ""pending"", ""related_cp_ids"": [], ""related_sb_ids"": [], ""created",,,,direct source artifact unresolved,HIGH,False,False,True,
PEND-025,文学作品为什么能跨时代有效,data/pending_claims.json,pending_registry,CANDIDATE_OR_PENDING,pending_registry,FORMAL_PROPOSITION,SOURCE_NOT_FOUND,2026-07-11,pending_claims.json,c71188646d476623b3181013cf01625270f6f1be,,,data/pending_claims.json,governance_registry,"{""id"": ""PEND-025"", ""domain"": ""文学"", ""claim"": ""文学作品为什么能跨时代有效"", ""allowed_level"": ""L2 / L3 / pending"", ""forbidden_wording"": ""点火框架证明文学跨时代有效的本质"", ""recommended_wording"": ""点火框架可提供解释路径，不替代文学史和接受史研究"", ""handling"": ""保持 pending"", ""default_decision"": ""pending"", ""related_cp_ids"": [], ""related_sb_ids"": [], ""created",,,,direct source artifact unresolved,HIGH,False,False,True,
PEND-026,艺术作品的意义如何生成,data/pending_claims.json,pending_registry,CANDIDATE_OR_PENDING,pending_registry,FORMAL_PROPOSITION,SOURCE_NOT_FOUND,2026-07-11,pending_claims.json,c71188646d476623b3181013cf01625270f6f1be,,,data/pending_claims.json,governance_registry,"{""id"": ""PEND-026"", ""domain"": ""艺术"", ""claim"": ""艺术作品的意义如何生成"", ""allowed_level"": ""L2 / L3 / pending"", ""forbidden_wording"": ""点火框架证明艺术意义生成机制"", ""recommended_wording"": ""点火框架可做结构阐释，不给唯一审美定论"", ""handling"": ""保持 pending"", ""default_decision"": ""pending"", ""related_cp_ids"": [], ""related_sb_ids"": [], ""created_in"": ""v0",,,,direct source artifact unresolved,HIGH,False,False,True,
PEND-027,现代艺术为何成立,data/pending_claims.json,pending_registry,CANDIDATE_OR_PENDING,pending_registry,FORMAL_PROPOSITION,SOURCE_NOT_FOUND,2026-07-11,pending_claims.json,c71188646d476623b3181013cf01625270f6f1be,,,data/pending_claims.json,governance_registry,"{""id"": ""PEND-027"", ""domain"": ""艺术"", ""claim"": ""现代艺术为何成立"", ""allowed_level"": ""L2 / L3 / pending"", ""forbidden_wording"": ""点火框架证明现代艺术成立"", ""recommended_wording"": ""点火框架可解释现代艺术成立的结构条件，不替代艺术史研究"", ""handling"": ""保持 pending"", ""default_decision"": ""pending"", ""related_cp_ids"": [], ""related_sb_ids"": [], ""created_in"": ",,,,direct source artifact unresolved,HIGH,False,False,True,
PEND-028,叙事为什么能改变人的理解,data/pending_claims.json,pending_registry,CANDIDATE_OR_PENDING,pending_registry,FORMAL_PROPOSITION,SOURCE_NOT_FOUND,2026-07-11,pending_claims.json,c71188646d476623b3181013cf01625270f6f1be,,,data/pending_claims.json,governance_registry,"{""id"": ""PEND-028"", ""domain"": ""叙事理论"", ""claim"": ""叙事为什么能改变人的理解"", ""allowed_level"": ""L2 / L3 / pending"", ""forbidden_wording"": ""点火框架证明叙事改变理解的机制"", ""recommended_wording"": ""点火框架可分析叙事的结构作用，不能替代认知科学实证"", ""handling"": ""保持 pending"", ""default_decision"": ""pending"", ""related_cp_ids"": [], ""related_sb_ids"": [], ""create",,,,direct source artifact unresolved,HIGH,False,False,True,
PEND-029,工程可行性、成本、性能、部署判断,data/pending_claims.json,pending_registry,CANDIDATE_OR_PENDING,pending_registry,FORMAL_PROPOSITION,SOURCE_NOT_FOUND,2026-07-11,pending_claims.json,c71188646d476623b3181013cf01625270f6f1be,,,data/pending_claims.json,governance_registry,"{""id"": ""PEND-029"", ""domain"": ""工程 / 技术"", ""claim"": ""工程可行性、成本、性能、部署判断"", ""allowed_level"": ""L2 / L3 / pending"", ""forbidden_wording"": ""点火框架证明某工程方案可行"", ""recommended_wording"": ""点火框架可做结构分析，不替代工程验证"", ""handling"": ""保持 pending"", ""default_decision"": ""pending"", ""related_cp_ids"": [], ""related_sb_ids"": [], ""created_",,,,direct source artifact unresolved,HIGH,False,False,True,
PEND-030,任何诊断、治疗、用药、心理健康建议,data/pending_claims.json,pending_registry,CANDIDATE_OR_PENDING,pending_registry,FORMAL_PROPOSITION,SOURCE_NOT_FOUND,2026-07-11,pending_claims.json,c71188646d476623b3181013cf01625270f6f1be,,,data/pending_claims.json,governance_registry,"{""id"": ""PEND-030"", ""domain"": ""医学 / 健康"", ""claim"": ""任何诊断、治疗、用药、心理健康建议"", ""allowed_level"": ""不应给出专业结论"", ""forbidden_wording"": ""点火框架建议如何治疗 / 用药"", ""recommended_wording"": ""点火框架不提供医学建议，只能做一般结构观察"", ""handling"": ""默认 HOLD"", ""default_decision"": ""HOLD"", ""related_cp_ids"": [], ""related_sb_ids"": [], ""created_in"": ""v0.",,,,direct source artifact unresolved,HIGH,False,False,True,
PEND-031,任何具体法律责任、合同、诉讼、犯罪判断,data/pending_claims.json,pending_registry,CANDIDATE_OR_PENDING,pending_registry,FORMAL_PROPOSITION,SOURCE_NOT_FOUND,2026-07-11,pending_claims.json,c71188646d476623b3181013cf01625270f6f1be,,,data/pending_claims.json,governance_registry,"{""id"": ""PEND-031"", ""domain"": ""法律 / 合规"", ""claim"": ""任何具体法律责任、合同、诉讼、犯罪判断"", ""allowed_level"": ""不应给出专业结论"", ""forbidden_wording"": ""点火框架判断某行为违法 / 合法"", ""recommended_wording"": ""点火框架不提供法律意见，只能做结构分析"", ""handling"": ""默认 HOLD"", ""default_decision"": ""HOLD"", ""related_cp_ids"": [], ""related_sb_ids"": [], ""created_in"": ""v0",,,,direct source artifact unresolved,HIGH,False,False,True,
PEND-032,任何投资、交易、资产配置、风险处置建议,data/pending_claims.json,pending_registry,CANDIDATE_OR_PENDING,pending_registry,FORMAL_PROPOSITION,SOURCE_NOT_FOUND,2026-07-11,pending_claims.json,c71188646d476623b3181013cf01625270f6f1be,,,data/pending_claims.json,governance_registry,"{""id"": ""PEND-032"", ""domain"": ""金融 / 投资"", ""claim"": ""任何投资、交易、资产配置、风险处置建议"", ""allowed_level"": ""不应给出专业结论"", ""forbidden_wording"": ""点火框架建议买入 / 卖出 / 配置资产"", ""recommended_wording"": ""点火框架不提供金融建议，只能做结构观察"", ""handling"": ""默认 HOLD"", ""default_decision"": ""HOLD"", ""related_cp_ids"": [], ""related_sb_ids"": [], ""created_in"":",,,,direct source artifact unresolved,HIGH,False,False,True,
PEND-033,任何现实政策执行建议,data/pending_claims.json,pending_registry,CANDIDATE_OR_PENDING,pending_registry,FORMAL_PROPOSITION,SOURCE_NOT_FOUND,2026-07-11,pending_claims.json,c71188646d476623b3181013cf01625270f6f1be,,,data/pending_claims.json,governance_registry,"{""id"": ""PEND-033"", ""domain"": ""政策 / 治理"", ""claim"": ""任何现实政策执行建议"", ""allowed_level"": ""L2 / L3 / pending"", ""forbidden_wording"": ""点火框架建议政府 / 机构应执行某政策"", ""recommended_wording"": ""点火框架可分析政策结构，不给现实执行建议"", ""handling"": ""默认 pending"", ""default_decision"": ""pending"", ""related_cp_ids"": [], ""related_sb_ids"": [], ""create",,,,direct source artifact unresolved,HIGH,False,False,True,
PEND-034,任何故事化案例,data/pending_claims.json,pending_registry,CANDIDATE_OR_PENDING,pending_registry,FORMAL_PROPOSITION,SOURCE_NOT_FOUND,2026-07-11,pending_claims.json,c71188646d476623b3181013cf01625270f6f1be,,,data/pending_claims.json,governance_registry,"{""id"": ""PEND-034"", ""domain"": ""公开故事化"", ""claim"": ""任何故事化案例"", ""allowed_level"": ""L1 / L2 / L3 / pending"", ""forbidden_wording"": ""故事证明了点火框架正确"", ""recommended_wording"": ""故事化案例只帮助理解结构关系，不是证明"", ""handling"": ""公开前必须过风险检查"", ""default_decision"": ""REVISE"", ""related_cp_ids"": [], ""related_sb_ids"": [], ""created_in"": ""v0",,,,direct source artifact unresolved,HIGH,False,False,True,
