2026-06-13T21:06:40.629446+00:00 worker start resume=True
2026-06-13T21:06:41.803869+00:00 done function A1 round=1 result=true
2026-06-13T21:06:41.907404+00:00 done function A2 round=1 result=true
2026-06-13T21:06:41.998505+00:00 done function A3 round=1 result=true
2026-06-13T21:06:42.081517+00:00 done function A4 round=1 result=true
2026-06-13T21:06:42.182226+00:00 done function A5 round=1 result=true
2026-06-13T21:06:42.277763+00:00 done function A6 round=1 result=true
2026-06-13T21:06:42.388501+00:00 done function A7 round=1 result=true
2026-06-13T21:06:42.493123+00:00 done function A8 round=1 result=true
2026-06-13T21:06:42.586222+00:00 done function A9 round=1 result=true
2026-06-13T21:06:42.684132+00:00 done function T1 round=1 result=true
2026-06-13T21:06:42.787031+00:00 done function T2 round=1 result=true
2026-06-13T21:06:42.884591+00:00 done function T3 round=1 result=true
2026-06-13T21:06:42.995346+00:00 done function T4 round=1 result=true
2026-06-13T21:06:43.117995+00:00 done function T5 round=1 result=true
2026-06-13T21:06:43.218144+00:00 done function T6 round=1 result=true
2026-06-13T21:06:43.318153+00:00 done function T7 round=1 result=true
2026-06-13T21:06:43.417384+00:00 done function T8 round=1 result=true
2026-06-13T21:06:43.520206+00:00 done function T9 round=1 result=true
2026-06-13T21:06:43.632597+00:00 done function T10 round=1 result=true
2026-06-13T21:06:43.740803+00:00 done function T11 round=1 result=true
2026-06-13T21:06:43.863328+00:00 done function T12 round=1 result=true
2026-06-13T21:06:43.972966+00:00 done function T13 round=1 result=true
2026-06-13T21:06:44.072213+00:00 done function T14 round=1 result=true
2026-06-13T21:06:44.185718+00:00 done function T15 round=1 result=true
2026-06-13T21:06:44.297854+00:00 done function T16 round=1 result=true
2026-06-13T21:06:44.395464+00:00 done function T17 round=1 result=true
2026-06-13T21:06:44.505931+00:00 done function T18 round=1 result=true
2026-06-13T21:06:44.616860+00:00 done function T19 round=1 result=true
2026-06-13T21:06:44.727428+00:00 done function T20 round=1 result=true
2026-06-13T21:06:44.840990+00:00 done function T21 round=1 result=true
2026-06-13T21:06:44.950546+00:00 done function T22 round=1 result=true
2026-06-13T21:06:45.063105+00:00 done function T23 round=1 result=true
2026-06-13T21:06:45.175822+00:00 done function T24 round=1 result=true
2026-06-13T21:06:45.306155+00:00 done function T25 round=1 result=true
2026-06-13T21:06:45.417038+00:00 done function T26 round=1 result=true
2026-06-13T21:06:45.527598+00:00 done function T27 round=1 result=true
2026-06-13T21:06:45.632363+00:00 done function T28 round=1 result=true
2026-06-13T21:06:45.739904+00:00 done function T29 round=1 result=true
2026-06-13T21:06:45.850251+00:00 done function T30 round=1 result=true
2026-06-13T21:06:45.964068+00:00 done function T31 round=1 result=true
2026-06-13T21:06:46.086704+00:00 done function T32 round=1 result=true
2026-06-13T21:06:46.194122+00:00 done function T33 round=1 result=true
2026-06-13T21:06:46.309958+00:00 done function T34 round=1 result=true
2026-06-13T21:06:46.408262+00:00 done function T35 round=1 result=true
2026-06-13T21:06:46.528973+00:00 done function T36 round=1 result=true
2026-06-13T21:06:46.639572+00:00 done function T37 round=1 result=true
2026-06-13T21:06:46.762616+00:00 done function T38 round=1 result=true
2026-06-13T21:06:46.873208+00:00 done function T39 round=1 result=true
2026-06-13T21:06:46.983615+00:00 done function D1 round=1 result=true
2026-06-13T21:06:47.086593+00:00 done function D2 round=1 result=true
2026-06-13T21:06:47.195931+00:00 done function D3 round=1 result=true
2026-06-13T21:06:47.307836+00:00 done function D4 round=1 result=true
2026-06-13T21:06:47.418979+00:00 done function D5 round=1 result=true
2026-06-13T21:06:47.531359+00:00 done function D6 round=1 result=true
2026-06-13T21:06:47.652755+00:00 done function D7 round=1 result=true
2026-06-13T21:06:47.766582+00:00 done function D8 round=1 result=true
2026-06-13T21:06:47.872938+00:00 done function D9 round=1 result=true
2026-06-13T21:06:47.986721+00:00 done function D10 round=1 result=true
2026-06-13T21:06:48.086420+00:00 done function D11 round=1 result=true
2026-06-13T21:06:48.185146+00:00 done function D12 round=1 result=true
2026-06-13T21:06:48.283497+00:00 done function D13 round=1 result=true
2026-06-13T21:06:48.395753+00:00 done function D14 round=1 result=true
2026-06-13T21:06:48.509966+00:00 done function D15 round=1 result=true
2026-06-13T21:06:48.619734+00:00 done function D16 round=1 result=true
2026-06-13T21:06:48.719788+00:00 done function D17 round=1 result=true
2026-06-13T21:06:48.832332+00:00 done function D18 round=1 result=true
2026-06-13T21:06:48.953147+00:00 done function D19 round=1 result=true
2026-06-13T21:06:49.063321+00:00 done function D20 round=1 result=true
2026-06-13T21:06:49.162426+00:00 done function D21 round=1 result=true
2026-06-13T21:06:49.272607+00:00 done function D22 round=1 result=true
2026-06-13T21:06:49.386321+00:00 done function D23 round=1 result=true
2026-06-13T21:06:49.499784+00:00 done function D24 round=1 result=true
2026-06-13T21:06:49.605889+00:00 done function D25 round=1 result=true
2026-06-13T21:06:49.718561+00:00 done function D26 round=1 result=true
2026-06-13T21:06:49.814570+00:00 done function D27 round=1 result=true
2026-06-13T21:06:49.929792+00:00 done function D28 round=1 result=true
2026-06-13T21:06:50.024958+00:00 done function D29 round=1 result=true
2026-06-13T21:06:50.141026+00:00 done function D30 round=1 result=true
2026-06-13T21:06:50.251248+00:00 done function D31 round=1 result=true
2026-06-13T21:06:50.363644+00:00 done function D32 round=1 result=true
2026-06-13T21:06:50.477258+00:00 done function D33 round=1 result=true
2026-06-13T21:06:50.583576+00:00 done function D34 round=1 result=true
2026-06-13T21:06:50.698213+00:00 done function D35 round=1 result=true
2026-06-13T21:06:50.816834+00:00 done function D36 round=1 result=true
2026-06-13T21:06:50.932373+00:00 done function D37 round=1 result=true
2026-06-13T21:06:51.051977+00:00 done function D38 round=1 result=true
2026-06-13T21:06:51.166451+00:00 done function D39 round=1 result=true
2026-06-13T21:06:51.284939+00:00 done function D40 round=1 result=true
2026-06-13T21:06:51.397048+00:00 done function D41 round=1 result=true
2026-06-13T21:06:51.505625+00:00 done function D42 round=1 result=true
2026-06-13T21:06:51.604592+00:00 done function D43 round=1 result=true
2026-06-13T21:06:51.703230+00:00 done function D44 round=1 result=true
2026-06-13T21:06:51.816828+00:00 done function D45 round=1 result=true
2026-06-13T21:06:51.913402+00:00 done function D46 round=1 result=true
2026-06-13T21:06:52.014213+00:00 done function D47 round=1 result=true
2026-06-13T21:06:52.130214+00:00 done function D48 round=1 result=true
2026-06-13T21:06:52.227469+00:00 done function D49 round=1 result=true
2026-06-13T21:06:52.338507+00:00 done function D50 round=1 result=true
2026-06-13T21:06:52.438674+00:00 done function D51 round=1 result=true
2026-06-13T21:06:52.553185+00:00 done function D52 round=1 result=true
2026-06-13T21:06:52.652208+00:00 done function D53 round=1 result=true
2026-06-13T21:06:52.762395+00:00 done function D54 round=1 result=true
2026-06-13T21:06:52.874962+00:00 done function D55 round=1 result=true
2026-06-13T21:06:52.983299+00:00 done function D56 round=1 result=true
2026-06-13T21:06:53.095427+00:00 done function D57 round=1 result=true
2026-06-13T21:06:53.192996+00:00 done function D58 round=1 result=true
2026-06-13T21:06:53.295923+00:00 done function D59 round=1 result=true
2026-06-13T21:06:53.408780+00:00 done function D60 round=1 result=true
2026-06-13T21:06:53.533243+00:00 done function D61 round=1 result=true
2026-06-13T21:06:53.639594+00:00 done function D62 round=1 result=true
2026-06-13T21:06:53.755311+00:00 done function D63 round=1 result=true
2026-06-13T21:06:53.863999+00:00 done function D64 round=1 result=true
2026-06-13T21:06:53.962399+00:00 done function D65 round=1 result=true
2026-06-13T21:06:54.085173+00:00 done function D66 round=1 result=true
2026-06-13T21:06:54.207433+00:00 done function D67 round=1 result=true
2026-06-13T21:06:54.329127+00:00 done function D72 round=1 result=true
2026-06-13T21:06:54.452151+00:00 done function D73 round=1 result=true
2026-06-13T21:06:54.560057+00:00 done function D74 round=1 result=true
2026-06-13T21:06:54.668931+00:00 done function D75 round=1 result=true
2026-06-13T21:06:54.770320+00:00 done function D76 round=1 result=true
2026-06-13T21:06:54.895244+00:00 done function D77 round=1 result=true
2026-06-13T21:06:55.017074+00:00 done function D84 round=1 result=true
2026-06-13T21:06:55.141366+00:00 done function D85 round=1 result=true
2026-06-13T21:06:55.268571+00:00 done function D86 round=1 result=true
2026-06-13T21:06:55.396553+00:00 done function D87 round=1 result=true
2026-06-13T21:06:55.517303+00:00 done function D88 round=1 result=true
2026-06-13T21:06:55.640030+00:00 done function D89 round=1 result=true
2026-06-13T21:06:55.765590+00:00 done function D90 round=1 result=true
2026-06-13T21:06:55.887005+00:00 done function D91 round=1 result=true
2026-06-13T21:06:56.016855+00:00 done function D92 round=1 result=true
2026-06-13T21:06:56.143920+00:00 done function D93 round=1 result=true
2026-06-13T21:06:56.264937+00:00 done function D94 round=1 result=true
2026-06-13T21:06:56.399560+00:00 done function D95 round=1 result=true
2026-06-13T21:06:56.517734+00:00 done function D96 round=1 result=true
2026-06-13T21:06:56.639299+00:00 done function D97 round=1 result=true
2026-06-13T21:06:56.761693+00:00 done function D98 round=1 result=true
2026-06-13T21:06:56.883684+00:00 done function D99 round=1 result=true
2026-06-13T21:06:57.005594+00:00 done function D100 round=1 result=true
2026-06-13T21:06:57.134231+00:00 done function D101 round=1 result=true
2026-06-13T21:06:57.266520+00:00 done function D102 round=1 result=true
2026-06-13T21:06:57.383651+00:00 done function D103 round=1 result=true
2026-06-13T21:06:57.506225+00:00 done function D104 round=1 result=true
2026-06-13T21:06:57.632227+00:00 done function D105 round=1 result=true
2026-06-13T21:06:57.750376+00:00 done function D106 round=1 result=true
2026-06-13T21:06:57.874446+00:00 done function D107 round=1 result=true
2026-06-13T21:06:57.997598+00:00 done function D108 round=1 result=true
2026-06-13T21:06:58.116043+00:00 done function D109 round=1 result=true
2026-06-13T21:06:58.237800+00:00 done function D110 round=1 result=true
2026-06-13T21:06:58.360243+00:00 done function D111 round=1 result=true
2026-06-13T21:06:58.483599+00:00 done function D112 round=1 result=true
2026-06-13T21:06:58.604009+00:00 done function D113 round=1 result=true
2026-06-13T21:06:58.726211+00:00 done function D114 round=1 result=true
2026-06-13T21:06:58.850787+00:00 done function D115 round=1 result=true
2026-06-13T21:06:58.969784+00:00 done function D116 round=1 result=true
2026-06-13T21:06:59.096290+00:00 done function D117 round=1 result=true
2026-06-13T21:06:59.217297+00:00 done function D118 round=1 result=true
2026-06-13T21:06:59.336677+00:00 done function D119 round=1 result=true
2026-06-13T21:06:59.451481+00:00 done function D120 round=1 result=true
2026-06-13T21:06:59.570069+00:00 done function D121 round=1 result=true
2026-06-13T21:06:59.693982+00:00 done function D122 round=1 result=true
2026-06-13T21:06:59.817145+00:00 done function D123 round=1 result=true
2026-06-13T21:06:59.936945+00:00 done function D124 round=1 result=true
2026-06-13T21:07:00.058996+00:00 done function D125 round=1 result=true
2026-06-13T21:07:00.182528+00:00 done function D126 round=1 result=true
2026-06-13T21:07:00.302467+00:00 done function D127 round=1 result=true
2026-06-13T21:07:00.426947+00:00 done function D128 round=1 result=true
2026-06-13T21:07:00.553467+00:00 done function D129 round=1 result=true
2026-06-13T21:07:00.674196+00:00 done function D130 round=1 result=true
2026-06-13T21:07:00.791798+00:00 done function D131 round=1 result=true
2026-06-13T21:07:00.909441+00:00 done function D132 round=1 result=true
2026-06-13T21:07:01.026137+00:00 done function D133 round=1 result=true
2026-06-13T21:07:01.148290+00:00 done function D134 round=1 result=true
2026-06-13T21:07:01.260103+00:00 done function D135 round=1 result=true
2026-06-13T21:07:01.385092+00:00 done function D136 round=1 result=true
2026-06-13T21:07:01.504373+00:00 done function D137 round=1 result=true
2026-06-13T21:07:01.625131+00:00 done function D138 round=1 result=true
2026-06-13T21:07:01.738185+00:00 done function D139 round=1 result=true
2026-06-13T21:07:01.860580+00:00 done function D140 round=1 result=true
2026-06-13T21:07:01.969760+00:00 done function D141 round=1 result=true
2026-06-13T21:07:02.085333+00:00 done function D142 round=1 result=true
2026-06-13T21:07:02.210341+00:00 done function D143 round=1 result=true
2026-06-13T21:07:02.325778+00:00 done function D144 round=1 result=true
2026-06-13T21:07:02.448047+00:00 done function D145 round=1 result=true
2026-06-13T21:07:02.570523+00:00 done function D146 round=1 result=true
2026-06-13T21:07:02.691014+00:00 done function D147 round=1 result=true
2026-06-13T21:07:02.803915+00:00 done function D148 round=1 result=true
2026-06-13T21:07:02.930880+00:00 done function D149 round=1 result=true
2026-06-13T21:07:03.050711+00:00 done function D150 round=1 result=true
2026-06-13T21:07:03.170605+00:00 done function D151 round=1 result=true
2026-06-13T21:07:03.303904+00:00 done function D152 round=1 result=true
2026-06-13T21:07:03.426843+00:00 done function D153 round=1 result=true
2026-06-13T21:07:03.547138+00:00 done function D154 round=1 result=true
2026-06-13T21:07:03.662571+00:00 done function D155 round=1 result=true
2026-06-13T21:07:03.782347+00:00 done function D156 round=1 result=true
2026-06-13T21:07:03.903676+00:00 done function D157 round=1 result=true
2026-06-13T21:07:04.025897+00:00 done function D158 round=1 result=true
2026-06-13T21:07:04.147912+00:00 done function D159 round=1 result=true
2026-06-13T21:07:04.261534+00:00 done function D160 round=1 result=true
2026-06-13T21:07:04.386133+00:00 done function D161 round=1 result=true
2026-06-13T21:07:04.503834+00:00 done function D162 round=1 result=true
2026-06-13T21:07:04.625875+00:00 done function D163 round=1 result=true
2026-06-13T21:07:04.752465+00:00 done function D164 round=1 result=true
2026-06-13T21:07:04.871725+00:00 done function D165 round=1 result=true
2026-06-13T21:07:04.996767+00:00 done function D166 round=1 result=true
2026-06-13T21:07:05.114571+00:00 done function D167 round=1 result=true
2026-06-13T21:07:05.225022+00:00 done function D168 round=1 result=true
2026-06-13T21:07:05.351001+00:00 done function D169 round=1 result=true
2026-06-13T21:07:05.469145+00:00 done function D170 round=1 result=true
2026-06-13T21:07:05.584103+00:00 done function D171 round=1 result=true
2026-06-13T21:07:05.708565+00:00 done function D172 round=1 result=true
2026-06-13T21:07:05.838508+00:00 done function D173 round=1 result=true
2026-06-13T21:07:05.959338+00:00 done function D174 round=1 result=true
2026-06-13T21:07:06.083153+00:00 done function D175 round=1 result=true
2026-06-13T21:07:06.207771+00:00 done function D176 round=1 result=true
2026-06-13T21:07:06.326591+00:00 done function D177 round=1 result=true
2026-06-13T21:07:06.447068+00:00 done function D178 round=1 result=true
2026-06-13T21:07:06.559672+00:00 done function D179 round=1 result=true
2026-06-13T21:07:06.689169+00:00 done function D180 round=1 result=true
2026-06-13T21:07:06.805749+00:00 done function D181 round=1 result=true
2026-06-13T21:07:06.926378+00:00 done function D182 round=1 result=true
2026-06-13T21:07:07.037369+00:00 done function D183 round=1 result=true
2026-06-13T21:07:07.158228+00:00 done function D184 round=1 result=true
2026-06-13T21:07:07.277998+00:00 done function D185 round=1 result=true
2026-06-13T21:07:07.391199+00:00 done function D186 round=1 result=true
2026-06-13T21:07:07.508131+00:00 done function D187 round=1 result=true
2026-06-13T21:07:07.624392+00:00 done function D188 round=1 result=true
2026-06-13T21:07:07.753333+00:00 done function D189 round=1 result=true
2026-06-13T21:07:07.869884+00:00 done function D190 round=1 result=true
2026-06-13T21:07:07.984512+00:00 done function D191 round=1 result=true
2026-06-13T21:07:08.102504+00:00 done function D192 round=1 result=true
2026-06-13T21:07:08.227452+00:00 done function D193 round=1 result=true
2026-06-13T21:07:08.352505+00:00 done function D194 round=1 result=true
2026-06-13T21:07:08.468885+00:00 done function D195 round=1 result=true
2026-06-13T21:07:08.584292+00:00 done function D196 round=1 result=true
2026-06-13T21:07:08.691125+00:00 done function D197 round=1 result=true
2026-06-13T21:07:08.802254+00:00 done function D198 round=1 result=true
2026-06-13T21:07:08.916815+00:00 done function D199 round=1 result=true
2026-06-13T21:07:09.025202+00:00 done function D200 round=1 result=true
2026-06-13T21:07:09.136482+00:00 done function D201 round=1 result=true
2026-06-13T21:07:09.249956+00:00 done function D202 round=1 result=true
2026-06-13T21:07:09.370735+00:00 done function D203 round=1 result=true
2026-06-13T21:07:09.480224+00:00 done function D204 round=1 result=true
2026-06-13T21:07:09.591487+00:00 done function D205 round=1 result=true
2026-06-13T21:07:09.704273+00:00 done function D206 round=1 result=true
2026-06-13T21:07:09.815815+00:00 done function D207 round=1 result=true
2026-06-13T21:07:09.925458+00:00 done function D208 round=1 result=true
2026-06-13T21:07:10.050857+00:00 done function D209 round=1 result=true
2026-06-13T21:07:10.169540+00:00 done function D210 round=1 result=true
2026-06-13T21:07:10.281253+00:00 done function D211 round=1 result=true
2026-06-13T21:07:10.392196+00:00 done function D212 round=1 result=true
2026-06-13T21:07:10.502014+00:00 done function D213 round=1 result=true
2026-06-13T21:07:10.613311+00:00 done function D214 round=1 result=true
2026-06-13T21:07:10.724582+00:00 done function D215 round=1 result=true
2026-06-13T21:07:10.847229+00:00 done function D216 round=1 result=true
2026-06-13T21:07:10.959093+00:00 done function D217 round=1 result=true
2026-06-13T21:07:11.069211+00:00 done function D218 round=1 result=true
2026-06-13T21:07:11.191456+00:00 done function D219 round=1 result=true
2026-06-13T21:07:11.318087+00:00 done function D220 round=1 result=true
2026-06-13T21:07:11.437509+00:00 done function D221 round=1 result=true
2026-06-13T21:07:11.559154+00:00 done function D222 round=1 result=true
2026-06-13T21:07:11.668816+00:00 done function D223 round=1 result=true
2026-06-13T21:07:11.779906+00:00 done function D224 round=1 result=true
2026-06-13T21:07:11.895961+00:00 done function D225 round=1 result=true
2026-06-13T21:07:12.014327+00:00 done function D226 round=1 result=true
2026-06-13T21:07:12.125726+00:00 done function D227 round=1 result=true
2026-06-13T21:07:12.238553+00:00 done function D228 round=1 result=true
2026-06-13T21:07:12.371800+00:00 done function D229 round=1 result=true
2026-06-13T21:07:12.480593+00:00 done function D230 round=1 result=true
2026-06-13T21:07:12.603400+00:00 done function D231 round=1 result=true
2026-06-13T21:07:12.717369+00:00 done function D232 round=1 result=true
2026-06-13T21:07:12.829246+00:00 done function D233 round=1 result=true
2026-06-13T21:07:12.946697+00:00 done function D234 round=1 result=true
2026-06-13T21:07:13.058379+00:00 done function D235 round=1 result=true
2026-06-13T21:07:13.180577+00:00 done function D236 round=1 result=true
2026-06-13T21:07:13.292101+00:00 done function D237 round=1 result=true
2026-06-13T21:07:13.402967+00:00 done function D238 round=1 result=true
2026-06-13T21:07:13.525693+00:00 done function D239 round=1 result=true
2026-06-13T21:07:13.638804+00:00 done function D240 round=1 result=true
2026-06-13T21:07:13.747713+00:00 done function D241 round=1 result=true
2026-06-13T21:07:13.859706+00:00 done function D242 round=1 result=true
2026-06-13T21:07:13.981266+00:00 done function D243 round=1 result=true
2026-06-13T21:07:14.091472+00:00 done function D244 round=1 result=true
2026-06-13T21:07:14.203897+00:00 done function D245 round=1 result=true
2026-06-13T21:07:14.317661+00:00 done function D246 round=1 result=true
2026-06-13T21:07:14.425133+00:00 done function D247 round=1 result=true
2026-06-13T21:07:14.536394+00:00 done function D248 round=1 result=true
2026-06-13T21:07:14.657448+00:00 done function D249 round=1 result=true
2026-06-13T21:07:14.770219+00:00 done function D250 round=1 result=true
2026-06-13T21:07:14.881720+00:00 done function D251 round=1 result=true
2026-06-13T21:07:14.990880+00:00 done function D252 round=1 result=true
2026-06-13T21:07:15.102361+00:00 done function D253 round=1 result=true
2026-06-13T21:07:15.237253+00:00 done function D254 round=1 result=true
2026-06-13T21:07:15.346248+00:00 done function D255 round=1 result=true
2026-06-13T21:07:15.471308+00:00 done function D256 round=1 result=true
2026-06-13T21:07:15.580210+00:00 done function D257 round=1 result=true
2026-06-13T21:07:15.692955+00:00 done function D258 round=1 result=true
2026-06-13T21:07:15.813399+00:00 done function D259 round=1 result=true
2026-06-13T21:07:15.924953+00:00 done function D260 round=1 result=true
2026-06-13T21:07:16.036344+00:00 done function D261 round=1 result=true
2026-06-13T21:07:16.148253+00:00 done function D262 round=1 result=true
2026-06-13T21:07:16.268747+00:00 done function D263 round=1 result=true
2026-06-13T21:07:16.379765+00:00 done function D264 round=1 result=true
2026-06-13T21:07:16.491502+00:00 done function D265 round=1 result=true
2026-06-13T21:07:16.601860+00:00 done function D266 round=1 result=true
2026-06-13T21:07:16.714515+00:00 done function D267 round=1 result=true
2026-06-13T21:07:16.825088+00:00 done function D268 round=1 result=true
2026-06-13T21:07:16.947411+00:00 done function D269 round=1 result=true
2026-06-13T21:07:17.058553+00:00 done function D270 round=1 result=true
2026-06-13T21:07:17.170250+00:00 done function D271 round=1 result=true
2026-06-13T21:07:17.283473+00:00 done function D272 round=1 result=true
2026-06-13T21:07:17.390797+00:00 done function D273 round=1 result=true
2026-06-13T21:07:17.502437+00:00 done function D274 round=1 result=true
2026-06-13T21:07:17.616186+00:00 done function D275 round=1 result=true
2026-06-13T21:07:17.737288+00:00 done function D276 round=1 result=true
2026-06-13T21:07:17.847051+00:00 done function D277 round=1 result=true
2026-06-13T21:07:17.959145+00:00 done function D278 round=1 result=true
2026-06-13T21:07:18.082868+00:00 done function D279 round=1 result=true
2026-06-13T21:07:18.192808+00:00 done function D280 round=1 result=true
2026-06-13T21:07:18.301852+00:00 done function D281 round=1 result=true
2026-06-13T21:07:18.413146+00:00 done function D282 round=1 result=true
2026-06-13T21:07:19.415734+00:00 done function D283 round=1 result=true
2026-06-13T21:07:20.368695+00:00 done function D284 round=1 result=true
2026-06-13T21:07:20.479731+00:00 done function D285 round=1 result=true
2026-06-13T21:07:21.463296+00:00 done function D286 round=1 result=true
2026-06-13T21:07:21.568750+00:00 done function D287 round=1 result=true
2026-06-13T21:07:22.536636+00:00 done function D288 round=1 result=true
2026-06-13T21:07:23.069431+00:00 done function D289 round=1 result=true
2026-06-13T21:07:23.190562+00:00 done function D290 round=1 result=true
2026-06-13T21:07:24.213833+00:00 done function D291 round=1 result=true
2026-06-13T21:07:24.324463+00:00 done function D292 round=1 result=true
2026-06-13T21:07:24.439108+00:00 done function D293 round=1 result=true
2026-06-13T21:07:24.549991+00:00 done function D294 round=1 result=true
2026-06-13T21:07:24.657132+00:00 done function D295 round=1 result=true
2026-06-13T21:07:24.783436+00:00 done function D296 round=1 result=true
2026-06-13T21:07:24.902829+00:00 done function D297 round=1 result=true
2026-06-13T21:07:25.013825+00:00 done function D298 round=1 result=true
2026-06-13T21:07:25.993858+00:00 done function D299 round=1 result=true
2026-06-13T21:07:26.104077+00:00 done function D300 round=1 result=true
2026-06-13T21:07:26.213450+00:00 done function D301 round=1 result=true
2026-06-13T21:07:26.325725+00:00 done function D302 round=1 result=true
2026-06-13T21:07:26.449055+00:00 done function D303 round=1 result=true
2026-06-13T21:07:26.559726+00:00 done function D304 round=1 result=true
2026-06-13T21:07:26.669492+00:00 done function D305 round=1 result=true
2026-06-13T21:07:26.790610+00:00 done function D306 round=1 result=true
2026-06-13T21:07:26.901639+00:00 done function D307 round=1 result=true
2026-06-13T21:07:27.863067+00:00 done function D308 round=1 result=true
2026-06-13T21:07:27.983357+00:00 done function D309 round=1 result=true
2026-06-13T21:07:28.102791+00:00 done function D310 round=1 result=true
2026-06-13T21:07:28.226422+00:00 done function D311 round=1 result=true
2026-06-13T21:07:28.336003+00:00 done function D312 round=1 result=true
2026-06-13T21:07:28.457742+00:00 done function D313 round=1 result=true
2026-06-13T21:07:28.569834+00:00 done function D314 round=1 result=true
2026-06-13T21:07:28.690912+00:00 done function D315 round=1 result=true
2026-06-13T21:07:28.812812+00:00 done function D316 round=1 result=true
2026-06-13T21:07:29.791358+00:00 done function D317 round=1 result=true
2026-06-13T21:07:29.902517+00:00 done function D318 round=1 result=true
2026-06-13T21:07:30.025425+00:00 done function D319 round=1 result=true
2026-06-13T21:07:30.136855+00:00 done function D320 round=1 result=true
2026-06-13T21:07:30.246637+00:00 done function D321 round=1 result=true
2026-06-13T21:07:30.360069+00:00 done function D322 round=1 result=true
2026-06-13T21:07:30.480257+00:00 done function D323 round=1 result=true
2026-06-13T21:07:30.590526+00:00 done function D324 round=1 result=true
2026-06-13T21:07:31.325838+00:00 done function D325 round=1 result=true
2026-06-13T21:07:31.437533+00:00 done function D326 round=1 result=true
2026-06-13T21:07:31.546395+00:00 done function D327 round=1 result=true
2026-06-13T21:07:31.657337+00:00 done function D328 round=1 result=true
2026-06-13T21:07:31.770183+00:00 done function D329 round=1 result=true
2026-06-13T21:07:31.902367+00:00 done function D330 round=1 result=true
2026-06-13T21:07:32.013491+00:00 done function D331 round=1 result=true
2026-06-13T21:07:32.135243+00:00 done function D332 round=1 result=true
2026-06-13T21:07:32.250063+00:00 done function D333 round=1 result=true
2026-06-13T21:07:32.390803+00:00 done function D334 round=1 result=true
2026-06-13T21:07:32.503569+00:00 done function D335 round=1 result=true
2026-06-13T21:07:32.613253+00:00 done function D336 round=1 result=true
2026-06-13T21:07:32.752100+00:00 done function D337 round=1 result=true
2026-06-13T21:07:32.873925+00:00 done function D338 round=1 result=true
2026-06-13T21:07:33.005278+00:00 done function D339 round=1 result=true
2026-06-13T21:07:33.139620+00:00 done function D340 round=1 result=true
2026-06-13T21:07:33.261797+00:00 done function D341 round=1 result=true
2026-06-13T21:07:33.385472+00:00 done function D342 round=1 result=true
2026-06-13T21:07:33.513886+00:00 done function D343 round=1 result=true
2026-06-13T21:07:33.640926+00:00 done function D344 round=1 result=true
2026-06-13T21:07:33.772714+00:00 done function D345 round=1 result=true
2026-06-13T21:07:33.894765+00:00 done function D346 round=1 result=true
2026-06-13T21:07:34.017683+00:00 done function D347 round=1 result=true
2026-06-13T21:07:34.140790+00:00 done function D348 round=1 result=true
2026-06-13T21:07:34.261182+00:00 done function D349 round=1 result=true
2026-06-13T21:07:34.395465+00:00 done function D350 round=1 result=true
2026-06-13T21:07:34.540167+00:00 done function D351 round=1 result=true
2026-06-13T21:07:34.660786+00:00 done function D352 round=1 result=true
2026-06-13T21:07:34.783633+00:00 done function D353 round=1 result=true
2026-06-13T21:07:34.905451+00:00 done function D354 round=1 result=true
2026-06-13T21:07:35.030163+00:00 done function D355 round=1 result=true
2026-06-13T21:07:35.161419+00:00 done function D356 round=1 result=true
2026-06-13T21:07:35.298673+00:00 done function D357 round=1 result=true
2026-06-13T21:07:35.429961+00:00 done function D358 round=1 result=true
2026-06-13T21:07:35.573483+00:00 done function D359 round=1 result=true
2026-06-13T21:07:35.698198+00:00 done function D360 round=1 result=true
2026-06-13T21:07:35.827766+00:00 done function D361 round=1 result=true
2026-06-13T21:07:35.961280+00:00 done function D362 round=1 result=true
2026-06-13T21:07:36.094278+00:00 done function D363 round=1 result=true
2026-06-13T21:07:36.216169+00:00 done function D364 round=1 result=true
2026-06-13T21:07:36.349629+00:00 done function D365 round=1 result=true
2026-06-13T21:07:36.474777+00:00 done function D366 round=1 result=true
2026-06-13T21:07:36.616931+00:00 done function D367 round=1 result=true
2026-06-13T21:07:36.741467+00:00 done function D368 round=1 result=true
2026-06-13T21:07:36.863904+00:00 done function D369 round=1 result=true
2026-06-13T21:07:36.994871+00:00 done function D370 round=1 result=true
2026-06-13T21:07:37.128259+00:00 done function D371 round=1 result=true
2026-06-13T21:07:37.250292+00:00 done function D372 round=1 result=true
2026-06-13T21:07:37.372444+00:00 done function D373 round=1 result=true
2026-06-13T21:07:37.497048+00:00 done function D374 round=1 result=true
2026-06-13T21:07:37.615848+00:00 done function D375 round=1 result=true
2026-06-13T21:07:37.738056+00:00 done function D376 round=1 result=true
2026-06-13T21:07:37.871730+00:00 done function D377 round=1 result=true
2026-06-13T21:07:37.994935+00:00 done function D378 round=1 result=true
2026-06-13T21:07:38.129557+00:00 done function D379 round=1 result=true
2026-06-13T21:07:38.249475+00:00 done function D380 round=1 result=true
2026-06-13T21:07:38.373509+00:00 done function D381 round=1 result=true
2026-06-13T21:07:38.506106+00:00 done function D382 round=1 result=true
2026-06-13T21:07:38.630289+00:00 done function D383 round=1 result=true
2026-06-13T21:07:38.763940+00:00 done function D384 round=1 result=true
2026-06-13T21:07:38.869106+00:00 done function D385 round=1 result=true
2026-06-13T21:07:38.998527+00:00 done function D386 round=1 result=true
2026-06-13T21:07:39.113936+00:00 done function D387 round=1 result=true
2026-06-13T21:07:39.239052+00:00 done function D388 round=1 result=true
2026-06-13T21:07:39.349779+00:00 done function D389 round=1 result=true
2026-06-13T21:07:39.485452+00:00 done function D390 round=1 result=true
2026-06-13T21:07:39.604886+00:00 done function D391 round=1 result=true
2026-06-13T21:07:39.728382+00:00 done function D392 round=1 result=true
2026-06-13T21:07:39.849873+00:00 done function D393 round=1 result=true
2026-06-13T21:07:39.959413+00:00 done function D394 round=1 result=true
2026-06-13T21:07:40.069066+00:00 done function D395 round=1 result=true
2026-06-13T21:07:40.194548+00:00 done function D396 round=1 result=true
2026-06-13T21:07:40.328216+00:00 done function D397 round=1 result=true
2026-06-13T21:07:40.450122+00:00 done function D398 round=1 result=true
2026-06-13T21:07:40.586817+00:00 done function D399 round=1 result=true
2026-06-13T21:07:40.708009+00:00 done function D400 round=1 result=true
2026-06-13T21:07:40.828864+00:00 done function D401 round=1 result=true
2026-06-13T21:07:40.951174+00:00 done function D402 round=1 result=true
2026-06-13T21:07:41.072040+00:00 done function D403 round=1 result=true
2026-06-13T21:07:41.205632+00:00 done function D404 round=1 result=true
2026-06-13T21:07:41.332503+00:00 done function D405 round=1 result=true
2026-06-13T21:07:41.451991+00:00 done function D406 round=1 result=true
2026-06-13T21:07:41.585214+00:00 done function D407 round=1 result=true
2026-06-13T21:07:41.708554+00:00 done function D408 round=1 result=true
2026-06-13T21:07:41.840189+00:00 done function D409 round=1 result=true
2026-06-13T21:07:42.873089+00:00 done function D410 round=1 result=true
2026-06-13T21:07:42.996261+00:00 done function D411 round=1 result=true
2026-06-13T21:07:43.103365+00:00 done function D412 round=1 result=true
2026-06-13T21:07:43.228359+00:00 done function D413 round=1 result=true
2026-06-13T21:07:43.352651+00:00 done function D414 round=1 result=true
2026-06-13T21:07:43.475248+00:00 done function D415 round=1 result=true
2026-06-13T21:07:43.604661+00:00 done function D416 round=1 result=true
2026-06-13T21:07:43.740929+00:00 done function D417 round=1 result=true
2026-06-13T21:07:44.729355+00:00 done function D418 round=1 result=true
2026-06-13T21:07:44.861107+00:00 done function D419 round=1 result=true
2026-06-13T21:07:44.996585+00:00 done function D420 round=1 result=true
2026-06-13T21:07:45.117375+00:00 done function D421 round=1 result=true
2026-06-13T21:07:45.227626+00:00 done function D422 round=1 result=true
2026-06-13T21:07:45.349809+00:00 done function D423 round=1 result=true
2026-06-13T21:07:45.482487+00:00 done function D424 round=1 result=true
2026-06-13T21:07:45.604662+00:00 done function D463 round=1 result=true
2026-06-13T21:07:46.584937+00:00 done function D464 round=1 result=true
2026-06-13T21:07:46.707279+00:00 done function D465 round=1 result=true
2026-06-13T21:07:46.827604+00:00 done function D466 round=1 result=true
2026-06-13T21:07:46.936607+00:00 done function D467 round=1 result=true
2026-06-13T21:07:47.047383+00:00 done function D468 round=1 result=true
2026-06-13T21:07:47.183530+00:00 done function D469 round=1 result=true
2026-06-13T21:07:47.307637+00:00 done function D470 round=1 result=true
2026-06-13T21:07:47.416600+00:00 done case C-0001 round=1 result=true
2026-06-13T21:07:48.372073+00:00 done case C-0002 round=1 result=true
2026-06-13T21:07:48.480228+00:00 done case C-0003 round=1 result=true
2026-06-13T21:07:48.582358+00:00 done case C-0004 round=1 result=true
2026-06-13T21:07:48.679823+00:00 done case C-0005 round=1 result=true
2026-06-13T21:07:48.807709+00:00 done case C-0006 round=1 result=true
2026-06-13T21:07:48.939347+00:00 done case C-0007 round=1 result=true
2026-06-13T21:07:49.062607+00:00 done case C-0008 round=1 result=true
2026-06-13T21:07:49.171447+00:00 done case C-0009 round=1 result=true
2026-06-13T21:07:49.279596+00:00 done case C-0010 round=1 result=true
2026-06-13T21:07:50.268703+00:00 done case C-0011 round=1 result=true
2026-06-13T21:07:50.381983+00:00 done case C-0012 round=1 result=true
2026-06-13T21:07:50.501530+00:00 done case C-0013 round=1 result=true
2026-06-13T21:07:50.603024+00:00 done case C-0014 round=1 result=true
2026-06-13T21:07:50.729976+00:00 done case C-0015 round=1 result=true
2026-06-13T21:07:50.835303+00:00 done case C-0016 round=1 result=true
2026-06-13T21:07:50.953613+00:00 done case C-0017 round=1 result=true
2026-06-13T21:07:51.072503+00:00 done case C-0018 round=1 result=true
2026-06-13T21:07:51.205706+00:00 done case C-0019 round=1 result=true
2026-06-13T21:07:52.180530+00:00 done case C-0020 round=1 result=true
2026-06-13T21:07:52.279723+00:00 done case C-0021 round=1 result=true
2026-06-13T21:07:52.406708+00:00 done case C-0022 round=1 result=true
2026-06-13T21:07:52.538921+00:00 done case C-0023 round=1 result=true
2026-06-13T21:07:52.672107+00:00 done case C-0024 round=1 result=true
2026-06-13T21:07:52.804858+00:00 done case C-0025 round=1 result=true
2026-06-13T21:07:53.816355+00:00 done case C-0026 round=1 result=true
2026-06-13T21:07:54.816518+00:00 done case C-0027 round=1 result=true
2026-06-13T21:07:54.938248+00:00 done case C-0028 round=1 result=true
2026-06-13T21:07:55.951692+00:00 done case C-0029 round=1 result=true
2026-06-13T21:07:56.939688+00:00 done case C-0030 round=1 result=true
2026-06-13T21:07:57.071522+00:00 done case C-0031 round=1 result=true
2026-06-13T21:07:57.883339+00:00 done case C-0032 round=1 result=true
2026-06-13T21:07:58.050040+00:00 done case C-0033 round=1 result=true
2026-06-13T21:07:58.185648+00:00 done case C-0034 round=1 result=true
2026-06-13T21:07:58.316430+00:00 done case C-0035 round=1 result=true
2026-06-13T21:07:58.450129+00:00 done case C-0036 round=1 result=true
2026-06-13T21:07:58.585783+00:00 done case C-0037 round=1 result=true
2026-06-13T21:07:58.716524+00:00 done case C-0038 round=1 result=true
2026-06-13T21:07:58.851426+00:00 done case C-0039 round=1 result=true
2026-06-13T21:07:58.986379+00:00 done case C-0040 round=1 result=true
2026-06-13T21:07:59.116587+00:00 done case C-0041 round=1 result=true
2026-06-13T21:07:59.249621+00:00 done case C-0042 round=1 result=true
2026-06-13T21:07:59.383047+00:00 done case C-0043 round=1 result=true
2026-06-13T21:07:59.519013+00:00 done case C-0044 round=1 result=true
2026-06-13T21:07:59.651085+00:00 done case C-0045 round=1 result=true
2026-06-13T21:07:59.794278+00:00 done case C-0046 round=1 result=true
2026-06-13T21:07:59.927596+00:00 done case C-0047 round=1 result=true
2026-06-13T21:08:00.062384+00:00 done case C-0048 round=1 result=true
2026-06-13T21:08:00.194701+00:00 done case C-0049 round=1 result=true
2026-06-13T21:08:00.333195+00:00 done case C-0050 round=1 result=true
2026-06-13T21:08:00.472024+00:00 done case C-0051 round=1 result=true
2026-06-13T21:08:00.605379+00:00 done case C-0052 round=1 result=true
2026-06-13T21:08:00.738123+00:00 done case C-0053 round=1 result=true
2026-06-13T21:08:00.872092+00:00 done case C-0054 round=1 result=true
2026-06-13T21:08:01.008783+00:00 done case C-0055 round=1 result=true
2026-06-13T21:08:01.149538+00:00 done case C-0056 round=1 result=true
2026-06-13T21:08:01.282457+00:00 done case C-0057 round=1 result=true
2026-06-13T21:08:01.416202+00:00 done case C-0058 round=1 result=true
2026-06-13T21:08:01.550411+00:00 done case C-0059 round=1 result=true
2026-06-13T21:08:01.685853+00:00 done case C-0060 round=1 result=true
2026-06-13T21:08:01.816984+00:00 done case C-0061 round=1 result=true
2026-06-13T21:08:01.949820+00:00 done case C-0062 round=1 result=true
2026-06-13T21:08:02.082991+00:00 done case C-0063 round=1 result=true
2026-06-13T21:08:02.215744+00:00 done case C-0064 round=1 result=true
2026-06-13T21:08:02.349811+00:00 done case C-0065 round=1 result=true
2026-06-13T21:08:02.487637+00:00 done case C-0066 round=1 result=true
2026-06-13T21:08:02.616195+00:00 done case C-0067 round=1 result=true
2026-06-13T21:08:02.751988+00:00 done case C-0068 round=1 result=true
2026-06-13T21:08:02.883711+00:00 done case C-0069 round=1 result=true
2026-06-13T21:08:03.016496+00:00 done case C-0070 round=1 result=true
2026-06-13T21:08:03.152464+00:00 done case C-0071 round=1 result=true
2026-06-13T21:08:03.284214+00:00 done case C-0072 round=1 result=true
2026-06-13T21:08:03.417091+00:00 done case C-0073 round=1 result=true
2026-06-13T21:08:03.551528+00:00 done case C-0074 round=1 result=true
2026-06-13T21:08:03.686630+00:00 done case C-0075 round=1 result=true
2026-06-13T21:08:03.816480+00:00 done case C-0076 round=1 result=true
2026-06-13T21:08:03.949650+00:00 done case C-0077 round=1 result=true
2026-06-13T21:08:04.082999+00:00 done case C-0078 round=1 result=true
2026-06-13T21:08:04.216924+00:00 done case C-0079 round=1 result=true
2026-06-13T21:08:04.349914+00:00 done case C-0080 round=1 result=true
2026-06-13T21:08:04.482978+00:00 done case C-0081 round=1 result=true
2026-06-13T21:08:04.616149+00:00 done case C-0082 round=1 result=true
2026-06-13T21:08:04.740560+00:00 done case C-0083 round=1 result=true
2026-06-13T21:08:04.871513+00:00 done case C-0084 round=1 result=true
2026-06-13T21:08:05.004635+00:00 done case C-0085 round=1 result=true
2026-06-13T21:08:05.139281+00:00 done case C-0086 round=1 result=true
2026-06-13T21:08:05.271263+00:00 done case C-0087 round=1 result=true
2026-06-13T21:08:05.405363+00:00 done case C-0088 round=1 result=true
2026-06-13T21:08:05.539784+00:00 done case C-0089 round=1 result=true
2026-06-13T21:08:05.671176+00:00 done case C-0090 round=1 result=true
2026-06-13T21:08:05.793820+00:00 done case C-0091 round=1 result=true
2026-06-13T21:08:05.927618+00:00 done case C-0092 round=1 result=true
2026-06-13T21:08:06.061926+00:00 done case C-0093 round=1 result=true
2026-06-13T21:08:06.197163+00:00 done case C-0094 round=1 result=true
2026-06-13T21:08:06.327009+00:00 done case C-0095 round=1 result=true
2026-06-13T21:08:06.452935+00:00 done case C-0096 round=1 result=true
2026-06-13T21:08:06.583093+00:00 done case C-0097 round=1 result=true
2026-06-13T21:08:06.718961+00:00 done case C-0098 round=1 result=true
2026-06-13T21:08:06.861785+00:00 done case C-0099 round=1 result=true
2026-06-13T21:08:06.997710+00:00 done case C-0100 round=1 result=true
2026-06-13T21:08:07.118719+00:00 done case C-0101 round=1 result=true
2026-06-13T21:08:07.250063+00:00 done case C-0102 round=1 result=true
2026-06-13T21:08:07.371966+00:00 done case C-0103 round=1 result=true
2026-06-13T21:08:07.493905+00:00 done case C-0104 round=1 result=true
2026-06-13T21:08:07.640411+00:00 done case C-0105 round=1 result=true
2026-06-13T21:08:07.771967+00:00 done case C-0106 round=1 result=true
2026-06-13T21:08:07.905970+00:00 done case C-0107 round=1 result=true
2026-06-13T21:08:08.038775+00:00 done case C-0108 round=1 result=true
2026-06-13T21:08:08.171609+00:00 done case C-0109 round=1 result=true
2026-06-13T21:08:08.296763+00:00 done case C-0110 round=1 result=true
2026-06-13T21:08:08.433719+00:00 done case C-0111 round=1 result=true
2026-06-13T21:08:08.549544+00:00 done case C-0112 round=1 result=true
2026-06-13T21:08:08.673754+00:00 done case C-0113 round=1 result=true
2026-06-13T21:08:08.793980+00:00 done case C-0114 round=1 result=true
2026-06-13T21:08:08.916199+00:00 done case C-0115 round=1 result=true
2026-06-13T21:08:09.050956+00:00 done case C-0116 round=1 result=true
2026-06-13T21:08:09.184785+00:00 done case C-0117 round=1 result=true
2026-06-13T21:08:09.316824+00:00 done case C-0118 round=1 result=true
2026-06-13T21:08:09.449801+00:00 done case C-0119 round=1 result=true
2026-06-13T21:08:09.585541+00:00 done case C-0120 round=1 result=true
2026-06-13T21:08:09.731446+00:00 done case C-0121 round=1 result=true
2026-06-13T21:08:09.871419+00:00 done case C-0122 round=1 result=true
2026-06-13T21:08:10.004949+00:00 done case C-0123 round=1 result=true
2026-06-13T21:08:10.137849+00:00 done case C-0124 round=1 result=true
2026-06-13T21:08:10.261723+00:00 done case C-0125 round=1 result=true
2026-06-13T21:08:10.397784+00:00 done case C-0126 round=1 result=true
2026-06-13T21:08:10.528640+00:00 done case C-0127 round=1 result=true
2026-06-13T21:08:10.671201+00:00 done case C-0128 round=1 result=true
2026-06-13T21:08:10.793900+00:00 done case C-0129 round=1 result=true
2026-06-13T21:08:10.932308+00:00 done case C-0130 round=1 result=true
2026-06-13T21:08:11.071459+00:00 done case C-0131 round=1 result=true
2026-06-13T21:08:11.209729+00:00 done case C-0132 round=1 result=true
2026-06-13T21:08:11.349763+00:00 done case C-0133 round=1 result=true
2026-06-13T21:08:11.483624+00:00 done case C-0134 round=1 result=true
2026-06-13T21:08:11.620300+00:00 done case C-0135 round=1 result=true
2026-06-13T21:08:11.762709+00:00 done case C-0136 round=1 result=true
2026-06-13T21:08:11.904880+00:00 done case C-0137 round=1 result=true
2026-06-13T21:08:12.028880+00:00 done case C-0138 round=1 result=true
2026-06-13T21:08:12.183368+00:00 done case C-0139 round=1 result=true
2026-06-13T21:08:12.326983+00:00 done case C-0140 round=1 result=true
2026-06-13T21:08:13.294159+00:00 done case C-0141 round=1 result=true
2026-06-13T21:08:13.416352+00:00 done case C-0142 round=1 result=true
2026-06-13T21:08:13.551778+00:00 done case C-0143 round=1 result=true
2026-06-13T21:08:13.697030+00:00 done case C-0144 round=1 result=true
2026-06-13T21:08:13.839128+00:00 done case C-0145 round=1 result=true
2026-06-13T21:08:14.195931+00:00 done case C-0146 round=1 result=true
2026-06-13T21:08:15.320117+00:00 done case C-0147 round=1 result=true
2026-06-13T21:08:15.462058+00:00 done case C-0148 round=1 result=true
2026-06-13T21:08:15.594340+00:00 done case C-0149 round=1 result=true
2026-06-13T21:08:15.729871+00:00 done case C-0150 round=1 result=true
2026-06-13T21:08:15.871699+00:00 done case C-0151 round=1 result=true
2026-06-13T21:08:16.005260+00:00 done case C-0152 round=1 result=true
2026-06-13T21:08:16.150722+00:00 done case C-0153 round=1 result=true
2026-06-13T21:08:17.149929+00:00 done case C-0154 round=1 result=true
2026-06-13T21:08:17.282824+00:00 done case C-0155 round=1 result=true
2026-06-13T21:08:17.417627+00:00 done case C-0156 round=1 result=true
2026-06-13T21:08:17.538315+00:00 done case C-0157 round=1 result=true
2026-06-13T21:08:17.683674+00:00 done case C-0158 round=1 result=true
2026-06-13T21:08:17.830021+00:00 done case C-0159 round=1 result=true
2026-06-13T21:08:17.963085+00:00 done case C-0160 round=1 result=true
2026-06-13T21:08:18.750068+00:00 done case C-0161 round=1 result=true
2026-06-13T21:08:18.883534+00:00 done case C-0162 round=1 result=true
2026-06-13T21:08:19.027771+00:00 done case C-0163 round=1 result=true
2026-06-13T21:08:19.163056+00:00 done case C-0164 round=1 result=true
2026-06-13T21:08:19.293896+00:00 done case C-0165 round=1 result=true
2026-06-13T21:08:19.431114+00:00 done case C-0166 round=1 result=true
2026-06-13T21:08:19.571829+00:00 done case C-0167 round=1 result=true
2026-06-13T21:08:20.566372+00:00 done case C-0168 round=1 result=true
2026-06-13T21:08:20.693747+00:00 done case C-0169 round=1 result=true
2026-06-13T21:08:20.827774+00:00 done case C-0170 round=1 result=true
2026-06-13T21:08:20.961167+00:00 done case C-0171 round=1 result=true
2026-06-13T21:08:21.094409+00:00 done case C-0172 round=1 result=true
2026-06-13T21:08:21.238546+00:00 done case C-0173 round=1 result=true
2026-06-13T21:08:21.382162+00:00 done case C-0174 round=1 result=true
2026-06-13T21:08:21.504572+00:00 done case C-0175 round=1 result=true
2026-06-13T21:08:22.530532+00:00 done case C-0176 round=1 result=true
2026-06-13T21:08:22.672974+00:00 done case C-0177 round=1 result=true
2026-06-13T21:08:22.804761+00:00 done case C-0178 round=1 result=true
2026-06-13T21:08:22.949576+00:00 done case C-0179 round=1 result=true
2026-06-13T21:08:23.082969+00:00 done case C-0180 round=1 result=true
2026-06-13T21:08:23.217624+00:00 done case C-0181 round=1 result=true
2026-06-13T21:08:23.348786+00:00 done case C-0182 round=1 result=true
2026-06-13T21:08:24.105311+00:00 done case C-0183 round=1 result=true
2026-06-13T21:08:24.229049+00:00 done case C-0184 round=1 result=true
2026-06-13T21:08:24.371299+00:00 done case C-0185 round=1 result=true
2026-06-13T21:08:24.505512+00:00 done case C-0186 round=1 result=true
2026-06-13T21:08:24.626983+00:00 done case C-0187 round=1 result=true
2026-06-13T21:08:24.750352+00:00 done case C-0188 round=1 result=true
2026-06-13T21:08:24.882868+00:00 done case C-0189 round=1 result=true
2026-06-13T21:08:25.004706+00:00 done case C-0190 round=1 result=true
2026-06-13T21:08:25.184261+00:00 done case C-0191 round=1 result=true
2026-06-13T21:08:25.320538+00:00 done case C-0192 round=1 result=true
2026-06-13T21:08:25.460207+00:00 done case C-0193 round=1 result=true
2026-06-13T21:08:25.593377+00:00 done case C-0194 round=1 result=true
2026-06-13T21:08:25.717174+00:00 done case C-0195 round=1 result=true
2026-06-13T21:08:25.838777+00:00 done case C-0196 round=1 result=true
2026-06-13T21:08:25.971245+00:00 done case C-0197 round=1 result=true
2026-06-13T21:08:26.105147+00:00 done case C-0198 round=1 result=true
2026-06-13T21:08:26.238278+00:00 done case C-0199 round=1 result=true
2026-06-13T21:08:26.372455+00:00 done case C-0200 round=1 result=true
2026-06-13T21:08:26.504491+00:00 done case C-0201 round=1 result=true
2026-06-13T21:08:26.630269+00:00 done case C-0202 round=1 result=true
2026-06-13T21:08:26.765396+00:00 done case C-0203 round=1 result=true
2026-06-13T21:08:26.904454+00:00 done case C-0204 round=1 result=true
2026-06-13T21:08:27.049751+00:00 done case C-0205 round=1 result=true
2026-06-13T21:08:27.185060+00:00 done case C-0206 round=1 result=true
2026-06-13T21:08:27.317720+00:00 done case C-0207 round=1 result=true
2026-06-13T21:08:27.460095+00:00 done case C-0208 round=1 result=true
2026-06-13T21:08:27.594289+00:00 done case C-0209 round=1 result=true
2026-06-13T21:08:27.741074+00:00 done case C-0210 round=1 result=true
2026-06-13T21:08:27.882610+00:00 done case C-0211 round=1 result=true
2026-06-13T21:08:28.007494+00:00 done case C-0212 round=1 result=true
2026-06-13T21:08:28.138641+00:00 done case C-0213 round=1 result=true
2026-06-13T21:08:28.260790+00:00 done case C-0214 round=1 result=true
2026-06-13T21:08:28.385076+00:00 done case C-0215 round=1 result=true
2026-06-13T21:08:28.501575+00:00 done case C-0216 round=1 result=true
2026-06-13T21:08:29.539636+00:00 done case C-0217 round=1 result=true
2026-06-13T21:08:29.659855+00:00 done case C-0218 round=1 result=true
2026-06-13T21:08:29.793373+00:00 done case C-0219 round=1 result=true
2026-06-13T21:08:29.912061+00:00 done case C-0220 round=1 result=true
2026-06-13T21:08:30.035226+00:00 done case C-0221 round=1 result=true
2026-06-13T21:08:30.169450+00:00 done case C-0222 round=1 result=true
2026-06-13T21:08:30.296670+00:00 done case C-0223 round=1 result=true
2026-06-13T21:08:30.415205+00:00 done case C-0224 round=1 result=true
2026-06-13T21:08:31.401488+00:00 done case C-0225 round=1 result=true
2026-06-13T21:08:31.538870+00:00 done case C-0226 round=1 result=true
2026-06-13T21:08:31.655999+00:00 done case C-0227 round=1 result=true
2026-06-13T21:08:31.778768+00:00 done case C-0228 round=1 result=true
2026-06-13T21:08:31.901639+00:00 done case C-0229 round=1 result=true
2026-06-13T21:08:32.025060+00:00 done case C-0230 round=1 result=true
2026-06-13T21:08:32.160570+00:00 done case C-0231 round=1 result=true
2026-06-13T21:08:32.279956+00:00 done case C-0232 round=1 result=true
2026-06-13T21:08:33.298378+00:00 done case C-0233 round=1 result=true
2026-06-13T21:08:33.413456+00:00 done case C-0234 round=1 result=true
2026-06-13T21:08:33.524396+00:00 done case C-0235 round=1 result=true
2026-06-13T21:08:33.657677+00:00 done case C-0236 round=1 result=true
2026-06-13T21:08:33.782166+00:00 done case C-0237 round=1 result=true
2026-06-13T21:08:33.903571+00:00 done case C-0238 round=1 result=true
2026-06-13T21:08:34.037799+00:00 done case C-0239 round=1 result=true
2026-06-13T21:08:34.149719+00:00 done case C-0240 round=1 result=true
2026-06-13T21:08:35.145548+00:00 done case C-0241 round=1 result=true
2026-06-13T21:08:35.268047+00:00 done case C-0242 round=1 result=true
2026-06-13T21:08:35.394052+00:00 done case C-0243 round=1 result=true
2026-06-13T21:08:35.527422+00:00 done case C-0244 round=1 result=true
2026-06-13T21:08:35.641536+00:00 done case C-0245 round=1 result=true
2026-06-13T21:08:35.767038+00:00 done case C-0246 round=1 result=true
2026-06-13T21:08:35.890839+00:00 done case C-0247 round=1 result=true
2026-06-13T21:08:36.014249+00:00 done case C-0248 round=1 result=true
2026-06-13T21:08:36.995996+00:00 done case C-0249 round=1 result=true
2026-06-13T21:08:37.126811+00:00 done case C-0250 round=1 result=true
2026-06-13T21:08:37.248883+00:00 done case C-0251 round=1 result=true
2026-06-13T21:08:37.367866+00:00 done case C-0252 round=1 result=true
2026-06-13T21:08:37.481858+00:00 done case C-0253 round=1 result=true
2026-06-13T21:08:37.601989+00:00 done case C-0254 round=1 result=true
2026-06-13T21:08:37.728382+00:00 done case C-0255 round=1 result=true
2026-06-13T21:08:37.848638+00:00 done case C-0256 round=1 result=true
2026-06-13T21:08:38.845791+00:00 done case C-0257 round=1 result=true
2026-06-13T21:08:38.967051+00:00 done case C-0258 round=1 result=true
2026-06-13T21:08:39.105595+00:00 done case C-0259 round=1 result=true
2026-06-13T21:08:39.223416+00:00 done case C-0260 round=1 result=true
2026-06-13T21:08:39.346368+00:00 done case C-0261 round=1 result=true
2026-06-13T21:08:39.474137+00:00 done case C-0262 round=1 result=true
2026-06-13T21:08:39.615919+00:00 done case C-0263 round=1 result=true
2026-06-13T21:08:39.727987+00:00 done case C-0264 round=1 result=true
2026-06-13T21:08:40.512390+00:00 done case C-0265 round=1 result=true
2026-06-13T21:08:40.624624+00:00 done case C-0266 round=1 result=true
2026-06-13T21:08:40.762969+00:00 done case C-0267 round=1 result=true
2026-06-13T21:08:40.890422+00:00 done case C-0268 round=1 result=true
2026-06-13T21:08:41.012374+00:00 done case C-0269 round=1 result=true
2026-06-13T21:08:41.135427+00:00 done case C-0270 round=1 result=true
2026-06-13T21:08:41.256830+00:00 done case C-0271 round=1 result=true
2026-06-13T21:08:41.379437+00:00 done case C-0272 round=1 result=true
2026-06-13T21:08:48.304492+00:00 done case C-0273 round=1 result=true
2026-06-13T21:08:48.438181+00:00 done case C-0274 round=1 result=true
2026-06-13T21:08:49.438140+00:00 done case C-0275 round=1 result=true
2026-06-13T21:08:50.101217+00:00 done case C-0276 round=1 result=true
2026-06-13T21:08:50.238331+00:00 done case C-0277 round=1 result=true
2026-06-13T21:08:51.257973+00:00 done case C-0278 round=1 result=true
2026-06-13T21:08:51.371552+00:00 done case C-0279 round=1 result=true
2026-06-13T21:08:52.359246+00:00 done case C-0280 round=1 result=true
2026-06-13T21:08:53.356527+00:00 done case C-0281 round=1 result=true
2026-06-13T21:08:53.480124+00:00 done case C-0282 round=1 result=true
2026-06-13T21:08:54.467528+00:00 done case C-0283 round=1 result=true
2026-06-13T21:08:55.467731+00:00 done case C-0284 round=1 result=true
2026-06-13T21:08:55.593649+00:00 done case C-0285 round=1 result=true
2026-06-13T21:08:56.582951+00:00 done case C-0286 round=1 result=true
2026-06-13T21:08:57.579849+00:00 done case C-0287 round=1 result=true
2026-06-13T21:08:57.700770+00:00 done case C-0288 round=1 result=true
2026-06-13T21:08:58.707487+00:00 done case C-0289 round=1 result=true
2026-06-13T21:08:59.730584+00:00 done case C-0290 round=1 result=true
2026-06-13T21:08:59.834152+00:00 done case C-0291 round=1 result=true
2026-06-13T21:09:00.834554+00:00 done case C-0292 round=1 result=true
2026-06-13T21:09:00.956668+00:00 done case C-0293 round=1 result=true
2026-06-13T21:09:01.957406+00:00 done case C-0294 round=1 result=true
2026-06-13T21:09:02.937982+00:00 done case C-0295 round=1 result=true
2026-06-13T21:09:03.056061+00:00 done case C-0296 round=1 result=true
2026-06-13T21:09:04.034641+00:00 done case C-0297 round=1 result=true
2026-06-13T21:09:05.034031+00:00 done case C-0298 round=1 result=true
2026-06-13T21:09:05.148766+00:00 done case C-0299 round=1 result=true
2026-06-13T21:09:06.137877+00:00 done case C-0300 round=1 result=true
2026-06-13T21:09:06.256470+00:00 done case C-0301 round=1 result=true
2026-06-13T21:09:07.261046+00:00 done case C-0302 round=1 result=true
2026-06-13T21:09:08.245424+00:00 done case C-0303 round=1 result=true
2026-06-13T21:09:08.367311+00:00 done case C-0304 round=1 result=true
2026-06-13T21:09:09.146121+00:00 done case C-0305 round=1 result=true
2026-06-13T21:09:10.136539+00:00 done case C-0306 round=1 result=true
2026-06-13T21:09:10.260133+00:00 done case C-0307 round=1 result=true
2026-06-13T21:09:10.381936+00:00 done case C-0308 round=1 result=true
2026-06-13T21:09:10.500888+00:00 done case C-0309 round=1 result=true
2026-06-13T21:09:10.626016+00:00 done case C-0310 round=1 result=true
2026-06-13T21:09:10.748050+00:00 done case C-0311 round=1 result=true
2026-06-13T21:09:10.866514+00:00 done case C-0312 round=1 result=true
2026-06-13T21:09:10.990250+00:00 done case C-0313 round=1 result=true
2026-06-13T21:09:11.624524+00:00 done case C-0314 round=1 result=true
2026-06-13T21:09:11.744934+00:00 done case C-0315 round=1 result=true
2026-06-13T21:09:11.868475+00:00 done case C-0316 round=1 result=true
2026-06-13T21:09:11.993057+00:00 done case C-0317 round=1 result=true
2026-06-13T21:09:12.111260+00:00 done case C-0318 round=1 result=true
2026-06-13T21:09:12.233364+00:00 done case C-0319 round=1 result=true
2026-06-13T21:09:12.356668+00:00 done case C-0320 round=1 result=true
2026-06-13T21:09:12.483083+00:00 done case C-0321 round=1 result=true
2026-06-13T21:09:12.619064+00:00 done case C-0322 round=1 result=true
2026-06-13T21:09:13.604070+00:00 done case C-0323 round=1 result=true
2026-06-13T21:09:13.738532+00:00 done case C-0324 round=1 result=true
2026-06-13T21:09:13.870471+00:00 done case C-0325 round=1 result=true
2026-06-13T21:09:14.004816+00:00 done case C-0326 round=1 result=true
2026-06-13T21:09:14.122434+00:00 done case C-0327 round=1 result=true
2026-06-13T21:09:14.245952+00:00 done case C-0328 round=1 result=true
2026-06-13T21:09:14.366623+00:00 done case C-0329 round=1 result=true
2026-06-13T21:09:14.481164+00:00 done case C-0330 round=1 result=true
2026-06-13T21:09:15.434648+00:00 done case C-0331 round=1 result=true
2026-06-13T21:09:15.584386+00:00 done case C-0332 round=1 result=true
2026-06-13T21:09:15.701571+00:00 done case C-0333 round=1 result=true
2026-06-13T21:09:15.838089+00:00 done case C-0334 round=1 result=true
2026-06-13T21:09:15.970800+00:00 done case C-0335 round=1 result=true
2026-06-13T21:09:16.110116+00:00 done case C-0336 round=1 result=true
2026-06-13T21:09:16.250705+00:00 done case C-0337 round=1 result=true
2026-06-13T21:09:17.248739+00:00 done case C-0338 round=1 result=true
2026-06-13T21:09:17.396257+00:00 done case C-0339 round=1 result=true
2026-06-13T21:09:17.515767+00:00 done case C-0340 round=1 result=true
2026-06-13T21:09:17.635676+00:00 done case C-0341 round=1 result=true
2026-06-13T21:09:17.774632+00:00 done case C-0342 round=1 result=true
2026-06-13T21:09:17.905136+00:00 done case C-0343 round=1 result=true
2026-06-13T21:09:18.028783+00:00 done case C-0344 round=1 result=true
2026-06-13T21:09:18.170982+00:00 done case C-0345 round=1 result=true
2026-06-13T21:09:18.919870+00:00 done case C-0346 round=1 result=true
2026-06-13T21:09:19.051296+00:00 done case C-0347 round=1 result=true
2026-06-13T21:09:19.183677+00:00 done case C-0348 round=1 result=true
2026-06-13T21:09:19.319477+00:00 done case C-0349 round=1 result=true
2026-06-13T21:09:19.449198+00:00 done case C-0350 round=1 result=true
2026-06-13T21:09:19.582127+00:00 done case C-0351 round=1 result=true
2026-06-13T21:09:19.739549+00:00 done case C-0352 round=1 result=true
2026-06-13T21:09:19.904375+00:00 done case C-0353 round=1 result=true
2026-06-13T21:09:20.038999+00:00 done case C-0354 round=1 result=true
2026-06-13T21:09:20.170879+00:00 done case C-0355 round=1 result=true
2026-06-13T21:09:20.303941+00:00 done case C-0356 round=1 result=true
2026-06-13T21:09:20.440541+00:00 done case C-0357 round=1 result=true
2026-06-13T21:09:20.584483+00:00 done case C-0358 round=1 result=true
2026-06-13T21:09:20.726011+00:00 done case C-0359 round=1 result=true
2026-06-13T21:09:20.860339+00:00 done case C-0360 round=1 result=true
2026-06-13T21:09:20.993713+00:00 done case C-0361 round=1 result=true
2026-06-13T21:09:21.127087+00:00 done case C-0362 round=1 result=true
2026-06-13T21:09:21.250688+00:00 done case C-0363 round=1 result=true
2026-06-13T21:09:22.215115+00:00 done case C-0364 round=1 result=true
2026-06-13T21:09:22.360203+00:00 done case C-0365 round=1 result=true
2026-06-13T21:09:22.496940+00:00 done case C-0366 round=1 result=true
2026-06-13T21:09:22.627419+00:00 done case C-0367 round=1 result=true
2026-06-13T21:09:22.761831+00:00 done case C-0368 round=1 result=true
2026-06-13T21:09:22.894291+00:00 done case C-0369 round=1 result=true
2026-06-13T21:09:23.031658+00:00 done case C-0370 round=1 result=true
2026-06-13T21:09:23.671593+00:00 done case C-0371 round=1 result=true
2026-06-13T21:09:23.814942+00:00 done case C-0372 round=1 result=true
2026-06-13T21:09:23.950675+00:00 done case C-0373 round=1 result=true
2026-06-13T21:09:24.084880+00:00 done case C-0374 round=1 result=true
2026-06-13T21:09:24.215406+00:00 done case C-0375 round=1 result=true
2026-06-13T21:09:24.334665+00:00 done case C-0376 round=1 result=true
2026-06-13T21:09:24.470166+00:00 done case C-0377 round=1 result=true
2026-06-13T21:09:24.614669+00:00 done case C-0378 round=1 result=true
2026-06-13T21:09:24.784431+00:00 done case C-0379 round=1 result=true
2026-06-13T21:09:24.915161+00:00 done case C-0380 round=1 result=true
2026-06-13T21:09:25.048427+00:00 done case C-0381 round=1 result=true
2026-06-13T21:09:25.182238+00:00 done case C-0382 round=1 result=true
2026-06-13T21:09:25.316192+00:00 done case C-0383 round=1 result=true
2026-06-13T21:09:25.448960+00:00 done case C-0384 round=1 result=true
2026-06-13T21:09:25.566777+00:00 done case C-0385 round=1 result=true
2026-06-13T21:09:25.692549+00:00 done case C-0386 round=1 result=true
2026-06-13T21:09:25.830544+00:00 done case C-0387 round=1 result=true
2026-06-13T21:09:25.960166+00:00 done case C-0388 round=1 result=true
2026-06-13T21:09:26.095589+00:00 done case C-0389 round=1 result=true
2026-06-13T21:09:26.227946+00:00 done case C-0390 round=1 result=true
2026-06-13T21:09:26.361476+00:00 done case C-0391 round=1 result=true
2026-06-13T21:09:26.505115+00:00 done case C-0392 round=1 result=true
2026-06-13T21:09:27.538250+00:00 done case C-0393 round=1 result=true
2026-06-13T21:09:27.670200+00:00 done case C-0394 round=1 result=true
2026-06-13T21:09:27.806738+00:00 done case C-0395 round=1 result=true
2026-06-13T21:09:27.938711+00:00 done case C-0396 round=1 result=true
2026-06-13T21:09:28.070589+00:00 done case C-0397 round=1 result=true
2026-06-13T21:09:28.204988+00:00 done case C-0398 round=1 result=true
2026-06-13T21:09:28.348328+00:00 done case C-0399 round=1 result=true
2026-06-13T21:09:29.349284+00:00 done case C-0400 round=1 result=true
2026-06-13T21:09:29.484232+00:00 done case C-0401 round=1 result=true
2026-06-13T21:09:29.615602+00:00 done case C-0402 round=1 result=true
2026-06-13T21:09:29.752194+00:00 done case C-0403 round=1 result=true
2026-06-13T21:09:29.883601+00:00 done case C-0404 round=1 result=true
2026-06-13T21:09:30.027045+00:00 done case C-0405 round=1 result=true
2026-06-13T21:09:30.159796+00:00 done case C-0406 round=1 result=true
2026-06-13T21:09:31.176075+00:00 done case C-0407 round=1 result=true
2026-06-13T21:09:31.317139+00:00 done case C-0408 round=1 result=true
2026-06-13T21:09:31.448597+00:00 done case C-0409 round=1 result=true
2026-06-13T21:09:31.582778+00:00 done case C-0410 round=1 result=true
2026-06-13T21:09:31.715097+00:00 done case C-0411 round=1 result=true
2026-06-13T21:09:31.861276+00:00 done case C-0412 round=1 result=true
2026-06-13T21:09:31.993066+00:00 done case C-0413 round=1 result=true
2026-06-13T21:09:32.126566+00:00 done case C-0414 round=1 result=true
2026-06-13T21:09:33.130074+00:00 done case C-0415 round=1 result=true
2026-06-13T21:09:33.259855+00:00 done case C-0416 round=1 result=true
2026-06-13T21:09:33.393920+00:00 done case C-0417 round=1 result=true
2026-06-13T21:09:33.531739+00:00 done case C-0418 round=1 result=true
2026-06-13T21:09:33.670867+00:00 done case C-0419 round=1 result=true
2026-06-13T21:09:33.810247+00:00 done case C-0420 round=1 result=true
2026-06-13T21:09:33.938210+00:00 done case C-0421 round=1 result=true
2026-06-13T21:09:34.938654+00:00 done case C-0422 round=1 result=true
2026-06-13T21:09:35.071732+00:00 done case C-0423 round=1 result=true
2026-06-13T21:09:35.205792+00:00 done case C-0424 round=1 result=true
2026-06-13T21:09:35.337887+00:00 done case C-0425 round=1 result=true
2026-06-13T21:09:35.471228+00:00 done case C-0426 round=1 result=true
2026-06-13T21:09:35.608863+00:00 done case C-0427 round=1 result=true
2026-06-13T21:09:35.747796+00:00 done case C-0428 round=1 result=true
2026-06-13T21:09:36.760640+00:00 done case C-0429 round=1 result=true
2026-06-13T21:09:36.897345+00:00 done case C-0430 round=1 result=true
2026-06-13T21:09:37.026727+00:00 done case C-0431 round=1 result=true
2026-06-13T21:09:37.166818+00:00 done case C-0432 round=1 result=true
2026-06-13T21:09:37.327129+00:00 done case C-0433 round=1 result=true
2026-06-13T21:09:37.462462+00:00 done case C-0434 round=1 result=true
2026-06-13T21:09:37.596166+00:00 done case C-0435 round=1 result=true
2026-06-13T21:09:37.725949+00:00 done case C-0436 round=1 result=true
2026-06-13T21:09:38.527336+00:00 done case C-0437 round=1 result=true
2026-06-13T21:09:38.695479+00:00 done case C-0438 round=1 result=true
2026-06-13T21:09:38.826214+00:00 done case C-0439 round=1 result=true
2026-06-13T21:09:38.962494+00:00 done case C-0440 round=1 result=true
2026-06-13T21:09:39.096292+00:00 done case C-0441 round=1 result=true
2026-06-13T21:09:39.228450+00:00 done case C-0442 round=1 result=true
2026-06-13T21:09:39.359869+00:00 done case C-0443 round=1 result=true
2026-06-13T21:09:40.394716+00:00 done case C-0444 round=1 result=true
2026-06-13T21:09:40.526071+00:00 done case C-0445 round=1 result=true
2026-06-13T21:09:40.659731+00:00 done case C-0446 round=1 result=true
2026-06-13T21:09:40.793133+00:00 done case C-0447 round=1 result=true
2026-06-13T21:09:40.927582+00:00 done case C-0448 round=1 result=true
2026-06-13T21:09:41.060174+00:00 done case C-0449 round=1 result=true
2026-06-13T21:09:41.193077+00:00 done case C-0450 round=1 result=true
2026-06-13T21:09:42.193527+00:00 done case C-0451 round=1 result=true
2026-06-13T21:09:42.326077+00:00 done case C-0452 round=1 result=true
2026-06-13T21:09:42.461288+00:00 done case C-0453 round=1 result=true
2026-06-13T21:09:42.592812+00:00 done case C-0454 round=1 result=true
2026-06-13T21:09:42.728538+00:00 done case C-0455 round=1 result=true
2026-06-13T21:09:42.859876+00:00 done case C-0456 round=1 result=true
2026-06-13T21:09:42.993169+00:00 done case C-0457 round=1 result=true
2026-06-13T21:09:43.129054+00:00 done case C-0458 round=1 result=true
2026-06-13T21:09:43.871680+00:00 done case C-0459 round=1 result=true
2026-06-13T21:09:44.003804+00:00 done case C-0460 round=1 result=true
2026-06-13T21:09:44.145822+00:00 done case C-0461 round=1 result=true
2026-06-13T21:09:44.285319+00:00 done case C-0462 round=1 result=true
2026-06-13T21:09:44.430325+00:00 done case C-0463 round=1 result=true
2026-06-13T21:09:44.562796+00:00 done case C-0464 round=1 result=true
2026-06-13T21:09:44.693168+00:00 done case C-0465 round=1 result=true
2026-06-13T21:09:44.862897+00:00 done case C-0466 round=1 result=true
2026-06-13T21:09:44.992171+00:00 done case C-0467 round=1 result=true
2026-06-13T21:09:45.126194+00:00 done case C-0468 round=1 result=true
2026-06-13T21:09:45.262882+00:00 done case C-0469 round=1 result=true
2026-06-13T21:09:45.396009+00:00 done case C-0470 round=1 result=true
2026-06-13T21:09:45.529582+00:00 done case C-0471 round=1 result=true
2026-06-13T21:09:45.661049+00:00 done case C-0472 round=1 result=true
2026-06-13T21:09:45.792338+00:00 done case C-0473 round=1 result=true
2026-06-13T21:09:45.929166+00:00 done case C-0474 round=1 result=true
2026-06-13T21:09:46.062286+00:00 done case C-0475 round=1 result=true
2026-06-13T21:09:46.196212+00:00 done case C-0476 round=1 result=true
2026-06-13T21:09:46.325349+00:00 done case C-0477 round=1 result=true
2026-06-13T21:09:46.460696+00:00 done case C-0478 round=1 result=true
2026-06-13T21:09:46.595431+00:00 done case C-0479 round=1 result=true
2026-06-13T21:09:46.731203+00:00 done case C-0480 round=1 result=true
2026-06-13T21:09:46.861218+00:00 done case C-0481 round=1 result=true
2026-06-13T21:09:46.994314+00:00 done case C-0482 round=1 result=true
2026-06-13T21:09:47.128396+00:00 done case C-0483 round=1 result=true
2026-06-13T21:09:47.260782+00:00 done case C-0484 round=1 result=true
2026-06-13T21:09:47.394360+00:00 done case C-0485 round=1 result=true
2026-06-13T21:09:47.525902+00:00 done case C-0486 round=1 result=true
2026-06-13T21:09:47.659391+00:00 done case C-0487 round=1 result=true
2026-06-13T21:09:47.797932+00:00 done case C-0488 round=1 result=true
2026-06-13T21:09:47.937988+00:00 done case C-0489 round=1 result=true
2026-06-13T21:09:48.078382+00:00 done case C-0490 round=1 result=true
2026-06-13T21:09:48.216816+00:00 done case C-0491 round=1 result=true
2026-06-13T21:09:48.360274+00:00 done case C-0492 round=1 result=true
2026-06-13T21:09:48.504408+00:00 done case C-0493 round=1 result=true
2026-06-13T21:09:48.648376+00:00 done case C-0494 round=1 result=true
2026-06-13T21:09:48.793073+00:00 done case C-0495 round=1 result=true
2026-06-13T21:09:48.938262+00:00 done case C-0496 round=1 result=true
2026-06-13T21:09:49.081853+00:00 done case C-0497 round=1 result=true
2026-06-13T21:09:49.227298+00:00 done case C-0498 round=1 result=true
2026-06-13T21:09:49.371087+00:00 done case C-0499 round=1 result=true
2026-06-13T21:09:49.515267+00:00 done case C-0500 round=1 result=true
2026-06-13T21:09:49.660424+00:00 done case C-0501 round=1 result=true
2026-06-13T21:09:49.805738+00:00 done case C-0502 round=1 result=true
2026-06-13T21:09:49.948532+00:00 done case C-0503 round=1 result=true
2026-06-13T21:09:50.092811+00:00 done case C-0504 round=1 result=true
2026-06-13T21:09:50.237922+00:00 done case C-0505 round=1 result=true
2026-06-13T21:09:50.383834+00:00 done case C-0506 round=1 result=true
2026-06-13T21:09:50.525876+00:00 done case C-0507 round=1 result=true
2026-06-13T21:09:50.670965+00:00 done case C-0508 round=1 result=true
2026-06-13T21:09:50.815319+00:00 done case C-0509 round=1 result=true
2026-06-13T21:09:50.959781+00:00 done case C-0510 round=1 result=true
2026-06-13T21:09:51.104536+00:00 done case C-0511 round=1 result=true
2026-06-13T21:09:52.149257+00:00 done case C-0512 round=1 result=true
2026-06-13T21:09:52.293900+00:00 done case C-0513 round=1 result=true
2026-06-13T21:09:52.439914+00:00 done case C-0514 round=1 result=true
2026-06-13T21:09:52.577582+00:00 done case C-0515 round=1 result=true
2026-06-13T21:09:52.714981+00:00 done case C-0516 round=1 result=true
2026-06-13T21:09:52.856241+00:00 done case C-0517 round=1 result=true
2026-06-13T21:09:52.994614+00:00 done case C-0518 round=1 result=true
2026-06-13T21:09:54.027443+00:00 done case C-0519 round=1 result=true
2026-06-13T21:09:54.171538+00:00 done case C-0520 round=1 result=true
2026-06-13T21:09:54.326541+00:00 done case C-0521 round=1 result=true
2026-06-13T21:09:54.467935+00:00 done case C-0522 round=1 result=true
2026-06-13T21:09:54.615683+00:00 done case C-0523 round=1 result=true
2026-06-13T21:09:54.760904+00:00 done case C-0524 round=1 result=true
2026-06-13T21:09:55.783033+00:00 done case C-0525 round=1 result=true
2026-06-13T21:09:55.927229+00:00 done case C-0526 round=1 result=true
2026-06-13T21:09:56.071315+00:00 done case C-0527 round=1 result=true
2026-06-13T21:09:56.215507+00:00 done case C-0528 round=1 result=true
2026-06-13T21:09:56.361939+00:00 done case C-0529 round=1 result=true
2026-06-13T21:09:56.504291+00:00 done case C-0530 round=1 result=true
2026-06-13T21:09:56.648074+00:00 done case C-0531 round=1 result=true
2026-06-13T21:09:57.671726+00:00 done case C-0532 round=1 result=true
2026-06-13T21:09:57.814199+00:00 done case C-0533 round=1 result=true
2026-06-13T21:09:57.949926+00:00 done case C-0534 round=1 result=true
2026-06-13T21:09:58.082915+00:00 done case C-0535 round=1 result=true
2026-06-13T21:09:58.226006+00:00 done case C-0536 round=1 result=true
2026-06-13T21:09:58.363804+00:00 done case C-0537 round=1 result=true
2026-06-13T21:09:58.500901+00:00 done case C-0538 round=1 result=true
2026-06-13T21:09:58.644370+00:00 done case C-0539 round=1 result=true
2026-06-13T21:09:59.659780+00:00 done case C-0540 round=1 result=true
2026-06-13T21:09:59.792740+00:00 done case C-0541 round=1 result=true
2026-06-13T21:09:59.926814+00:00 done case C-0542 round=1 result=true
2026-06-13T21:10:00.070903+00:00 done case C-0543 round=1 result=true
2026-06-13T21:10:00.204741+00:00 done case C-0544 round=1 result=true
2026-06-13T21:10:00.348088+00:00 done case C-0545 round=1 result=true
2026-06-13T21:10:00.476900+00:00 done case C-0546 round=1 result=true
2026-06-13T21:10:01.493153+00:00 done case C-0547 round=1 result=true
2026-06-13T21:10:01.625756+00:00 done case C-0548 round=1 result=true
2026-06-13T21:10:01.762768+00:00 done case C-0549 round=1 result=true
2026-06-13T21:10:01.904021+00:00 done case C-0550 round=1 result=true
2026-06-13T21:10:02.037738+00:00 done case C-0551 round=1 result=true
2026-06-13T21:10:02.182672+00:00 done case C-0552 round=1 result=true
2026-06-13T21:10:02.327248+00:00 done case C-0553 round=1 result=true
2026-06-13T21:10:03.326086+00:00 done case C-0554 round=1 result=true
2026-06-13T21:10:03.462523+00:00 done case C-0555 round=1 result=true
2026-06-13T21:10:03.603972+00:00 done case C-0556 round=1 result=true
2026-06-13T21:10:03.736509+00:00 done case C-0557 round=1 result=true
2026-06-13T21:10:03.870970+00:00 done case C-0558 round=1 result=true
2026-06-13T21:10:04.010384+00:00 done case C-0559 round=1 result=true
2026-06-13T21:10:04.148411+00:00 done case C-0560 round=1 result=true
2026-06-13T21:10:05.164342+00:00 done case C-0561 round=1 result=true
2026-06-13T21:10:05.304199+00:00 done case C-0562 round=1 result=true
2026-06-13T21:10:05.432210+00:00 done case C-0563 round=1 result=true
2026-06-13T21:10:05.573900+00:00 done case C-0564 round=1 result=true
2026-06-13T21:10:05.725083+00:00 done case C-0565 round=1 result=true
2026-06-13T21:10:05.858836+00:00 done case C-0566 round=1 result=true
2026-06-13T21:10:05.993606+00:00 done case C-0567 round=1 result=true
2026-06-13T21:10:06.969899+00:00 done case C-0568 round=1 result=true
2026-06-13T21:10:07.103418+00:00 done case C-0569 round=1 result=true
2026-06-13T21:10:07.236957+00:00 done case C-0570 round=1 result=true
2026-06-13T21:10:07.371378+00:00 done case C-0571 round=1 result=true
2026-06-13T21:10:07.518238+00:00 done case C-0572 round=1 result=true
2026-06-13T21:10:07.674343+00:00 done case C-0573 round=1 result=true
2026-06-13T21:10:07.814895+00:00 done case C-0574 round=1 result=true
2026-06-13T21:10:07.948903+00:00 done case C-0575 round=1 result=true
2026-06-13T21:10:08.948747+00:00 done case C-0576 round=1 result=true
2026-06-13T21:10:09.083181+00:00 done case C-0577 round=1 result=true
2026-06-13T21:10:09.228991+00:00 done case C-0578 round=1 result=true
2026-06-13T21:10:09.348630+00:00 done function A1 round=2 result=true
2026-06-13T21:10:09.459718+00:00 done function A2 round=2 result=true
2026-06-13T21:10:09.581476+00:00 done function A3 round=2 result=true
2026-06-13T21:10:09.692510+00:00 done function A4 round=2 result=true
2026-06-13T21:10:09.814791+00:00 done function A5 round=2 result=true
2026-06-13T21:10:10.805523+00:00 done function A6 round=2 result=true
2026-06-13T21:10:10.913640+00:00 done function A7 round=2 result=true
2026-06-13T21:10:11.022670+00:00 done function A8 round=2 result=true
2026-06-13T21:10:11.148853+00:00 done function A9 round=2 result=true
2026-06-13T21:10:11.270263+00:00 done function T1 round=2 result=true
2026-06-13T21:10:11.395845+00:00 done function T2 round=2 result=true
2026-06-13T21:10:11.537697+00:00 done function T3 round=2 result=true
2026-06-13T21:10:11.659768+00:00 done function T4 round=2 result=true
2026-06-13T21:10:12.675708+00:00 done function T5 round=2 result=true
2026-06-13T21:10:12.801745+00:00 done function T6 round=2 result=true
2026-06-13T21:10:12.928761+00:00 done function T7 round=2 result=true
2026-06-13T21:10:13.061463+00:00 done function T8 round=2 result=true
2026-06-13T21:10:13.181526+00:00 done function T9 round=2 result=true
2026-06-13T21:10:13.315605+00:00 done function T10 round=2 result=true
2026-06-13T21:10:13.437337+00:00 done function T11 round=2 result=true
2026-06-13T21:10:13.562188+00:00 done function T12 round=2 result=true
2026-06-13T21:10:14.538080+00:00 done function T13 round=2 result=true
2026-06-13T21:10:14.658857+00:00 done function T14 round=2 result=true
2026-06-13T21:10:14.793296+00:00 done function T15 round=2 result=true
2026-06-13T21:10:14.928279+00:00 done function T16 round=2 result=true
2026-06-13T21:10:15.058697+00:00 done function T17 round=2 result=true
2026-06-13T21:10:15.197102+00:00 done function T18 round=2 result=true
2026-06-13T21:10:15.329146+00:00 done function T19 round=2 result=true
2026-06-13T21:10:16.337293+00:00 done function T20 round=2 result=true
2026-06-13T21:10:16.459390+00:00 done function T21 round=2 result=true
2026-06-13T21:10:16.581766+00:00 done function T22 round=2 result=true
2026-06-13T21:10:16.716338+00:00 done function T23 round=2 result=true
2026-06-13T21:10:16.837419+00:00 done function T24 round=2 result=true
2026-06-13T21:10:16.961976+00:00 done function T25 round=2 result=true
2026-06-13T21:10:17.100932+00:00 done function T26 round=2 result=true
2026-06-13T21:10:17.239015+00:00 done function T27 round=2 result=true
2026-06-13T21:10:18.241781+00:00 done function T28 round=2 result=true
2026-06-13T21:10:18.381664+00:00 done function T29 round=2 result=true
2026-06-13T21:10:18.529110+00:00 done function T30 round=2 result=true
2026-06-13T21:10:18.669859+00:00 done function T31 round=2 result=true
2026-06-13T21:10:18.814641+00:00 done function T32 round=2 result=true
2026-06-13T21:10:18.948392+00:00 done function T33 round=2 result=true
2026-06-13T21:10:19.080949+00:00 done function T34 round=2 result=true
2026-06-13T21:10:20.081449+00:00 done function T35 round=2 result=true
2026-06-13T21:10:20.225309+00:00 done function T36 round=2 result=true
2026-06-13T21:10:20.362514+00:00 done function T37 round=2 result=true
2026-06-13T21:10:20.502614+00:00 done function T38 round=2 result=true
2026-06-13T21:10:20.640844+00:00 done function T39 round=2 result=true
2026-06-13T21:10:20.781287+00:00 done function D1 round=2 result=true
2026-06-13T21:10:20.915698+00:00 done function D2 round=2 result=true
2026-06-13T21:10:21.927818+00:00 done function D3 round=2 result=true
2026-06-13T21:10:22.072694+00:00 done function D4 round=2 result=true
2026-06-13T21:10:22.222714+00:00 done function D5 round=2 result=true
2026-06-13T21:10:22.372265+00:00 done function D6 round=2 result=true
2026-06-13T21:10:22.506438+00:00 done function D7 round=2 result=true
2026-06-13T21:10:22.638478+00:00 done function D8 round=2 result=true
2026-06-13T21:10:22.781677+00:00 done function D9 round=2 result=true
2026-06-13T21:10:23.584280+00:00 done function D10 round=2 result=true
2026-06-13T21:10:23.735639+00:00 done function D11 round=2 result=true
2026-06-13T21:10:23.873933+00:00 done function D12 round=2 result=true
2026-06-13T21:10:24.003497+00:00 done function D13 round=2 result=true
2026-06-13T21:10:24.137491+00:00 done function D14 round=2 result=true
2026-06-13T21:10:24.281116+00:00 done function D15 round=2 result=true
2026-06-13T21:10:24.414295+00:00 done function D16 round=2 result=true
2026-06-13T21:10:24.560272+00:00 done function D17 round=2 result=true
2026-06-13T21:10:25.604091+00:00 done function D18 round=2 result=true
2026-06-13T21:10:25.738653+00:00 done function D19 round=2 result=true
2026-06-13T21:10:25.882324+00:00 done function D20 round=2 result=true
2026-06-13T21:10:26.015743+00:00 done function D21 round=2 result=true
2026-06-13T21:10:26.148431+00:00 done function D22 round=2 result=true
2026-06-13T21:10:26.282709+00:00 done function D23 round=2 result=true
2026-06-13T21:10:26.436841+00:00 done function D24 round=2 result=true
2026-06-13T21:10:27.430075+00:00 done function D25 round=2 result=true
2026-06-13T21:10:27.570402+00:00 done function D26 round=2 result=true
2026-06-13T21:10:27.707121+00:00 done function D27 round=2 result=true
2026-06-13T21:10:27.848007+00:00 done function D28 round=2 result=true
2026-06-13T21:10:27.981016+00:00 done function D29 round=2 result=true
2026-06-13T21:10:28.126378+00:00 done function D30 round=2 result=true
2026-06-13T21:10:28.263537+00:00 done function D31 round=2 result=true
2026-06-13T21:10:29.283781+00:00 done function D32 round=2 result=true
2026-06-13T21:10:29.415612+00:00 done function D33 round=2 result=true
2026-06-13T21:10:29.550911+00:00 done function D34 round=2 result=true
2026-06-13T21:10:29.696131+00:00 done function D35 round=2 result=true
2026-06-13T21:10:29.837354+00:00 done function D36 round=2 result=true
2026-06-13T21:10:29.992609+00:00 done function D37 round=2 result=true
2026-06-13T21:10:30.125453+00:00 done function D38 round=2 result=true
2026-06-13T21:10:31.103557+00:00 done function D39 round=2 result=true
2026-06-13T21:10:31.249377+00:00 done function D40 round=2 result=true
2026-06-13T21:10:32.268635+00:00 done function D41 round=2 result=true
2026-06-13T21:10:33.248812+00:00 done function D42 round=2 result=true
2026-06-13T21:10:33.396150+00:00 done function D43 round=2 result=true
2026-06-13T21:10:34.429110+00:00 done function D44 round=2 result=true
2026-06-13T21:10:35.439030+00:00 done function D45 round=2 result=true
2026-06-13T21:10:36.449600+00:00 done function D46 round=2 result=true
2026-06-13T21:10:37.459875+00:00 done function D47 round=2 result=true
2026-06-13T21:10:37.593549+00:00 done function D48 round=2 result=true
2026-06-13T21:10:38.604456+00:00 done function D49 round=2 result=true
2026-06-13T21:10:39.631910+00:00 done function D50 round=2 result=true
2026-06-13T21:10:40.637707+00:00 done function D51 round=2 result=true
2026-06-13T21:10:41.647330+00:00 done function D52 round=2 result=true
2026-06-13T21:10:42.638777+00:00 done function D53 round=2 result=true
2026-06-13T21:10:42.771415+00:00 done function D54 round=2 result=true
2026-06-13T21:10:43.781133+00:00 done function D55 round=2 result=true
2026-06-13T21:10:44.777101+00:00 done function D56 round=2 result=true
2026-06-13T21:10:45.582112+00:00 done function D57 round=2 result=true
2026-06-13T21:10:45.747317+00:00 done function D58 round=2 result=true
2026-06-13T21:10:45.880544+00:00 done function D59 round=2 result=true
2026-06-13T21:10:46.014667+00:00 done function D60 round=2 result=true
2026-06-13T21:10:46.147118+00:00 done function D61 round=2 result=true
2026-06-13T21:10:46.281741+00:00 done function D62 round=2 result=true
2026-06-13T21:10:46.425282+00:00 done function D63 round=2 result=true
2026-06-13T21:10:46.576339+00:00 done function D64 round=2 result=true
2026-06-13T21:10:46.692828+00:00 done function D65 round=2 result=true
2026-06-13T21:10:46.826714+00:00 done function D66 round=2 result=true
2026-06-13T21:10:46.959373+00:00 done function D67 round=2 result=true
2026-06-13T21:10:47.094073+00:00 done function D72 round=2 result=true
2026-06-13T21:10:47.226057+00:00 done function D73 round=2 result=true
2026-06-13T21:10:47.358606+00:00 done function D74 round=2 result=true
2026-06-13T21:10:47.503981+00:00 done function D75 round=2 result=true
2026-06-13T21:10:47.637715+00:00 done function D76 round=2 result=true
2026-06-13T21:10:47.770751+00:00 done function D77 round=2 result=true
2026-06-13T21:10:47.904717+00:00 done function D84 round=2 result=true
2026-06-13T21:10:48.036707+00:00 done function D85 round=2 result=true
2026-06-13T21:10:48.169790+00:00 done function D86 round=2 result=true
2026-06-13T21:10:48.316083+00:00 done function D87 round=2 result=true
2026-06-13T21:10:48.447780+00:00 done function D88 round=2 result=true
2026-06-13T21:10:48.581394+00:00 done function D89 round=2 result=true
2026-06-13T21:10:48.714582+00:00 done function D90 round=2 result=true
2026-06-13T21:10:48.849578+00:00 done function D91 round=2 result=true
2026-06-13T21:10:48.980921+00:00 done function D92 round=2 result=true
2026-06-13T21:10:49.126024+00:00 done function D93 round=2 result=true
2026-06-13T21:10:49.260716+00:00 done function D94 round=2 result=true
2026-06-13T21:10:49.394388+00:00 done function D95 round=2 result=true
2026-06-13T21:10:49.525527+00:00 done function D96 round=2 result=true
2026-06-13T21:10:49.662729+00:00 done function D97 round=2 result=true
2026-06-13T21:10:49.794052+00:00 done function D98 round=2 result=true
2026-06-13T21:10:49.939606+00:00 done function D99 round=2 result=true
2026-06-13T21:10:50.070597+00:00 done function D100 round=2 result=true
2026-06-13T21:10:50.211057+00:00 done function D101 round=2 result=true
2026-06-13T21:10:50.326317+00:00 done function D102 round=2 result=true
2026-06-13T21:10:50.467173+00:00 done function D103 round=2 result=true
2026-06-13T21:10:50.583767+00:00 done function D104 round=2 result=true
2026-06-13T21:10:50.714258+00:00 done function D105 round=2 result=true
2026-06-13T21:10:50.859063+00:00 done function D106 round=2 result=true
2026-06-13T21:10:50.992199+00:00 done function D107 round=2 result=true
2026-06-13T21:10:51.127225+00:00 done function D108 round=2 result=true
2026-06-13T21:10:51.265534+00:00 done function D109 round=2 result=true
2026-06-13T21:10:51.382800+00:00 done function D110 round=2 result=true
2026-06-13T21:10:51.529868+00:00 done function D111 round=2 result=true
2026-06-13T21:10:52.514673+00:00 done function D112 round=2 result=true
2026-06-13T21:10:52.659061+00:00 done function D113 round=2 result=true
2026-06-13T21:10:52.791299+00:00 done function D114 round=2 result=true
2026-06-13T21:10:52.927961+00:00 done function D115 round=2 result=true
2026-06-13T21:10:53.065322+00:00 done function D116 round=2 result=true
2026-06-13T21:10:53.181365+00:00 done function D117 round=2 result=true
2026-06-13T21:10:53.314082+00:00 done function D118 round=2 result=true
2026-06-13T21:10:53.448343+00:00 done function D119 round=2 result=true
2026-06-13T21:10:54.474187+00:00 done function D120 round=2 result=true
2026-06-13T21:10:54.604393+00:00 done function D121 round=2 result=true
2026-06-13T21:10:54.738775+00:00 done function D122 round=2 result=true
2026-06-13T21:10:54.874269+00:00 done function D123 round=2 result=true
2026-06-13T21:10:55.014555+00:00 done function D124 round=2 result=true
2026-06-13T21:10:55.148674+00:00 done function D125 round=2 result=true
2026-06-13T21:10:55.291780+00:00 done function D126 round=2 result=true
2026-06-13T21:10:56.284308+00:00 done function D127 round=2 result=true
2026-06-13T21:10:56.414922+00:00 done function D128 round=2 result=true
2026-06-13T21:10:56.548107+00:00 done function D129 round=2 result=true
2026-06-13T21:10:56.692432+00:00 done function D130 round=2 result=true
2026-06-13T21:10:56.827711+00:00 done function D131 round=2 result=true
2026-06-13T21:10:56.968951+00:00 done function D132 round=2 result=true
2026-06-13T21:10:57.105353+00:00 done function D133 round=2 result=true
2026-06-13T21:10:58.084597+00:00 done function D134 round=2 result=true
2026-06-13T21:10:58.224433+00:00 done function D135 round=2 result=true
2026-06-13T21:10:58.359137+00:00 done function D136 round=2 result=true
2026-06-13T21:10:58.495425+00:00 done function D137 round=2 result=true
2026-06-13T21:10:58.648482+00:00 done function D138 round=2 result=true
2026-06-13T21:10:58.781649+00:00 done function D139 round=2 result=true
2026-06-13T21:10:58.914569+00:00 done function D140 round=2 result=true
2026-06-13T21:10:59.048438+00:00 done function D141 round=2 result=true
2026-06-13T21:11:00.014550+00:00 done function D142 round=2 result=true
2026-06-13T21:11:00.147265+00:00 done function D143 round=2 result=true
2026-06-13T21:11:00.291892+00:00 done function D144 round=2 result=true
2026-06-13T21:11:00.425783+00:00 done function D145 round=2 result=true
2026-06-13T21:11:00.560945+00:00 done function D146 round=2 result=true
2026-06-13T21:11:00.693668+00:00 done function D147 round=2 result=true
2026-06-13T21:11:00.828675+00:00 done function D148 round=2 result=true
2026-06-13T21:11:01.793968+00:00 done function D149 round=2 result=true
2026-06-13T21:11:01.937071+00:00 done function D150 round=2 result=true
2026-06-13T21:11:02.072673+00:00 done function D151 round=2 result=true
2026-06-13T21:11:02.207151+00:00 done function D152 round=2 result=true
2026-06-13T21:11:02.336680+00:00 done function D153 round=2 result=true
2026-06-13T21:11:02.470640+00:00 done function D154 round=2 result=true
2026-06-13T21:11:02.610301+00:00 done function D155 round=2 result=true
2026-06-13T21:11:03.571367+00:00 done function D156 round=2 result=true
2026-06-13T21:11:03.707265+00:00 done function D157 round=2 result=true
2026-06-13T21:11:03.849824+00:00 done function D158 round=2 result=true
2026-06-13T21:11:03.987728+00:00 done function D159 round=2 result=true
2026-06-13T21:11:04.109711+00:00 done function D160 round=2 result=true
2026-06-13T21:11:04.225109+00:00 done function D161 round=2 result=true
2026-06-13T21:11:04.371594+00:00 done function D162 round=2 result=true
2026-06-13T21:11:04.512898+00:00 done function D163 round=2 result=true
2026-06-13T21:11:05.492920+00:00 done function D164 round=2 result=true
2026-06-13T21:11:05.627269+00:00 done function D165 round=2 result=true
2026-06-13T21:11:05.758383+00:00 done function D166 round=2 result=true
2026-06-13T21:11:05.903370+00:00 done function D167 round=2 result=true
2026-06-13T21:11:06.036149+00:00 done function D168 round=2 result=true
2026-06-13T21:11:06.177359+00:00 done function D169 round=2 result=true
2026-06-13T21:11:06.302313+00:00 done function D170 round=2 result=true
2026-06-13T21:11:07.291684+00:00 done function D171 round=2 result=true
2026-06-13T21:11:07.406499+00:00 done function D172 round=2 result=true
2026-06-13T21:11:07.543495+00:00 done function D173 round=2 result=true
2026-06-13T21:11:07.669589+00:00 done function D174 round=2 result=true
2026-06-13T21:11:07.802565+00:00 done function D175 round=2 result=true
2026-06-13T21:11:07.943350+00:00 done function D176 round=2 result=true
2026-06-13T21:11:08.057939+00:00 done function D177 round=2 result=true
2026-06-13T21:11:08.199154+00:00 done function D178 round=2 result=true
2026-06-13T21:11:08.958690+00:00 done function D179 round=2 result=true
2026-06-13T21:11:09.103006+00:00 done function D180 round=2 result=true
2026-06-13T21:11:09.238793+00:00 done function D181 round=2 result=true
2026-06-13T21:11:09.374890+00:00 done function D182 round=2 result=true
2026-06-13T21:11:09.503046+00:00 done function D183 round=2 result=true
2026-06-13T21:11:09.642624+00:00 done function D184 round=2 result=true
2026-06-13T21:11:09.767250+00:00 done function D185 round=2 result=true
2026-06-13T21:11:09.932893+00:00 done function D186 round=2 result=true
2026-06-13T21:11:10.070333+00:00 done function D187 round=2 result=true
2026-06-13T21:11:10.203556+00:00 done function D188 round=2 result=true
2026-06-13T21:11:10.337340+00:00 done function D189 round=2 result=true
2026-06-13T21:11:10.471413+00:00 done function D190 round=2 result=true
2026-06-13T21:11:10.603764+00:00 done function D191 round=2 result=true
2026-06-13T21:11:10.745971+00:00 done function D192 round=2 result=true
2026-06-13T21:11:10.858863+00:00 done function D193 round=2 result=true
2026-06-13T21:11:11.011695+00:00 done function D194 round=2 result=true
2026-06-13T21:11:11.139860+00:00 done function D195 round=2 result=true
2026-06-13T21:11:11.270062+00:00 done function D196 round=2 result=true
2026-06-13T21:11:11.404051+00:00 done function D197 round=2 result=true
2026-06-13T21:11:11.536032+00:00 done function D198 round=2 result=true
2026-06-13T21:11:11.669817+00:00 done function D199 round=2 result=true
2026-06-13T21:11:11.820782+00:00 done function D200 round=2 result=true
2026-06-13T21:11:11.948325+00:00 done function D201 round=2 result=true
2026-06-13T21:11:12.081246+00:00 done function D202 round=2 result=true
2026-06-13T21:11:12.213783+00:00 done function D203 round=2 result=true
2026-06-13T21:11:12.348545+00:00 done function D204 round=2 result=true
2026-06-13T21:11:12.481412+00:00 done function D205 round=2 result=true
2026-06-13T21:11:12.614068+00:00 done function D206 round=2 result=true
2026-06-13T21:11:12.758060+00:00 done function D207 round=2 result=true
2026-06-13T21:11:12.899677+00:00 done function D208 round=2 result=true
2026-06-13T21:11:13.017262+00:00 done function D209 round=2 result=true
2026-06-13T21:11:13.168832+00:00 done function D210 round=2 result=true
2026-06-13T21:11:13.283837+00:00 done function D211 round=2 result=true
2026-06-13T21:11:13.413550+00:00 done function D212 round=2 result=true
2026-06-13T21:11:13.547488+00:00 done function D213 round=2 result=true
2026-06-13T21:11:13.680797+00:00 done function D214 round=2 result=true
2026-06-13T21:11:13.813769+00:00 done function D215 round=2 result=true
2026-06-13T21:11:13.950746+00:00 done function D216 round=2 result=true
2026-06-13T21:11:14.082683+00:00 done function D217 round=2 result=true
2026-06-13T21:11:14.213824+00:00 done function D218 round=2 result=true
2026-06-13T21:11:14.347895+00:00 done function D219 round=2 result=true
2026-06-13T21:11:14.495569+00:00 done function D220 round=2 result=true
2026-06-13T21:11:14.625092+00:00 done function D221 round=2 result=true
2026-06-13T21:11:14.758670+00:00 done function D222 round=2 result=true
2026-06-13T21:11:14.893839+00:00 done function D223 round=2 result=true
2026-06-13T21:11:15.026638+00:00 done function D224 round=2 result=true
2026-06-13T21:11:15.160184+00:00 done function D225 round=2 result=true
2026-06-13T21:11:15.293775+00:00 done function D226 round=2 result=true
2026-06-13T21:11:15.438520+00:00 done function D227 round=2 result=true
2026-06-13T21:11:15.568990+00:00 done function D228 round=2 result=true
2026-06-13T21:11:15.703373+00:00 done function D229 round=2 result=true
2026-06-13T21:11:15.836948+00:00 done function D230 round=2 result=true
2026-06-13T21:11:15.969099+00:00 done function D231 round=2 result=true
2026-06-13T21:11:16.103126+00:00 done function D232 round=2 result=true
2026-06-13T21:11:16.236448+00:00 done function D233 round=2 result=true
2026-06-13T21:11:16.380787+00:00 done function D234 round=2 result=true
2026-06-13T21:11:16.519368+00:00 done function D235 round=2 result=true
2026-06-13T21:11:16.660711+00:00 done function D236 round=2 result=true
2026-06-13T21:11:16.790811+00:00 done function D237 round=2 result=true
2026-06-13T21:11:16.926388+00:00 done function D238 round=2 result=true
2026-06-13T21:11:17.058010+00:00 done function D239 round=2 result=true
2026-06-13T21:11:17.194324+00:00 done function D240 round=2 result=true
2026-06-13T21:11:17.341847+00:00 done function D241 round=2 result=true
2026-06-13T21:11:17.457827+00:00 done function D242 round=2 result=true
2026-06-13T21:11:17.596575+00:00 done function D243 round=2 result=true
2026-06-13T21:11:17.737481+00:00 done function D244 round=2 result=true
2026-06-13T21:11:17.869531+00:00 done function D245 round=2 result=true
2026-06-13T21:11:18.007574+00:00 done function D246 round=2 result=true
2026-06-13T21:11:18.158297+00:00 done function D247 round=2 result=true
2026-06-13T21:11:18.280152+00:00 done function D248 round=2 result=true
2026-06-13T21:11:18.403368+00:00 done function D249 round=2 result=true
2026-06-13T21:11:18.538979+00:00 done function D250 round=2 result=true
2026-06-13T21:11:18.671127+00:00 done function D251 round=2 result=true
2026-06-13T21:11:18.803840+00:00 done function D252 round=2 result=true
2026-06-13T21:11:18.936579+00:00 done function D253 round=2 result=true
2026-06-13T21:11:19.080607+00:00 done function D254 round=2 result=true
2026-06-13T21:11:19.214297+00:00 done function D255 round=2 result=true
2026-06-13T21:11:19.348107+00:00 done function D256 round=2 result=true
2026-06-13T21:11:19.472215+00:00 done function D257 round=2 result=true
2026-06-13T21:11:19.603665+00:00 done function D258 round=2 result=true
2026-06-13T21:11:19.741421+00:00 done function D259 round=2 result=true
2026-06-13T21:11:19.872903+00:00 done function D260 round=2 result=true
2026-06-13T21:11:20.020649+00:00 done function D261 round=2 result=true
2026-06-13T21:11:20.114350+00:00 done function D262 round=2 result=true
2026-06-13T21:11:20.238996+00:00 done function D263 round=2 result=true
2026-06-13T21:11:20.360630+00:00 done function D264 round=2 result=true
2026-06-13T21:11:20.481389+00:00 done function D265 round=2 result=true
2026-06-13T21:11:20.592313+00:00 done function D266 round=2 result=true
2026-06-13T21:11:20.731330+00:00 done function D267 round=2 result=true
2026-06-13T21:11:20.836949+00:00 done function D268 round=2 result=true
2026-06-13T21:11:20.957563+00:00 done function D269 round=2 result=true
2026-06-13T21:11:21.070253+00:00 done function D270 round=2 result=true
2026-06-13T21:11:21.181901+00:00 done function D271 round=2 result=true
2026-06-13T21:11:21.307795+00:00 done function D272 round=2 result=true
2026-06-13T21:11:21.406947+00:00 done function D273 round=2 result=true
2026-06-13T21:11:21.543682+00:00 done function D274 round=2 result=true
2026-06-13T21:11:21.663404+00:00 done function D275 round=2 result=true
2026-06-13T21:11:21.769852+00:00 done function D276 round=2 result=true
2026-06-13T21:11:21.893309+00:00 done function D277 round=2 result=true
2026-06-13T21:11:22.014061+00:00 done function D278 round=2 result=true
2026-06-13T21:11:22.150149+00:00 done function D279 round=2 result=true
2026-06-13T21:11:22.260369+00:00 done function D280 round=2 result=true
2026-06-13T21:11:22.392740+00:00 done function D281 round=2 result=true
2026-06-13T21:11:22.516315+00:00 done function D282 round=2 result=true
2026-06-13T21:11:22.639157+00:00 done function D283 round=2 result=true
2026-06-13T21:11:22.748800+00:00 done function D284 round=2 result=true
2026-06-13T21:11:22.871782+00:00 done function D285 round=2 result=true
2026-06-13T21:11:22.991279+00:00 done function D286 round=2 result=true
2026-06-13T21:11:23.102826+00:00 done function D287 round=2 result=true
2026-06-13T21:11:23.236401+00:00 done function D288 round=2 result=true
2026-06-13T21:11:23.360413+00:00 done function D289 round=2 result=true
2026-06-13T21:11:23.470423+00:00 done function D290 round=2 result=true
2026-06-13T21:11:23.603515+00:00 done function D291 round=2 result=true
2026-06-13T21:11:23.705608+00:00 done function D292 round=2 result=true
2026-06-13T21:11:23.827018+00:00 done function D293 round=2 result=true
2026-06-13T21:11:24.846847+00:00 done function D294 round=2 result=true
2026-06-13T21:11:24.958567+00:00 done function D295 round=2 result=true
2026-06-13T21:11:25.069134+00:00 done function D296 round=2 result=true
2026-06-13T21:11:25.182512+00:00 done function D297 round=2 result=true
2026-06-13T21:11:25.315061+00:00 done function D298 round=2 result=true
2026-06-13T21:11:25.436518+00:00 done function D299 round=2 result=true
2026-06-13T21:11:25.547819+00:00 done function D300 round=2 result=true
2026-06-13T21:11:25.680522+00:00 done function D301 round=2 result=true
2026-06-13T21:11:26.659371+00:00 done function D302 round=2 result=true
2026-06-13T21:11:26.771611+00:00 done function D303 round=2 result=true
2026-06-13T21:11:26.892392+00:00 done function D304 round=2 result=true
2026-06-13T21:11:27.005462+00:00 done function D305 round=2 result=true
2026-06-13T21:11:27.113890+00:00 done function D306 round=2 result=true
2026-06-13T21:11:27.226745+00:00 done function D307 round=2 result=true
2026-06-13T21:11:27.348931+00:00 done function D308 round=2 result=true
2026-06-13T21:11:27.470155+00:00 done function D309 round=2 result=true
2026-06-13T21:11:27.584142+00:00 done function D310 round=2 result=true
2026-06-13T21:11:28.581319+00:00 done function D311 round=2 result=true
2026-06-13T21:11:28.702866+00:00 done function D312 round=2 result=true
2026-06-13T21:11:28.813289+00:00 done function D313 round=2 result=true
2026-06-13T21:11:28.925094+00:00 done function D314 round=2 result=true
2026-06-13T21:11:29.035805+00:00 done function D315 round=2 result=true
2026-06-13T21:11:29.158614+00:00 done function D316 round=2 result=true
2026-06-13T21:11:29.272646+00:00 done function D317 round=2 result=true
2026-06-13T21:11:29.392283+00:00 done function D318 round=2 result=true
2026-06-13T21:11:30.394860+00:00 done function D319 round=2 result=true
2026-06-13T21:11:30.515178+00:00 done function D320 round=2 result=true
2026-06-13T21:11:30.647916+00:00 done function D321 round=2 result=true
2026-06-13T21:11:30.775638+00:00 done function D322 round=2 result=true
2026-06-13T21:11:30.882355+00:00 done function D323 round=2 result=true
2026-06-13T21:11:30.990829+00:00 done function D324 round=2 result=true
2026-06-13T21:11:31.103264+00:00 done function D325 round=2 result=true
2026-06-13T21:11:31.213783+00:00 done function D326 round=2 result=true
2026-06-13T21:11:31.336479+00:00 done function D327 round=2 result=true
2026-06-13T21:11:32.306331+00:00 done function D328 round=2 result=true
2026-06-13T21:11:32.415121+00:00 done function D329 round=2 result=true
2026-06-13T21:11:32.536490+00:00 done function D330 round=2 result=true
2026-06-13T21:11:32.647742+00:00 done function D331 round=2 result=true
2026-06-13T21:11:32.774916+00:00 done function D332 round=2 result=true
2026-06-13T21:11:32.881934+00:00 done function D333 round=2 result=true
2026-06-13T21:11:32.992051+00:00 done function D334 round=2 result=true
2026-06-13T21:11:33.107799+00:00 done function D335 round=2 result=true
2026-06-13T21:11:33.213704+00:00 done function D336 round=2 result=true
2026-06-13T21:11:34.193806+00:00 done function D337 round=2 result=true
2026-06-13T21:11:34.314016+00:00 done function D338 round=2 result=true
2026-06-13T21:11:34.435427+00:00 done function D339 round=2 result=true
2026-06-13T21:11:34.547984+00:00 done function D340 round=2 result=true
2026-06-13T21:11:35.547326+00:00 done function D341 round=2 result=true
2026-06-13T21:11:36.524620+00:00 done function D342 round=2 result=true
2026-06-13T21:11:36.635626+00:00 done function D343 round=2 result=true
2026-06-13T21:11:37.613348+00:00 done function D344 round=2 result=true
2026-06-13T21:11:37.725861+00:00 done function D345 round=2 result=true
2026-06-13T21:11:38.714101+00:00 done function D346 round=2 result=true
2026-06-13T21:11:39.695017+00:00 done function D347 round=2 result=true
2026-06-13T21:11:39.824978+00:00 done function D348 round=2 result=true
2026-06-13T21:11:40.814586+00:00 done function D349 round=2 result=true
2026-06-13T21:11:41.792061+00:00 done function D350 round=2 result=true
2026-06-13T21:11:41.907124+00:00 done function D351 round=2 result=true
2026-06-13T21:11:42.892008+00:00 done function D352 round=2 result=true
2026-06-13T21:11:43.879978+00:00 done function D353 round=2 result=true
2026-06-13T21:11:43.991303+00:00 done function D354 round=2 result=true
2026-06-13T21:11:44.981050+00:00 done function D355 round=2 result=true
2026-06-13T21:11:45.960344+00:00 done function D356 round=2 result=true
2026-06-13T21:11:46.741000+00:00 done function D357 round=2 result=true
2026-06-13T21:11:46.871824+00:00 done function D358 round=2 result=true
2026-06-13T21:11:47.071573+00:00 done function D359 round=2 result=true
2026-06-13T21:11:47.180393+00:00 done function D360 round=2 result=true
2026-06-13T21:11:48.210255+00:00 done function D361 round=2 result=true
2026-06-13T21:11:48.302686+00:00 done function D362 round=2 result=true
2026-06-13T21:11:48.415089+00:00 done function D363 round=2 result=true
2026-06-13T21:11:48.526519+00:00 done function D364 round=2 result=true
2026-06-13T21:11:48.639881+00:00 done function D365 round=2 result=true
2026-06-13T21:11:48.757555+00:00 done function D366 round=2 result=true
2026-06-13T21:11:48.872941+00:00 done function D367 round=2 result=true
2026-06-13T21:11:48.991538+00:00 done function D368 round=2 result=true
2026-06-13T21:11:49.980991+00:00 done function D369 round=2 result=true
2026-06-13T21:11:50.091897+00:00 done function D370 round=2 result=true
2026-06-13T21:11:50.204044+00:00 done function D371 round=2 result=true
2026-06-13T21:11:50.314097+00:00 done function D372 round=2 result=true
2026-06-13T21:11:50.424756+00:00 done function D373 round=2 result=true
2026-06-13T21:11:50.538746+00:00 done function D374 round=2 result=true
2026-06-13T21:11:50.670328+00:00 done function D375 round=2 result=true
2026-06-13T21:11:50.791979+00:00 done function D376 round=2 result=true
2026-06-13T21:11:50.893290+00:00 done function D377 round=2 result=true
2026-06-13T21:11:51.859455+00:00 done function D378 round=2 result=true
2026-06-13T21:11:51.991553+00:00 done function D379 round=2 result=true
2026-06-13T21:11:52.104260+00:00 done function D380 round=2 result=true
2026-06-13T21:11:52.213705+00:00 done function D381 round=2 result=true
2026-06-13T21:11:52.336812+00:00 done function D382 round=2 result=true
2026-06-13T21:11:52.448790+00:00 done function D383 round=2 result=true
2026-06-13T21:11:52.558372+00:00 done function D384 round=2 result=true
2026-06-13T21:11:52.672594+00:00 done function D385 round=2 result=true
2026-06-13T21:11:52.792475+00:00 done function D386 round=2 result=true
2026-06-13T21:11:53.772444+00:00 done function D387 round=2 result=true
2026-06-13T21:11:53.902694+00:00 done function D388 round=2 result=true
2026-06-13T21:11:54.014073+00:00 done function D389 round=2 result=true
2026-06-13T21:11:54.125098+00:00 done function D390 round=2 result=true
2026-06-13T21:11:54.244180+00:00 done function D391 round=2 result=true
2026-06-13T21:11:54.348810+00:00 done function D392 round=2 result=true
2026-06-13T21:11:54.476161+00:00 done function D393 round=2 result=true
2026-06-13T21:11:54.580497+00:00 done function D394 round=2 result=true
2026-06-13T21:11:55.584050+00:00 done function D395 round=2 result=true
2026-06-13T21:11:55.702497+00:00 done function D396 round=2 result=true
2026-06-13T21:11:55.820972+00:00 done function D397 round=2 result=true
2026-06-13T21:11:56.780725+00:00 done function D398 round=2 result=true
2026-06-13T21:11:56.910026+00:00 done function D399 round=2 result=true
2026-06-13T21:11:57.892842+00:00 done function D400 round=2 result=true
2026-06-13T21:11:58.858482+00:00 done function D401 round=2 result=true
2026-06-13T21:11:58.982902+00:00 done function D402 round=2 result=true
2026-06-13T21:11:59.970052+00:00 done function D403 round=2 result=true
2026-06-13T21:12:00.949332+00:00 done function D404 round=2 result=true
2026-06-13T21:12:01.070922+00:00 done function D405 round=2 result=true
2026-06-13T21:12:02.071418+00:00 done function D406 round=2 result=true
2026-06-13T21:12:03.018578+00:00 done function D407 round=2 result=true
2026-06-13T21:12:03.152444+00:00 done function D408 round=2 result=true
2026-06-13T21:12:04.154025+00:00 done function D409 round=2 result=true
2026-06-13T21:12:05.146711+00:00 done function D410 round=2 result=true
2026-06-13T21:12:06.138302+00:00 done function D411 round=2 result=true
2026-06-13T21:12:07.106418+00:00 done function D412 round=2 result=true
2026-06-13T21:12:07.226389+00:00 done function D413 round=2 result=true
2026-06-13T21:12:08.229815+00:00 done function D414 round=2 result=true
2026-06-13T21:12:09.015937+00:00 done function D415 round=2 result=true
2026-06-13T21:12:10.038733+00:00 done function D416 round=2 result=true
2026-06-13T21:12:11.026518+00:00 done function D417 round=2 result=true
2026-06-13T21:12:12.018863+00:00 done function D418 round=2 result=true
2026-06-13T21:12:12.993822+00:00 done function D419 round=2 result=true
2026-06-13T21:12:13.727742+00:00 done function D420 round=2 result=true
2026-06-13T21:12:14.757976+00:00 done function D421 round=2 result=true
2026-06-13T21:12:15.739522+00:00 done function D422 round=2 result=true
2026-06-13T21:12:16.739847+00:00 done function D423 round=2 result=true
2026-06-13T21:12:17.726576+00:00 done function D424 round=2 result=true
2026-06-13T21:12:18.707701+00:00 done function D463 round=2 result=true
2026-06-13T21:12:19.659153+00:00 done function D464 round=2 result=true
2026-06-13T21:12:21.526949+00:00 done function D465 round=2 result=true
2026-06-13T21:12:22.503777+00:00 done function D466 round=2 result=true
2026-06-13T21:12:23.504038+00:00 done function D467 round=2 result=true
2026-06-13T21:12:25.393444+00:00 done function D468 round=2 result=true
2026-06-13T21:12:26.405044+00:00 done function D469 round=2 result=true
2026-06-13T21:12:27.025525+00:00 done function D470 round=2 result=true
2026-06-13T21:12:27.171922+00:00 done case C-0001 round=2 result=true
2026-06-13T21:12:27.306362+00:00 done case C-0002 round=2 result=true
2026-06-13T21:12:27.437261+00:00 done case C-0003 round=2 result=true
2026-06-13T21:12:27.558383+00:00 done case C-0004 round=2 result=true
2026-06-13T21:12:27.697609+00:00 done case C-0005 round=2 result=true
2026-06-13T21:12:27.830531+00:00 done case C-0006 round=2 result=true
2026-06-13T21:12:27.974207+00:00 done case C-0007 round=2 result=true
2026-06-13T21:12:28.098327+00:00 done case C-0008 round=2 result=true
2026-06-13T21:12:28.224028+00:00 done case C-0009 round=2 result=true
2026-06-13T21:12:28.357468+00:00 done case C-0010 round=2 result=true
2026-06-13T21:12:28.497051+00:00 done case C-0011 round=2 result=true
2026-06-13T21:12:28.624536+00:00 done case C-0012 round=2 result=true
2026-06-13T21:12:28.768229+00:00 done case C-0013 round=2 result=true
2026-06-13T21:12:28.909984+00:00 done case C-0014 round=2 result=true
2026-06-13T21:12:29.038027+00:00 done case C-0015 round=2 result=true
2026-06-13T21:12:29.175922+00:00 done case C-0016 round=2 result=true
2026-06-13T21:12:29.302128+00:00 done case C-0017 round=2 result=true
2026-06-13T21:12:29.435969+00:00 done case C-0018 round=2 result=true
2026-06-13T21:12:29.580446+00:00 done case C-0019 round=2 result=true
2026-06-13T21:12:29.697137+00:00 done case C-0020 round=2 result=true
2026-06-13T21:12:29.835516+00:00 done case C-0021 round=2 result=true
2026-06-13T21:12:29.975014+00:00 done case C-0022 round=2 result=true
2026-06-13T21:12:30.107909+00:00 done case C-0023 round=2 result=true
2026-06-13T21:12:30.231766+00:00 done case C-0024 round=2 result=true
2026-06-13T21:12:30.364994+00:00 done case C-0025 round=2 result=true
2026-06-13T21:12:30.505477+00:00 done case C-0026 round=2 result=true
2026-06-13T21:12:30.646127+00:00 done case C-0027 round=2 result=true
2026-06-13T21:12:30.764826+00:00 done case C-0028 round=2 result=true
2026-06-13T21:12:30.901919+00:00 done case C-0029 round=2 result=true
2026-06-13T21:12:31.035009+00:00 done case C-0030 round=2 result=true
2026-06-13T21:12:31.153193+00:00 done case C-0031 round=2 result=true
2026-06-13T21:12:31.301861+00:00 done case C-0032 round=2 result=true
2026-06-13T21:12:31.435029+00:00 done case C-0033 round=2 result=true
2026-06-13T21:12:31.577027+00:00 done case C-0034 round=2 result=true
2026-06-13T21:12:31.701745+00:00 done case C-0035 round=2 result=true
2026-06-13T21:12:31.836203+00:00 done case C-0036 round=2 result=true
2026-06-13T21:12:31.977289+00:00 done case C-0037 round=2 result=true
2026-06-13T21:12:32.100965+00:00 done case C-0038 round=2 result=true
2026-06-13T21:12:32.234869+00:00 done case C-0039 round=2 result=true
2026-06-13T21:12:32.369498+00:00 done case C-0040 round=2 result=true
2026-06-13T21:12:33.374090+00:00 done case C-0041 round=2 result=true
2026-06-13T21:12:33.508233+00:00 done case C-0042 round=2 result=true
2026-06-13T21:12:33.610041+00:00 done case C-0043 round=2 result=true
2026-06-13T21:12:33.746419+00:00 done case C-0044 round=2 result=true
2026-06-13T21:12:33.880787+00:00 done case C-0045 round=2 result=true
2026-06-13T21:12:34.012724+00:00 done case C-0046 round=2 result=true
2026-06-13T21:12:34.152548+00:00 done case C-0047 round=2 result=true
2026-06-13T21:12:35.089199+00:00 done case C-0048 round=2 result=true
2026-06-13T21:12:35.223694+00:00 done case C-0049 round=2 result=true
2026-06-13T21:12:35.364422+00:00 done case C-0050 round=2 result=true
2026-06-13T21:12:35.490661+00:00 done case C-0051 round=2 result=true
2026-06-13T21:12:35.623580+00:00 done case C-0052 round=2 result=true
2026-06-13T21:12:35.759151+00:00 done case C-0053 round=2 result=true
2026-06-13T21:12:35.874136+00:00 done case C-0054 round=2 result=true
2026-06-13T21:12:36.008006+00:00 done case C-0055 round=2 result=true
2026-06-13T21:12:36.979344+00:00 done case C-0056 round=2 result=true
2026-06-13T21:12:37.113270+00:00 done case C-0057 round=2 result=true
2026-06-13T21:12:37.246272+00:00 done case C-0058 round=2 result=true
2026-06-13T21:12:37.384129+00:00 done case C-0059 round=2 result=true
2026-06-13T21:12:37.512770+00:00 done case C-0060 round=2 result=true
2026-06-13T21:12:37.649428+00:00 done case C-0061 round=2 result=true
2026-06-13T21:12:37.785964+00:00 done case C-0062 round=2 result=true
2026-06-13T21:12:37.905211+00:00 done case C-0063 round=2 result=true
2026-06-13T21:12:38.691010+00:00 done case C-0064 round=2 result=true
2026-06-13T21:12:38.824073+00:00 done case C-0065 round=2 result=true
2026-06-13T21:12:38.957580+00:00 done case C-0066 round=2 result=true
2026-06-13T21:12:39.093787+00:00 done case C-0067 round=2 result=true
2026-06-13T21:12:39.225506+00:00 done case C-0068 round=2 result=true
2026-06-13T21:12:39.357791+00:00 done case C-0069 round=2 result=true
2026-06-13T21:12:39.492212+00:00 done case C-0070 round=2 result=true
2026-06-13T21:12:40.488266+00:00 done case C-0071 round=2 result=true
2026-06-13T21:12:40.620014+00:00 done case C-0072 round=2 result=true
2026-06-13T21:12:40.735501+00:00 done case C-0073 round=2 result=true
2026-06-13T21:12:40.868412+00:00 done case C-0074 round=2 result=true
2026-06-13T21:12:41.002530+00:00 done case C-0075 round=2 result=true
2026-06-13T21:12:41.136706+00:00 done case C-0076 round=2 result=true
2026-06-13T21:12:41.268694+00:00 done case C-0077 round=2 result=true
2026-06-13T21:12:41.401927+00:00 done case C-0078 round=2 result=true
2026-06-13T21:12:42.419774+00:00 done case C-0079 round=2 result=true
2026-06-13T21:12:42.552499+00:00 done case C-0080 round=2 result=true
2026-06-13T21:12:42.686712+00:00 done case C-0081 round=2 result=true
2026-06-13T21:12:42.854045+00:00 done case C-0082 round=2 result=true
2026-06-13T21:12:42.988452+00:00 done case C-0083 round=2 result=true
2026-06-13T21:12:43.134156+00:00 done case C-0084 round=2 result=true
2026-06-13T21:12:43.275234+00:00 done case C-0085 round=2 result=true
2026-06-13T21:12:44.030072+00:00 done case C-0086 round=2 result=true
2026-06-13T21:12:44.166602+00:00 done case C-0087 round=2 result=true
2026-06-13T21:12:44.298511+00:00 done case C-0088 round=2 result=true
2026-06-13T21:12:44.440853+00:00 done case C-0089 round=2 result=true
2026-06-13T21:12:44.574157+00:00 done case C-0090 round=2 result=true
2026-06-13T21:12:44.706993+00:00 done case C-0091 round=2 result=true
2026-06-13T21:12:44.843616+00:00 done case C-0092 round=2 result=true
2026-06-13T21:12:45.008902+00:00 done case C-0093 round=2 result=true
2026-06-13T21:12:45.142503+00:00 done case C-0094 round=2 result=true
2026-06-13T21:12:45.286359+00:00 done case C-0095 round=2 result=true
2026-06-13T21:12:45.419565+00:00 done case C-0096 round=2 result=true
2026-06-13T21:12:45.541463+00:00 done case C-0097 round=2 result=true
2026-06-13T21:12:45.678103+00:00 done case C-0098 round=2 result=true
2026-06-13T21:12:45.821775+00:00 done case C-0099 round=2 result=true
2026-06-13T21:12:45.972011+00:00 done case C-0100 round=2 result=true
2026-06-13T21:12:46.106948+00:00 done case C-0101 round=2 result=true
2026-06-13T21:12:46.242189+00:00 done case C-0102 round=2 result=true
2026-06-13T21:12:46.374589+00:00 done case C-0103 round=2 result=true
2026-06-13T21:12:46.497989+00:00 done case C-0104 round=2 result=true
2026-06-13T21:12:46.629838+00:00 done case C-0105 round=2 result=true
2026-06-13T21:12:46.764706+00:00 done case C-0106 round=2 result=true
2026-06-13T21:12:46.897735+00:00 done case C-0107 round=2 result=true
2026-06-13T21:12:47.030331+00:00 done case C-0108 round=2 result=true
2026-06-13T21:12:47.167540+00:00 done case C-0109 round=2 result=true
2026-06-13T21:12:47.309260+00:00 done case C-0110 round=2 result=true
2026-06-13T21:12:47.452065+00:00 done case C-0111 round=2 result=true
2026-06-13T21:12:47.586483+00:00 done case C-0112 round=2 result=true
2026-06-13T21:12:47.724099+00:00 done case C-0113 round=2 result=true
2026-06-13T21:12:47.866596+00:00 done case C-0114 round=2 result=true
2026-06-13T21:12:48.008697+00:00 done case C-0115 round=2 result=true
2026-06-13T21:12:48.142085+00:00 done case C-0116 round=2 result=true
2026-06-13T21:12:48.274755+00:00 done case C-0117 round=2 result=true
2026-06-13T21:12:48.413063+00:00 done case C-0118 round=2 result=true
2026-06-13T21:12:48.554140+00:00 done case C-0119 round=2 result=true
2026-06-13T21:12:48.686060+00:00 done case C-0120 round=2 result=true
2026-06-13T21:12:48.830005+00:00 done case C-0121 round=2 result=true
2026-06-13T21:12:48.968396+00:00 done case C-0122 round=2 result=true
2026-06-13T21:12:49.115582+00:00 done case C-0123 round=2 result=true
2026-06-13T21:12:49.256834+00:00 done case C-0124 round=2 result=true
2026-06-13T21:12:49.396475+00:00 done case C-0125 round=2 result=true
2026-06-13T21:12:49.530408+00:00 done case C-0126 round=2 result=true
2026-06-13T21:12:49.679368+00:00 done case C-0127 round=2 result=true
2026-06-13T21:12:49.811150+00:00 done case C-0128 round=2 result=true
2026-06-13T21:12:49.959039+00:00 done case C-0129 round=2 result=true
2026-06-13T21:12:50.085754+00:00 done case C-0130 round=2 result=true
2026-06-13T21:12:50.208347+00:00 done case C-0131 round=2 result=true
2026-06-13T21:12:50.342391+00:00 done case C-0132 round=2 result=true
2026-06-13T21:12:50.474763+00:00 done case C-0133 round=2 result=true
2026-06-13T21:12:50.618948+00:00 done case C-0134 round=2 result=true
2026-06-13T21:12:50.752097+00:00 done case C-0135 round=2 result=true
2026-06-13T21:12:50.888501+00:00 done case C-0136 round=2 result=true
2026-06-13T21:12:51.007492+00:00 done case C-0137 round=2 result=true
2026-06-13T21:12:51.141067+00:00 done case C-0138 round=2 result=true
2026-06-13T21:12:51.285585+00:00 done case C-0139 round=2 result=true
2026-06-13T21:12:51.431595+00:00 done case C-0140 round=2 result=true
2026-06-13T21:12:51.564338+00:00 done case C-0141 round=2 result=true
2026-06-13T21:12:51.706397+00:00 done case C-0142 round=2 result=true
2026-06-13T21:12:51.841791+00:00 done case C-0143 round=2 result=true
2026-06-13T21:12:51.974191+00:00 done case C-0144 round=2 result=true
2026-06-13T21:12:52.107634+00:00 done case C-0145 round=2 result=true
2026-06-13T21:12:52.252218+00:00 done case C-0146 round=2 result=true
2026-06-13T21:12:52.397471+00:00 done case C-0147 round=2 result=true
2026-06-13T21:12:52.531810+00:00 done case C-0148 round=2 result=true
2026-06-13T21:12:52.664028+00:00 done case C-0149 round=2 result=true
2026-06-13T21:12:52.801370+00:00 done case C-0150 round=2 result=true
2026-06-13T21:12:52.930846+00:00 done case C-0151 round=2 result=true
2026-06-13T21:12:53.064595+00:00 done case C-0152 round=2 result=true
2026-06-13T21:12:53.207955+00:00 done case C-0153 round=2 result=true
2026-06-13T21:12:54.222190+00:00 done case C-0154 round=2 result=true
2026-06-13T21:12:54.341396+00:00 done case C-0155 round=2 result=true
2026-06-13T21:12:54.474395+00:00 done case C-0156 round=2 result=true
2026-06-13T21:12:54.608308+00:00 done case C-0157 round=2 result=true
2026-06-13T21:12:54.741470+00:00 done case C-0158 round=2 result=true
2026-06-13T21:12:54.874179+00:00 done case C-0159 round=2 result=true
2026-06-13T21:12:55.008529+00:00 done case C-0160 round=2 result=true
2026-06-13T21:12:55.142806+00:00 done case C-0161 round=2 result=true
2026-06-13T21:12:56.157424+00:00 done case C-0162 round=2 result=true
2026-06-13T21:12:56.296939+00:00 done case C-0163 round=2 result=true
2026-06-13T21:12:56.429736+00:00 done case C-0164 round=2 result=true
2026-06-13T21:12:56.563907+00:00 done case C-0165 round=2 result=true
2026-06-13T21:12:56.707141+00:00 done case C-0166 round=2 result=true
2026-06-13T21:12:56.840136+00:00 done case C-0167 round=2 result=true
2026-06-13T21:12:56.975186+00:00 done case C-0168 round=2 result=true
2026-06-13T21:12:57.964491+00:00 done case C-0169 round=2 result=true
2026-06-13T21:12:58.101075+00:00 done case C-0170 round=2 result=true
2026-06-13T21:12:58.241370+00:00 done case C-0171 round=2 result=true
2026-06-13T21:12:58.378463+00:00 done case C-0172 round=2 result=true
2026-06-13T21:12:58.519331+00:00 done case C-0173 round=2 result=true
2026-06-13T21:12:58.653960+00:00 done case C-0174 round=2 result=true
2026-06-13T21:12:58.786426+00:00 done case C-0175 round=2 result=true
2026-06-13T21:12:59.798900+00:00 done case C-0176 round=2 result=true
2026-06-13T21:12:59.930680+00:00 done case C-0177 round=2 result=true
2026-06-13T21:13:00.066984+00:00 done case C-0178 round=2 result=true
2026-06-13T21:13:00.214019+00:00 done case C-0179 round=2 result=true
2026-06-13T21:13:00.354342+00:00 done case C-0180 round=2 result=true
2026-06-13T21:13:00.488626+00:00 done case C-0181 round=2 result=true
2026-06-13T21:13:00.620096+00:00 done case C-0182 round=2 result=true
2026-06-13T21:13:00.751689+00:00 done case C-0183 round=2 result=true
2026-06-13T21:13:01.741508+00:00 done case C-0184 round=2 result=true
2026-06-13T21:13:01.887112+00:00 done case C-0185 round=2 result=true
2026-06-13T21:13:02.019081+00:00 done case C-0186 round=2 result=true
2026-06-13T21:13:02.154434+00:00 done case C-0187 round=2 result=true
2026-06-13T21:13:02.285737+00:00 done case C-0188 round=2 result=true
2026-06-13T21:13:02.419234+00:00 done case C-0189 round=2 result=true
2026-06-13T21:13:02.555707+00:00 done case C-0190 round=2 result=true
2026-06-13T21:13:03.569133+00:00 done case C-0191 round=2 result=true
2026-06-13T21:13:03.709775+00:00 done case C-0192 round=2 result=true
2026-06-13T21:13:03.852340+00:00 done case C-0193 round=2 result=true
2026-06-13T21:13:03.990020+00:00 done case C-0194 round=2 result=true
2026-06-13T21:13:04.130545+00:00 done case C-0195 round=2 result=true
2026-06-13T21:13:04.264827+00:00 done case C-0196 round=2 result=true
2026-06-13T21:13:04.396216+00:00 done case C-0197 round=2 result=true
2026-06-13T21:13:05.073761+00:00 done case C-0198 round=2 result=true
2026-06-13T21:13:05.207540+00:00 done case C-0199 round=2 result=true
2026-06-13T21:13:05.340819+00:00 done case C-0200 round=2 result=true
2026-06-13T21:13:05.474105+00:00 done case C-0201 round=2 result=true
2026-06-13T21:13:05.612617+00:00 done case C-0202 round=2 result=true
2026-06-13T21:13:05.740536+00:00 done case C-0203 round=2 result=true
2026-06-13T21:13:05.885306+00:00 done case C-0204 round=2 result=true
2026-06-13T21:13:06.019169+00:00 done case C-0205 round=2 result=true
2026-06-13T21:13:12.821312+00:00 done case C-0206 round=2 result=true
2026-06-13T21:13:12.951608+00:00 done case C-0207 round=2 result=true
2026-06-13T21:13:13.963857+00:00 done case C-0208 round=2 result=true
2026-06-13T21:13:14.953448+00:00 done case C-0209 round=2 result=true
2026-06-13T21:13:15.102401+00:00 done case C-0210 round=2 result=true
2026-06-13T21:13:16.123311+00:00 done case C-0211 round=2 result=true
2026-06-13T21:13:17.107114+00:00 done case C-0212 round=2 result=true
2026-06-13T21:13:18.118930+00:00 done case C-0213 round=2 result=true
2026-06-13T21:13:18.251693+00:00 done case C-0214 round=2 result=true
2026-06-13T21:13:19.041293+00:00 done case C-0215 round=2 result=true
2026-06-13T21:13:20.065363+00:00 done case C-0216 round=2 result=true
2026-06-13T21:13:20.207679+00:00 done case C-0217 round=2 result=true
2026-06-13T21:13:20.874668+00:00 done case C-0218 round=2 result=true
2026-06-13T21:13:21.918743+00:00 done case C-0219 round=2 result=true
2026-06-13T21:13:22.083659+00:00 done case C-0220 round=2 result=true
2026-06-13T21:13:22.206925+00:00 done case C-0221 round=2 result=true
2026-06-13T21:13:22.341979+00:00 done case C-0222 round=2 result=true
2026-06-13T21:13:22.518043+00:00 done case C-0223 round=2 result=true
2026-06-13T21:13:22.652753+00:00 done case C-0224 round=2 result=true
2026-06-13T21:13:22.787746+00:00 done case C-0225 round=2 result=true
2026-06-13T21:13:23.792284+00:00 done case C-0226 round=2 result=true
2026-06-13T21:13:23.930357+00:00 done case C-0227 round=2 result=true
2026-06-13T21:13:24.069138+00:00 done case C-0228 round=2 result=true
2026-06-13T21:13:24.206956+00:00 done case C-0229 round=2 result=true
2026-06-13T21:13:24.341543+00:00 done case C-0230 round=2 result=true
2026-06-13T21:13:24.474759+00:00 done case C-0231 round=2 result=true
2026-06-13T21:13:24.610208+00:00 done case C-0232 round=2 result=true
2026-06-13T21:13:25.623386+00:00 done case C-0233 round=2 result=true
2026-06-13T21:13:25.761457+00:00 done case C-0234 round=2 result=true
2026-06-13T21:13:25.889576+00:00 done case C-0235 round=2 result=true
2026-06-13T21:13:26.070167+00:00 done case C-0236 round=2 result=true
2026-06-13T21:13:26.206176+00:00 done case C-0237 round=2 result=true
2026-06-13T21:13:26.335031+00:00 done case C-0238 round=2 result=true
2026-06-13T21:13:26.490539+00:00 done case C-0239 round=2 result=true
2026-06-13T21:13:27.498188+00:00 done case C-0240 round=2 result=true
2026-06-13T21:13:27.634108+00:00 done case C-0241 round=2 result=true
2026-06-13T21:13:27.785305+00:00 done case C-0242 round=2 result=true
2026-06-13T21:13:27.905562+00:00 done case C-0243 round=2 result=true
2026-06-13T21:13:28.037040+00:00 done case C-0244 round=2 result=true
2026-06-13T21:13:28.181470+00:00 done case C-0245 round=2 result=true
2026-06-13T21:13:28.323368+00:00 done case C-0246 round=2 result=true
2026-06-13T21:13:29.346126+00:00 done case C-0247 round=2 result=true
2026-06-13T21:13:29.489657+00:00 done case C-0248 round=2 result=true
2026-06-13T21:13:29.639098+00:00 done case C-0249 round=2 result=true
2026-06-13T21:13:29.768346+00:00 done case C-0250 round=2 result=true
2026-06-13T21:13:29.912157+00:00 done case C-0251 round=2 result=true
2026-06-13T21:13:30.057633+00:00 done case C-0252 round=2 result=true
2026-06-13T21:13:30.200187+00:00 done case C-0253 round=2 result=true
2026-06-13T21:13:31.189617+00:00 done case C-0254 round=2 result=true
2026-06-13T21:13:31.323153+00:00 done case C-0255 round=2 result=true
2026-06-13T21:13:31.452432+00:00 done case C-0256 round=2 result=true
2026-06-13T21:13:31.597631+00:00 done case C-0257 round=2 result=true
2026-06-13T21:13:31.723755+00:00 done case C-0258 round=2 result=true
2026-06-13T21:13:31.851618+00:00 done case C-0259 round=2 result=true
2026-06-13T21:13:31.989544+00:00 done case C-0260 round=2 result=true
2026-06-13T21:13:32.120897+00:00 done case C-0261 round=2 result=true
2026-06-13T21:13:32.897596+00:00 done case C-0262 round=2 result=true
2026-06-13T21:13:33.033900+00:00 done case C-0263 round=2 result=true
2026-06-13T21:13:33.156971+00:00 done case C-0264 round=2 result=true
2026-06-13T21:13:33.290668+00:00 done case C-0265 round=2 result=true
2026-06-13T21:13:33.422826+00:00 done case C-0266 round=2 result=true
2026-06-13T21:13:33.556192+00:00 done case C-0267 round=2 result=true
2026-06-13T21:13:33.687451+00:00 done case C-0268 round=2 result=true
2026-06-13T21:13:34.685332+00:00 done case C-0269 round=2 result=true
2026-06-13T21:13:34.823289+00:00 done case C-0270 round=2 result=true
2026-06-13T21:13:34.957585+00:00 done case C-0271 round=2 result=true
2026-06-13T21:13:35.088437+00:00 done case C-0272 round=2 result=true
2026-06-13T21:13:35.212919+00:00 done case C-0273 round=2 result=true
2026-06-13T21:13:35.368368+00:00 done case C-0274 round=2 result=true
2026-06-13T21:13:35.490181+00:00 done case C-0275 round=2 result=true
2026-06-13T21:13:35.623134+00:00 done case C-0276 round=2 result=true
2026-06-13T21:13:36.622935+00:00 done case C-0277 round=2 result=true
2026-06-13T21:13:36.752739+00:00 done case C-0278 round=2 result=true
2026-06-13T21:13:36.874037+00:00 done case C-0279 round=2 result=true
2026-06-13T21:13:36.998471+00:00 done case C-0280 round=2 result=true
2026-06-13T21:13:37.113439+00:00 done case C-0281 round=2 result=true
2026-06-13T21:13:37.240923+00:00 done case C-0282 round=2 result=true
2026-06-13T21:13:37.379093+00:00 done case C-0283 round=2 result=true
2026-06-13T21:13:37.504053+00:00 done case C-0284 round=2 result=true
2026-06-13T21:13:38.471792+00:00 done case C-0285 round=2 result=true
2026-06-13T21:13:38.600686+00:00 done case C-0286 round=2 result=true
2026-06-13T21:13:38.735288+00:00 done case C-0287 round=2 result=true
2026-06-13T21:13:38.859347+00:00 done case C-0288 round=2 result=true
2026-06-13T21:13:38.984111+00:00 done case C-0289 round=2 result=true
2026-06-13T21:13:39.113001+00:00 done case C-0290 round=2 result=true
2026-06-13T21:13:39.234094+00:00 done case C-0291 round=2 result=true
2026-06-13T21:13:39.968716+00:00 done case C-0292 round=2 result=true
2026-06-13T21:13:40.102854+00:00 done case C-0293 round=2 result=true
2026-06-13T21:13:40.225350+00:00 done case C-0294 round=2 result=true
2026-06-13T21:13:40.346064+00:00 done case C-0295 round=2 result=true
2026-06-13T21:13:40.492105+00:00 done case C-0296 round=2 result=true
2026-06-13T21:13:40.624046+00:00 done case C-0297 round=2 result=true
2026-06-13T21:13:40.756416+00:00 done case C-0298 round=2 result=true
2026-06-13T21:13:40.897674+00:00 done case C-0299 round=2 result=true
2026-06-13T21:13:41.892839+00:00 done case C-0300 round=2 result=true
2026-06-13T21:13:42.024366+00:00 done case C-0301 round=2 result=true
2026-06-13T21:13:42.648901+00:00 done case C-0302 round=2 result=true
2026-06-13T21:13:43.656372+00:00 done case C-0303 round=2 result=true
2026-06-13T21:13:43.790014+00:00 done case C-0304 round=2 result=true
2026-06-13T21:13:43.924454+00:00 done case C-0305 round=2 result=true
2026-06-13T21:13:44.067531+00:00 done case C-0306 round=2 result=true
2026-06-13T21:13:44.201353+00:00 done case C-0307 round=2 result=true
2026-06-13T21:13:44.335329+00:00 done case C-0308 round=2 result=true
2026-06-13T21:13:44.456609+00:00 done case C-0309 round=2 result=true
2026-06-13T21:13:44.612361+00:00 done case C-0310 round=2 result=true
2026-06-13T21:13:45.587332+00:00 done case C-0311 round=2 result=true
2026-06-13T21:13:45.709184+00:00 done case C-0312 round=2 result=true
2026-06-13T21:13:45.834661+00:00 done case C-0313 round=2 result=true
2026-06-13T21:13:45.972601+00:00 done case C-0314 round=2 result=true
2026-06-13T21:13:46.098684+00:00 done case C-0315 round=2 result=true
2026-06-13T21:13:46.222730+00:00 done case C-0316 round=2 result=true
2026-06-13T21:13:46.355784+00:00 done case C-0317 round=2 result=true
2026-06-13T21:13:47.090214+00:00 done case C-0318 round=2 result=true
2026-06-13T21:13:47.234181+00:00 done case C-0319 round=2 result=true
2026-06-13T21:13:47.378522+00:00 done case C-0320 round=2 result=true
2026-06-13T21:13:47.514001+00:00 done case C-0321 round=2 result=true
2026-06-13T21:13:47.646134+00:00 done case C-0322 round=2 result=true
2026-06-13T21:13:47.779062+00:00 done case C-0323 round=2 result=true
2026-06-13T21:13:47.915733+00:00 done case C-0324 round=2 result=true
2026-06-13T21:13:48.056750+00:00 done case C-0325 round=2 result=true
2026-06-13T21:13:49.079370+00:00 done case C-0326 round=2 result=true
2026-06-13T21:13:49.214838+00:00 done case C-0327 round=2 result=true
2026-06-13T21:13:49.353120+00:00 done case C-0328 round=2 result=true
2026-06-13T21:13:49.481607+00:00 done case C-0329 round=2 result=true
2026-06-13T21:13:49.613702+00:00 done case C-0330 round=2 result=true
2026-06-13T21:13:49.743258+00:00 done case C-0331 round=2 result=true
2026-06-13T21:13:49.889779+00:00 done case C-0332 round=2 result=true
2026-06-13T21:13:50.892765+00:00 done case C-0333 round=2 result=true
2026-06-13T21:13:51.020370+00:00 done case C-0334 round=2 result=true
2026-06-13T21:13:51.144760+00:00 done case C-0335 round=2 result=true
2026-06-13T21:13:51.256043+00:00 done case C-0336 round=2 result=true
2026-06-13T21:13:51.379234+00:00 done case C-0337 round=2 result=true
2026-06-13T21:13:51.511760+00:00 done case C-0338 round=2 result=true
2026-06-13T21:13:51.653249+00:00 done case C-0339 round=2 result=true
2026-06-13T21:13:51.768760+00:00 done case C-0340 round=2 result=true
2026-06-13T21:13:52.770897+00:00 done case C-0341 round=2 result=true
2026-06-13T21:13:52.889972+00:00 done case C-0342 round=2 result=true
2026-06-13T21:13:53.025517+00:00 done case C-0343 round=2 result=true
2026-06-13T21:13:53.148570+00:00 done case C-0344 round=2 result=true
2026-06-13T21:13:53.312518+00:00 done case C-0345 round=2 result=true
2026-06-13T21:13:53.446268+00:00 done case C-0346 round=2 result=true
2026-06-13T21:13:54.435064+00:00 done case C-0347 round=2 result=true
2026-06-13T21:13:55.423982+00:00 done case C-0348 round=2 result=true
2026-06-13T21:13:55.545702+00:00 done case C-0349 round=2 result=true
2026-06-13T21:13:56.523883+00:00 done case C-0350 round=2 result=true
2026-06-13T21:13:57.513706+00:00 done case C-0351 round=2 result=true
2026-06-13T21:13:57.645628+00:00 done case C-0352 round=2 result=true
2026-06-13T21:13:58.643016+00:00 done case C-0353 round=2 result=true
2026-06-13T21:13:59.626012+00:00 done case C-0354 round=2 result=true
2026-06-13T21:14:00.612587+00:00 done case C-0355 round=2 result=true
2026-06-13T21:14:00.734212+00:00 done case C-0356 round=2 result=true
2026-06-13T21:14:01.722681+00:00 done case C-0357 round=2 result=true
2026-06-13T21:14:02.736405+00:00 done case C-0358 round=2 result=true
2026-06-13T21:14:03.729007+00:00 done case C-0359 round=2 result=true
2026-06-13T21:14:04.732242+00:00 done case C-0360 round=2 result=true
2026-06-13T21:14:05.712722+00:00 done case C-0361 round=2 result=true
2026-06-13T21:14:06.720147+00:00 done case C-0362 round=2 result=true
2026-06-13T21:14:07.691853+00:00 done case C-0363 round=2 result=true
2026-06-13T21:14:08.467954+00:00 done case C-0364 round=2 result=true
2026-06-13T21:14:09.513735+00:00 done case C-0365 round=2 result=true
2026-06-13T21:14:09.623705+00:00 done case C-0366 round=2 result=true
2026-06-13T21:14:09.754600+00:00 done case C-0367 round=2 result=true
2026-06-13T21:14:09.868165+00:00 done case C-0368 round=2 result=true
2026-06-13T21:14:09.991332+00:00 done case C-0369 round=2 result=true
2026-06-13T21:14:10.112415+00:00 done case C-0370 round=2 result=true
2026-06-13T21:14:10.236855+00:00 done case C-0371 round=2 result=true
2026-06-13T21:14:10.367416+00:00 done case C-0372 round=2 result=true
2026-06-13T21:14:11.366580+00:00 done case C-0373 round=2 result=true
2026-06-13T21:14:11.497677+00:00 done case C-0374 round=2 result=true
2026-06-13T21:14:11.620856+00:00 done case C-0375 round=2 result=true
2026-06-13T21:14:11.733852+00:00 done case C-0376 round=2 result=true
2026-06-13T21:14:11.863662+00:00 done case C-0377 round=2 result=true
2026-06-13T21:14:11.974835+00:00 done case C-0378 round=2 result=true
2026-06-13T21:14:12.099617+00:00 done case C-0379 round=2 result=true
2026-06-13T21:14:12.233930+00:00 done case C-0380 round=2 result=true
2026-06-13T21:14:13.233711+00:00 done case C-0381 round=2 result=true
2026-06-13T21:14:13.355600+00:00 done case C-0382 round=2 result=true
2026-06-13T21:14:13.490283+00:00 done case C-0383 round=2 result=true
2026-06-13T21:14:13.611722+00:00 done case C-0384 round=2 result=true
2026-06-13T21:14:13.735412+00:00 done case C-0385 round=2 result=true
2026-06-13T21:14:13.864513+00:00 done case C-0386 round=2 result=true
2026-06-13T21:14:13.990192+00:00 done case C-0387 round=2 result=true
2026-06-13T21:14:14.135182+00:00 done case C-0388 round=2 result=true
2026-06-13T21:14:15.136789+00:00 done case C-0389 round=2 result=true
2026-06-13T21:14:15.268176+00:00 done case C-0390 round=2 result=true
2026-06-13T21:14:16.250882+00:00 done case C-0391 round=2 result=true
2026-06-13T21:14:17.254238+00:00 done case C-0392 round=2 result=true
2026-06-13T21:14:17.392657+00:00 done case C-0393 round=2 result=true
2026-06-13T21:14:18.394954+00:00 done case C-0394 round=2 result=true
2026-06-13T21:14:19.395259+00:00 done case C-0395 round=2 result=true
2026-06-13T21:14:20.402800+00:00 done case C-0396 round=2 result=true
2026-06-13T21:14:20.528018+00:00 done case C-0397 round=2 result=true
2026-06-13T21:14:21.519082+00:00 done case C-0398 round=2 result=true
2026-06-13T21:14:22.540336+00:00 done case C-0399 round=2 result=true
2026-06-13T21:14:23.537597+00:00 done case C-0400 round=2 result=true
2026-06-13T21:14:24.517243+00:00 done case C-0401 round=2 result=true
2026-06-13T21:14:24.639255+00:00 done case C-0402 round=2 result=true
2026-06-13T21:14:25.657559+00:00 done case C-0403 round=2 result=true
2026-06-13T21:14:26.656756+00:00 done case C-0404 round=2 result=true
2026-06-13T21:14:27.650530+00:00 done case C-0405 round=2 result=true
2026-06-13T21:14:28.634850+00:00 done case C-0406 round=2 result=true
2026-06-13T21:14:29.421169+00:00 done case C-0407 round=2 result=true
2026-06-13T21:14:29.548526+00:00 done case C-0408 round=2 result=true
2026-06-13T21:14:29.706967+00:00 done case C-0409 round=2 result=true
2026-06-13T21:14:29.827949+00:00 done case C-0410 round=2 result=true
2026-06-13T21:14:29.956310+00:00 done case C-0411 round=2 result=true
2026-06-13T21:14:30.082100+00:00 done case C-0412 round=2 result=true
2026-06-13T21:14:30.208591+00:00 done case C-0413 round=2 result=true
2026-06-13T21:14:30.322827+00:00 done case C-0414 round=2 result=true
2026-06-13T21:14:30.442843+00:00 done case C-0415 round=2 result=true
2026-06-13T21:14:30.556312+00:00 done case C-0416 round=2 result=true
2026-06-13T21:14:30.686868+00:00 done case C-0417 round=2 result=true
2026-06-13T21:14:30.797694+00:00 done case C-0418 round=2 result=true
2026-06-13T21:14:30.918121+00:00 done case C-0419 round=2 result=true
2026-06-13T21:14:31.049916+00:00 done case C-0420 round=2 result=true
2026-06-13T21:14:31.176181+00:00 done case C-0421 round=2 result=true
2026-06-13T21:14:31.288753+00:00 done case C-0422 round=2 result=true
2026-06-13T21:14:31.411419+00:00 done case C-0423 round=2 result=true
2026-06-13T21:14:31.542339+00:00 done case C-0424 round=2 result=true
2026-06-13T21:14:31.657367+00:00 done case C-0425 round=2 result=true
2026-06-13T21:14:31.782162+00:00 done case C-0426 round=2 result=true
2026-06-13T21:14:31.899840+00:00 done case C-0427 round=2 result=true
2026-06-13T21:14:32.025098+00:00 done case C-0428 round=2 result=true
2026-06-13T21:14:32.145057+00:00 done case C-0429 round=2 result=true
2026-06-13T21:14:32.275340+00:00 done case C-0430 round=2 result=true
2026-06-13T21:14:32.398995+00:00 done case C-0431 round=2 result=true
2026-06-13T21:14:32.517327+00:00 done case C-0432 round=2 result=true
2026-06-13T21:14:32.645871+00:00 done case C-0433 round=2 result=true
2026-06-13T21:14:32.755202+00:00 done case C-0434 round=2 result=true
2026-06-13T21:14:32.881709+00:00 done case C-0435 round=2 result=true
2026-06-13T21:14:33.000584+00:00 done case C-0436 round=2 result=true
2026-06-13T21:14:33.136386+00:00 done case C-0437 round=2 result=true
2026-06-13T21:14:33.255968+00:00 done case C-0438 round=2 result=true
2026-06-13T21:14:33.391084+00:00 done case C-0439 round=2 result=true
2026-06-13T21:14:33.502638+00:00 done case C-0440 round=2 result=true
2026-06-13T21:14:33.622713+00:00 done case C-0441 round=2 result=true
2026-06-13T21:14:33.745405+00:00 done case C-0442 round=2 result=true
2026-06-13T21:14:33.867655+00:00 done case C-0443 round=2 result=true
2026-06-13T21:14:33.989929+00:00 done case C-0444 round=2 result=true
2026-06-13T21:14:34.121561+00:00 done case C-0445 round=2 result=true
2026-06-13T21:14:34.234978+00:00 done case C-0446 round=2 result=true
2026-06-13T21:14:34.366898+00:00 done case C-0447 round=2 result=true
2026-06-13T21:14:34.481653+00:00 done case C-0448 round=2 result=true
2026-06-13T21:14:34.608174+00:00 done case C-0449 round=2 result=true
2026-06-13T21:14:34.749470+00:00 done case C-0450 round=2 result=true
2026-06-13T21:14:34.844094+00:00 done case C-0451 round=2 result=true
2026-06-13T21:14:34.975523+00:00 done case C-0452 round=2 result=true
2026-06-13T21:14:35.089846+00:00 done case C-0453 round=2 result=true
2026-06-13T21:14:35.222456+00:00 done case C-0454 round=2 result=true
2026-06-13T21:14:35.369041+00:00 done case C-0455 round=2 result=true
2026-06-13T21:14:35.500890+00:00 done case C-0456 round=2 result=true
2026-06-13T21:14:35.636189+00:00 done case C-0457 round=2 result=true
2026-06-13T21:14:35.755043+00:00 done case C-0458 round=2 result=true
2026-06-13T21:14:35.883084+00:00 done case C-0459 round=2 result=true
2026-06-13T21:14:36.000981+00:00 done case C-0460 round=2 result=true
2026-06-13T21:14:36.121702+00:00 done case C-0461 round=2 result=true
2026-06-13T21:14:36.252947+00:00 done case C-0462 round=2 result=true
2026-06-13T21:14:36.364465+00:00 done case C-0463 round=2 result=true
2026-06-13T21:14:36.466827+00:00 done case C-0464 round=2 result=true
2026-06-13T21:14:36.589891+00:00 done case C-0465 round=2 result=true
2026-06-13T21:14:36.712781+00:00 done case C-0466 round=2 result=true
2026-06-13T21:14:36.842253+00:00 done case C-0467 round=2 result=true
2026-06-13T21:14:36.956884+00:00 done case C-0468 round=2 result=true
2026-06-13T21:14:37.078985+00:00 done case C-0469 round=2 result=true
2026-06-13T21:14:37.200767+00:00 done case C-0470 round=2 result=true
2026-06-13T21:14:37.322368+00:00 done case C-0471 round=2 result=true
2026-06-13T21:14:37.453427+00:00 done case C-0472 round=2 result=true
2026-06-13T21:14:37.555280+00:00 done case C-0473 round=2 result=true
2026-06-13T21:14:37.678374+00:00 done case C-0474 round=2 result=true
2026-06-13T21:14:37.801539+00:00 done case C-0475 round=2 result=true
2026-06-13T21:14:37.922036+00:00 done case C-0476 round=2 result=true
2026-06-13T21:14:38.055263+00:00 done case C-0477 round=2 result=true
2026-06-13T21:14:38.170024+00:00 done case C-0478 round=2 result=true
2026-06-13T21:14:38.312422+00:00 done case C-0479 round=2 result=true
2026-06-13T21:14:38.439133+00:00 done case C-0480 round=2 result=true
2026-06-13T21:14:38.562277+00:00 done case C-0481 round=2 result=true
2026-06-13T21:14:38.683920+00:00 done case C-0482 round=2 result=true
2026-06-13T21:14:38.809158+00:00 done case C-0483 round=2 result=true
2026-06-13T21:14:38.946669+00:00 done case C-0484 round=2 result=true
2026-06-13T21:14:39.073063+00:00 done case C-0485 round=2 result=true
2026-06-13T21:14:39.198783+00:00 done case C-0486 round=2 result=true
2026-06-13T21:14:39.330830+00:00 done case C-0487 round=2 result=true
2026-06-13T21:14:39.470024+00:00 done case C-0488 round=2 result=true
2026-06-13T21:14:39.590735+00:00 done case C-0489 round=2 result=true
2026-06-13T21:14:39.737908+00:00 done case C-0490 round=2 result=true
2026-06-13T21:14:39.865340+00:00 done case C-0491 round=2 result=true
2026-06-13T21:14:40.004485+00:00 done case C-0492 round=2 result=true
2026-06-13T21:14:40.129093+00:00 done case C-0493 round=2 result=true
2026-06-13T21:14:40.251483+00:00 done case C-0494 round=2 result=true
2026-06-13T21:14:40.391247+00:00 done case C-0495 round=2 result=true
2026-06-13T21:14:40.508106+00:00 done case C-0496 round=2 result=true
2026-06-13T21:14:40.632058+00:00 done case C-0497 round=2 result=true
2026-06-13T21:14:40.764351+00:00 done case C-0498 round=2 result=true
2026-06-13T21:14:40.914225+00:00 done case C-0499 round=2 result=true
2026-06-13T21:14:41.030580+00:00 done case C-0500 round=2 result=true
2026-06-13T21:14:41.168115+00:00 done case C-0501 round=2 result=true
2026-06-13T21:14:41.291055+00:00 done case C-0502 round=2 result=true
2026-06-13T21:14:41.407950+00:00 done case C-0503 round=2 result=true
2026-06-13T21:14:41.528107+00:00 done case C-0504 round=2 result=true
2026-06-13T21:14:41.661490+00:00 done case C-0505 round=2 result=true
2026-06-13T21:14:41.784439+00:00 done case C-0506 round=2 result=true
2026-06-13T21:14:41.906848+00:00 done case C-0507 round=2 result=true
2026-06-13T21:14:42.032269+00:00 done case C-0508 round=2 result=true
2026-06-13T21:14:42.169740+00:00 done case C-0509 round=2 result=true
2026-06-13T21:14:42.302415+00:00 done case C-0510 round=2 result=true
2026-06-13T21:14:42.433514+00:00 done case C-0511 round=2 result=true
2026-06-13T21:14:42.551771+00:00 done case C-0512 round=2 result=true
2026-06-13T21:14:42.681913+00:00 done case C-0513 round=2 result=true
2026-06-13T21:14:42.813690+00:00 done case C-0514 round=2 result=true
2026-06-13T21:14:42.928127+00:00 done case C-0515 round=2 result=true
2026-06-13T21:14:43.049583+00:00 done case C-0516 round=2 result=true
2026-06-13T21:14:43.174642+00:00 done case C-0517 round=2 result=true
2026-06-13T21:14:43.302125+00:00 done case C-0518 round=2 result=true
2026-06-13T21:14:43.437961+00:00 done case C-0519 round=2 result=true
2026-06-13T21:14:43.570739+00:00 done case C-0520 round=2 result=true
2026-06-13T21:14:43.701189+00:00 done case C-0521 round=2 result=true
2026-06-13T21:14:43.807461+00:00 done case C-0522 round=2 result=true
2026-06-13T21:14:43.935943+00:00 done case C-0523 round=2 result=true
2026-06-13T21:14:44.059554+00:00 done case C-0524 round=2 result=true
2026-06-13T21:14:44.183669+00:00 done case C-0525 round=2 result=true
2026-06-13T21:14:44.309755+00:00 done case C-0526 round=2 result=true
2026-06-13T21:14:44.440252+00:00 done case C-0527 round=2 result=true
2026-06-13T21:14:44.561749+00:00 done case C-0528 round=2 result=true
2026-06-13T21:14:44.683766+00:00 done case C-0529 round=2 result=true
2026-06-13T21:14:44.811580+00:00 done case C-0530 round=2 result=true
2026-06-13T21:14:44.942134+00:00 done case C-0531 round=2 result=true
2026-06-13T21:14:45.073133+00:00 done case C-0532 round=2 result=true
2026-06-13T21:14:45.197439+00:00 done case C-0533 round=2 result=true
2026-06-13T21:14:45.324193+00:00 done case C-0534 round=2 result=true
2026-06-13T21:14:45.439819+00:00 done case C-0535 round=2 result=true
2026-06-13T21:14:45.568449+00:00 done case C-0536 round=2 result=true
2026-06-13T21:14:45.686371+00:00 done case C-0537 round=2 result=true
2026-06-13T21:14:45.812916+00:00 done case C-0538 round=2 result=true
2026-06-13T21:14:45.951106+00:00 done case C-0539 round=2 result=true
2026-06-13T21:14:46.066525+00:00 done case C-0540 round=2 result=true
2026-06-13T21:14:46.190331+00:00 done case C-0541 round=2 result=true
2026-06-13T21:14:46.316487+00:00 done case C-0542 round=2 result=true
2026-06-13T21:14:46.445316+00:00 done case C-0543 round=2 result=true
2026-06-13T21:14:46.561388+00:00 done case C-0544 round=2 result=true
2026-06-13T21:14:46.704783+00:00 done case C-0545 round=2 result=true
2026-06-13T21:14:46.822539+00:00 done case C-0546 round=2 result=true
2026-06-13T21:14:46.947455+00:00 done case C-0547 round=2 result=true
2026-06-13T21:14:47.067401+00:00 done case C-0548 round=2 result=true
2026-06-13T21:14:47.182889+00:00 done case C-0549 round=2 result=true
2026-06-13T21:14:47.305893+00:00 done case C-0550 round=2 result=true
2026-06-13T21:14:47.431066+00:00 done case C-0551 round=2 result=true
2026-06-13T21:14:47.566385+00:00 done case C-0552 round=2 result=true
2026-06-13T21:14:47.698975+00:00 done case C-0553 round=2 result=true
2026-06-13T21:14:47.816451+00:00 done case C-0554 round=2 result=true
2026-06-13T21:14:47.938664+00:00 done case C-0555 round=2 result=true
2026-06-13T21:14:48.061446+00:00 done case C-0556 round=2 result=true
2026-06-13T21:14:48.189315+00:00 done case C-0557 round=2 result=true
2026-06-13T21:14:48.324523+00:00 done case C-0558 round=2 result=true
2026-06-13T21:14:48.455733+00:00 done case C-0559 round=2 result=true
2026-06-13T21:14:48.583175+00:00 done case C-0560 round=2 result=true
2026-06-13T21:14:48.713614+00:00 done case C-0561 round=2 result=true
2026-06-13T21:14:48.847915+00:00 done case C-0562 round=2 result=true
2026-06-13T21:14:48.969625+00:00 done case C-0563 round=2 result=true
2026-06-13T21:14:49.083974+00:00 done case C-0564 round=2 result=true
2026-06-13T21:14:49.223938+00:00 done case C-0565 round=2 result=true
2026-06-13T21:14:49.338482+00:00 done case C-0566 round=2 result=true
2026-06-13T21:14:49.466609+00:00 done case C-0567 round=2 result=true
2026-06-13T21:14:49.583617+00:00 done case C-0568 round=2 result=true
2026-06-13T21:14:49.700301+00:00 done case C-0569 round=2 result=true
2026-06-13T21:14:49.817606+00:00 done case C-0570 round=2 result=true
2026-06-13T21:14:49.938789+00:00 done case C-0571 round=2 result=true
2026-06-13T21:14:50.061338+00:00 done case C-0572 round=2 result=true
2026-06-13T21:14:50.191628+00:00 done case C-0573 round=2 result=true
2026-06-13T21:14:50.306114+00:00 done case C-0574 round=2 result=true
2026-06-13T21:14:50.428201+00:00 done case C-0575 round=2 result=true
2026-06-13T21:14:50.550434+00:00 done case C-0576 round=2 result=true
2026-06-13T21:14:50.675414+00:00 done case C-0577 round=2 result=true
2026-06-13T21:14:50.796968+00:00 done case C-0578 round=2 result=true
