2026-06-13T15:07:07.297242+00:00 worker start resume=True
2026-06-13T15:07:07.520908+00:00 done function A1 round=1 result=true
2026-06-13T15:07:07.602699+00:00 done function A2 round=1 result=true
2026-06-13T15:07:07.681268+00:00 done function A3 round=1 result=true
2026-06-13T15:07:07.759089+00:00 done function A4 round=1 result=true
2026-06-13T15:07:07.849834+00:00 done function A5 round=1 result=true
2026-06-13T15:07:07.935960+00:00 done function A6 round=1 result=true
2026-06-13T15:07:08.029199+00:00 done function A7 round=1 result=true
2026-06-13T15:07:08.130777+00:00 done function A8 round=1 result=true
2026-06-13T15:07:08.226015+00:00 done function A9 round=1 result=true
2026-06-13T15:07:08.325809+00:00 done function T1 round=1 result=true
2026-06-13T15:07:08.425823+00:00 done function T2 round=1 result=true
2026-06-13T15:07:08.514005+00:00 done function T3 round=1 result=true
2026-06-13T15:07:08.614474+00:00 done function T4 round=1 result=true
2026-06-13T15:07:08.726868+00:00 done function T5 round=1 result=true
2026-06-13T15:07:08.814532+00:00 done function T6 round=1 result=true
2026-06-13T15:07:08.914012+00:00 done function T7 round=1 result=true
2026-06-13T15:07:09.015728+00:00 done function T8 round=1 result=true
2026-06-13T15:07:09.115458+00:00 done function T9 round=1 result=true
2026-06-13T15:07:09.214030+00:00 done function T10 round=1 result=true
2026-06-13T15:07:09.315601+00:00 done function T11 round=1 result=true
2026-06-13T15:07:09.430481+00:00 done function T12 round=1 result=true
2026-06-13T15:07:09.536704+00:00 done function T13 round=1 result=true
2026-06-13T15:07:09.636737+00:00 done function T14 round=1 result=true
2026-06-13T15:07:09.726476+00:00 done function T15 round=1 result=contradiction
2026-06-13T15:07:09.813853+00:00 done function T16 round=1 result=true
2026-06-13T15:07:09.914674+00:00 done function T17 round=1 result=true
2026-06-13T15:07:10.029017+00:00 done function T18 round=1 result=true
2026-06-13T15:07:10.125548+00:00 done function T19 round=1 result=true
2026-06-13T15:07:10.229808+00:00 done function T20 round=1 result=true
2026-06-13T15:07:10.336879+00:00 done function T21 round=1 result=true
2026-06-13T15:07:10.430286+00:00 done function T22 round=1 result=true
2026-06-13T15:07:10.536242+00:00 done function T23 round=1 result=true
2026-06-13T15:07:10.637650+00:00 done function T24 round=1 result=true
2026-06-13T15:07:10.747582+00:00 done function T25 round=1 result=true
2026-06-13T15:07:10.848256+00:00 done function T26 round=1 result=true
2026-06-13T15:07:10.949464+00:00 done function T27 round=1 result=true
2026-06-13T15:07:11.048769+00:00 done function T28 round=1 result=true
2026-06-13T15:07:11.148566+00:00 done function T29 round=1 result=true
2026-06-13T15:07:11.237081+00:00 done function T30 round=1 result=true
2026-06-13T15:07:11.325805+00:00 done function T31 round=1 result=true
2026-06-13T15:07:11.425739+00:00 done function T32 round=1 result=true
2026-06-13T15:07:11.514138+00:00 done function T33 round=1 result=true
2026-06-13T15:07:11.604483+00:00 done function T34 round=1 result=true
2026-06-13T15:07:11.715449+00:00 done function T35 round=1 result=true
2026-06-13T15:07:11.814106+00:00 done function T36 round=1 result=true
2026-06-13T15:07:11.914544+00:00 done function T37 round=1 result=true
2026-06-13T15:07:12.003158+00:00 done function T38 round=1 result=true
2026-06-13T15:07:12.092421+00:00 done function T39 round=1 result=true
2026-06-13T15:07:12.181192+00:00 done function D1 round=1 result=true
2026-06-13T15:07:12.282216+00:00 done function D2 round=1 result=true
2026-06-13T15:07:12.382059+00:00 done function D3 round=1 result=true
2026-06-13T15:07:12.482760+00:00 done function D4 round=1 result=true
2026-06-13T15:07:12.581157+00:00 done function D5 round=1 result=true
2026-06-13T15:07:12.682104+00:00 done function D6 round=1 result=true
2026-06-13T15:07:12.781423+00:00 done function D7 round=1 result=true
2026-06-13T15:07:12.872405+00:00 done function D8 round=1 result=true
2026-06-13T15:07:12.961108+00:00 done function D9 round=1 result=true
2026-06-13T15:07:13.047853+00:00 done function D10 round=1 result=true
2026-06-13T15:07:13.136634+00:00 done function D11 round=1 result=true
2026-06-13T15:07:13.226230+00:00 done function D12 round=1 result=contradiction
2026-06-13T15:07:13.325766+00:00 done function D13 round=1 result=true
2026-06-13T15:07:13.415393+00:00 done function D14 round=1 result=true
2026-06-13T15:07:13.503698+00:00 done function D15 round=1 result=true
2026-06-13T15:07:13.594694+00:00 done function D16 round=1 result=true
2026-06-13T15:07:13.693468+00:00 done function D17 round=1 result=true
2026-06-13T15:07:13.793339+00:00 done function D18 round=1 result=true
2026-06-13T15:07:13.893409+00:00 done function D19 round=1 result=true
2026-06-13T15:07:13.993753+00:00 done function D20 round=1 result=true
2026-06-13T15:07:14.093163+00:00 done function D21 round=1 result=true
2026-06-13T15:07:14.181935+00:00 done function D22 round=1 result=true
2026-06-13T15:07:14.272297+00:00 done function D23 round=1 result=true
2026-06-13T15:07:14.359501+00:00 done function D24 round=1 result=true
2026-06-13T15:07:14.449657+00:00 done function D25 round=1 result=true
2026-06-13T15:07:14.537034+00:00 done function D26 round=1 result=true
2026-06-13T15:07:14.636678+00:00 done function D27 round=1 result=true
2026-06-13T15:07:14.739358+00:00 done function D28 round=1 result=true
2026-06-13T15:07:14.839158+00:00 done function D29 round=1 result=contradiction
2026-06-13T15:07:14.926060+00:00 done function D30 round=1 result=contradiction
2026-06-13T15:07:15.025786+00:00 done function D31 round=1 result=true
2026-06-13T15:07:15.126162+00:00 done function D32 round=1 result=true
2026-06-13T15:07:15.215379+00:00 done function D33 round=1 result=true
2026-06-13T15:07:15.315008+00:00 done function D34 round=1 result=true
2026-06-13T15:07:15.415421+00:00 done function D35 round=1 result=true
2026-06-13T15:07:15.504801+00:00 done function D36 round=1 result=true
2026-06-13T15:07:15.593987+00:00 done function D37 round=1 result=true
2026-06-13T15:07:15.695733+00:00 done function D38 round=1 result=true
2026-06-13T15:07:15.803636+00:00 done function D39 round=1 result=contradiction
2026-06-13T15:07:15.909155+00:00 done function D40 round=1 result=true
2026-06-13T15:07:16.015913+00:00 done function D41 round=1 result=true
2026-06-13T15:07:16.116086+00:00 done function D42 round=1 result=true
2026-06-13T15:07:16.218615+00:00 done function D43 round=1 result=true
2026-06-13T15:07:16.315357+00:00 done function D44 round=1 result=true
2026-06-13T15:07:16.419189+00:00 done function D45 round=1 result=true
2026-06-13T15:07:16.526459+00:00 done function D46 round=1 result=true
2026-06-13T15:07:16.629669+00:00 done function D47 round=1 result=true
2026-06-13T15:07:16.726539+00:00 done function D48 round=1 result=true
2026-06-13T15:07:16.829287+00:00 done function D49 round=1 result=true
2026-06-13T15:07:16.929892+00:00 done function D50 round=1 result=true
2026-06-13T15:07:17.029830+00:00 done function D51 round=1 result=true
2026-06-13T15:07:17.129986+00:00 done function D52 round=1 result=true
2026-06-13T15:07:17.242107+00:00 done function D53 round=1 result=true
2026-06-13T15:07:17.349424+00:00 done function D54 round=1 result=true
2026-06-13T15:07:17.453000+00:00 done function D55 round=1 result=true
2026-06-13T15:07:17.562570+00:00 done function D56 round=1 result=true
2026-06-13T15:07:17.659533+00:00 done function D57 round=1 result=true
2026-06-13T15:07:17.761599+00:00 done function D58 round=1 result=true
2026-06-13T15:07:17.871846+00:00 done function D59 round=1 result=true
2026-06-13T15:07:17.974330+00:00 done function D60 round=1 result=true
2026-06-13T15:07:18.082442+00:00 done function D61 round=1 result=true
2026-06-13T15:07:18.185680+00:00 done function D62 round=1 result=true
2026-06-13T15:07:18.282743+00:00 done function D63 round=1 result=true
2026-06-13T15:07:18.382511+00:00 done function D64 round=1 result=true
2026-06-13T15:07:18.496527+00:00 done function D65 round=1 result=true
2026-06-13T15:07:18.615608+00:00 done function D66 round=1 result=true
2026-06-13T15:07:18.727369+00:00 done function D67 round=1 result=true
2026-06-13T15:07:18.843516+00:00 done function D72 round=1 result=true
2026-06-13T15:07:18.966453+00:00 done function D73 round=1 result=true
2026-06-13T15:07:19.083288+00:00 done function D74 round=1 result=true
2026-06-13T15:07:19.194566+00:00 done function D75 round=1 result=true
2026-06-13T15:07:19.308382+00:00 done function D76 round=1 result=true
2026-06-13T15:07:19.427487+00:00 done function D77 round=1 result=true
2026-06-13T15:07:19.532409+00:00 done function D84 round=1 result=true
2026-06-13T15:07:19.638130+00:00 done function D85 round=1 result=true
2026-06-13T15:07:19.738935+00:00 done function D86 round=1 result=true
2026-06-13T15:07:19.838220+00:00 done function D87 round=1 result=true
2026-06-13T15:07:19.938273+00:00 done function D88 round=1 result=true
2026-06-13T15:07:20.040190+00:00 done function D89 round=1 result=true
2026-06-13T15:07:20.149131+00:00 done function D90 round=1 result=contradiction
2026-06-13T15:07:20.249452+00:00 done function D91 round=1 result=contradiction
2026-06-13T15:07:20.354717+00:00 done function D92 round=1 result=true
2026-06-13T15:07:20.462686+00:00 done function D93 round=1 result=contradiction
2026-06-13T15:07:20.577169+00:00 done function D94 round=1 result=contradiction
2026-06-13T15:07:20.687699+00:00 done function D95 round=1 result=true
2026-06-13T15:07:20.800444+00:00 done function D96 round=1 result=true
2026-06-13T15:07:20.906471+00:00 done function D97 round=1 result=true
2026-06-13T15:07:21.010410+00:00 done function D98 round=1 result=true
2026-06-13T15:07:21.117488+00:00 done function D99 round=1 result=true
2026-06-13T15:07:21.205718+00:00 done function D100 round=1 result=true
2026-06-13T15:07:21.305627+00:00 done function D101 round=1 result=true
2026-06-13T15:07:21.393621+00:00 done function D102 round=1 result=true
2026-06-13T15:07:21.498818+00:00 done function D103 round=1 result=true
2026-06-13T15:07:21.594027+00:00 done function D104 round=1 result=true
2026-06-13T15:07:21.700080+00:00 done function D105 round=1 result=true
2026-06-13T15:07:21.805418+00:00 done function D106 round=1 result=true
2026-06-13T15:07:21.905501+00:00 done function D107 round=1 result=true
2026-06-13T15:07:22.005492+00:00 done function D108 round=1 result=true
2026-06-13T15:07:22.108221+00:00 done function D109 round=1 result=true
2026-06-13T15:07:22.193988+00:00 done function D110 round=1 result=true
2026-06-13T15:07:22.293822+00:00 done function D111 round=1 result=true
2026-06-13T15:07:22.394193+00:00 done function D112 round=1 result=true
2026-06-13T15:07:22.494143+00:00 done function D113 round=1 result=true
2026-06-13T15:07:22.583111+00:00 done function D114 round=1 result=true
2026-06-13T15:07:22.683085+00:00 done function D115 round=1 result=true
2026-06-13T15:07:22.772604+00:00 done function D116 round=1 result=true
2026-06-13T15:07:22.860656+00:00 done function D117 round=1 result=true
2026-06-13T15:07:22.965128+00:00 done function D118 round=1 result=true
2026-06-13T15:07:23.071915+00:00 done function D119 round=1 result=true
2026-06-13T15:07:23.172113+00:00 done function D120 round=1 result=true
2026-06-13T15:07:23.277631+00:00 done function D121 round=1 result=true
2026-06-13T15:07:23.374480+00:00 done function D122 round=1 result=true
2026-06-13T15:07:23.489263+00:00 done function D123 round=1 result=true
2026-06-13T15:07:23.582815+00:00 done function D124 round=1 result=true
2026-06-13T15:07:23.682805+00:00 done function D125 round=1 result=true
2026-06-13T15:07:23.773853+00:00 done function D126 round=1 result=true
2026-06-13T15:07:23.872142+00:00 done function D127 round=1 result=true
2026-06-13T15:07:23.972979+00:00 done function D128 round=1 result=true
2026-06-13T15:07:24.061020+00:00 done function D129 round=1 result=true
2026-06-13T15:07:24.163282+00:00 done function D130 round=1 result=true
2026-06-13T15:07:24.260714+00:00 done function D131 round=1 result=contradiction
2026-06-13T15:07:24.361026+00:00 done function D132 round=1 result=contradiction
2026-06-13T15:07:24.461548+00:00 done function D133 round=1 result=contradiction
2026-06-13T15:07:24.562350+00:00 done function D134 round=1 result=contradiction
2026-06-13T15:07:24.649698+00:00 done function D135 round=1 result=contradiction
2026-06-13T15:07:24.754052+00:00 done function D136 round=1 result=contradiction
2026-06-13T15:07:24.863346+00:00 done function D137 round=1 result=contradiction
2026-06-13T15:07:24.972617+00:00 done function D138 round=1 result=true
2026-06-13T15:07:25.077372+00:00 done function D139 round=1 result=contradiction
2026-06-13T15:07:25.187020+00:00 done function D140 round=1 result=contradiction
2026-06-13T15:07:25.283240+00:00 done function D141 round=1 result=true
2026-06-13T15:07:25.383913+00:00 done function D142 round=1 result=true
2026-06-13T15:07:25.486172+00:00 done function D143 round=1 result=contradiction
2026-06-13T15:07:25.583219+00:00 done function D144 round=1 result=contradiction
2026-06-13T15:07:25.688556+00:00 done function D145 round=1 result=true
2026-06-13T15:07:25.783967+00:00 done function D146 round=1 result=true
2026-06-13T15:07:25.883364+00:00 done function D147 round=1 result=contradiction
2026-06-13T15:07:25.994570+00:00 done function D148 round=1 result=true
2026-06-13T15:07:26.096849+00:00 done function D149 round=1 result=contradiction
2026-06-13T15:07:26.208067+00:00 done function D150 round=1 result=contradiction
2026-06-13T15:07:26.308649+00:00 done function D151 round=1 result=true
2026-06-13T15:07:26.406027+00:00 done function D152 round=1 result=contradiction
2026-06-13T15:07:26.506338+00:00 done function D153 round=1 result=contradiction
2026-06-13T15:07:26.595823+00:00 done function D154 round=1 result=true
2026-06-13T15:07:26.694443+00:00 done function D155 round=1 result=true
2026-06-13T15:07:26.800369+00:00 done function D156 round=1 result=contradiction
2026-06-13T15:07:26.906234+00:00 done function D157 round=1 result=contradiction
2026-06-13T15:07:27.006312+00:00 done function D158 round=1 result=contradiction
2026-06-13T15:07:27.109923+00:00 done function D159 round=1 result=true
2026-06-13T15:07:27.216772+00:00 done function D160 round=1 result=contradiction
2026-06-13T15:07:27.317212+00:00 done function D161 round=1 result=true
2026-06-13T15:07:27.417747+00:00 done function D162 round=1 result=true
2026-06-13T15:07:27.506401+00:00 done function D163 round=1 result=contradiction
2026-06-13T15:07:27.605910+00:00 done function D164 round=1 result=contradiction
2026-06-13T15:07:27.695088+00:00 done function D165 round=1 result=contradiction
2026-06-13T15:07:27.805940+00:00 done function D166 round=1 result=contradiction
2026-06-13T15:07:27.905983+00:00 done function D167 round=1 result=contradiction
2026-06-13T15:07:28.006344+00:00 done function D168 round=1 result=contradiction
2026-06-13T15:07:28.106519+00:00 done function D169 round=1 result=true
2026-06-13T15:07:28.206843+00:00 done function D170 round=1 result=true
2026-06-13T15:07:28.310624+00:00 done function D171 round=1 result=true
2026-06-13T15:07:28.393789+00:00 done function D172 round=1 result=true
2026-06-13T15:07:28.483099+00:00 done function D173 round=1 result=true
2026-06-13T15:07:28.572555+00:00 done function D174 round=1 result=true
2026-06-13T15:07:28.661429+00:00 done function D175 round=1 result=true
2026-06-13T15:07:28.761307+00:00 done function D176 round=1 result=true
2026-06-13T15:07:28.850769+00:00 done function D177 round=1 result=true
2026-06-13T15:07:28.967898+00:00 done function D178 round=1 result=true
2026-06-13T15:07:29.073059+00:00 done function D179 round=1 result=true
2026-06-13T15:07:29.178397+00:00 done function D180 round=1 result=true
2026-06-13T15:07:29.271727+00:00 done function D181 round=1 result=true
2026-06-13T15:07:29.372668+00:00 done function D182 round=1 result=true
2026-06-13T15:07:29.473466+00:00 done function D183 round=1 result=true
2026-06-13T15:07:29.572752+00:00 done function D184 round=1 result=true
2026-06-13T15:07:29.674345+00:00 done function D185 round=1 result=true
2026-06-13T15:07:29.784522+00:00 done function D186 round=1 result=true
2026-06-13T15:07:29.884229+00:00 done function D187 round=1 result=true
2026-06-13T15:07:29.995451+00:00 done function D188 round=1 result=true
2026-06-13T15:07:30.095041+00:00 done function D189 round=1 result=true
2026-06-13T15:07:30.206778+00:00 done function D190 round=1 result=true
2026-06-13T15:07:30.322567+00:00 done function D191 round=1 result=contradiction
2026-06-13T15:07:30.428560+00:00 done function D192 round=1 result=true
2026-06-13T15:07:30.544652+00:00 done function D193 round=1 result=true
2026-06-13T15:07:30.655825+00:00 done function D194 round=1 result=true
2026-06-13T15:07:30.765915+00:00 done function D195 round=1 result=true
2026-06-13T15:07:30.873121+00:00 done function D196 round=1 result=true
2026-06-13T15:07:30.984505+00:00 done function D197 round=1 result=true
2026-06-13T15:07:31.096014+00:00 done function D198 round=1 result=true
2026-06-13T15:07:31.206443+00:00 done function D199 round=1 result=true
2026-06-13T15:07:31.318766+00:00 done function D200 round=1 result=true
2026-06-13T15:07:31.435639+00:00 done function D201 round=1 result=true
2026-06-13T15:07:31.554625+00:00 done function D202 round=1 result=true
2026-06-13T15:07:31.665861+00:00 done function D203 round=1 result=true
2026-06-13T15:07:31.774827+00:00 done function D204 round=1 result=true
2026-06-13T15:07:31.885463+00:00 done function D205 round=1 result=true
2026-06-13T15:07:32.007662+00:00 done function D206 round=1 result=true
2026-06-13T15:07:32.119427+00:00 done function D207 round=1 result=true
2026-06-13T15:07:32.233501+00:00 done function D208 round=1 result=true
2026-06-13T15:07:32.341553+00:00 done function D209 round=1 result=true
2026-06-13T15:07:32.453378+00:00 done function D210 round=1 result=true
2026-06-13T15:07:32.562162+00:00 done function D211 round=1 result=true
2026-06-13T15:07:32.675304+00:00 done function D212 round=1 result=true
2026-06-13T15:07:32.795615+00:00 done function D213 round=1 result=true
2026-06-13T15:07:32.906998+00:00 done function D214 round=1 result=true
2026-06-13T15:07:33.021073+00:00 done function D215 round=1 result=true
2026-06-13T15:07:33.128917+00:00 done function D216 round=1 result=true
2026-06-13T15:07:33.245807+00:00 done function D217 round=1 result=true
2026-06-13T15:07:33.364344+00:00 done function D218 round=1 result=true
2026-06-13T15:07:33.485805+00:00 done function D219 round=1 result=true
2026-06-13T15:07:33.596324+00:00 done function D220 round=1 result=true
2026-06-13T15:07:33.711473+00:00 done function D221 round=1 result=true
2026-06-13T15:07:33.823724+00:00 done function D222 round=1 result=true
2026-06-13T15:07:33.929123+00:00 done function D223 round=1 result=true
2026-06-13T15:07:34.040778+00:00 done function D224 round=1 result=true
2026-06-13T15:07:34.152007+00:00 done function D225 round=1 result=true
2026-06-13T15:07:34.262500+00:00 done function D226 round=1 result=true
2026-06-13T15:07:34.376138+00:00 done function D227 round=1 result=true
2026-06-13T15:07:34.485363+00:00 done function D228 round=1 result=true
2026-06-13T15:07:34.599671+00:00 done function D229 round=1 result=true
2026-06-13T15:07:34.708625+00:00 done function D230 round=1 result=true
2026-06-13T15:07:34.819416+00:00 done function D231 round=1 result=true
2026-06-13T15:07:34.929794+00:00 done function D232 round=1 result=true
2026-06-13T15:07:35.052635+00:00 done function D233 round=1 result=true
2026-06-13T15:07:35.164332+00:00 done function D234 round=1 result=true
2026-06-13T15:07:35.274401+00:00 done function D235 round=1 result=true
2026-06-13T15:07:35.386276+00:00 done function D236 round=1 result=true
2026-06-13T15:07:35.502980+00:00 done function D237 round=1 result=true
2026-06-13T15:07:35.612827+00:00 done function D238 round=1 result=true
2026-06-13T15:07:35.729724+00:00 done function D239 round=1 result=true
2026-06-13T15:07:35.840731+00:00 done function D240 round=1 result=true
2026-06-13T15:07:35.952433+00:00 done function D241 round=1 result=true
2026-06-13T15:07:36.064445+00:00 done function D242 round=1 result=true
2026-06-13T15:07:36.175080+00:00 done function D243 round=1 result=true
2026-06-13T15:07:36.287938+00:00 done function D244 round=1 result=true
2026-06-13T15:07:36.384493+00:00 done function D245 round=1 result=true
2026-06-13T15:07:36.475511+00:00 done function D246 round=1 result=true
2026-06-13T15:07:36.576169+00:00 done function D247 round=1 result=true
2026-06-13T15:07:36.674598+00:00 done function D248 round=1 result=true
2026-06-13T15:07:36.772500+00:00 done function D249 round=1 result=true
2026-06-13T15:07:36.867303+00:00 done function D250 round=1 result=true
2026-06-13T15:07:36.961377+00:00 done function D251 round=1 result=true
2026-06-13T15:07:37.051252+00:00 done function D252 round=1 result=true
2026-06-13T15:07:37.144944+00:00 done function D253 round=1 result=true
2026-06-13T15:07:37.241360+00:00 done function D254 round=1 result=true
2026-06-13T15:07:37.340545+00:00 done function D255 round=1 result=true
2026-06-13T15:07:37.446180+00:00 done function D256 round=1 result=true
2026-06-13T15:07:37.539559+00:00 done function D257 round=1 result=true
2026-06-13T15:07:37.633965+00:00 done function D258 round=1 result=true
2026-06-13T15:07:37.734151+00:00 done function D259 round=1 result=true
2026-06-13T15:07:37.835020+00:00 done function D260 round=1 result=true
2026-06-13T15:07:37.928952+00:00 done function D261 round=1 result=true
2026-06-13T15:07:38.017684+00:00 done function D262 round=1 result=true
2026-06-13T15:07:38.107439+00:00 done function D263 round=1 result=true
2026-06-13T15:07:38.212878+00:00 done function D264 round=1 result=true
2026-06-13T15:07:38.306983+00:00 done function D265 round=1 result=true
2026-06-13T15:07:38.396297+00:00 done function D266 round=1 result=true
2026-06-13T15:07:38.499712+00:00 done function D267 round=1 result=true
2026-06-13T15:07:38.600327+00:00 done function D268 round=1 result=true
2026-06-13T15:07:38.701095+00:00 done function D269 round=1 result=true
2026-06-13T15:07:38.801410+00:00 done function D270 round=1 result=true
2026-06-13T15:07:38.897064+00:00 done function D271 round=1 result=true
2026-06-13T15:07:38.997575+00:00 done function D272 round=1 result=true
2026-06-13T15:07:39.096059+00:00 done function D273 round=1 result=true
2026-06-13T15:07:39.203600+00:00 done function D274 round=1 result=true
2026-06-13T15:07:39.297383+00:00 done function D275 round=1 result=true
2026-06-13T15:07:39.399543+00:00 done function D276 round=1 result=true
2026-06-13T15:07:39.502973+00:00 done function D277 round=1 result=true
2026-06-13T15:07:39.600228+00:00 done function D278 round=1 result=true
2026-06-13T15:07:39.695741+00:00 done function D279 round=1 result=true
2026-06-13T15:07:39.796065+00:00 done function D280 round=1 result=true
2026-06-13T15:07:39.901026+00:00 done function D281 round=1 result=true
2026-06-13T15:07:40.002019+00:00 done function D282 round=1 result=true
2026-06-13T15:07:40.095103+00:00 done function D283 round=1 result=true
2026-06-13T15:07:40.186802+00:00 done function D284 round=1 result=true
2026-06-13T15:07:40.287868+00:00 done function D285 round=1 result=true
2026-06-13T15:07:40.389701+00:00 done function D286 round=1 result=true
2026-06-13T15:07:40.507950+00:00 done function D287 round=1 result=true
2026-06-13T15:07:40.599206+00:00 done function D288 round=1 result=true
2026-06-13T15:07:40.701991+00:00 done function D289 round=1 result=true
2026-06-13T15:07:40.799719+00:00 done function D290 round=1 result=true
2026-06-13T15:07:40.895649+00:00 done function D291 round=1 result=true
2026-06-13T15:07:40.985065+00:00 done function D292 round=1 result=true
2026-06-13T15:07:41.073525+00:00 done function D293 round=1 result=true
2026-06-13T15:07:41.174793+00:00 done function D294 round=1 result=true
2026-06-13T15:07:41.279684+00:00 done function D295 round=1 result=true
2026-06-13T15:07:41.387191+00:00 done function D296 round=1 result=true
2026-06-13T15:07:41.484719+00:00 done function D297 round=1 result=true
2026-06-13T15:07:41.572891+00:00 done function D298 round=1 result=true
2026-06-13T15:07:41.689389+00:00 done function D299 round=1 result=true
2026-06-13T15:07:41.819713+00:00 done function D300 round=1 result=true
2026-06-13T15:07:41.923960+00:00 done function D301 round=1 result=true
2026-06-13T15:07:42.046053+00:00 done function D302 round=1 result=true
2026-06-13T15:07:42.143144+00:00 done function D303 round=1 result=true
2026-06-13T15:07:42.240370+00:00 done function D304 round=1 result=true
2026-06-13T15:07:42.329599+00:00 done function D305 round=1 result=true
2026-06-13T15:07:42.431389+00:00 done function D306 round=1 result=true
2026-06-13T15:07:42.556480+00:00 done function D307 round=1 result=true
2026-06-13T15:07:42.651419+00:00 done function D308 round=1 result=true
2026-06-13T15:07:42.744447+00:00 done function D309 round=1 result=true
2026-06-13T15:07:42.844248+00:00 done function D310 round=1 result=true
2026-06-13T15:07:42.941677+00:00 done function D311 round=1 result=true
2026-06-13T15:07:43.064874+00:00 done function D312 round=1 result=true
2026-06-13T15:07:43.192581+00:00 done function D313 round=1 result=true
2026-06-13T15:07:43.285409+00:00 done function D314 round=1 result=true
2026-06-13T15:07:43.374493+00:00 done function D315 round=1 result=true
2026-06-13T15:07:43.466288+00:00 done function D316 round=1 result=true
2026-06-13T15:07:43.563863+00:00 done function D317 round=1 result=true
2026-06-13T15:07:43.655140+00:00 done function D318 round=1 result=true
2026-06-13T15:07:43.773418+00:00 done function D319 round=1 result=true
2026-06-13T15:07:43.884882+00:00 done function D320 round=1 result=true
2026-06-13T15:07:44.003399+00:00 done function D321 round=1 result=true
2026-06-13T15:07:44.107438+00:00 done function D322 round=1 result=true
2026-06-13T15:07:44.208648+00:00 done function D323 round=1 result=true
2026-06-13T15:07:44.308474+00:00 done function D324 round=1 result=true
2026-06-13T15:07:44.419542+00:00 done function D325 round=1 result=true
2026-06-13T15:07:44.518588+00:00 done function D326 round=1 result=true
2026-06-13T15:07:44.629147+00:00 done function D327 round=1 result=true
2026-06-13T15:07:44.729602+00:00 done function D328 round=1 result=true
2026-06-13T15:07:44.833121+00:00 done function D329 round=1 result=true
2026-06-13T15:07:44.951684+00:00 done function D330 round=1 result=true
2026-06-13T15:07:45.056433+00:00 done function D331 round=1 result=true
2026-06-13T15:07:45.167507+00:00 done function D332 round=1 result=true
2026-06-13T15:07:45.274640+00:00 done function D333 round=1 result=true
2026-06-13T15:07:45.388473+00:00 done function D334 round=1 result=true
2026-06-13T15:07:45.499793+00:00 done function D335 round=1 result=true
2026-06-13T15:07:45.607135+00:00 done function D336 round=1 result=true
2026-06-13T15:07:45.711554+00:00 done function D337 round=1 result=true
2026-06-13T15:07:45.819032+00:00 done function D338 round=1 result=true
2026-06-13T15:07:45.938582+00:00 done function D339 round=1 result=true
2026-06-13T15:07:46.052456+00:00 done function D340 round=1 result=true
2026-06-13T15:07:46.164074+00:00 done function D341 round=1 result=true
2026-06-13T15:07:46.264175+00:00 done function D342 round=1 result=true
2026-06-13T15:07:46.374498+00:00 done function D343 round=1 result=true
2026-06-13T15:07:46.474069+00:00 done function D344 round=1 result=true
2026-06-13T15:07:46.575653+00:00 done function D345 round=1 result=true
2026-06-13T15:07:46.697140+00:00 done function D346 round=1 result=true
2026-06-13T15:07:46.830399+00:00 done function D347 round=1 result=true
2026-06-13T15:07:46.948819+00:00 done function D348 round=1 result=true
2026-06-13T15:07:47.070396+00:00 done function D349 round=1 result=true
2026-06-13T15:07:47.191577+00:00 done function D350 round=1 result=true
2026-06-13T15:07:47.309492+00:00 done function D351 round=1 result=true
2026-06-13T15:07:47.431120+00:00 done function D352 round=1 result=true
2026-06-13T15:07:47.557869+00:00 done function D353 round=1 result=true
2026-06-13T15:07:47.689753+00:00 done function D354 round=1 result=true
2026-06-13T15:07:47.809474+00:00 done function D355 round=1 result=true
2026-06-13T15:07:47.931290+00:00 done function D356 round=1 result=true
2026-06-13T15:07:48.053841+00:00 done function D357 round=1 result=true
2026-06-13T15:07:48.173928+00:00 done function D358 round=1 result=true
2026-06-13T15:07:48.314600+00:00 done function D359 round=1 result=true
2026-06-13T15:07:48.451562+00:00 done function D360 round=1 result=true
2026-06-13T15:07:48.569420+00:00 done function D361 round=1 result=true
2026-06-13T15:07:48.686793+00:00 done function D362 round=1 result=true
2026-06-13T15:07:48.799389+00:00 done function D363 round=1 result=true
2026-06-13T15:07:48.919352+00:00 done function D364 round=1 result=true
2026-06-13T15:07:49.919325+00:00 done function D365 round=1 result=true
2026-06-13T15:07:50.030534+00:00 done function D366 round=1 result=true
2026-06-13T15:07:50.158892+00:00 done function D367 round=1 result=true
2026-06-13T15:07:50.279103+00:00 done function D368 round=1 result=true
2026-06-13T15:07:50.396855+00:00 done function D369 round=1 result=true
2026-06-13T15:07:50.511540+00:00 done function D370 round=1 result=true
2026-06-13T15:07:50.630988+00:00 done function D371 round=1 result=true
2026-06-13T15:07:50.748342+00:00 done function D372 round=1 result=true
2026-06-13T15:07:50.865088+00:00 done function D373 round=1 result=true
2026-06-13T15:07:51.866186+00:00 done function D374 round=1 result=true
2026-06-13T15:07:51.985441+00:00 done function D375 round=1 result=true
2026-06-13T15:07:52.104900+00:00 done function D376 round=1 result=true
2026-06-13T15:07:52.219994+00:00 done function D377 round=1 result=true
2026-06-13T15:07:52.341681+00:00 done function D378 round=1 result=true
2026-06-13T15:07:52.478215+00:00 done function D379 round=1 result=true
2026-06-13T15:07:52.601683+00:00 done function D380 round=1 result=true
2026-06-13T15:07:52.721351+00:00 done function D381 round=1 result=true
2026-06-13T15:07:53.714647+00:00 done function D382 round=1 result=true
2026-06-13T15:07:53.832665+00:00 done function D383 round=1 result=true
2026-06-13T15:07:53.944639+00:00 done function D384 round=1 result=true
2026-06-13T15:07:54.068575+00:00 done function D385 round=1 result=true
2026-06-13T15:07:54.188949+00:00 done function D386 round=1 result=true
2026-06-13T15:07:54.311645+00:00 done function D387 round=1 result=true
2026-06-13T15:07:54.436086+00:00 done function D388 round=1 result=true
2026-06-13T15:07:54.558307+00:00 done function D389 round=1 result=true
2026-06-13T15:07:55.540213+00:00 done function D390 round=1 result=true
2026-06-13T15:07:55.668990+00:00 done function D391 round=1 result=true
2026-06-13T15:07:55.788783+00:00 done function D392 round=1 result=true
2026-06-13T15:07:55.901044+00:00 done function D393 round=1 result=true
2026-06-13T15:07:56.023388+00:00 done function D394 round=1 result=true
2026-06-13T15:07:56.147431+00:00 done function D395 round=1 result=true
2026-06-13T15:07:56.266819+00:00 done function D396 round=1 result=true
2026-06-13T15:07:56.390594+00:00 done function D397 round=1 result=true
2026-06-13T15:07:57.391822+00:00 done function D398 round=1 result=true
2026-06-13T15:07:57.511090+00:00 done function D399 round=1 result=true
2026-06-13T15:07:57.630839+00:00 done function D400 round=1 result=true
2026-06-13T15:07:57.743134+00:00 done function D401 round=1 result=true
2026-06-13T15:07:57.856702+00:00 done function D402 round=1 result=true
2026-06-13T15:07:57.978575+00:00 done function D403 round=1 result=true
2026-06-13T15:07:58.104492+00:00 done function D404 round=1 result=true
2026-06-13T15:07:58.212805+00:00 done function D405 round=1 result=true
2026-06-13T15:07:58.325497+00:00 done function D406 round=1 result=true
2026-06-13T15:07:59.305922+00:00 done function D407 round=1 result=true
2026-06-13T15:07:59.415481+00:00 done function D408 round=1 result=true
2026-06-13T15:07:59.521834+00:00 done function D409 round=1 result=true
2026-06-13T15:07:59.621581+00:00 done function D410 round=1 result=true
2026-06-13T15:07:59.721950+00:00 done function D411 round=1 result=true
2026-06-13T15:07:59.821868+00:00 done function D412 round=1 result=true
2026-06-13T15:08:00.778899+00:00 done function D413 round=1 result=true
2026-06-13T15:08:00.888587+00:00 done function D414 round=1 result=true
2026-06-13T15:08:01.854988+00:00 done function D415 round=1 result=true
2026-06-13T15:08:02.833495+00:00 done function D416 round=1 result=true
2026-06-13T15:08:02.931477+00:00 done function D417 round=1 result=true
2026-06-13T15:08:03.898031+00:00 done function D418 round=1 result=true
2026-06-13T15:08:03.998207+00:00 done function D419 round=1 result=true
2026-06-13T15:08:04.976779+00:00 done function D420 round=1 result=true
2026-06-13T15:08:05.077792+00:00 done function D421 round=1 result=true
2026-06-13T15:08:06.043468+00:00 done function D422 round=1 result=true
2026-06-13T15:08:07.010602+00:00 done function D423 round=1 result=true
2026-06-13T15:08:07.113574+00:00 done function D424 round=1 result=true
2026-06-13T15:08:07.676881+00:00 done function D463 round=1 result=true
2026-06-13T15:08:07.811299+00:00 done function D464 round=1 result=true
2026-06-13T15:08:07.909515+00:00 done function D465 round=1 result=true
2026-06-13T15:08:08.011743+00:00 done function D466 round=1 result=true
2026-06-13T15:08:08.114047+00:00 done function D467 round=1 result=true
2026-06-13T15:08:08.228402+00:00 done function D468 round=1 result=true
2026-06-13T15:08:08.338804+00:00 done function D469 round=1 result=true
2026-06-13T15:08:08.443475+00:00 done function D470 round=1 result=true
2026-06-13T15:08:08.549289+00:00 done case C-0001 round=1 result=underdetermined
2026-06-13T15:08:08.659271+00:00 done case C-0002 round=1 result=underdetermined
2026-06-13T15:08:08.769951+00:00 done case C-0003 round=1 result=underdetermined
2026-06-13T15:08:08.876845+00:00 done case C-0004 round=1 result=underdetermined
2026-06-13T15:08:08.992310+00:00 done case C-0005 round=1 result=underdetermined
2026-06-13T15:08:09.114209+00:00 done case C-0006 round=1 result=underdetermined
2026-06-13T15:08:09.236701+00:00 done case C-0007 round=1 result=underdetermined
2026-06-13T15:08:09.366142+00:00 done case C-0008 round=1 result=underdetermined
2026-06-13T15:08:09.495005+00:00 done case C-0009 round=1 result=underdetermined
2026-06-13T15:08:09.628119+00:00 done case C-0010 round=1 result=underdetermined
2026-06-13T15:08:09.754368+00:00 done case C-0011 round=1 result=underdetermined
2026-06-13T15:08:09.878417+00:00 done case C-0012 round=1 result=underdetermined
2026-06-13T15:08:10.016662+00:00 done case C-0013 round=1 result=underdetermined
2026-06-13T15:08:10.148473+00:00 done case C-0014 round=1 result=underdetermined
2026-06-13T15:08:10.281325+00:00 done case C-0015 round=1 result=underdetermined
2026-06-13T15:08:10.415026+00:00 done case C-0016 round=1 result=underdetermined
2026-06-13T15:08:10.543350+00:00 done case C-0017 round=1 result=underdetermined
2026-06-13T15:08:10.672444+00:00 done case C-0018 round=1 result=underdetermined
2026-06-13T15:08:10.815243+00:00 done case C-0019 round=1 result=underdetermined
2026-06-13T15:08:10.948320+00:00 done case C-0020 round=1 result=underdetermined
2026-06-13T15:08:11.081284+00:00 done case C-0021 round=1 result=underdetermined
2026-06-13T15:08:11.227354+00:00 done case C-0022 round=1 result=underdetermined
2026-06-13T15:08:11.359205+00:00 done case C-0023 round=1 result=underdetermined
2026-06-13T15:08:11.487682+00:00 done case C-0024 round=1 result=underdetermined
2026-06-13T15:08:11.625908+00:00 done case C-0025 round=1 result=underdetermined
2026-06-13T15:08:11.759705+00:00 done case C-0026 round=1 result=underdetermined
2026-06-13T15:08:11.887361+00:00 done case C-0027 round=1 result=underdetermined
2026-06-13T15:08:12.021437+00:00 done case C-0028 round=1 result=underdetermined
2026-06-13T15:08:12.145090+00:00 done case C-0029 round=1 result=underdetermined
2026-06-13T15:08:12.270829+00:00 done case C-0030 round=1 result=underdetermined
2026-06-13T15:08:12.418079+00:00 done case C-0031 round=1 result=underdetermined
2026-06-13T15:08:12.548719+00:00 done case C-0032 round=1 result=underdetermined
2026-06-13T15:08:12.666001+00:00 done case C-0033 round=1 result=underdetermined
2026-06-13T15:08:12.781253+00:00 done case C-0034 round=1 result=underdetermined
2026-06-13T15:08:12.906285+00:00 done case C-0035 round=1 result=underdetermined
2026-06-13T15:08:13.022708+00:00 done case C-0036 round=1 result=underdetermined
2026-06-13T15:08:13.144906+00:00 done case C-0037 round=1 result=underdetermined
2026-06-13T15:08:13.259460+00:00 done case C-0038 round=1 result=underdetermined
2026-06-13T15:08:13.394514+00:00 done case C-0039 round=1 result=underdetermined
2026-06-13T15:08:13.529038+00:00 done case C-0040 round=1 result=underdetermined
2026-06-13T15:08:13.650504+00:00 done case C-0041 round=1 result=underdetermined
2026-06-13T15:08:13.781650+00:00 done case C-0042 round=1 result=underdetermined
2026-06-13T15:08:14.118776+00:00 done case C-0043 round=1 result=underdetermined
2026-06-13T15:08:14.367501+00:00 done case C-0044 round=1 result=underdetermined
2026-06-13T15:08:14.481950+00:00 done case C-0045 round=1 result=underdetermined
2026-06-13T15:08:14.615538+00:00 done case C-0046 round=1 result=underdetermined
2026-06-13T15:08:14.750173+00:00 done case C-0047 round=1 result=underdetermined
2026-06-13T15:08:14.877427+00:00 done case C-0048 round=1 result=underdetermined
2026-06-13T15:08:14.999264+00:00 done case C-0049 round=1 result=underdetermined
2026-06-13T15:08:15.125032+00:00 done case C-0050 round=1 result=underdetermined
2026-06-13T15:08:15.237619+00:00 done case C-0051 round=1 result=underdetermined
2026-06-13T15:08:15.362835+00:00 done case C-0052 round=1 result=underdetermined
2026-06-13T15:08:15.490106+00:00 done case C-0053 round=1 result=underdetermined
2026-06-13T15:08:15.599705+00:00 done case C-0054 round=1 result=underdetermined
2026-06-13T15:08:15.717140+00:00 done case C-0055 round=1 result=underdetermined
2026-06-13T15:08:15.844106+00:00 done case C-0056 round=1 result=underdetermined
2026-06-13T15:08:15.966392+00:00 done case C-0057 round=1 result=underdetermined
2026-06-13T15:08:16.089905+00:00 done case C-0058 round=1 result=underdetermined
2026-06-13T15:08:16.205909+00:00 done case C-0059 round=1 result=underdetermined
2026-06-13T15:08:16.328029+00:00 done case C-0060 round=1 result=underdetermined
2026-06-13T15:08:16.451213+00:00 done case C-0061 round=1 result=underdetermined
2026-06-13T15:08:16.577861+00:00 done case C-0062 round=1 result=underdetermined
2026-06-13T15:08:16.700402+00:00 done case C-0063 round=1 result=underdetermined
2026-06-13T15:08:16.821994+00:00 done case C-0064 round=1 result=underdetermined
2026-06-13T15:08:16.938962+00:00 done case C-0065 round=1 result=underdetermined
2026-06-13T15:08:17.066341+00:00 done case C-0066 round=1 result=underdetermined
2026-06-13T15:08:17.182527+00:00 done case C-0067 round=1 result=underdetermined
2026-06-13T15:08:17.306297+00:00 done case C-0068 round=1 result=underdetermined
2026-06-13T15:08:17.433771+00:00 done case C-0069 round=1 result=underdetermined
2026-06-13T15:08:17.548994+00:00 done case C-0070 round=1 result=underdetermined
2026-06-13T15:08:17.677877+00:00 done case C-0071 round=1 result=underdetermined
2026-06-13T15:08:17.793974+00:00 done case C-0072 round=1 result=underdetermined
2026-06-13T15:08:17.915957+00:00 done case C-0073 round=1 result=underdetermined
2026-06-13T15:08:18.038423+00:00 done case C-0074 round=1 result=underdetermined
2026-06-13T15:08:18.160676+00:00 done case C-0075 round=1 result=underdetermined
2026-06-13T15:08:18.283072+00:00 done case C-0076 round=1 result=underdetermined
2026-06-13T15:08:18.399889+00:00 done case C-0077 round=1 result=underdetermined
2026-06-13T15:08:18.522136+00:00 done case C-0078 round=1 result=underdetermined
2026-06-13T15:08:18.644036+00:00 done case C-0079 round=1 result=underdetermined
2026-06-13T15:08:18.766834+00:00 done case C-0080 round=1 result=underdetermined
2026-06-13T15:08:18.889791+00:00 done case C-0081 round=1 result=underdetermined
2026-06-13T15:08:19.010985+00:00 done case C-0082 round=1 result=underdetermined
2026-06-13T15:08:20.044914+00:00 done case C-0083 round=1 result=underdetermined
2026-06-13T15:08:20.166926+00:00 done case C-0084 round=1 result=underdetermined
2026-06-13T15:08:20.282879+00:00 done case C-0085 round=1 result=underdetermined
2026-06-13T15:08:20.405594+00:00 done case C-0086 round=1 result=underdetermined
2026-06-13T15:08:20.527744+00:00 done case C-0087 round=1 result=underdetermined
2026-06-13T15:08:20.657543+00:00 done case C-0088 round=1 result=underdetermined
2026-06-13T15:08:20.777587+00:00 done case C-0089 round=1 result=underdetermined
2026-06-13T15:08:20.900712+00:00 done case C-0090 round=1 result=underdetermined
2026-06-13T15:08:21.880287+00:00 done case C-0091 round=1 result=underdetermined
2026-06-13T15:08:22.000196+00:00 done case C-0092 round=1 result=underdetermined
2026-06-13T15:08:22.122652+00:00 done case C-0093 round=1 result=underdetermined
2026-06-13T15:08:22.245587+00:00 done case C-0094 round=1 result=underdetermined
2026-06-13T15:08:22.356211+00:00 done case C-0095 round=1 result=underdetermined
2026-06-13T15:08:22.479134+00:00 done case C-0096 round=1 result=underdetermined
2026-06-13T15:08:22.600425+00:00 done case C-0097 round=1 result=underdetermined
2026-06-13T15:08:22.723769+00:00 done case C-0098 round=1 result=underdetermined
2026-06-13T15:08:23.725582+00:00 done case C-0099 round=1 result=underdetermined
2026-06-13T15:08:23.838058+00:00 done case C-0100 round=1 result=underdetermined
2026-06-13T15:08:23.961518+00:00 done case C-0101 round=1 result=underdetermined
2026-06-13T15:08:24.095849+00:00 done case C-0102 round=1 result=underdetermined
2026-06-13T15:08:24.229517+00:00 done case C-0103 round=1 result=underdetermined
2026-06-13T15:08:24.361999+00:00 done case C-0104 round=1 result=underdetermined
2026-06-13T15:08:24.497968+00:00 done case C-0105 round=1 result=underdetermined
2026-06-13T15:08:24.625494+00:00 done case C-0106 round=1 result=underdetermined
2026-06-13T15:08:25.619516+00:00 done case C-0107 round=1 result=underdetermined
2026-06-13T15:08:25.752864+00:00 done case C-0108 round=1 result=true
2026-06-13T15:08:25.887156+00:00 done case C-0109 round=1 result=underdetermined
2026-06-13T15:08:26.017009+00:00 done case C-0110 round=1 result=true
2026-06-13T15:08:26.150355+00:00 done case C-0111 round=1 result=true
2026-06-13T15:08:26.283842+00:00 done case C-0112 round=1 result=true
2026-06-13T15:08:26.417986+00:00 done case C-0113 round=1 result=underdetermined
2026-06-13T15:08:27.428819+00:00 done case C-0114 round=1 result=true
2026-06-13T15:08:27.561736+00:00 done case C-0115 round=1 result=true
2026-06-13T15:08:27.678285+00:00 done case C-0116 round=1 result=underdetermined
2026-06-13T15:08:27.806893+00:00 done case C-0117 round=1 result=true
2026-06-13T15:08:27.934911+00:00 done case C-0118 round=1 result=true
2026-06-13T15:08:28.061525+00:00 done case C-0119 round=1 result=true
2026-06-13T15:08:28.180023+00:00 done case C-0120 round=1 result=underdetermined
2026-06-13T15:08:28.306944+00:00 done case C-0121 round=1 result=true
2026-06-13T15:08:29.295415+00:00 done case C-0122 round=1 result=true
2026-06-13T15:08:29.428928+00:00 done case C-0123 round=1 result=underdetermined
2026-06-13T15:08:29.546938+00:00 done case C-0124 round=1 result=true
2026-06-13T15:08:29.673154+00:00 done case C-0125 round=1 result=underdetermined
2026-06-13T15:08:29.795717+00:00 done case C-0126 round=1 result=true
2026-06-13T15:08:29.918410+00:00 done case C-0127 round=1 result=underdetermined
2026-06-13T15:08:30.056998+00:00 done case C-0128 round=1 result=underdetermined
2026-06-13T15:08:30.178714+00:00 done case C-0129 round=1 result=underdetermined
2026-06-13T15:08:31.173384+00:00 done case C-0130 round=1 result=underdetermined
2026-06-13T15:08:31.298257+00:00 done case C-0131 round=1 result=underdetermined
2026-06-13T15:08:31.430834+00:00 done case C-0132 round=1 result=true
2026-06-13T15:08:31.563773+00:00 done case C-0133 round=1 result=true
2026-06-13T15:08:31.696178+00:00 done case C-0134 round=1 result=true
2026-06-13T15:08:31.828717+00:00 done case C-0135 round=1 result=underdetermined
2026-06-13T15:08:31.952864+00:00 done case C-0136 round=1 result=true
2026-06-13T15:08:32.087027+00:00 done case C-0137 round=1 result=underdetermined
2026-06-13T15:08:33.078979+00:00 done case C-0138 round=1 result=underdetermined
2026-06-13T15:08:33.209475+00:00 done case C-0139 round=1 result=true
2026-06-13T15:08:33.342718+00:00 done case C-0140 round=1 result=underdetermined
2026-06-13T15:08:33.473653+00:00 done case C-0141 round=1 result=true
2026-06-13T15:08:33.601750+00:00 done case C-0142 round=1 result=underdetermined
2026-06-13T15:08:33.728880+00:00 done case C-0143 round=1 result=true
2026-06-13T15:08:33.846205+00:00 done case C-0144 round=1 result=underdetermined
2026-06-13T15:08:34.840626+00:00 done case C-0145 round=1 result=true
2026-06-13T15:08:34.962933+00:00 done case C-0146 round=1 result=underdetermined
2026-06-13T15:08:35.085110+00:00 done case C-0147 round=1 result=true
2026-06-13T15:08:35.218582+00:00 done case C-0148 round=1 result=true
2026-06-13T15:08:35.340860+00:00 done case C-0149 round=1 result=true
2026-06-13T15:08:35.463037+00:00 done case C-0150 round=1 result=true
2026-06-13T15:08:35.579796+00:00 done case C-0151 round=1 result=true
2026-06-13T15:08:35.708140+00:00 done case C-0152 round=1 result=true
2026-06-13T15:08:36.707941+00:00 done case C-0153 round=1 result=true
2026-06-13T15:08:36.834208+00:00 done case C-0154 round=1 result=true
2026-06-13T15:08:36.976690+00:00 done case C-0155 round=1 result=true
2026-06-13T15:08:37.107635+00:00 done case C-0156 round=1 result=true
2026-06-13T15:08:37.232548+00:00 done case C-0157 round=1 result=true
2026-06-13T15:08:37.363103+00:00 done case C-0158 round=1 result=true
2026-06-13T15:08:37.498739+00:00 done case C-0159 round=1 result=true
2026-06-13T15:08:37.622340+00:00 done case C-0160 round=1 result=true
2026-06-13T15:08:38.418932+00:00 done case C-0161 round=1 result=true
2026-06-13T15:08:38.530831+00:00 done case C-0162 round=1 result=true
2026-06-13T15:08:38.652075+00:00 done case C-0163 round=1 result=true
2026-06-13T15:08:38.757440+00:00 done case C-0164 round=1 result=true
2026-06-13T15:08:38.874164+00:00 done case C-0165 round=1 result=true
2026-06-13T15:08:38.987676+00:00 done case C-0166 round=1 result=true
2026-06-13T15:08:39.107926+00:00 done case C-0167 round=1 result=true
2026-06-13T15:08:39.231010+00:00 done case C-0168 round=1 result=true
2026-06-13T15:08:39.352277+00:00 done case C-0169 round=1 result=true
2026-06-13T15:08:40.374647+00:00 done case C-0170 round=1 result=true
2026-06-13T15:08:41.346336+00:00 done case C-0171 round=1 result=false
2026-06-13T15:08:41.466444+00:00 done case C-0172 round=1 result=false
2026-06-13T15:08:42.463830+00:00 done case C-0173 round=1 result=false
2026-06-13T15:08:42.586036+00:00 done case C-0174 round=1 result=false
2026-06-13T15:08:43.575320+00:00 done case C-0175 round=1 result=true
2026-06-13T15:08:44.554192+00:00 done case C-0176 round=1 result=true
2026-06-13T15:08:44.665172+00:00 done case C-0177 round=1 result=true
2026-06-13T15:08:45.641731+00:00 done case C-0178 round=1 result=true
2026-06-13T15:08:45.764735+00:00 done case C-0179 round=1 result=true
2026-06-13T15:08:46.541865+00:00 done case C-0180 round=1 result=true
2026-06-13T15:08:47.576480+00:00 done case C-0181 round=1 result=underdetermined
2026-06-13T15:08:47.687137+00:00 done case C-0182 round=1 result=underdetermined
2026-06-13T15:08:48.654126+00:00 done case C-0183 round=1 result=underdetermined
2026-06-13T15:08:49.644160+00:00 done case C-0184 round=1 result=underdetermined
2026-06-13T15:08:49.771993+00:00 done case C-0185 round=1 result=underdetermined
2026-06-13T15:08:50.747564+00:00 done case C-0186 round=1 result=underdetermined
2026-06-13T15:08:51.497403+00:00 done case C-0187 round=1 result=underdetermined
2026-06-13T15:08:51.625870+00:00 done case C-0188 round=1 result=underdetermined
2026-06-13T15:08:51.781679+00:00 done case C-0189 round=1 result=underdetermined
2026-06-13T15:08:51.905049+00:00 done case C-0190 round=1 result=underdetermined
2026-06-13T15:08:52.025518+00:00 done case C-0191 round=1 result=underdetermined
2026-06-13T15:08:52.148563+00:00 done case C-0192 round=1 result=underdetermined
2026-06-13T15:08:52.271975+00:00 done case C-0193 round=1 result=underdetermined
2026-06-13T15:08:52.392481+00:00 done case C-0194 round=1 result=underdetermined
2026-06-13T15:08:52.514562+00:00 done case C-0195 round=1 result=underdetermined
2026-06-13T15:08:52.636702+00:00 done case C-0196 round=1 result=underdetermined
2026-06-13T15:08:52.758740+00:00 done case C-0197 round=1 result=underdetermined
2026-06-13T15:08:52.893330+00:00 done case C-0198 round=1 result=underdetermined
2026-06-13T15:08:53.016356+00:00 done case C-0199 round=1 result=underdetermined
2026-06-13T15:08:53.137740+00:00 done case C-0200 round=1 result=underdetermined
2026-06-13T15:08:53.264830+00:00 done case C-0201 round=1 result=underdetermined
2026-06-13T15:08:53.381419+00:00 done case C-0202 round=1 result=underdetermined
2026-06-13T15:08:53.503898+00:00 done case C-0203 round=1 result=underdetermined
2026-06-13T15:08:53.625515+00:00 done case C-0204 round=1 result=underdetermined
2026-06-13T15:08:53.747774+00:00 done case C-0205 round=1 result=true
2026-06-13T15:08:53.870521+00:00 done case C-0206 round=1 result=underdetermined
2026-06-13T15:08:53.992209+00:00 done case C-0207 round=1 result=underdetermined
2026-06-13T15:08:54.115588+00:00 done case C-0208 round=1 result=underdetermined
2026-06-13T15:08:54.237148+00:00 done case C-0209 round=1 result=underdetermined
2026-06-13T15:08:54.360183+00:00 done case C-0210 round=1 result=underdetermined
2026-06-13T15:08:54.493656+00:00 done case C-0211 round=1 result=underdetermined
2026-06-13T15:08:54.620868+00:00 done case C-0212 round=1 result=underdetermined
2026-06-13T15:08:54.744893+00:00 done case C-0213 round=1 result=underdetermined
2026-06-13T15:08:54.882297+00:00 done case C-0214 round=1 result=underdetermined
2026-06-13T15:08:55.014658+00:00 done case C-0215 round=1 result=underdetermined
2026-06-13T15:08:55.148671+00:00 done case C-0216 round=1 result=underdetermined
2026-06-13T15:08:55.283641+00:00 done case C-0217 round=1 result=underdetermined
2026-06-13T15:08:55.411559+00:00 done case C-0218 round=1 result=underdetermined
2026-06-13T15:08:55.544085+00:00 done case C-0219 round=1 result=underdetermined
2026-06-13T15:08:55.682883+00:00 done case C-0220 round=1 result=underdetermined
2026-06-13T15:08:55.815221+00:00 done case C-0221 round=1 result=underdetermined
2026-06-13T15:08:55.939514+00:00 done case C-0222 round=1 result=underdetermined
2026-06-13T15:08:56.059609+00:00 done case C-0223 round=1 result=underdetermined
2026-06-13T15:08:56.182450+00:00 done case C-0224 round=1 result=underdetermined
2026-06-13T15:08:56.292540+00:00 done case C-0225 round=1 result=underdetermined
2026-06-13T15:08:56.426461+00:00 done case C-0226 round=1 result=underdetermined
2026-06-13T15:08:56.560606+00:00 done case C-0227 round=1 result=underdetermined
2026-06-13T15:08:56.696937+00:00 done case C-0228 round=1 result=underdetermined
2026-06-13T15:08:56.826640+00:00 done case C-0229 round=1 result=underdetermined
2026-06-13T15:08:56.960286+00:00 done case C-0230 round=1 result=underdetermined
2026-06-13T15:08:57.094108+00:00 done case C-0231 round=1 result=underdetermined
2026-06-13T15:08:57.229573+00:00 done case C-0232 round=1 result=underdetermined
2026-06-13T15:08:57.360753+00:00 done case C-0233 round=1 result=underdetermined
2026-06-13T15:08:57.493327+00:00 done case C-0234 round=1 result=true
2026-06-13T15:08:57.627196+00:00 done case C-0235 round=1 result=true
2026-06-13T15:08:57.760531+00:00 done case C-0236 round=1 result=true
2026-06-13T15:08:57.896026+00:00 done case C-0237 round=1 result=true
2026-06-13T15:08:58.027119+00:00 done case C-0238 round=1 result=true
2026-06-13T15:08:58.160844+00:00 done case C-0239 round=1 result=true
2026-06-13T15:08:58.293851+00:00 done case C-0240 round=1 result=true
2026-06-13T15:08:58.429629+00:00 done case C-0241 round=1 result=true
2026-06-13T15:08:58.560941+00:00 done case C-0242 round=1 result=true
2026-06-13T15:08:58.699788+00:00 done case C-0243 round=1 result=true
2026-06-13T15:08:59.733333+00:00 done case C-0244 round=1 result=true
2026-06-13T15:08:59.860299+00:00 done case C-0245 round=1 result=true
2026-06-13T15:08:59.982429+00:00 done case C-0246 round=1 result=true
2026-06-13T15:09:00.106015+00:00 done case C-0247 round=1 result=true
2026-06-13T15:09:00.250284+00:00 done case C-0248 round=1 result=true
2026-06-13T15:09:00.381974+00:00 done case C-0249 round=1 result=true
2026-06-13T15:09:00.504885+00:00 done case C-0250 round=1 result=true
2026-06-13T15:09:00.628360+00:00 done case C-0251 round=1 result=true
2026-06-13T15:09:01.638225+00:00 done case C-0252 round=1 result=true
2026-06-13T15:09:01.766589+00:00 done case C-0253 round=1 result=true
2026-06-13T15:09:01.900602+00:00 done case C-0254 round=1 result=true
2026-06-13T15:09:02.022906+00:00 done case C-0255 round=1 result=true
2026-06-13T15:09:02.149286+00:00 done case C-0256 round=1 result=true
2026-06-13T15:09:02.260991+00:00 done case C-0257 round=1 result=true
2026-06-13T15:09:02.372475+00:00 done case C-0258 round=1 result=true
2026-06-13T15:09:02.493389+00:00 done case C-0259 round=1 result=true
2026-06-13T15:09:03.496290+00:00 done case C-0260 round=1 result=true
2026-06-13T15:09:03.616647+00:00 done case C-0261 round=1 result=true
2026-06-13T15:09:03.738598+00:00 done case C-0262 round=1 result=true
2026-06-13T15:09:03.882489+00:00 done case C-0263 round=1 result=true
2026-06-13T15:09:04.004829+00:00 done case C-0264 round=1 result=true
2026-06-13T15:09:04.128196+00:00 done case C-0265 round=1 result=true
2026-06-13T15:09:04.260913+00:00 done case C-0266 round=1 result=true
2026-06-13T15:09:04.383004+00:00 done case C-0267 round=1 result=true
2026-06-13T15:09:05.383447+00:00 done case C-0268 round=1 result=true
2026-06-13T15:09:05.516374+00:00 done case C-0269 round=1 result=true
2026-06-13T15:09:05.638145+00:00 done case C-0270 round=1 result=true
2026-06-13T15:09:05.761024+00:00 done case C-0271 round=1 result=true
2026-06-13T15:09:05.883507+00:00 done case C-0272 round=1 result=true
2026-06-13T15:09:06.006358+00:00 done case C-0273 round=1 result=true
2026-06-13T15:09:06.138978+00:00 done case C-0274 round=1 result=true
2026-06-13T15:09:07.146483+00:00 done case C-0275 round=1 result=true
2026-06-13T15:09:07.283294+00:00 done case C-0276 round=1 result=true
2026-06-13T15:09:07.423856+00:00 done case C-0277 round=1 result=true
2026-06-13T15:09:07.538314+00:00 done case C-0278 round=1 result=true
2026-06-13T15:09:07.660864+00:00 done case C-0279 round=1 result=true
2026-06-13T15:09:07.771772+00:00 done case C-0280 round=1 result=true
2026-06-13T15:09:07.895257+00:00 done case C-0281 round=1 result=true
2026-06-13T15:09:08.004718+00:00 done case C-0282 round=1 result=true
2026-06-13T15:09:08.127166+00:00 done case C-0283 round=1 result=true
2026-06-13T15:09:09.107607+00:00 done case C-0284 round=1 result=true
2026-06-13T15:09:09.227379+00:00 done case C-0285 round=1 result=true
2026-06-13T15:09:09.338385+00:00 done case C-0286 round=1 result=true
2026-06-13T15:09:09.453705+00:00 done case C-0287 round=1 result=true
2026-06-13T15:09:09.573043+00:00 done case C-0288 round=1 result=true
2026-06-13T15:09:09.694078+00:00 done case C-0289 round=1 result=true
2026-06-13T15:09:09.809136+00:00 done case C-0290 round=1 result=true
2026-06-13T15:09:09.930344+00:00 done case C-0291 round=1 result=true
2026-06-13T15:09:10.709121+00:00 done case C-0292 round=1 result=true
2026-06-13T15:09:10.841013+00:00 done case C-0293 round=1 result=true
2026-06-13T15:09:10.972339+00:00 done case C-0294 round=1 result=true
2026-06-13T15:09:11.095050+00:00 done case C-0295 round=1 result=true
2026-06-13T15:09:11.228681+00:00 done case C-0296 round=1 result=false
2026-06-13T15:09:11.360969+00:00 done case C-0297 round=1 result=false
2026-06-13T15:09:11.485100+00:00 done case C-0298 round=1 result=false
2026-06-13T15:09:11.616607+00:00 done case C-0299 round=1 result=false
2026-06-13T15:09:12.650037+00:00 done case C-0300 round=1 result=false
2026-06-13T15:09:13.628190+00:00 done case C-0301 round=1 result=false
2026-06-13T15:09:13.761486+00:00 done case C-0302 round=1 result=false
2026-06-13T15:09:14.750074+00:00 done case C-0303 round=1 result=true
2026-06-13T15:09:14.872658+00:00 done case C-0304 round=1 result=true
2026-06-13T15:09:15.850020+00:00 done case C-0305 round=1 result=true
2026-06-13T15:09:16.861938+00:00 done case C-0306 round=1 result=true
2026-06-13T15:09:16.994919+00:00 done case C-0307 round=1 result=true
2026-06-13T15:09:17.991660+00:00 done case C-0308 round=1 result=true
2026-06-13T15:09:18.785254+00:00 done case C-0309 round=1 result=true
2026-06-13T15:09:18.908013+00:00 done case C-0310 round=1 result=true
2026-06-13T15:09:19.943911+00:00 done case C-0311 round=1 result=true
2026-06-13T15:09:20.063457+00:00 done case C-0312 round=1 result=true
2026-06-13T15:09:20.184254+00:00 done case C-0313 round=1 result=true
2026-06-13T15:09:20.296751+00:00 done case C-0314 round=1 result=true
2026-06-13T15:09:20.418433+00:00 done case C-0315 round=1 result=true
2026-06-13T15:09:20.528426+00:00 done case C-0316 round=1 result=true
2026-06-13T15:09:20.642979+00:00 done case C-0317 round=1 result=true
2026-06-13T15:09:20.750567+00:00 done case C-0318 round=1 result=false
2026-06-13T15:09:21.708203+00:00 done case C-0319 round=1 result=false
2026-06-13T15:09:21.841091+00:00 done case C-0320 round=1 result=false
2026-06-13T15:09:21.973944+00:00 done case C-0321 round=1 result=false
2026-06-13T15:09:22.098040+00:00 done case C-0322 round=1 result=false
2026-06-13T15:09:22.230596+00:00 done case C-0323 round=1 result=false
2026-06-13T15:09:22.362406+00:00 done case C-0324 round=1 result=false
2026-06-13T15:09:22.486119+00:00 done case C-0325 round=1 result=false
2026-06-13T15:09:22.608443+00:00 done case C-0326 round=1 result=false
2026-06-13T15:09:23.608461+00:00 done case C-0327 round=1 result=false
2026-06-13T15:09:23.729123+00:00 done case C-0328 round=1 result=true
2026-06-13T15:09:23.859520+00:00 done case C-0329 round=1 result=true
2026-06-13T15:09:23.992969+00:00 done case C-0330 round=1 result=true
2026-06-13T15:09:24.125564+00:00 done case C-0331 round=1 result=true
2026-06-13T15:09:24.240684+00:00 done case C-0332 round=1 result=true
2026-06-13T15:09:24.353768+00:00 done case C-0333 round=1 result=true
2026-06-13T15:09:24.484914+00:00 done case C-0334 round=1 result=true
2026-06-13T15:09:25.473774+00:00 done case C-0335 round=1 result=true
2026-06-13T15:09:25.586231+00:00 done case C-0336 round=1 result=true
2026-06-13T15:09:25.696338+00:00 done case C-0337 round=1 result=true
2026-06-13T15:09:25.807568+00:00 done case C-0338 round=1 result=true
2026-06-13T15:09:25.929320+00:00 done case C-0339 round=1 result=true
2026-06-13T15:09:26.040935+00:00 done case C-0340 round=1 result=true
2026-06-13T15:09:26.163843+00:00 done case C-0341 round=1 result=true
2026-06-13T15:09:26.274555+00:00 done case C-0342 round=1 result=true
2026-06-13T15:09:27.219192+00:00 done case C-0343 round=1 result=true
2026-06-13T15:09:27.340630+00:00 done case C-0344 round=1 result=true
2026-06-13T15:09:27.463137+00:00 done case C-0345 round=1 result=true
2026-06-13T15:09:27.585578+00:00 done case C-0346 round=1 result=true
2026-06-13T15:09:27.707867+00:00 done case C-0347 round=1 result=true
2026-06-13T15:09:27.829896+00:00 done case C-0348 round=1 result=true
2026-06-13T15:09:27.951954+00:00 done case C-0349 round=1 result=true
2026-06-13T15:09:28.076779+00:00 done case C-0350 round=1 result=true
2026-06-13T15:09:28.197828+00:00 done case C-0351 round=1 result=true
2026-06-13T15:09:28.729579+00:00 done case C-0352 round=1 result=true
2026-06-13T15:09:28.853006+00:00 done case C-0353 round=1 result=true
2026-06-13T15:09:28.996463+00:00 done case C-0354 round=1 result=true
2026-06-13T15:09:29.121472+00:00 done case C-0355 round=1 result=true
2026-06-13T15:09:29.229972+00:00 done case C-0356 round=1 result=true
2026-06-13T15:09:29.341755+00:00 done case C-0357 round=1 result=true
2026-06-13T15:09:29.452288+00:00 done case C-0358 round=1 result=true
2026-06-13T15:09:29.574297+00:00 done case C-0359 round=1 result=true
2026-06-13T15:09:30.596315+00:00 done case C-0360 round=1 result=true
2026-06-13T15:09:30.729884+00:00 done case C-0361 round=1 result=true
2026-06-13T15:09:30.853195+00:00 done case C-0362 round=1 result=true
2026-06-13T15:09:30.965295+00:00 done case C-0363 round=1 result=true
2026-06-13T15:09:31.074538+00:00 done case C-0364 round=1 result=true
2026-06-13T15:09:31.185605+00:00 done case C-0365 round=1 result=true
2026-06-13T15:09:31.297290+00:00 done case C-0366 round=1 result=true
2026-06-13T15:09:31.430218+00:00 done case C-0367 round=1 result=true
2026-06-13T15:09:32.410280+00:00 done case C-0368 round=1 result=true
2026-06-13T15:09:32.518918+00:00 done case C-0369 round=1 result=true
2026-06-13T15:09:32.633183+00:00 done case C-0370 round=1 result=true
2026-06-13T15:09:32.752061+00:00 done case C-0371 round=1 result=true
2026-06-13T15:09:32.874382+00:00 done case C-0372 round=1 result=true
2026-06-13T15:09:32.996518+00:00 done case C-0373 round=1 result=true
2026-06-13T15:09:33.123930+00:00 done case C-0374 round=1 result=true
2026-06-13T15:09:33.253490+00:00 done case C-0375 round=1 result=true
2026-06-13T15:09:34.252947+00:00 done case C-0376 round=1 result=true
2026-06-13T15:09:34.375986+00:00 done case C-0377 round=1 result=true
2026-06-13T15:09:34.498641+00:00 done case C-0378 round=1 result=true
2026-06-13T15:09:34.629749+00:00 done case C-0379 round=1 result=true
2026-06-13T15:09:34.741478+00:00 done case C-0380 round=1 result=true
2026-06-13T15:09:34.863369+00:00 done case C-0381 round=1 result=true
2026-06-13T15:09:34.974541+00:00 done case C-0382 round=1 result=true
2026-06-13T15:09:35.088481+00:00 done case C-0383 round=1 result=true
2026-06-13T15:09:35.209875+00:00 done case C-0384 round=1 result=true
2026-06-13T15:09:36.209407+00:00 done case C-0385 round=1 result=true
2026-06-13T15:09:36.347083+00:00 done case C-0386 round=1 result=true
2026-06-13T15:09:36.477554+00:00 done case C-0387 round=1 result=true
2026-06-13T15:09:36.597042+00:00 done case C-0388 round=1 result=true
2026-06-13T15:09:36.719800+00:00 done case C-0389 round=1 result=true
2026-06-13T15:09:36.844723+00:00 done case C-0390 round=1 result=true
2026-06-13T15:09:36.966010+00:00 done case C-0391 round=1 result=true
2026-06-13T15:09:37.086445+00:00 done case C-0392 round=1 result=true
2026-06-13T15:09:38.079887+00:00 done case C-0393 round=1 result=true
2026-06-13T15:09:38.220777+00:00 done case C-0394 round=1 result=true
2026-06-13T15:09:38.354661+00:00 done case C-0395 round=1 result=true
2026-06-13T15:09:38.486618+00:00 done case C-0396 round=1 result=true
2026-06-13T15:09:38.623650+00:00 done case C-0397 round=1 result=true
2026-06-13T15:09:38.759765+00:00 done case C-0398 round=1 result=true
2026-06-13T15:09:38.886355+00:00 done case C-0399 round=1 result=true
2026-06-13T15:09:39.888810+00:00 done case C-0400 round=1 result=true
2026-06-13T15:09:40.008422+00:00 done case C-0401 round=1 result=true
2026-06-13T15:09:40.131376+00:00 done case C-0402 round=1 result=true
2026-06-13T15:09:40.253185+00:00 done case C-0403 round=1 result=true
2026-06-13T15:09:40.378612+00:00 done case C-0404 round=1 result=true
2026-06-13T15:09:40.498605+00:00 done case C-0405 round=1 result=true
2026-06-13T15:09:40.620384+00:00 done case C-0406 round=1 result=true
2026-06-13T15:09:40.743853+00:00 done case C-0407 round=1 result=true
2026-06-13T15:09:41.519601+00:00 done case C-0408 round=1 result=true
2026-06-13T15:09:41.641997+00:00 done case C-0409 round=1 result=true
2026-06-13T15:09:41.766459+00:00 done case C-0410 round=1 result=true
2026-06-13T15:09:41.886799+00:00 done case C-0411 round=1 result=true
2026-06-13T15:09:42.010671+00:00 done case C-0412 round=1 result=true
2026-06-13T15:09:42.130955+00:00 done case C-0413 round=1 result=true
2026-06-13T15:09:42.254340+00:00 done case C-0414 round=1 result=true
2026-06-13T15:09:42.374933+00:00 done case C-0415 round=1 result=true
2026-06-13T15:09:42.498634+00:00 done case C-0416 round=1 result=true
2026-06-13T15:09:49.362113+00:00 done case C-0417 round=1 result=true
2026-06-13T15:09:49.488415+00:00 done case C-0418 round=1 result=true
2026-06-13T15:09:50.479168+00:00 done case C-0419 round=1 result=true
2026-06-13T15:09:51.431571+00:00 done case C-0420 round=1 result=true
2026-06-13T15:09:51.566584+00:00 done case C-0421 round=1 result=true
2026-06-13T15:09:52.532301+00:00 done case C-0422 round=1 result=true
2026-06-13T15:09:52.654485+00:00 done case C-0423 round=1 result=true
2026-06-13T15:09:53.633119+00:00 done case C-0424 round=1 result=true
2026-06-13T15:09:54.278919+00:00 done case C-0425 round=1 result=true
2026-06-13T15:09:54.410124+00:00 done case C-0426 round=1 result=true
2026-06-13T15:09:55.443757+00:00 done case C-0427 round=1 result=true
2026-06-13T15:09:55.565918+00:00 done case C-0428 round=1 result=true
2026-06-13T15:09:55.677659+00:00 done case C-0429 round=1 result=true
2026-06-13T15:09:55.790686+00:00 done case C-0430 round=1 result=true
2026-06-13T15:09:55.910222+00:00 done case C-0431 round=1 result=true
2026-06-13T15:09:56.027267+00:00 done case C-0432 round=1 result=true
2026-06-13T15:09:56.146865+00:00 done case C-0433 round=1 result=true
2026-06-13T15:09:56.267027+00:00 done case C-0434 round=1 result=true
2026-06-13T15:09:57.244540+00:00 done case C-0435 round=1 result=true
2026-06-13T15:09:57.359646+00:00 done case C-0436 round=1 result=true
2026-06-13T15:09:57.481210+00:00 done case C-0437 round=1 result=true
2026-06-13T15:09:57.604022+00:00 done case C-0438 round=1 result=true
2026-06-13T15:09:57.722028+00:00 done case C-0439 round=1 result=true
2026-06-13T15:09:57.836983+00:00 done case C-0440 round=1 result=true
2026-06-13T15:09:57.956704+00:00 done case C-0441 round=1 result=true
2026-06-13T15:09:58.066115+00:00 done case C-0442 round=1 result=true
2026-06-13T15:09:58.178061+00:00 done case C-0443 round=1 result=true
2026-06-13T15:09:59.144531+00:00 done case C-0444 round=1 result=true
2026-06-13T15:09:59.255238+00:00 done case C-0445 round=1 result=true
2026-06-13T15:09:59.369058+00:00 done case C-0446 round=1 result=true
2026-06-13T15:09:59.481476+00:00 done case C-0447 round=1 result=true
2026-06-13T15:09:59.599494+00:00 done case C-0448 round=1 result=true
2026-06-13T15:09:59.714935+00:00 done case C-0449 round=1 result=true
2026-06-13T15:09:59.833021+00:00 done case C-0450 round=1 result=true
2026-06-13T15:09:59.949909+00:00 done case C-0451 round=1 result=true
2026-06-13T15:10:00.922314+00:00 done case C-0452 round=1 result=true
2026-06-13T15:10:01.035878+00:00 done case C-0453 round=1 result=true
2026-06-13T15:10:01.156396+00:00 done case C-0454 round=1 result=true
2026-06-13T15:10:01.269961+00:00 done case C-0455 round=1 result=true
2026-06-13T15:10:01.381886+00:00 done case C-0456 round=1 result=true
2026-06-13T15:10:01.502689+00:00 done case C-0457 round=1 result=true
2026-06-13T15:10:01.617799+00:00 done case C-0458 round=1 result=true
2026-06-13T15:10:01.734732+00:00 done case C-0459 round=1 result=true
2026-06-13T15:10:01.844078+00:00 done case C-0460 round=1 result=true
2026-06-13T15:10:02.834793+00:00 done case C-0461 round=1 result=true
2026-06-13T15:10:02.944518+00:00 done case C-0462 round=1 result=true
2026-06-13T15:10:03.057347+00:00 done case C-0463 round=1 result=true
2026-06-13T15:10:03.168716+00:00 done case C-0464 round=1 result=true
2026-06-13T15:10:03.285209+00:00 done case C-0465 round=1 result=true
2026-06-13T15:10:03.400894+00:00 done case C-0466 round=1 result=true
2026-06-13T15:10:03.512934+00:00 done case C-0467 round=1 result=true
2026-06-13T15:10:03.633622+00:00 done case C-0468 round=1 result=true
2026-06-13T15:10:04.161110+00:00 done case C-0469 round=1 result=true
2026-06-13T15:10:04.281097+00:00 done case C-0470 round=1 result=true
2026-06-13T15:10:04.406730+00:00 done case C-0471 round=1 result=true
2026-06-13T15:10:04.527500+00:00 done case C-0472 round=1 result=true
2026-06-13T15:10:04.644213+00:00 done case C-0473 round=1 result=true
2026-06-13T15:10:04.761413+00:00 done case C-0474 round=1 result=true
2026-06-13T15:10:04.894959+00:00 done case C-0475 round=1 result=true
2026-06-13T15:10:05.015557+00:00 done case C-0476 round=1 result=true
2026-06-13T15:10:05.133767+00:00 done case C-0477 round=1 result=true
2026-06-13T15:10:06.157876+00:00 done case C-0478 round=1 result=true
2026-06-13T15:10:06.268784+00:00 done case C-0479 round=1 result=true
2026-06-13T15:10:06.378280+00:00 done case C-0480 round=1 result=true
2026-06-13T15:10:06.492529+00:00 done case C-0481 round=1 result=true
2026-06-13T15:10:06.613907+00:00 done case C-0482 round=1 result=true
2026-06-13T15:10:06.726070+00:00 done case C-0483 round=1 result=true
2026-06-13T15:10:06.833204+00:00 done case C-0484 round=1 result=true
2026-06-13T15:10:06.951725+00:00 done case C-0485 round=1 result=true
2026-06-13T15:10:07.911924+00:00 done case C-0486 round=1 result=true
2026-06-13T15:10:08.027995+00:00 done case C-0487 round=1 result=true
2026-06-13T15:10:08.153425+00:00 done case C-0488 round=1 result=true
2026-06-13T15:10:08.274974+00:00 done case C-0489 round=1 result=true
2026-06-13T15:10:08.389300+00:00 done case C-0490 round=1 result=true
2026-06-13T15:10:08.503039+00:00 done case C-0491 round=1 result=true
2026-06-13T15:10:08.633385+00:00 done case C-0492 round=1 result=true
2026-06-13T15:10:08.746778+00:00 done case C-0493 round=1 result=true
2026-06-13T15:10:08.862883+00:00 done case C-0494 round=1 result=true
2026-06-13T15:10:09.856332+00:00 done case C-0495 round=1 result=true
2026-06-13T15:10:09.967097+00:00 done case C-0496 round=1 result=true
2026-06-13T15:10:10.081886+00:00 done case C-0497 round=1 result=true
2026-06-13T15:10:10.195028+00:00 done case C-0498 round=1 result=true
2026-06-13T15:10:10.313609+00:00 done case C-0499 round=1 result=true
2026-06-13T15:10:10.432032+00:00 done case C-0500 round=1 result=true
2026-06-13T15:10:10.558925+00:00 done case C-0501 round=1 result=true
2026-06-13T15:10:10.669614+00:00 done case C-0502 round=1 result=true
2026-06-13T15:10:11.635042+00:00 done case C-0503 round=1 result=true
2026-06-13T15:10:11.746504+00:00 done case C-0504 round=1 result=true
2026-06-13T15:10:11.857668+00:00 done case C-0505 round=1 result=true
2026-06-13T15:10:11.967647+00:00 done case C-0506 round=1 result=true
2026-06-13T15:10:12.078847+00:00 done case C-0507 round=1 result=true
2026-06-13T15:10:12.191293+00:00 done case C-0508 round=1 result=true
2026-06-13T15:10:12.301125+00:00 done case C-0509 round=1 result=true
2026-06-13T15:10:12.415295+00:00 done case C-0510 round=1 result=true
2026-06-13T15:10:12.533338+00:00 done case C-0511 round=1 result=true
2026-06-13T15:10:13.504805+00:00 done case C-0512 round=1 result=true
2026-06-13T15:10:13.613516+00:00 done case C-0513 round=1 result=true
2026-06-13T15:10:13.735584+00:00 done case C-0514 round=1 result=true
2026-06-13T15:10:13.847793+00:00 done case C-0515 round=1 result=true
2026-06-13T15:10:13.966569+00:00 done case C-0516 round=1 result=true
2026-06-13T15:10:14.080316+00:00 done case C-0517 round=1 result=true
2026-06-13T15:10:14.192286+00:00 done case C-0518 round=1 result=true
2026-06-13T15:10:14.315096+00:00 done case C-0519 round=1 result=true
2026-06-13T15:10:14.948005+00:00 done case C-0520 round=1 result=true
2026-06-13T15:10:15.068415+00:00 done case C-0521 round=1 result=true
2026-06-13T15:10:15.185706+00:00 done case C-0522 round=1 result=true
2026-06-13T15:10:15.301263+00:00 done case C-0523 round=1 result=true
2026-06-13T15:10:15.417666+00:00 done case C-0524 round=1 result=true
2026-06-13T15:10:15.540417+00:00 done case C-0525 round=1 result=true
2026-06-13T15:10:15.659762+00:00 done case C-0526 round=1 result=true
2026-06-13T15:10:15.782055+00:00 done case C-0527 round=1 result=true
2026-06-13T15:10:15.905144+00:00 done case C-0528 round=1 result=true
2026-06-13T15:10:16.058031+00:00 done case C-0529 round=1 result=true
2026-06-13T15:10:16.168857+00:00 done case C-0530 round=1 result=true
2026-06-13T15:10:16.283773+00:00 done case C-0531 round=1 result=true
2026-06-13T15:10:16.401201+00:00 done case C-0532 round=1 result=true
2026-06-13T15:10:16.514019+00:00 done case C-0533 round=1 result=true
2026-06-13T15:10:16.635988+00:00 done case C-0534 round=1 result=true
2026-06-13T15:10:16.748923+00:00 done case C-0535 round=1 result=true
2026-06-13T15:10:16.863323+00:00 done case C-0536 round=1 result=true
2026-06-13T15:10:16.996320+00:00 done case C-0537 round=1 result=true
2026-06-13T15:10:17.124883+00:00 done case C-0538 round=1 result=true
2026-06-13T15:10:17.251126+00:00 done case C-0539 round=1 result=true
2026-06-13T15:10:17.391979+00:00 done case C-0540 round=1 result=true
2026-06-13T15:10:17.530127+00:00 done case C-0541 round=1 result=true
2026-06-13T15:10:17.664252+00:00 done case C-0542 round=1 result=true
2026-06-13T15:10:17.795183+00:00 done case C-0543 round=1 result=true
2026-06-13T15:10:17.925855+00:00 done case C-0544 round=1 result=true
2026-06-13T15:10:18.047056+00:00 done case C-0545 round=1 result=true
2026-06-13T15:10:18.172495+00:00 done case C-0546 round=1 result=true
2026-06-13T15:10:18.302766+00:00 done case C-0547 round=1 result=true
2026-06-13T15:10:18.443261+00:00 done case C-0548 round=1 result=true
2026-06-13T15:10:18.568518+00:00 done case C-0549 round=1 result=true
2026-06-13T15:10:18.692987+00:00 done case C-0550 round=1 result=true
2026-06-13T15:10:18.814349+00:00 done case C-0551 round=1 result=true
2026-06-13T15:10:18.933532+00:00 done case C-0552 round=1 result=true
2026-06-13T15:10:19.067059+00:00 done case C-0553 round=1 result=true
2026-06-13T15:10:19.192006+00:00 done case C-0554 round=1 result=true
2026-06-13T15:10:19.314919+00:00 done case C-0555 round=1 result=true
2026-06-13T15:10:19.435078+00:00 done case C-0556 round=1 result=true
2026-06-13T15:10:19.557366+00:00 done case C-0557 round=1 result=true
2026-06-13T15:10:19.681759+00:00 done case C-0558 round=1 result=true
2026-06-13T15:10:19.815656+00:00 done case C-0559 round=1 result=true
2026-06-13T15:10:19.936391+00:00 done case C-0560 round=1 result=true
2026-06-13T15:10:20.062559+00:00 done case C-0561 round=1 result=true
2026-06-13T15:10:20.183406+00:00 done case C-0562 round=1 result=true
2026-06-13T15:10:20.303888+00:00 done case C-0563 round=1 result=underdetermined
2026-06-13T15:10:20.424312+00:00 done case C-0564 round=1 result=underdetermined
2026-06-13T15:10:20.551144+00:00 done case C-0565 round=1 result=underdetermined
2026-06-13T15:10:20.679852+00:00 done case C-0566 round=1 result=underdetermined
2026-06-13T15:10:20.814677+00:00 done case C-0567 round=1 result=true
2026-06-13T15:10:20.939567+00:00 done case C-0568 round=1 result=true
2026-06-13T15:10:21.061650+00:00 done case C-0569 round=1 result=true
2026-06-13T15:10:21.187809+00:00 done case C-0570 round=1 result=true
2026-06-13T15:10:21.321959+00:00 done case C-0571 round=1 result=true
2026-06-13T15:10:21.446020+00:00 done case C-0572 round=1 result=true
2026-06-13T15:10:21.571118+00:00 done case C-0573 round=1 result=true
2026-06-13T15:10:21.695232+00:00 done case C-0574 round=1 result=true
2026-06-13T15:10:21.820454+00:00 done case C-0575 round=1 result=true
2026-06-13T15:10:21.950237+00:00 done case C-0576 round=1 result=true
2026-06-13T15:10:22.087410+00:00 done case C-0577 round=1 result=true
2026-06-13T15:10:22.211492+00:00 done case C-0578 round=1 result=true
2026-06-13T15:10:22.312724+00:00 done function A1 round=2 result=true
2026-06-13T15:10:22.431421+00:00 done function A2 round=2 result=true
2026-06-13T15:10:22.537769+00:00 done function A3 round=2 result=true
2026-06-13T15:10:22.641703+00:00 done function A4 round=2 result=true
2026-06-13T15:10:22.757662+00:00 done function A5 round=2 result=true
2026-06-13T15:10:22.869346+00:00 done function A6 round=2 result=true
2026-06-13T15:10:22.992340+00:00 done function A7 round=2 result=true
2026-06-13T15:10:23.113143+00:00 done function A8 round=2 result=true
2026-06-13T15:10:23.235711+00:00 done function A9 round=2 result=true
2026-06-13T15:10:23.357645+00:00 done function T1 round=2 result=true
2026-06-13T15:10:23.480525+00:00 done function T2 round=2 result=true
2026-06-13T15:10:23.603448+00:00 done function T3 round=2 result=true
2026-06-13T15:10:23.725422+00:00 done function T4 round=2 result=true
2026-06-13T15:10:23.848622+00:00 done function T5 round=2 result=true
2026-06-13T15:10:23.957804+00:00 done function T6 round=2 result=true
2026-06-13T15:10:24.080806+00:00 done function T7 round=2 result=true
2026-06-13T15:10:24.191074+00:00 done function T8 round=2 result=true
2026-06-13T15:10:24.305419+00:00 done function T9 round=2 result=true
2026-06-13T15:10:24.413855+00:00 done function T10 round=2 result=true
2026-06-13T15:10:24.536374+00:00 done function T11 round=2 result=true
2026-06-13T15:10:24.657515+00:00 done function T12 round=2 result=true
2026-06-13T15:10:24.770143+00:00 done function T13 round=2 result=true
2026-06-13T15:10:24.902747+00:00 done function T14 round=2 result=true
2026-06-13T15:10:25.027743+00:00 done function T15 round=2 result=contradiction
2026-06-13T15:10:25.149124+00:00 done function T16 round=2 result=true
2026-06-13T15:10:25.273734+00:00 done function T17 round=2 result=true
2026-06-13T15:10:25.392344+00:00 done function T18 round=2 result=true
2026-06-13T15:10:25.518117+00:00 done function T19 round=2 result=true
2026-06-13T15:10:25.649565+00:00 done function T20 round=2 result=true
2026-06-13T15:10:25.769779+00:00 done function T21 round=2 result=true
2026-06-13T15:10:25.894368+00:00 done function T22 round=2 result=true
2026-06-13T15:10:26.015867+00:00 done function T23 round=2 result=true
2026-06-13T15:10:26.138206+00:00 done function T24 round=2 result=true
2026-06-13T15:10:26.257778+00:00 done function T25 round=2 result=true
2026-06-13T15:10:26.382158+00:00 done function T26 round=2 result=true
2026-06-13T15:10:26.519503+00:00 done function T27 round=2 result=true
2026-06-13T15:10:26.646651+00:00 done function T28 round=2 result=true
2026-06-13T15:10:26.762012+00:00 done function T29 round=2 result=true
2026-06-13T15:10:26.879730+00:00 done function T30 round=2 result=true
2026-06-13T15:10:27.004990+00:00 done function T31 round=2 result=true
2026-06-13T15:10:27.136768+00:00 done function T32 round=2 result=true
2026-06-13T15:10:27.257893+00:00 done function T33 round=2 result=true
2026-06-13T15:10:27.386366+00:00 done function T34 round=2 result=true
2026-06-13T15:10:27.513323+00:00 done function T35 round=2 result=true
2026-06-13T15:10:27.628650+00:00 done function T36 round=2 result=true
2026-06-13T15:10:27.760275+00:00 done function T37 round=2 result=true
2026-06-13T15:10:27.879978+00:00 done function T38 round=2 result=true
2026-06-13T15:10:28.005002+00:00 done function T39 round=2 result=true
2026-06-13T15:10:28.138316+00:00 done function D1 round=2 result=true
2026-06-13T15:10:28.263075+00:00 done function D2 round=2 result=true
2026-06-13T15:10:28.393585+00:00 done function D3 round=2 result=true
2026-06-13T15:10:28.513434+00:00 done function D4 round=2 result=true
2026-06-13T15:10:28.624460+00:00 done function D5 round=2 result=true
2026-06-13T15:10:28.739254+00:00 done function D6 round=2 result=true
2026-06-13T15:10:28.872035+00:00 done function D7 round=2 result=true
2026-06-13T15:10:29.004957+00:00 done function D8 round=2 result=true
2026-06-13T15:10:29.126930+00:00 done function D9 round=2 result=true
2026-06-13T15:10:29.235791+00:00 done function D10 round=2 result=true
2026-06-13T15:10:29.362788+00:00 done function D11 round=2 result=true
2026-06-13T15:10:29.479932+00:00 done function D12 round=2 result=contradiction
2026-06-13T15:10:29.604976+00:00 done function D13 round=2 result=true
2026-06-13T15:10:29.727175+00:00 done function D14 round=2 result=true
2026-06-13T15:10:29.858654+00:00 done function D15 round=2 result=true
2026-06-13T15:10:29.979942+00:00 done function D16 round=2 result=true
2026-06-13T15:10:30.090600+00:00 done function D17 round=2 result=true
2026-06-13T15:10:30.213109+00:00 done function D18 round=2 result=true
2026-06-13T15:10:30.335132+00:00 done function D19 round=2 result=true
2026-06-13T15:10:30.468218+00:00 done function D20 round=2 result=true
2026-06-13T15:10:30.602947+00:00 done function D21 round=2 result=true
2026-06-13T15:10:30.735878+00:00 done function D22 round=2 result=true
2026-06-13T15:10:30.868340+00:00 done function D23 round=2 result=true
2026-06-13T15:10:30.990769+00:00 done function D24 round=2 result=true
2026-06-13T15:10:31.123510+00:00 done function D25 round=2 result=true
2026-06-13T15:10:31.256140+00:00 done function D26 round=2 result=true
2026-06-13T15:10:31.389455+00:00 done function D27 round=2 result=true
2026-06-13T15:10:31.534420+00:00 done function D28 round=2 result=true
2026-06-13T15:10:31.656177+00:00 done function D29 round=2 result=contradiction
2026-06-13T15:10:31.800691+00:00 done function D30 round=2 result=contradiction
2026-06-13T15:10:31.934021+00:00 done function D31 round=2 result=true
2026-06-13T15:10:32.055755+00:00 done function D32 round=2 result=true
2026-06-13T15:10:32.189526+00:00 done function D33 round=2 result=true
2026-06-13T15:10:32.322452+00:00 done function D34 round=2 result=true
2026-06-13T15:10:32.456125+00:00 done function D35 round=2 result=true
2026-06-13T15:10:32.579958+00:00 done function D36 round=2 result=true
2026-06-13T15:10:32.700537+00:00 done function D37 round=2 result=true
2026-06-13T15:10:32.833916+00:00 done function D38 round=2 result=true
2026-06-13T15:10:32.955291+00:00 done function D39 round=2 result=contradiction
2026-06-13T15:10:33.077046+00:00 done function D40 round=2 result=true
2026-06-13T15:10:33.226170+00:00 done function D41 round=2 result=true
2026-06-13T15:10:33.355024+00:00 done function D42 round=2 result=true
2026-06-13T15:10:33.488286+00:00 done function D43 round=2 result=true
2026-06-13T15:10:33.625589+00:00 done function D44 round=2 result=true
2026-06-13T15:10:33.755235+00:00 done function D45 round=2 result=true
2026-06-13T15:10:33.889325+00:00 done function D46 round=2 result=true
2026-06-13T15:10:34.012233+00:00 done function D47 round=2 result=true
2026-06-13T15:10:34.157377+00:00 done function D48 round=2 result=true
2026-06-13T15:10:34.276546+00:00 done function D49 round=2 result=true
2026-06-13T15:10:34.410203+00:00 done function D50 round=2 result=true
2026-06-13T15:10:34.538034+00:00 done function D51 round=2 result=true
2026-06-13T15:10:34.664839+00:00 done function D52 round=2 result=true
2026-06-13T15:10:34.799402+00:00 done function D53 round=2 result=true
2026-06-13T15:10:34.932421+00:00 done function D54 round=2 result=true
2026-06-13T15:10:35.065128+00:00 done function D55 round=2 result=true
2026-06-13T15:10:35.198820+00:00 done function D56 round=2 result=true
2026-06-13T15:10:35.331269+00:00 done function D57 round=2 result=true
2026-06-13T15:10:35.456906+00:00 done function D58 round=2 result=true
2026-06-13T15:10:35.575486+00:00 done function D59 round=2 result=true
2026-06-13T15:10:35.709803+00:00 done function D60 round=2 result=true
2026-06-13T15:10:35.842194+00:00 done function D61 round=2 result=true
2026-06-13T15:10:35.968148+00:00 done function D62 round=2 result=true
2026-06-13T15:10:36.098817+00:00 done function D63 round=2 result=true
2026-06-13T15:10:36.236049+00:00 done function D64 round=2 result=true
2026-06-13T15:10:36.364802+00:00 done function D65 round=2 result=true
2026-06-13T15:10:36.497670+00:00 done function D66 round=2 result=true
2026-06-13T15:10:36.623384+00:00 done function D67 round=2 result=true
2026-06-13T15:10:36.752747+00:00 done function D72 round=2 result=true
2026-06-13T15:10:36.874514+00:00 done function D73 round=2 result=true
2026-06-13T15:10:37.009573+00:00 done function D74 round=2 result=true
2026-06-13T15:10:37.142192+00:00 done function D75 round=2 result=true
2026-06-13T15:10:37.274540+00:00 done function D76 round=2 result=true
2026-06-13T15:10:37.407609+00:00 done function D77 round=2 result=true
2026-06-13T15:10:37.540627+00:00 done function D84 round=2 result=true
2026-06-13T15:10:37.676797+00:00 done function D85 round=2 result=true
2026-06-13T15:10:37.807271+00:00 done function D86 round=2 result=true
2026-06-13T15:10:37.940636+00:00 done function D87 round=2 result=true
2026-06-13T15:10:38.074189+00:00 done function D88 round=2 result=true
2026-06-13T15:10:38.207791+00:00 done function D89 round=2 result=true
2026-06-13T15:10:38.340315+00:00 done function D90 round=2 result=contradiction
2026-06-13T15:10:38.473669+00:00 done function D91 round=2 result=contradiction
2026-06-13T15:10:38.607086+00:00 done function D92 round=2 result=true
2026-06-13T15:10:38.740355+00:00 done function D93 round=2 result=contradiction
2026-06-13T15:10:38.874207+00:00 done function D94 round=2 result=contradiction
2026-06-13T15:10:39.009693+00:00 done function D95 round=2 result=true
2026-06-13T15:10:39.143209+00:00 done function D96 round=2 result=true
2026-06-13T15:10:39.273683+00:00 done function D97 round=2 result=true
2026-06-13T15:10:39.406223+00:00 done function D98 round=2 result=true
2026-06-13T15:10:39.528327+00:00 done function D99 round=2 result=true
2026-06-13T15:10:39.662506+00:00 done function D100 round=2 result=true
2026-06-13T15:10:39.797330+00:00 done function D101 round=2 result=true
2026-06-13T15:10:39.928215+00:00 done function D102 round=2 result=true
2026-06-13T15:10:40.050176+00:00 done function D103 round=2 result=true
2026-06-13T15:10:40.188366+00:00 done function D104 round=2 result=true
2026-06-13T15:10:40.305396+00:00 done function D105 round=2 result=true
2026-06-13T15:10:40.416747+00:00 done function D106 round=2 result=true
2026-06-13T15:10:40.550018+00:00 done function D107 round=2 result=true
2026-06-13T15:10:40.682573+00:00 done function D108 round=2 result=true
2026-06-13T15:10:40.795671+00:00 done function D109 round=2 result=true
2026-06-13T15:10:40.926526+00:00 done function D110 round=2 result=true
2026-06-13T15:10:41.060802+00:00 done function D111 round=2 result=true
2026-06-13T15:10:41.193849+00:00 done function D112 round=2 result=true
2026-06-13T15:10:41.305495+00:00 done function D113 round=2 result=true
2026-06-13T15:10:41.438073+00:00 done function D114 round=2 result=true
2026-06-13T15:10:41.548738+00:00 done function D115 round=2 result=true
2026-06-13T15:10:41.659965+00:00 done function D116 round=2 result=true
2026-06-13T15:10:41.781766+00:00 done function D117 round=2 result=true
2026-06-13T15:10:41.893379+00:00 done function D118 round=2 result=true
2026-06-13T15:10:42.016743+00:00 done function D119 round=2 result=true
2026-06-13T15:10:42.149458+00:00 done function D120 round=2 result=true
2026-06-13T15:10:42.259537+00:00 done function D121 round=2 result=true
2026-06-13T15:10:42.370824+00:00 done function D122 round=2 result=true
2026-06-13T15:10:42.484318+00:00 done function D123 round=2 result=true
2026-06-13T15:10:42.593736+00:00 done function D124 round=2 result=true
2026-06-13T15:10:42.716661+00:00 done function D125 round=2 result=true
2026-06-13T15:10:42.837734+00:00 done function D126 round=2 result=true
2026-06-13T15:10:42.960925+00:00 done function D127 round=2 result=true
2026-06-13T15:10:43.083173+00:00 done function D128 round=2 result=true
2026-06-13T15:10:43.205554+00:00 done function D129 round=2 result=true
2026-06-13T15:10:43.326570+00:00 done function D130 round=2 result=true
2026-06-13T15:10:43.449291+00:00 done function D131 round=2 result=contradiction
2026-06-13T15:10:43.559399+00:00 done function D132 round=2 result=contradiction
2026-06-13T15:10:43.681148+00:00 done function D133 round=2 result=contradiction
2026-06-13T15:10:43.793184+00:00 done function D134 round=2 result=contradiction
2026-06-13T15:10:43.915587+00:00 done function D135 round=2 result=contradiction
2026-06-13T15:10:44.025515+00:00 done function D136 round=2 result=contradiction
2026-06-13T15:10:44.147751+00:00 done function D137 round=2 result=contradiction
2026-06-13T15:10:44.271056+00:00 done function D138 round=2 result=true
2026-06-13T15:10:44.393448+00:00 done function D139 round=2 result=contradiction
2026-06-13T15:10:44.513999+00:00 done function D140 round=2 result=contradiction
2026-06-13T15:10:44.614100+00:00 done function D141 round=2 result=true
2026-06-13T15:10:44.736008+00:00 done function D142 round=2 result=true
2026-06-13T15:10:44.847258+00:00 done function D143 round=2 result=contradiction
2026-06-13T15:10:44.970269+00:00 done function D144 round=2 result=contradiction
2026-06-13T15:10:45.091322+00:00 done function D145 round=2 result=true
2026-06-13T15:10:45.216293+00:00 done function D146 round=2 result=true
2026-06-13T15:10:45.348976+00:00 done function D147 round=2 result=contradiction
2026-06-13T15:10:45.469715+00:00 done function D148 round=2 result=true
2026-06-13T15:10:45.591154+00:00 done function D149 round=2 result=contradiction
2026-06-13T15:10:45.724566+00:00 done function D150 round=2 result=contradiction
2026-06-13T15:10:46.723234+00:00 done function D151 round=2 result=true
2026-06-13T15:10:46.857612+00:00 done function D152 round=2 result=contradiction
2026-06-13T15:10:46.981017+00:00 done function D153 round=2 result=contradiction
2026-06-13T15:10:47.100954+00:00 done function D154 round=2 result=true
2026-06-13T15:10:47.213279+00:00 done function D155 round=2 result=true
2026-06-13T15:10:47.334903+00:00 done function D156 round=2 result=contradiction
2026-06-13T15:10:47.446697+00:00 done function D157 round=2 result=contradiction
2026-06-13T15:10:47.556189+00:00 done function D158 round=2 result=contradiction
2026-06-13T15:10:47.667787+00:00 done function D159 round=2 result=true
2026-06-13T15:10:48.424727+00:00 done function D160 round=2 result=contradiction
2026-06-13T15:10:48.545248+00:00 done function D161 round=2 result=true
2026-06-13T15:10:48.656014+00:00 done function D162 round=2 result=true
2026-06-13T15:10:48.757271+00:00 done function D163 round=2 result=contradiction
2026-06-13T15:10:48.877902+00:00 done function D164 round=2 result=contradiction
2026-06-13T15:10:48.989486+00:00 done function D165 round=2 result=contradiction
2026-06-13T15:10:49.099950+00:00 done function D166 round=2 result=contradiction
2026-06-13T15:10:49.213082+00:00 done function D167 round=2 result=contradiction
2026-06-13T15:10:49.366252+00:00 done function D168 round=2 result=contradiction
2026-06-13T15:10:49.477547+00:00 done function D169 round=2 result=true
2026-06-13T15:10:49.578661+00:00 done function D170 round=2 result=true
2026-06-13T15:10:49.688642+00:00 done function D171 round=2 result=true
2026-06-13T15:10:49.811325+00:00 done function D172 round=2 result=true
2026-06-13T15:10:49.933096+00:00 done function D173 round=2 result=true
2026-06-13T15:10:50.056227+00:00 done function D174 round=2 result=true
2026-06-13T15:10:50.177258+00:00 done function D175 round=2 result=true
2026-06-13T15:10:50.299601+00:00 done function D176 round=2 result=true
2026-06-13T15:10:50.421088+00:00 done function D177 round=2 result=true
2026-06-13T15:10:50.543505+00:00 done function D178 round=2 result=true
2026-06-13T15:10:50.667078+00:00 done function D179 round=2 result=true
2026-06-13T15:10:50.787554+00:00 done function D180 round=2 result=true
2026-06-13T15:10:50.909612+00:00 done function D181 round=2 result=true
2026-06-13T15:10:51.021275+00:00 done function D182 round=2 result=true
2026-06-13T15:10:52.055359+00:00 done function D183 round=2 result=true
2026-06-13T15:10:52.175404+00:00 done function D184 round=2 result=true
2026-06-13T15:10:52.286663+00:00 done function D185 round=2 result=true
2026-06-13T15:10:52.401130+00:00 done function D186 round=2 result=true
2026-06-13T15:10:52.520458+00:00 done function D187 round=2 result=true
2026-06-13T15:10:52.642692+00:00 done function D188 round=2 result=true
2026-06-13T15:10:52.764749+00:00 done function D189 round=2 result=true
2026-06-13T15:10:52.886880+00:00 done function D190 round=2 result=true
2026-06-13T15:10:53.854570+00:00 done function D191 round=2 result=contradiction
2026-06-13T15:10:53.974434+00:00 done function D192 round=2 result=true
2026-06-13T15:10:54.097169+00:00 done function D193 round=2 result=true
2026-06-13T15:10:54.218875+00:00 done function D194 round=2 result=true
2026-06-13T15:10:54.331495+00:00 done function D195 round=2 result=true
2026-06-13T15:10:54.440773+00:00 done function D196 round=2 result=true
2026-06-13T15:10:54.551303+00:00 done function D197 round=2 result=true
2026-06-13T15:10:54.674967+00:00 done function D198 round=2 result=true
2026-06-13T15:10:54.795854+00:00 done function D199 round=2 result=true
2026-06-13T15:10:55.785285+00:00 done function D200 round=2 result=true
2026-06-13T15:10:55.894859+00:00 done function D201 round=2 result=true
2026-06-13T15:10:56.007058+00:00 done function D202 round=2 result=true
2026-06-13T15:10:56.128624+00:00 done function D203 round=2 result=true
2026-06-13T15:10:56.228977+00:00 done function D204 round=2 result=true
2026-06-13T15:10:56.350150+00:00 done function D205 round=2 result=true
2026-06-13T15:10:56.461936+00:00 done function D206 round=2 result=true
2026-06-13T15:10:56.585071+00:00 done function D207 round=2 result=true
2026-06-13T15:10:57.552194+00:00 done function D208 round=2 result=true
2026-06-13T15:10:57.671031+00:00 done function D209 round=2 result=true
2026-06-13T15:10:57.782827+00:00 done function D210 round=2 result=true
2026-06-13T15:10:57.894788+00:00 done function D211 round=2 result=true
2026-06-13T15:10:58.017104+00:00 done function D212 round=2 result=true
2026-06-13T15:10:58.127268+00:00 done function D213 round=2 result=true
2026-06-13T15:10:58.249579+00:00 done function D214 round=2 result=true
2026-06-13T15:10:58.372761+00:00 done function D215 round=2 result=true
2026-06-13T15:10:58.493558+00:00 done function D216 round=2 result=true
2026-06-13T15:10:59.495105+00:00 done function D217 round=2 result=true
2026-06-13T15:10:59.603208+00:00 done function D218 round=2 result=true
2026-06-13T15:10:59.737144+00:00 done function D219 round=2 result=true
2026-06-13T15:10:59.859987+00:00 done function D220 round=2 result=true
2026-06-13T15:10:59.994581+00:00 done function D221 round=2 result=true
2026-06-13T15:11:00.128316+00:00 done function D222 round=2 result=true
2026-06-13T15:11:00.260981+00:00 done function D223 round=2 result=true
2026-06-13T15:11:00.394443+00:00 done function D224 round=2 result=true
2026-06-13T15:11:01.381723+00:00 done function D225 round=2 result=true
2026-06-13T15:11:01.518503+00:00 done function D226 round=2 result=true
2026-06-13T15:11:01.648501+00:00 done function D227 round=2 result=true
2026-06-13T15:11:01.780168+00:00 done function D228 round=2 result=true
2026-06-13T15:11:01.902120+00:00 done function D229 round=2 result=true
2026-06-13T15:11:02.026430+00:00 done function D230 round=2 result=true
2026-06-13T15:11:02.157674+00:00 done function D231 round=2 result=true
2026-06-13T15:11:03.145810+00:00 done function D232 round=2 result=true
2026-06-13T15:11:03.267881+00:00 done function D233 round=2 result=true
2026-06-13T15:11:03.391608+00:00 done function D234 round=2 result=true
2026-06-13T15:11:03.523319+00:00 done function D235 round=2 result=true
2026-06-13T15:11:03.645664+00:00 done function D236 round=2 result=true
2026-06-13T15:11:03.767438+00:00 done function D237 round=2 result=true
2026-06-13T15:11:03.880195+00:00 done function D238 round=2 result=true
2026-06-13T15:11:04.012269+00:00 done function D239 round=2 result=true
2026-06-13T15:11:04.133931+00:00 done function D240 round=2 result=true
2026-06-13T15:11:05.134362+00:00 done function D241 round=2 result=true
2026-06-13T15:11:05.255422+00:00 done function D242 round=2 result=true
2026-06-13T15:11:05.377531+00:00 done function D243 round=2 result=true
2026-06-13T15:11:05.499692+00:00 done function D244 round=2 result=true
2026-06-13T15:11:05.621763+00:00 done function D245 round=2 result=true
2026-06-13T15:11:05.744344+00:00 done function D246 round=2 result=true
2026-06-13T15:11:05.866334+00:00 done function D247 round=2 result=true
2026-06-13T15:11:05.999321+00:00 done function D248 round=2 result=true
2026-06-13T15:11:06.777131+00:00 done function D249 round=2 result=true
2026-06-13T15:11:06.899092+00:00 done function D250 round=2 result=true
2026-06-13T15:11:07.010343+00:00 done function D251 round=2 result=true
2026-06-13T15:11:07.132560+00:00 done function D252 round=2 result=true
2026-06-13T15:11:07.254335+00:00 done function D253 round=2 result=true
2026-06-13T15:11:07.377067+00:00 done function D254 round=2 result=true
2026-06-13T15:11:07.511004+00:00 done function D255 round=2 result=true
2026-06-13T15:11:07.632236+00:00 done function D256 round=2 result=true
2026-06-13T15:11:08.665508+00:00 done function D257 round=2 result=true
2026-06-13T15:11:09.663747+00:00 done function D258 round=2 result=true
2026-06-13T15:11:09.797555+00:00 done function D259 round=2 result=true
2026-06-13T15:11:10.786230+00:00 done function D260 round=2 result=true
2026-06-13T15:11:11.762625+00:00 done function D261 round=2 result=true
2026-06-13T15:11:11.900247+00:00 done function D262 round=2 result=true
2026-06-13T15:11:12.897392+00:00 done function D263 round=2 result=true
2026-06-13T15:11:13.906506+00:00 done function D264 round=2 result=true
2026-06-13T15:11:14.029960+00:00 done function D265 round=2 result=true
2026-06-13T15:11:15.006421+00:00 done function D266 round=2 result=true
2026-06-13T15:11:15.983871+00:00 done function D267 round=2 result=true
2026-06-13T15:11:16.115527+00:00 done function D268 round=2 result=true
2026-06-13T15:11:16.905622+00:00 done function D269 round=2 result=true
2026-06-13T15:11:17.916161+00:00 done function D270 round=2 result=true
2026-06-13T15:11:18.037070+00:00 done function D271 round=2 result=true
2026-06-13T15:11:19.047107+00:00 done function D272 round=2 result=true
2026-06-13T15:11:19.168896+00:00 done function D273 round=2 result=true
2026-06-13T15:11:20.158514+00:00 done function D274 round=2 result=true
2026-06-13T15:11:21.170457+00:00 done function D275 round=2 result=true
2026-06-13T15:11:21.303312+00:00 done function D276 round=2 result=true
2026-06-13T15:11:22.293371+00:00 done function D277 round=2 result=true
2026-06-13T15:11:23.301931+00:00 done function D278 round=2 result=true
2026-06-13T15:11:23.433988+00:00 done function D279 round=2 result=true
2026-06-13T15:11:24.410664+00:00 done function D280 round=2 result=true
2026-06-13T15:11:25.398813+00:00 done function D281 round=2 result=true
2026-06-13T15:11:25.521557+00:00 done function D282 round=2 result=true
2026-06-13T15:11:26.298717+00:00 done function D283 round=2 result=true
2026-06-13T15:11:27.320332+00:00 done function D284 round=2 result=true
2026-06-13T15:11:27.442702+00:00 done function D285 round=2 result=true
2026-06-13T15:11:27.564194+00:00 done function D286 round=2 result=true
2026-06-13T15:11:27.686833+00:00 done function D287 round=2 result=true
2026-06-13T15:11:27.823050+00:00 done function D288 round=2 result=true
2026-06-13T15:11:27.952932+00:00 done function D289 round=2 result=true
2026-06-13T15:11:28.075086+00:00 done function D290 round=2 result=true
2026-06-13T15:11:28.197107+00:00 done function D291 round=2 result=true
2026-06-13T15:11:28.319393+00:00 done function D292 round=2 result=true
2026-06-13T15:11:29.296537+00:00 done function D293 round=2 result=true
2026-06-13T15:11:29.418830+00:00 done function D294 round=2 result=true
2026-06-13T15:11:29.553395+00:00 done function D295 round=2 result=true
2026-06-13T15:11:29.673926+00:00 done function D296 round=2 result=true
2026-06-13T15:11:29.795859+00:00 done function D297 round=2 result=true
2026-06-13T15:11:29.920162+00:00 done function D298 round=2 result=true
2026-06-13T15:11:30.051198+00:00 done function D299 round=2 result=true
2026-06-13T15:11:30.174328+00:00 done function D300 round=2 result=true
2026-06-13T15:11:31.173301+00:00 done function D301 round=2 result=true
2026-06-13T15:11:31.306137+00:00 done function D302 round=2 result=true
2026-06-13T15:11:31.428925+00:00 done function D303 round=2 result=true
2026-06-13T15:11:31.551207+00:00 done function D304 round=2 result=true
2026-06-13T15:11:31.672963+00:00 done function D305 round=2 result=true
2026-06-13T15:11:31.794948+00:00 done function D306 round=2 result=true
2026-06-13T15:11:31.917847+00:00 done function D307 round=2 result=true
2026-06-13T15:11:32.039493+00:00 done function D308 round=2 result=true
2026-06-13T15:11:33.028226+00:00 done function D309 round=2 result=true
2026-06-13T15:11:33.151246+00:00 done function D310 round=2 result=true
2026-06-13T15:11:33.271905+00:00 done function D311 round=2 result=true
2026-06-13T15:11:33.395135+00:00 done function D312 round=2 result=true
2026-06-13T15:11:33.516799+00:00 done function D313 round=2 result=true
2026-06-13T15:11:33.640351+00:00 done function D314 round=2 result=true
2026-06-13T15:11:33.774009+00:00 done function D315 round=2 result=true
2026-06-13T15:11:33.893871+00:00 done function D316 round=2 result=true
2026-06-13T15:11:34.882911+00:00 done function D317 round=2 result=true
2026-06-13T15:11:35.859193+00:00 done function D318 round=2 result=true
2026-06-13T15:11:35.991609+00:00 done function D319 round=2 result=true
2026-06-13T15:11:36.781784+00:00 done function D320 round=2 result=true
2026-06-13T15:11:37.825162+00:00 done function D321 round=2 result=true
2026-06-13T15:11:37.958261+00:00 done function D322 round=2 result=true
2026-06-13T15:11:38.080657+00:00 done function D323 round=2 result=true
2026-06-13T15:11:38.204574+00:00 done function D324 round=2 result=true
2026-06-13T15:11:38.317567+00:00 done function D325 round=2 result=true
2026-06-13T15:11:38.447667+00:00 done function D326 round=2 result=true
2026-06-13T15:11:38.568968+00:00 done function D327 round=2 result=true
2026-06-13T15:11:38.691356+00:00 done function D328 round=2 result=true
2026-06-13T15:11:39.690441+00:00 done function D329 round=2 result=true
2026-06-13T15:11:39.812619+00:00 done function D330 round=2 result=true
2026-06-13T15:11:39.934916+00:00 done function D331 round=2 result=true
2026-06-13T15:11:40.058473+00:00 done function D332 round=2 result=true
2026-06-13T15:11:40.179152+00:00 done function D333 round=2 result=true
2026-06-13T15:11:40.304304+00:00 done function D334 round=2 result=true
2026-06-13T15:11:40.436275+00:00 done function D335 round=2 result=true
2026-06-13T15:11:40.556552+00:00 done function D336 round=2 result=true
2026-06-13T15:11:41.568994+00:00 done function D337 round=2 result=true
2026-06-13T15:11:41.700483+00:00 done function D338 round=2 result=true
2026-06-13T15:11:41.844461+00:00 done function D339 round=2 result=true
2026-06-13T15:11:41.978271+00:00 done function D340 round=2 result=true
2026-06-13T15:11:42.111409+00:00 done function D341 round=2 result=true
2026-06-13T15:11:42.256114+00:00 done function D342 round=2 result=true
2026-06-13T15:11:42.389561+00:00 done function D343 round=2 result=true
2026-06-13T15:11:43.366882+00:00 done function D344 round=2 result=true
2026-06-13T15:11:43.499730+00:00 done function D345 round=2 result=true
2026-06-13T15:11:43.632836+00:00 done function D346 round=2 result=true
2026-06-13T15:11:43.765978+00:00 done function D347 round=2 result=true
2026-06-13T15:11:43.900382+00:00 done function D348 round=2 result=true
2026-06-13T15:11:44.057196+00:00 done function D349 round=2 result=true
2026-06-13T15:11:44.199536+00:00 done function D350 round=2 result=true
2026-06-13T15:11:44.332867+00:00 done function D351 round=2 result=true
2026-06-13T15:11:45.334263+00:00 done function D352 round=2 result=true
2026-06-13T15:11:45.466130+00:00 done function D353 round=2 result=true
2026-06-13T15:11:45.598689+00:00 done function D354 round=2 result=true
2026-06-13T15:11:45.733149+00:00 done function D355 round=2 result=true
2026-06-13T15:11:45.876570+00:00 done function D356 round=2 result=true
2026-06-13T15:11:46.012256+00:00 done function D357 round=2 result=true
2026-06-13T15:11:46.154348+00:00 done function D358 round=2 result=true
2026-06-13T15:11:47.164886+00:00 done function D359 round=2 result=true
2026-06-13T15:11:47.301609+00:00 done function D360 round=2 result=true
2026-06-13T15:11:47.447989+00:00 done function D361 round=2 result=true
2026-06-13T15:11:47.597852+00:00 done function D362 round=2 result=true
2026-06-13T15:11:47.731063+00:00 done function D363 round=2 result=true
2026-06-13T15:11:47.865164+00:00 done function D364 round=2 result=true
2026-06-13T15:11:47.997713+00:00 done function D365 round=2 result=true
2026-06-13T15:11:49.009495+00:00 done function D366 round=2 result=true
2026-06-13T15:11:49.144086+00:00 done function D367 round=2 result=true
2026-06-13T15:11:49.273947+00:00 done function D368 round=2 result=true
2026-06-13T15:11:49.422940+00:00 done function D369 round=2 result=true
2026-06-13T15:11:49.564396+00:00 done function D370 round=2 result=true
2026-06-13T15:11:49.696769+00:00 done function D371 round=2 result=true
2026-06-13T15:11:49.832899+00:00 done function D372 round=2 result=true
2026-06-13T15:11:50.852636+00:00 done function D373 round=2 result=true
2026-06-13T15:11:51.650837+00:00 done function D374 round=2 result=true
2026-06-13T15:11:51.784515+00:00 done function D375 round=2 result=true
2026-06-13T15:11:53.705395+00:00 done function D376 round=2 result=true
2026-06-13T15:11:54.728013+00:00 done function D377 round=2 result=true
2026-06-13T15:11:55.726741+00:00 done function D378 round=2 result=true
2026-06-13T15:11:55.881280+00:00 done function D379 round=2 result=true
2026-06-13T15:11:56.882070+00:00 done function D380 round=2 result=true
2026-06-13T15:11:57.896874+00:00 done function D381 round=2 result=true
2026-06-13T15:11:58.692598+00:00 done function D382 round=2 result=true
2026-06-13T15:11:58.817137+00:00 done function D383 round=2 result=true
2026-06-13T15:11:59.010973+00:00 done function D384 round=2 result=true
2026-06-13T15:12:00.016884+00:00 done function D385 round=2 result=true
2026-06-13T15:12:00.145857+00:00 done function D386 round=2 result=true
2026-06-13T15:12:00.271084+00:00 done function D387 round=2 result=true
2026-06-13T15:12:00.390616+00:00 done function D388 round=2 result=true
2026-06-13T15:12:00.522460+00:00 done function D389 round=2 result=true
2026-06-13T15:12:00.645453+00:00 done function D390 round=2 result=true
2026-06-13T15:12:00.777097+00:00 done function D391 round=2 result=true
2026-06-13T15:12:00.905781+00:00 done function D392 round=2 result=true
2026-06-13T15:12:01.871636+00:00 done function D393 round=2 result=true
2026-06-13T15:12:01.999503+00:00 done function D394 round=2 result=true
2026-06-13T15:12:02.129784+00:00 done function D395 round=2 result=true
2026-06-13T15:12:02.264759+00:00 done function D396 round=2 result=true
2026-06-13T15:12:02.394018+00:00 done function D397 round=2 result=true
2026-06-13T15:12:02.529612+00:00 done function D398 round=2 result=true
2026-06-13T15:12:02.667567+00:00 done function D399 round=2 result=true
2026-06-13T15:12:02.789580+00:00 done function D400 round=2 result=true
2026-06-13T15:12:03.766944+00:00 done function D401 round=2 result=true
2026-06-13T15:12:03.889290+00:00 done function D402 round=2 result=true
2026-06-13T15:12:04.022422+00:00 done function D403 round=2 result=true
2026-06-13T15:12:04.145765+00:00 done function D404 round=2 result=true
2026-06-13T15:12:04.266638+00:00 done function D405 round=2 result=true
2026-06-13T15:12:04.389878+00:00 done function D406 round=2 result=true
2026-06-13T15:12:04.511636+00:00 done function D407 round=2 result=true
2026-06-13T15:12:04.634747+00:00 done function D408 round=2 result=true
2026-06-13T15:12:05.411528+00:00 done function D409 round=2 result=true
2026-06-13T15:12:05.532410+00:00 done function D410 round=2 result=true
2026-06-13T15:12:05.655403+00:00 done function D411 round=2 result=true
2026-06-13T15:12:05.766126+00:00 done function D412 round=2 result=true
2026-06-13T15:12:05.888691+00:00 done function D413 round=2 result=true
2026-06-13T15:12:06.013753+00:00 done function D414 round=2 result=true
2026-06-13T15:12:06.133430+00:00 done function D415 round=2 result=true
2026-06-13T15:12:06.267383+00:00 done function D416 round=2 result=true
2026-06-13T15:12:07.281765+00:00 done function D417 round=2 result=true
2026-06-13T15:12:07.399302+00:00 done function D418 round=2 result=true
2026-06-13T15:12:07.521099+00:00 done function D419 round=2 result=true
2026-06-13T15:12:07.643439+00:00 done function D420 round=2 result=true
2026-06-13T15:12:07.764983+00:00 done function D421 round=2 result=true
2026-06-13T15:12:07.887439+00:00 done function D422 round=2 result=true
2026-06-13T15:12:08.020359+00:00 done function D423 round=2 result=true
2026-06-13T15:12:08.132085+00:00 done function D424 round=2 result=true
2026-06-13T15:12:09.121336+00:00 done function D463 round=2 result=true
2026-06-13T15:12:09.242399+00:00 done function D464 round=2 result=true
2026-06-13T15:12:09.364560+00:00 done function D465 round=2 result=true
2026-06-13T15:12:09.487767+00:00 done function D466 round=2 result=true
2026-06-13T15:12:09.630052+00:00 done function D467 round=2 result=true
2026-06-13T15:12:09.752945+00:00 done function D468 round=2 result=true
2026-06-13T15:12:09.875506+00:00 done function D469 round=2 result=true
2026-06-13T15:12:09.998091+00:00 done function D470 round=2 result=true
2026-06-13T15:12:10.985021+00:00 done case C-0001 round=2 result=underdetermined
2026-06-13T15:12:11.107325+00:00 done case C-0002 round=2 result=underdetermined
2026-06-13T15:12:11.220195+00:00 done case C-0003 round=2 result=underdetermined
2026-06-13T15:12:11.333912+00:00 done case C-0004 round=2 result=underdetermined
2026-06-13T15:12:11.451132+00:00 done case C-0005 round=2 result=underdetermined
2026-06-13T15:12:11.574702+00:00 done case C-0006 round=2 result=underdetermined
2026-06-13T15:12:11.711225+00:00 done case C-0007 round=2 result=underdetermined
2026-06-13T15:12:11.843919+00:00 done case C-0008 round=2 result=underdetermined
2026-06-13T15:12:12.828087+00:00 done case C-0009 round=2 result=underdetermined
2026-06-13T15:12:12.950939+00:00 done case C-0010 round=2 result=underdetermined
2026-06-13T15:12:13.073113+00:00 done case C-0011 round=2 result=underdetermined
2026-06-13T15:12:13.205966+00:00 done case C-0012 round=2 result=underdetermined
2026-06-13T15:12:13.328012+00:00 done case C-0013 round=2 result=underdetermined
2026-06-13T15:12:13.450432+00:00 done case C-0014 round=2 result=underdetermined
2026-06-13T15:12:13.569807+00:00 done case C-0015 round=2 result=underdetermined
2026-06-13T15:12:13.694701+00:00 done case C-0016 round=2 result=underdetermined
2026-06-13T15:12:14.684041+00:00 done case C-0017 round=2 result=underdetermined
2026-06-13T15:12:14.805565+00:00 done case C-0018 round=2 result=underdetermined
2026-06-13T15:12:14.927092+00:00 done case C-0019 round=2 result=underdetermined
2026-06-13T15:12:15.049719+00:00 done case C-0020 round=2 result=underdetermined
2026-06-13T15:12:15.158455+00:00 done case C-0021 round=2 result=underdetermined
2026-06-13T15:12:15.286157+00:00 done case C-0022 round=2 result=underdetermined
2026-06-13T15:12:15.416076+00:00 done case C-0023 round=2 result=underdetermined
2026-06-13T15:12:15.539686+00:00 done case C-0024 round=2 result=underdetermined
2026-06-13T15:12:16.205938+00:00 done case C-0025 round=2 result=underdetermined
2026-06-13T15:12:16.338694+00:00 done case C-0026 round=2 result=underdetermined
2026-06-13T15:12:16.475943+00:00 done case C-0027 round=2 result=underdetermined
2026-06-13T15:12:16.604611+00:00 done case C-0028 round=2 result=underdetermined
2026-06-13T15:12:16.725290+00:00 done case C-0029 round=2 result=underdetermined
2026-06-13T15:12:16.848286+00:00 done case C-0030 round=2 result=underdetermined
2026-06-13T15:12:16.970745+00:00 done case C-0031 round=2 result=underdetermined
2026-06-13T15:12:17.093207+00:00 done case C-0032 round=2 result=underdetermined
2026-06-13T15:12:17.248683+00:00 done case C-0033 round=2 result=underdetermined
2026-06-13T15:12:17.370842+00:00 done case C-0034 round=2 result=underdetermined
2026-06-13T15:12:17.493352+00:00 done case C-0035 round=2 result=underdetermined
2026-06-13T15:12:17.615956+00:00 done case C-0036 round=2 result=underdetermined
2026-06-13T15:12:17.748408+00:00 done case C-0037 round=2 result=underdetermined
2026-06-13T15:12:17.870949+00:00 done case C-0038 round=2 result=underdetermined
2026-06-13T15:12:18.003785+00:00 done case C-0039 round=2 result=underdetermined
2026-06-13T15:12:18.125422+00:00 done case C-0040 round=2 result=underdetermined
2026-06-13T15:12:18.248384+00:00 done case C-0041 round=2 result=underdetermined
2026-06-13T15:12:18.370725+00:00 done case C-0042 round=2 result=underdetermined
2026-06-13T15:12:18.496303+00:00 done case C-0043 round=2 result=underdetermined
2026-06-13T15:12:18.626016+00:00 done case C-0044 round=2 result=underdetermined
2026-06-13T15:12:18.747381+00:00 done case C-0045 round=2 result=underdetermined
2026-06-13T15:12:18.870666+00:00 done case C-0046 round=2 result=underdetermined
2026-06-13T15:12:18.992165+00:00 done case C-0047 round=2 result=underdetermined
2026-06-13T15:12:19.114168+00:00 done case C-0048 round=2 result=underdetermined
2026-06-13T15:12:19.249625+00:00 done case C-0049 round=2 result=underdetermined
2026-06-13T15:12:19.380413+00:00 done case C-0050 round=2 result=underdetermined
2026-06-13T15:12:19.514405+00:00 done case C-0051 round=2 result=underdetermined
2026-06-13T15:12:19.637956+00:00 done case C-0052 round=2 result=underdetermined
2026-06-13T15:12:19.769782+00:00 done case C-0053 round=2 result=underdetermined
2026-06-13T15:12:19.904757+00:00 done case C-0054 round=2 result=underdetermined
2026-06-13T15:12:20.034338+00:00 done case C-0055 round=2 result=underdetermined
2026-06-13T15:12:20.170900+00:00 done case C-0056 round=2 result=underdetermined
2026-06-13T15:12:20.291595+00:00 done case C-0057 round=2 result=underdetermined
2026-06-13T15:12:20.414796+00:00 done case C-0058 round=2 result=underdetermined
2026-06-13T15:12:20.546556+00:00 done case C-0059 round=2 result=underdetermined
2026-06-13T15:12:20.673299+00:00 done case C-0060 round=2 result=underdetermined
2026-06-13T15:12:20.801585+00:00 done case C-0061 round=2 result=underdetermined
2026-06-13T15:12:20.926585+00:00 done case C-0062 round=2 result=underdetermined
2026-06-13T15:12:21.047000+00:00 done case C-0063 round=2 result=underdetermined
2026-06-13T15:12:21.170298+00:00 done case C-0064 round=2 result=underdetermined
2026-06-13T15:12:21.291139+00:00 done case C-0065 round=2 result=underdetermined
2026-06-13T15:12:21.414274+00:00 done case C-0066 round=2 result=underdetermined
2026-06-13T15:12:21.536215+00:00 done case C-0067 round=2 result=underdetermined
2026-06-13T15:12:21.657783+00:00 done case C-0068 round=2 result=underdetermined
2026-06-13T15:12:21.779067+00:00 done case C-0069 round=2 result=underdetermined
2026-06-13T15:12:21.902582+00:00 done case C-0070 round=2 result=underdetermined
2026-06-13T15:12:22.024696+00:00 done case C-0071 round=2 result=underdetermined
2026-06-13T15:12:22.145927+00:00 done case C-0072 round=2 result=underdetermined
2026-06-13T15:12:22.268446+00:00 done case C-0073 round=2 result=underdetermined
2026-06-13T15:12:22.404357+00:00 done case C-0074 round=2 result=underdetermined
2026-06-13T15:12:22.524106+00:00 done case C-0075 round=2 result=underdetermined
2026-06-13T15:12:22.665792+00:00 done case C-0076 round=2 result=underdetermined
2026-06-13T15:12:22.778424+00:00 done case C-0077 round=2 result=underdetermined
2026-06-13T15:12:22.901473+00:00 done case C-0078 round=2 result=underdetermined
2026-06-13T15:12:23.035201+00:00 done case C-0079 round=2 result=underdetermined
2026-06-13T15:12:23.157345+00:00 done case C-0080 round=2 result=underdetermined
2026-06-13T15:12:23.277464+00:00 done case C-0081 round=2 result=underdetermined
2026-06-13T15:12:23.411965+00:00 done case C-0082 round=2 result=underdetermined
2026-06-13T15:12:23.535084+00:00 done case C-0083 round=2 result=underdetermined
2026-06-13T15:12:23.656348+00:00 done case C-0084 round=2 result=underdetermined
2026-06-13T15:12:23.778447+00:00 done case C-0085 round=2 result=underdetermined
2026-06-13T15:12:23.900996+00:00 done case C-0086 round=2 result=underdetermined
2026-06-13T15:12:24.023551+00:00 done case C-0087 round=2 result=underdetermined
2026-06-13T15:12:24.155953+00:00 done case C-0088 round=2 result=underdetermined
2026-06-13T15:12:24.278206+00:00 done case C-0089 round=2 result=underdetermined
2026-06-13T15:12:24.401438+00:00 done case C-0090 round=2 result=underdetermined
2026-06-13T15:12:24.522516+00:00 done case C-0091 round=2 result=underdetermined
2026-06-13T15:12:24.644307+00:00 done case C-0092 round=2 result=underdetermined
2026-06-13T15:12:24.764791+00:00 done case C-0093 round=2 result=underdetermined
2026-06-13T15:12:24.900742+00:00 done case C-0094 round=2 result=underdetermined
2026-06-13T15:12:25.031253+00:00 done case C-0095 round=2 result=underdetermined
2026-06-13T15:12:25.145748+00:00 done case C-0096 round=2 result=underdetermined
2026-06-13T15:12:25.266885+00:00 done case C-0097 round=2 result=underdetermined
2026-06-13T15:12:25.389051+00:00 done case C-0098 round=2 result=underdetermined
2026-06-13T15:12:25.510841+00:00 done case C-0099 round=2 result=underdetermined
2026-06-13T15:12:25.653509+00:00 done case C-0100 round=2 result=underdetermined
2026-06-13T15:12:25.766491+00:00 done case C-0101 round=2 result=underdetermined
2026-06-13T15:12:25.889117+00:00 done case C-0102 round=2 result=underdetermined
2026-06-13T15:12:26.021543+00:00 done case C-0103 round=2 result=underdetermined
2026-06-13T15:12:26.144228+00:00 done case C-0104 round=2 result=underdetermined
2026-06-13T15:12:26.266322+00:00 done case C-0105 round=2 result=underdetermined
2026-06-13T15:12:26.399335+00:00 done case C-0106 round=2 result=underdetermined
2026-06-13T15:12:26.521613+00:00 done case C-0107 round=2 result=underdetermined
2026-06-13T15:12:26.643840+00:00 done case C-0108 round=2 result=true
2026-06-13T15:12:26.774283+00:00 done case C-0109 round=2 result=underdetermined
2026-06-13T15:12:26.899118+00:00 done case C-0110 round=2 result=true
2026-06-13T15:12:27.021795+00:00 done case C-0111 round=2 result=true
2026-06-13T15:12:27.155244+00:00 done case C-0112 round=2 result=true
2026-06-13T15:12:27.276489+00:00 done case C-0113 round=2 result=underdetermined
2026-06-13T15:12:27.399199+00:00 done case C-0114 round=2 result=true
2026-06-13T15:12:27.520819+00:00 done case C-0115 round=2 result=true
2026-06-13T15:12:27.642352+00:00 done case C-0116 round=2 result=underdetermined
2026-06-13T15:12:27.765884+00:00 done case C-0117 round=2 result=true
2026-06-13T15:12:27.888230+00:00 done case C-0118 round=2 result=true
2026-06-13T15:12:28.021329+00:00 done case C-0119 round=2 result=true
2026-06-13T15:12:28.142744+00:00 done case C-0120 round=2 result=underdetermined
2026-06-13T15:12:28.264870+00:00 done case C-0121 round=2 result=true
2026-06-13T15:12:28.387091+00:00 done case C-0122 round=2 result=true
2026-06-13T15:12:28.509049+00:00 done case C-0123 round=2 result=underdetermined
2026-06-13T15:12:28.630262+00:00 done case C-0124 round=2 result=true
2026-06-13T15:12:28.763759+00:00 done case C-0125 round=2 result=underdetermined
2026-06-13T15:12:28.886933+00:00 done case C-0126 round=2 result=true
2026-06-13T15:12:29.009103+00:00 done case C-0127 round=2 result=underdetermined
2026-06-13T15:12:29.133438+00:00 done case C-0128 round=2 result=underdetermined
2026-06-13T15:12:29.254643+00:00 done case C-0129 round=2 result=underdetermined
2026-06-13T15:12:29.375618+00:00 done case C-0130 round=2 result=underdetermined
2026-06-13T15:12:29.509774+00:00 done case C-0131 round=2 result=underdetermined
2026-06-13T15:12:29.631857+00:00 done case C-0132 round=2 result=true
2026-06-13T15:12:29.753196+00:00 done case C-0133 round=2 result=true
2026-06-13T15:12:29.878092+00:00 done case C-0134 round=2 result=true
2026-06-13T15:12:30.007042+00:00 done case C-0135 round=2 result=underdetermined
2026-06-13T15:12:30.120026+00:00 done case C-0136 round=2 result=true
2026-06-13T15:12:30.241109+00:00 done case C-0137 round=2 result=underdetermined
2026-06-13T15:12:30.375378+00:00 done case C-0138 round=2 result=underdetermined
2026-06-13T15:12:30.499937+00:00 done case C-0139 round=2 result=true
2026-06-13T15:12:30.621335+00:00 done case C-0140 round=2 result=underdetermined
2026-06-13T15:12:30.741891+00:00 done case C-0141 round=2 result=true
2026-06-13T15:12:30.863347+00:00 done case C-0142 round=2 result=underdetermined
2026-06-13T15:12:30.986348+00:00 done case C-0143 round=2 result=true
2026-06-13T15:12:31.119572+00:00 done case C-0144 round=2 result=underdetermined
2026-06-13T15:12:31.252908+00:00 done case C-0145 round=2 result=true
2026-06-13T15:12:31.363513+00:00 done case C-0146 round=2 result=underdetermined
2026-06-13T15:12:31.486124+00:00 done case C-0147 round=2 result=true
2026-06-13T15:12:31.606840+00:00 done case C-0148 round=2 result=true
2026-06-13T15:12:31.732241+00:00 done case C-0149 round=2 result=true
2026-06-13T15:12:31.863158+00:00 done case C-0150 round=2 result=true
2026-06-13T15:12:31.986257+00:00 done case C-0151 round=2 result=true
2026-06-13T15:12:32.108097+00:00 done case C-0152 round=2 result=true
2026-06-13T15:12:32.234250+00:00 done case C-0153 round=2 result=true
2026-06-13T15:12:32.362309+00:00 done case C-0154 round=2 result=true
2026-06-13T15:12:32.486451+00:00 done case C-0155 round=2 result=true
2026-06-13T15:12:32.608478+00:00 done case C-0156 round=2 result=true
2026-06-13T15:12:32.741009+00:00 done case C-0157 round=2 result=true
2026-06-13T15:12:32.874375+00:00 done case C-0158 round=2 result=true
2026-06-13T15:12:32.996030+00:00 done case C-0159 round=2 result=true
2026-06-13T15:12:33.118700+00:00 done case C-0160 round=2 result=true
2026-06-13T15:12:33.241599+00:00 done case C-0161 round=2 result=true
2026-06-13T15:12:33.362601+00:00 done case C-0162 round=2 result=true
2026-06-13T15:12:33.487715+00:00 done case C-0163 round=2 result=true
2026-06-13T15:12:33.618952+00:00 done case C-0164 round=2 result=true
2026-06-13T15:12:33.740792+00:00 done case C-0165 round=2 result=true
2026-06-13T15:12:33.862882+00:00 done case C-0166 round=2 result=true
2026-06-13T15:12:33.985656+00:00 done case C-0167 round=2 result=true
2026-06-13T15:12:34.107210+00:00 done case C-0168 round=2 result=true
2026-06-13T15:12:34.228916+00:00 done case C-0169 round=2 result=true
2026-06-13T15:12:34.372858+00:00 done case C-0170 round=2 result=true
2026-06-13T15:12:34.484682+00:00 done case C-0171 round=2 result=false
2026-06-13T15:12:34.606487+00:00 done case C-0172 round=2 result=false
2026-06-13T15:12:34.728968+00:00 done case C-0173 round=2 result=false
2026-06-13T15:12:34.851015+00:00 done case C-0174 round=2 result=false
2026-06-13T15:12:34.974003+00:00 done case C-0175 round=2 result=true
2026-06-13T15:12:35.084348+00:00 done case C-0176 round=2 result=true
2026-06-13T15:12:35.206483+00:00 done case C-0177 round=2 result=true
2026-06-13T15:12:35.328437+00:00 done case C-0178 round=2 result=true
2026-06-13T15:12:35.450727+00:00 done case C-0179 round=2 result=true
2026-06-13T15:12:35.561705+00:00 done case C-0180 round=2 result=true
2026-06-13T15:12:35.676096+00:00 done case C-0181 round=2 result=underdetermined
2026-06-13T15:12:35.783938+00:00 done case C-0182 round=2 result=underdetermined
2026-06-13T15:12:35.910744+00:00 done case C-0183 round=2 result=underdetermined
2026-06-13T15:12:36.017566+00:00 done case C-0184 round=2 result=underdetermined
2026-06-13T15:12:36.140108+00:00 done case C-0185 round=2 result=underdetermined
2026-06-13T15:12:36.250525+00:00 done case C-0186 round=2 result=underdetermined
2026-06-13T15:12:36.373303+00:00 done case C-0187 round=2 result=underdetermined
2026-06-13T15:12:36.494769+00:00 done case C-0188 round=2 result=underdetermined
2026-06-13T15:12:36.617984+00:00 done case C-0189 round=2 result=underdetermined
2026-06-13T15:12:36.739641+00:00 done case C-0190 round=2 result=underdetermined
2026-06-13T15:12:36.861186+00:00 done case C-0191 round=2 result=underdetermined
2026-06-13T15:12:36.972302+00:00 done case C-0192 round=2 result=underdetermined
2026-06-13T15:12:37.094886+00:00 done case C-0193 round=2 result=underdetermined
2026-06-13T15:12:37.205668+00:00 done case C-0194 round=2 result=underdetermined
2026-06-13T15:12:37.327564+00:00 done case C-0195 round=2 result=underdetermined
2026-06-13T15:12:37.450744+00:00 done case C-0196 round=2 result=underdetermined
2026-06-13T15:12:37.573431+00:00 done case C-0197 round=2 result=underdetermined
2026-06-13T15:12:37.694099+00:00 done case C-0198 round=2 result=underdetermined
2026-06-13T15:12:37.808725+00:00 done case C-0199 round=2 result=underdetermined
2026-06-13T15:12:37.919934+00:00 done case C-0200 round=2 result=underdetermined
2026-06-13T15:12:38.038641+00:00 done case C-0201 round=2 result=underdetermined
2026-06-13T15:12:38.150060+00:00 done case C-0202 round=2 result=underdetermined
2026-06-13T15:12:38.272281+00:00 done case C-0203 round=2 result=underdetermined
2026-06-13T15:12:38.386687+00:00 done case C-0204 round=2 result=underdetermined
2026-06-13T15:12:38.506087+00:00 done case C-0205 round=2 result=true
2026-06-13T15:12:38.616237+00:00 done case C-0206 round=2 result=underdetermined
2026-06-13T15:12:39.616796+00:00 done case C-0207 round=2 result=underdetermined
2026-06-13T15:12:39.731279+00:00 done case C-0208 round=2 result=underdetermined
2026-06-13T15:12:39.861386+00:00 done case C-0209 round=2 result=underdetermined
2026-06-13T15:12:39.994512+00:00 done case C-0210 round=2 result=underdetermined
2026-06-13T15:12:40.126542+00:00 done case C-0211 round=2 result=underdetermined
2026-06-13T15:12:40.259925+00:00 done case C-0212 round=2 result=underdetermined
2026-06-13T15:12:40.382123+00:00 done case C-0213 round=2 result=underdetermined
2026-06-13T15:12:40.507927+00:00 done case C-0214 round=2 result=underdetermined
2026-06-13T15:12:41.471305+00:00 done case C-0215 round=2 result=underdetermined
2026-06-13T15:12:41.597081+00:00 done case C-0216 round=2 result=underdetermined
2026-06-13T15:12:41.718113+00:00 done case C-0217 round=2 result=underdetermined
2026-06-13T15:12:41.829013+00:00 done case C-0218 round=2 result=underdetermined
2026-06-13T15:12:41.959251+00:00 done case C-0219 round=2 result=underdetermined
2026-06-13T15:12:42.082376+00:00 done case C-0220 round=2 result=underdetermined
2026-06-13T15:12:42.218940+00:00 done case C-0221 round=2 result=underdetermined
2026-06-13T15:12:42.347869+00:00 done case C-0222 round=2 result=underdetermined
2026-06-13T15:12:43.325345+00:00 done case C-0223 round=2 result=underdetermined
2026-06-13T15:12:43.459000+00:00 done case C-0224 round=2 result=underdetermined
2026-06-13T15:12:43.591561+00:00 done case C-0225 round=2 result=underdetermined
2026-06-13T15:12:43.726883+00:00 done case C-0226 round=2 result=underdetermined
2026-06-13T15:12:43.858046+00:00 done case C-0227 round=2 result=underdetermined
2026-06-13T15:12:43.986204+00:00 done case C-0228 round=2 result=underdetermined
2026-06-13T15:12:44.106464+00:00 done case C-0229 round=2 result=underdetermined
2026-06-13T15:12:44.217577+00:00 done case C-0230 round=2 result=underdetermined
2026-06-13T15:12:45.215930+00:00 done case C-0231 round=2 result=underdetermined
2026-06-13T15:12:45.340224+00:00 done case C-0232 round=2 result=underdetermined
2026-06-13T15:12:45.468772+00:00 done case C-0233 round=2 result=underdetermined
2026-06-13T15:12:45.594461+00:00 done case C-0234 round=2 result=true
2026-06-13T15:12:45.724030+00:00 done case C-0235 round=2 result=true
2026-06-13T15:12:45.857059+00:00 done case C-0236 round=2 result=true
2026-06-13T15:12:45.990221+00:00 done case C-0237 round=2 result=true
2026-06-13T15:12:46.956833+00:00 done case C-0238 round=2 result=true
2026-06-13T15:12:47.082231+00:00 done case C-0239 round=2 result=true
2026-06-13T15:12:47.200860+00:00 done case C-0240 round=2 result=true
2026-06-13T15:12:47.334119+00:00 done case C-0241 round=2 result=true
2026-06-13T15:12:47.468112+00:00 done case C-0242 round=2 result=true
2026-06-13T15:12:47.600816+00:00 done case C-0243 round=2 result=true
2026-06-13T15:12:47.734042+00:00 done case C-0244 round=2 result=true
2026-06-13T15:12:47.860253+00:00 done case C-0245 round=2 result=true
2026-06-13T15:12:48.389750+00:00 done case C-0246 round=2 result=true
2026-06-13T15:12:48.522740+00:00 done case C-0247 round=2 result=true
2026-06-13T15:12:48.655923+00:00 done case C-0248 round=2 result=true
2026-06-13T15:12:48.789395+00:00 done case C-0249 round=2 result=true
2026-06-13T15:12:48.923645+00:00 done case C-0250 round=2 result=true
2026-06-13T15:12:49.058016+00:00 done case C-0251 round=2 result=true
2026-06-13T15:12:49.181989+00:00 done case C-0252 round=2 result=true
2026-06-13T15:12:49.300471+00:00 done case C-0253 round=2 result=true
2026-06-13T15:12:50.346418+00:00 done case C-0254 round=2 result=true
2026-06-13T15:12:51.338023+00:00 done case C-0255 round=2 result=true
2026-06-13T15:12:51.467656+00:00 done case C-0256 round=2 result=true
2026-06-13T15:12:52.468495+00:00 done case C-0257 round=2 result=true
2026-06-13T15:12:53.467585+00:00 done case C-0258 round=2 result=true
2026-06-13T15:12:53.615645+00:00 done case C-0259 round=2 result=true
2026-06-13T15:12:54.611863+00:00 done case C-0260 round=2 result=true
2026-06-13T15:12:55.608738+00:00 done case C-0261 round=2 result=true
2026-06-13T15:12:56.408560+00:00 done case C-0262 round=2 result=true
2026-06-13T15:12:56.542086+00:00 done case C-0263 round=2 result=true
2026-06-13T15:12:57.563919+00:00 done case C-0264 round=2 result=true
2026-06-13T15:12:57.697398+00:00 done case C-0265 round=2 result=true
2026-06-13T15:12:57.830597+00:00 done case C-0266 round=2 result=true
2026-06-13T15:12:57.963694+00:00 done case C-0267 round=2 result=true
2026-06-13T15:12:58.097072+00:00 done case C-0268 round=2 result=true
2026-06-13T15:12:58.222809+00:00 done case C-0269 round=2 result=true
2026-06-13T15:12:58.341435+00:00 done case C-0270 round=2 result=true
2026-06-13T15:12:59.110289+00:00 done case C-0271 round=2 result=true
2026-06-13T15:12:59.233330+00:00 done case C-0272 round=2 result=true
2026-06-13T15:12:59.352080+00:00 done case C-0273 round=2 result=true
2026-06-13T15:12:59.485112+00:00 done case C-0274 round=2 result=true
2026-06-13T15:12:59.618574+00:00 done case C-0275 round=2 result=true
2026-06-13T15:12:59.744350+00:00 done case C-0276 round=2 result=true
2026-06-13T15:12:59.874636+00:00 done case C-0277 round=2 result=true
2026-06-13T15:13:00.006701+00:00 done case C-0278 round=2 result=true
2026-06-13T15:13:01.028633+00:00 done case C-0279 round=2 result=true
2026-06-13T15:13:01.162788+00:00 done case C-0280 round=2 result=true
2026-06-13T15:13:01.296093+00:00 done case C-0281 round=2 result=true
2026-06-13T15:13:01.420871+00:00 done case C-0282 round=2 result=true
2026-06-13T15:13:01.539745+00:00 done case C-0283 round=2 result=true
2026-06-13T15:13:01.665535+00:00 done case C-0284 round=2 result=true
2026-06-13T15:13:01.786354+00:00 done case C-0285 round=2 result=true
2026-06-13T15:13:01.911327+00:00 done case C-0286 round=2 result=true
2026-06-13T15:13:02.906232+00:00 done case C-0287 round=2 result=true
2026-06-13T15:13:03.040490+00:00 done case C-0288 round=2 result=true
2026-06-13T15:13:03.176796+00:00 done case C-0289 round=2 result=true
2026-06-13T15:13:03.298618+00:00 done case C-0290 round=2 result=true
2026-06-13T15:13:03.416991+00:00 done case C-0291 round=2 result=true
2026-06-13T15:13:03.539107+00:00 done case C-0292 round=2 result=true
2026-06-13T15:13:03.677174+00:00 done case C-0293 round=2 result=true
2026-06-13T15:13:03.786564+00:00 done case C-0294 round=2 result=true
2026-06-13T15:13:04.761672+00:00 done case C-0295 round=2 result=true
2026-06-13T15:13:04.894307+00:00 done case C-0296 round=2 result=false
2026-06-13T15:13:05.027760+00:00 done case C-0297 round=2 result=false
2026-06-13T15:13:05.160862+00:00 done case C-0298 round=2 result=false
2026-06-13T15:13:05.294240+00:00 done case C-0299 round=2 result=false
2026-06-13T15:13:05.427316+00:00 done case C-0300 round=2 result=false
2026-06-13T15:13:05.560210+00:00 done case C-0301 round=2 result=false
2026-06-13T15:13:06.538391+00:00 done case C-0302 round=2 result=false
2026-06-13T15:13:06.672010+00:00 done case C-0303 round=2 result=true
2026-06-13T15:13:06.806249+00:00 done case C-0304 round=2 result=true
2026-06-13T15:13:06.937481+00:00 done case C-0305 round=2 result=true
2026-06-13T15:13:07.070805+00:00 done case C-0306 round=2 result=true
2026-06-13T15:13:07.227724+00:00 done case C-0307 round=2 result=true
2026-06-13T15:13:07.342589+00:00 done case C-0308 round=2 result=true
2026-06-13T15:13:07.462372+00:00 done case C-0309 round=2 result=true
2026-06-13T15:13:08.207970+00:00 done case C-0310 round=2 result=true
2026-06-13T15:13:08.326332+00:00 done case C-0311 round=2 result=true
2026-06-13T15:13:08.440649+00:00 done case C-0312 round=2 result=true
2026-06-13T15:13:08.559856+00:00 done case C-0313 round=2 result=true
2026-06-13T15:13:08.674000+00:00 done case C-0314 round=2 result=true
2026-06-13T15:13:08.792446+00:00 done case C-0315 round=2 result=true
2026-06-13T15:13:08.907535+00:00 done case C-0316 round=2 result=true
2026-06-13T15:13:09.025724+00:00 done case C-0317 round=2 result=true
2026-06-13T15:13:09.135331+00:00 done case C-0318 round=2 result=false
2026-06-13T15:13:19.533290+00:00 done case C-0319 round=2 result=false
2026-06-13T15:13:25.130968+00:00 done case C-0320 round=2 result=false
2026-06-13T15:13:25.230073+00:00 done case C-0321 round=2 result=false
2026-06-13T15:13:26.197179+00:00 done case C-0322 round=2 result=false
2026-06-13T15:13:27.173590+00:00 done case C-0323 round=2 result=false
2026-06-13T15:13:27.286385+00:00 done case C-0324 round=2 result=false
2026-06-13T15:13:28.275220+00:00 done case C-0325 round=2 result=false
2026-06-13T15:13:28.386076+00:00 done case C-0326 round=2 result=false
2026-06-13T15:13:29.318939+00:00 done case C-0327 round=2 result=false
2026-06-13T15:13:29.940182+00:00 done case C-0328 round=2 result=true
2026-06-13T15:13:30.039780+00:00 done case C-0329 round=2 result=true
2026-06-13T15:13:31.051304+00:00 done case C-0330 round=2 result=true
2026-06-13T15:13:31.155125+00:00 done case C-0331 round=2 result=true
2026-06-13T15:13:32.117838+00:00 done case C-0332 round=2 result=true
2026-06-13T15:13:32.217376+00:00 done case C-0333 round=2 result=true
2026-06-13T15:13:33.185107+00:00 done case C-0334 round=2 result=true
2026-06-13T15:13:33.286480+00:00 done case C-0335 round=2 result=true
2026-06-13T15:13:34.272725+00:00 done case C-0336 round=2 result=true
2026-06-13T15:13:34.379150+00:00 done case C-0337 round=2 result=true
2026-06-13T15:13:35.361107+00:00 done case C-0338 round=2 result=true
2026-06-13T15:13:36.338066+00:00 done case C-0339 round=2 result=true
2026-06-13T15:13:36.450218+00:00 done case C-0340 round=2 result=true
2026-06-13T15:13:37.426005+00:00 done case C-0341 round=2 result=true
2026-06-13T15:13:37.516036+00:00 done case C-0342 round=2 result=true
2026-06-13T15:13:38.492499+00:00 done case C-0343 round=2 result=true
2026-06-13T15:13:38.604258+00:00 done case C-0344 round=2 result=true
2026-06-13T15:13:39.588838+00:00 done case C-0345 round=2 result=true
2026-06-13T15:13:40.548538+00:00 done case C-0346 round=2 result=true
2026-06-13T15:13:40.647547+00:00 done case C-0347 round=2 result=true
2026-06-13T15:13:41.450062+00:00 done case C-0348 round=2 result=true
2026-06-13T15:13:41.565729+00:00 done case C-0349 round=2 result=true
2026-06-13T15:13:44.227273+00:00 done case C-0350 round=2 result=true
2026-06-13T15:13:47.434437+00:00 done case C-0351 round=2 result=true
2026-06-13T15:13:48.393720+00:00 done case C-0352 round=2 result=true
2026-06-13T15:13:48.501483+00:00 done case C-0353 round=2 result=true
2026-06-13T15:13:49.475821+00:00 done case C-0354 round=2 result=true
2026-06-13T15:13:49.589936+00:00 done case C-0355 round=2 result=true
2026-06-13T15:13:50.559591+00:00 done case C-0356 round=2 result=true
2026-06-13T15:13:50.679267+00:00 done case C-0357 round=2 result=true
2026-06-13T15:13:51.659637+00:00 done case C-0358 round=2 result=true
2026-06-13T15:13:52.646156+00:00 done case C-0359 round=2 result=true
2026-06-13T15:13:52.748425+00:00 done case C-0360 round=2 result=true
2026-06-13T15:13:53.513453+00:00 done case C-0361 round=2 result=true
2026-06-13T15:13:53.621468+00:00 done case C-0362 round=2 result=true
2026-06-13T15:13:54.644066+00:00 done case C-0363 round=2 result=true
2026-06-13T15:13:54.751490+00:00 done case C-0364 round=2 result=true
2026-06-13T15:13:54.866343+00:00 done case C-0365 round=2 result=true
2026-06-13T15:13:54.964567+00:00 done case C-0366 round=2 result=true
2026-06-13T15:13:55.082225+00:00 done case C-0367 round=2 result=true
2026-06-13T15:13:55.187178+00:00 done case C-0368 round=2 result=true
2026-06-13T15:13:55.295310+00:00 done case C-0369 round=2 result=true
2026-06-13T15:13:55.414551+00:00 done case C-0370 round=2 result=true
2026-06-13T15:13:55.529483+00:00 done case C-0371 round=2 result=true
2026-06-13T15:13:56.510642+00:00 done case C-0372 round=2 result=true
2026-06-13T15:13:56.619060+00:00 done case C-0373 round=2 result=true
2026-06-13T15:13:56.731260+00:00 done case C-0374 round=2 result=true
2026-06-13T15:13:56.833845+00:00 done case C-0375 round=2 result=true
2026-06-13T15:13:56.953333+00:00 done case C-0376 round=2 result=true
2026-06-13T15:13:57.053105+00:00 done case C-0377 round=2 result=true
2026-06-13T15:13:57.167197+00:00 done case C-0378 round=2 result=true
2026-06-13T15:13:57.295359+00:00 done case C-0379 round=2 result=true
2026-06-13T15:13:57.409563+00:00 done case C-0380 round=2 result=true
2026-06-13T15:13:58.389334+00:00 done case C-0381 round=2 result=true
2026-06-13T15:13:58.506034+00:00 done case C-0382 round=2 result=true
2026-06-13T15:13:58.619210+00:00 done case C-0383 round=2 result=true
2026-06-13T15:13:58.733198+00:00 done case C-0384 round=2 result=true
2026-06-13T15:13:58.841649+00:00 done case C-0385 round=2 result=true
2026-06-13T15:13:58.944967+00:00 done case C-0386 round=2 result=true
2026-06-13T15:13:59.061490+00:00 done case C-0387 round=2 result=true
2026-06-13T15:13:59.175157+00:00 done case C-0388 round=2 result=true
2026-06-13T15:13:59.280153+00:00 done case C-0389 round=2 result=true
2026-06-13T15:14:00.263805+00:00 done case C-0390 round=2 result=true
2026-06-13T15:14:00.362924+00:00 done case C-0391 round=2 result=true
2026-06-13T15:14:00.477056+00:00 done case C-0392 round=2 result=true
2026-06-13T15:14:00.588103+00:00 done case C-0393 round=2 result=true
2026-06-13T15:14:00.696346+00:00 done case C-0394 round=2 result=true
2026-06-13T15:14:00.796505+00:00 done case C-0395 round=2 result=true
2026-06-13T15:14:00.908953+00:00 done case C-0396 round=2 result=true
2026-06-13T15:14:01.008460+00:00 done case C-0397 round=2 result=true
2026-06-13T15:14:01.118662+00:00 done case C-0398 round=2 result=true
2026-06-13T15:14:02.112257+00:00 done case C-0399 round=2 result=true
2026-06-13T15:14:02.229670+00:00 done case C-0400 round=2 result=true
2026-06-13T15:14:02.332802+00:00 done case C-0401 round=2 result=true
2026-06-13T15:14:02.441842+00:00 done case C-0402 round=2 result=true
2026-06-13T15:14:02.557523+00:00 done case C-0403 round=2 result=true
2026-06-13T15:14:02.674549+00:00 done case C-0404 round=2 result=true
2026-06-13T15:14:02.774049+00:00 done case C-0405 round=2 result=true
2026-06-13T15:14:02.888275+00:00 done case C-0406 round=2 result=true
2026-06-13T15:14:02.996542+00:00 done case C-0407 round=2 result=true
2026-06-13T15:14:03.974009+00:00 done case C-0408 round=2 result=true
2026-06-13T15:14:04.085000+00:00 done case C-0409 round=2 result=true
2026-06-13T15:14:04.196134+00:00 done case C-0410 round=2 result=true
2026-06-13T15:14:04.308472+00:00 done case C-0411 round=2 result=true
2026-06-13T15:14:04.407113+00:00 done case C-0412 round=2 result=true
2026-06-13T15:14:04.518146+00:00 done case C-0413 round=2 result=true
2026-06-13T15:14:04.628988+00:00 done case C-0414 round=2 result=true
2026-06-13T15:14:04.740902+00:00 done case C-0415 round=2 result=true
2026-06-13T15:14:04.848056+00:00 done case C-0416 round=2 result=true
2026-06-13T15:14:05.840767+00:00 done case C-0417 round=2 result=true
2026-06-13T15:14:05.947549+00:00 done case C-0418 round=2 result=true
2026-06-13T15:14:06.074615+00:00 done case C-0419 round=2 result=true
2026-06-13T15:14:06.179290+00:00 done case C-0420 round=2 result=true
2026-06-13T15:14:06.295619+00:00 done case C-0421 round=2 result=true
2026-06-13T15:14:06.409186+00:00 done case C-0422 round=2 result=true
2026-06-13T15:14:06.517763+00:00 done case C-0423 round=2 result=true
2026-06-13T15:14:07.510473+00:00 done case C-0424 round=2 result=true
2026-06-13T15:14:07.628637+00:00 done case C-0425 round=2 result=true
2026-06-13T15:14:08.599013+00:00 done case C-0426 round=2 result=true
2026-06-13T15:14:09.595112+00:00 done case C-0427 round=2 result=true
2026-06-13T15:14:09.710763+00:00 done case C-0428 round=2 result=true
2026-06-13T15:14:10.706567+00:00 done case C-0429 round=2 result=true
2026-06-13T15:14:11.685157+00:00 done case C-0430 round=2 result=true
2026-06-13T15:14:11.805788+00:00 done case C-0431 round=2 result=true
2026-06-13T15:14:12.775303+00:00 done case C-0432 round=2 result=true
2026-06-13T15:14:13.773492+00:00 done case C-0433 round=2 result=true
2026-06-13T15:14:13.896064+00:00 done case C-0434 round=2 result=true
2026-06-13T15:14:14.882047+00:00 done case C-0435 round=2 result=true
2026-06-13T15:14:15.873980+00:00 done case C-0436 round=2 result=true
2026-06-13T15:14:16.859757+00:00 done case C-0437 round=2 result=true
2026-06-13T15:14:16.975447+00:00 done case C-0438 round=2 result=true
2026-06-13T15:14:17.759029+00:00 done case C-0439 round=2 result=true
2026-06-13T15:14:18.786484+00:00 done case C-0440 round=2 result=true
2026-06-13T15:14:19.780676+00:00 done case C-0441 round=2 result=true
2026-06-13T15:14:20.776402+00:00 done case C-0442 round=2 result=true
2026-06-13T15:14:22.625256+00:00 done case C-0443 round=2 result=true
2026-06-13T15:14:22.738227+00:00 done case C-0444 round=2 result=true
2026-06-13T15:14:24.613292+00:00 done case C-0445 round=2 result=true
2026-06-13T15:14:25.582207+00:00 done case C-0446 round=2 result=true
2026-06-13T15:14:27.445189+00:00 done case C-0447 round=2 result=true
2026-06-13T15:14:28.468886+00:00 done case C-0448 round=2 result=true
2026-06-13T15:14:30.356086+00:00 done case C-0449 round=2 result=true
2026-06-13T15:14:32.268556+00:00 done case C-0450 round=2 result=true
2026-06-13T15:14:34.155412+00:00 done case C-0451 round=2 result=true
2026-06-13T15:14:35.855451+00:00 done case C-0452 round=2 result=true
2026-06-13T15:14:35.961659+00:00 done case C-0453 round=2 result=true
2026-06-13T15:14:36.942504+00:00 done case C-0454 round=2 result=true
2026-06-13T15:14:37.934440+00:00 done case C-0455 round=2 result=true
2026-06-13T15:14:38.053900+00:00 done case C-0456 round=2 result=true
2026-06-13T15:14:39.043898+00:00 done case C-0457 round=2 result=true
2026-06-13T15:14:40.043413+00:00 done case C-0458 round=2 result=true
2026-06-13T15:14:40.154980+00:00 done case C-0459 round=2 result=true
2026-06-13T15:14:41.142452+00:00 done case C-0460 round=2 result=true
2026-06-13T15:14:42.110410+00:00 done case C-0461 round=2 result=true
2026-06-13T15:14:42.230137+00:00 done case C-0462 round=2 result=true
2026-06-13T15:14:43.222186+00:00 done case C-0463 round=2 result=true
2026-06-13T15:14:44.196372+00:00 done case C-0464 round=2 result=true
2026-06-13T15:14:44.309565+00:00 done case C-0465 round=2 result=true
2026-06-13T15:14:45.310656+00:00 done case C-0466 round=2 result=true
2026-06-13T15:14:46.298174+00:00 done case C-0467 round=2 result=true
2026-06-13T15:14:47.262463+00:00 done case C-0468 round=2 result=true
2026-06-13T15:14:47.375239+00:00 done case C-0469 round=2 result=true
2026-06-13T15:14:48.351240+00:00 done case C-0470 round=2 result=true
2026-06-13T15:14:49.341013+00:00 done case C-0471 round=2 result=true
2026-06-13T15:14:50.317295+00:00 done case C-0472 round=2 result=true
2026-06-13T15:14:50.430581+00:00 done case C-0473 round=2 result=true
2026-06-13T15:14:51.428140+00:00 done case C-0474 round=2 result=true
2026-06-13T15:14:52.419570+00:00 done case C-0475 round=2 result=true
2026-06-13T15:14:53.196228+00:00 done case C-0476 round=2 result=true
2026-06-13T15:14:54.240163+00:00 done case C-0477 round=2 result=true
2026-06-13T15:14:55.195732+00:00 done case C-0478 round=2 result=true
2026-06-13T15:14:55.328799+00:00 done case C-0479 round=2 result=true
2026-06-13T15:14:56.305926+00:00 done case C-0480 round=2 result=true
2026-06-13T15:14:56.429279+00:00 done case C-0481 round=2 result=true
2026-06-13T15:14:57.417296+00:00 done case C-0482 round=2 result=true
2026-06-13T15:14:58.378661+00:00 done case C-0483 round=2 result=true
2026-06-13T15:14:58.505728+00:00 done case C-0484 round=2 result=true
2026-06-13T15:14:59.163076+00:00 done case C-0485 round=2 result=true
2026-06-13T15:14:59.327279+00:00 done case C-0486 round=2 result=true
2026-06-13T15:14:59.438627+00:00 done case C-0487 round=2 result=true
2026-06-13T15:14:59.568066+00:00 done case C-0488 round=2 result=true
2026-06-13T15:14:59.695729+00:00 done case C-0489 round=2 result=true
2026-06-13T15:14:59.827450+00:00 done case C-0490 round=2 result=true
2026-06-13T15:14:59.938811+00:00 done case C-0491 round=2 result=true
2026-06-13T15:15:00.061468+00:00 done case C-0492 round=2 result=true
2026-06-13T15:15:00.182586+00:00 done case C-0493 round=2 result=true
2026-06-13T15:15:00.304904+00:00 done case C-0494 round=2 result=true
2026-06-13T15:15:00.415470+00:00 done case C-0495 round=2 result=true
2026-06-13T15:15:00.538854+00:00 done case C-0496 round=2 result=true
2026-06-13T15:15:00.658728+00:00 done case C-0497 round=2 result=true
2026-06-13T15:15:00.784582+00:00 done case C-0498 round=2 result=true
2026-06-13T15:15:00.920814+00:00 done case C-0499 round=2 result=true
2026-06-13T15:15:01.051345+00:00 done case C-0500 round=2 result=true
2026-06-13T15:15:01.194241+00:00 done case C-0501 round=2 result=true
2026-06-13T15:15:01.315761+00:00 done case C-0502 round=2 result=true
2026-06-13T15:15:01.438029+00:00 done case C-0503 round=2 result=true
2026-06-13T15:15:01.556803+00:00 done case C-0504 round=2 result=true
2026-06-13T15:15:01.682758+00:00 done case C-0505 round=2 result=true
2026-06-13T15:15:01.815694+00:00 done case C-0506 round=2 result=true
2026-06-13T15:15:01.926788+00:00 done case C-0507 round=2 result=true
2026-06-13T15:15:02.041948+00:00 done case C-0508 round=2 result=true
2026-06-13T15:15:02.161265+00:00 done case C-0509 round=2 result=true
2026-06-13T15:15:02.294320+00:00 done case C-0510 round=2 result=true
2026-06-13T15:15:02.404412+00:00 done case C-0511 round=2 result=true
2026-06-13T15:15:02.533967+00:00 done case C-0512 round=2 result=true
2026-06-13T15:15:02.660835+00:00 done case C-0513 round=2 result=true
2026-06-13T15:15:02.778147+00:00 done case C-0514 round=2 result=true
2026-06-13T15:15:02.904428+00:00 done case C-0515 round=2 result=true
2026-06-13T15:15:03.023006+00:00 done case C-0516 round=2 result=true
2026-06-13T15:15:03.149602+00:00 done case C-0517 round=2 result=true
2026-06-13T15:15:03.267035+00:00 done case C-0518 round=2 result=true
2026-06-13T15:15:03.382401+00:00 done case C-0519 round=2 result=true
2026-06-13T15:15:03.503984+00:00 done case C-0520 round=2 result=true
2026-06-13T15:15:03.617208+00:00 done case C-0521 round=2 result=true
2026-06-13T15:15:03.746342+00:00 done case C-0522 round=2 result=true
2026-06-13T15:15:03.870817+00:00 done case C-0523 round=2 result=true
2026-06-13T15:15:03.989292+00:00 done case C-0524 round=2 result=true
2026-06-13T15:15:04.116350+00:00 done case C-0525 round=2 result=true
2026-06-13T15:15:04.226654+00:00 done case C-0526 round=2 result=true
2026-06-13T15:15:04.342408+00:00 done case C-0527 round=2 result=true
2026-06-13T15:15:04.460773+00:00 done case C-0528 round=2 result=true
2026-06-13T15:15:04.582981+00:00 done case C-0529 round=2 result=true
2026-06-13T15:15:04.706398+00:00 done case C-0530 round=2 result=true
2026-06-13T15:15:04.829849+00:00 done case C-0531 round=2 result=true
2026-06-13T15:15:04.959561+00:00 done case C-0532 round=2 result=true
2026-06-13T15:15:05.082568+00:00 done case C-0533 round=2 result=true
2026-06-13T15:15:05.204180+00:00 done case C-0534 round=2 result=true
2026-06-13T15:15:05.322498+00:00 done case C-0535 round=2 result=true
2026-06-13T15:15:05.437522+00:00 done case C-0536 round=2 result=true
2026-06-13T15:15:05.555709+00:00 done case C-0537 round=2 result=true
2026-06-13T15:15:05.671047+00:00 done case C-0538 round=2 result=true
2026-06-13T15:15:05.793331+00:00 done case C-0539 round=2 result=true
2026-06-13T15:15:05.922585+00:00 done case C-0540 round=2 result=true
2026-06-13T15:15:06.037996+00:00 done case C-0541 round=2 result=true
2026-06-13T15:15:06.166081+00:00 done case C-0542 round=2 result=true
2026-06-13T15:15:06.281126+00:00 done case C-0543 round=2 result=true
2026-06-13T15:15:06.399260+00:00 done case C-0544 round=2 result=true
2026-06-13T15:15:06.515014+00:00 done case C-0545 round=2 result=true
2026-06-13T15:15:06.627755+00:00 done case C-0546 round=2 result=true
2026-06-13T15:15:06.747623+00:00 done case C-0547 round=2 result=true
2026-06-13T15:15:06.865959+00:00 done case C-0548 round=2 result=true
2026-06-13T15:15:06.969752+00:00 done case C-0549 round=2 result=true
2026-06-13T15:15:07.088241+00:00 done case C-0550 round=2 result=true
2026-06-13T15:15:07.192380+00:00 done case C-0551 round=2 result=true
2026-06-13T15:15:07.299392+00:00 done case C-0552 round=2 result=true
2026-06-13T15:15:07.410043+00:00 done case C-0553 round=2 result=true
2026-06-13T15:15:07.514354+00:00 done case C-0554 round=2 result=true
2026-06-13T15:15:07.618622+00:00 done case C-0555 round=2 result=true
2026-06-13T15:15:07.736320+00:00 done case C-0556 round=2 result=true
2026-06-13T15:15:07.857140+00:00 done case C-0557 round=2 result=true
2026-06-13T15:15:07.969602+00:00 done case C-0558 round=2 result=true
2026-06-13T15:15:08.087898+00:00 done case C-0559 round=2 result=true
2026-06-13T15:15:08.202880+00:00 done case C-0560 round=2 result=true
2026-06-13T15:15:08.309799+00:00 done case C-0561 round=2 result=true
2026-06-13T15:15:08.425451+00:00 done case C-0562 round=2 result=true
2026-06-13T15:15:08.543137+00:00 done case C-0563 round=2 result=underdetermined
2026-06-13T15:15:08.659146+00:00 done case C-0564 round=2 result=underdetermined
2026-06-13T15:15:08.759857+00:00 done case C-0565 round=2 result=underdetermined
2026-06-13T15:15:08.858569+00:00 done case C-0566 round=2 result=underdetermined
2026-06-13T15:15:08.963363+00:00 done case C-0567 round=2 result=true
2026-06-13T15:15:09.080472+00:00 done case C-0568 round=2 result=true
2026-06-13T15:15:09.194931+00:00 done case C-0569 round=2 result=true
2026-06-13T15:15:09.314208+00:00 done case C-0570 round=2 result=true
2026-06-13T15:15:09.428263+00:00 done case C-0571 round=2 result=true
2026-06-13T15:15:09.548347+00:00 done case C-0572 round=2 result=true
2026-06-13T15:15:09.661393+00:00 done case C-0573 round=2 result=true
2026-06-13T15:15:09.780650+00:00 done case C-0574 round=2 result=true
2026-06-13T15:15:09.895086+00:00 done case C-0575 round=2 result=true
2026-06-13T15:15:10.013825+00:00 done case C-0576 round=2 result=true
2026-06-13T15:15:10.170991+00:00 done case C-0577 round=2 result=true
2026-06-13T15:15:10.314199+00:00 done case C-0578 round=2 result=true
