2026-06-13T17:06:09.434056+00:00 worker start resume=True
2026-06-13T17:06:09.630092+00:00 done function A1 round=1 result=true
2026-06-13T17:06:09.717526+00:00 done function A2 round=1 result=true
2026-06-13T17:06:09.780604+00:00 done function A3 round=1 result=true
2026-06-13T17:06:09.835055+00:00 done function A4 round=1 result=true
2026-06-13T17:06:09.902079+00:00 done function A5 round=1 result=true
2026-06-13T17:06:09.963879+00:00 done function A6 round=1 result=true
2026-06-13T17:06:10.053305+00:00 done function A7 round=1 result=true
2026-06-13T17:06:10.120302+00:00 done function A8 round=1 result=true
2026-06-13T17:06:10.186865+00:00 done function A9 round=1 result=true
2026-06-13T17:06:10.257860+00:00 done function T1 round=1 result=true
2026-06-13T17:06:10.325702+00:00 done function T2 round=1 result=true
2026-06-13T17:06:10.402867+00:00 done function T3 round=1 result=true
2026-06-13T17:06:10.482051+00:00 done function T4 round=1 result=true
2026-06-13T17:06:10.574531+00:00 done function T5 round=1 result=true
2026-06-13T17:06:10.635372+00:00 done function T6 round=1 result=true
2026-06-13T17:06:10.702964+00:00 done function T7 round=1 result=true
2026-06-13T17:06:10.784309+00:00 done function T8 round=1 result=true
2026-06-13T17:06:10.857626+00:00 done function T9 round=1 result=true
2026-06-13T17:06:10.924723+00:00 done function T10 round=1 result=true
2026-06-13T17:06:10.995219+00:00 done function T11 round=1 result=true
2026-06-13T17:06:11.086245+00:00 done function T12 round=1 result=true
2026-06-13T17:06:11.147965+00:00 done function T13 round=1 result=true
2026-06-13T17:06:11.214954+00:00 done function T14 round=1 result=true
2026-06-13T17:06:11.311882+00:00 done function T15 round=1 result=true
2026-06-13T17:06:11.400668+00:00 done function T16 round=1 result=true
2026-06-13T17:06:11.478449+00:00 done function T17 round=1 result=true
2026-06-13T17:06:11.564409+00:00 done function T18 round=1 result=true
2026-06-13T17:06:11.645775+00:00 done function T19 round=1 result=true
2026-06-13T17:06:11.724306+00:00 done function T20 round=1 result=true
2026-06-13T17:06:11.812394+00:00 done function T21 round=1 result=true
2026-06-13T17:06:11.900239+00:00 done function T22 round=1 result=true
2026-06-13T17:06:11.979811+00:00 done function T23 round=1 result=true
2026-06-13T17:06:12.066747+00:00 done function T24 round=1 result=true
2026-06-13T17:06:12.145898+00:00 done function T25 round=1 result=true
2026-06-13T17:06:12.235728+00:00 done function T26 round=1 result=true
2026-06-13T17:06:12.323354+00:00 done function T27 round=1 result=true
2026-06-13T17:06:12.400221+00:00 done function T28 round=1 result=true
2026-06-13T17:06:12.478528+00:00 done function T29 round=1 result=true
2026-06-13T17:06:12.556036+00:00 done function T30 round=1 result=true
2026-06-13T17:06:12.634292+00:00 done function T31 round=1 result=true
2026-06-13T17:06:12.733736+00:00 done function T32 round=1 result=true
2026-06-13T17:06:12.811535+00:00 done function T33 round=1 result=true
2026-06-13T17:06:12.890111+00:00 done function T34 round=1 result=true
2026-06-13T17:06:12.978357+00:00 done function T35 round=1 result=true
2026-06-13T17:06:13.057653+00:00 done function T36 round=1 result=true
2026-06-13T17:06:13.144748+00:00 done function T37 round=1 result=true
2026-06-13T17:06:13.224125+00:00 done function T38 round=1 result=true
2026-06-13T17:06:13.311690+00:00 done function T39 round=1 result=true
2026-06-13T17:06:13.390537+00:00 done function D1 round=1 result=true
2026-06-13T17:06:13.467525+00:00 done function D2 round=1 result=true
2026-06-13T17:06:13.545015+00:00 done function D3 round=1 result=true
2026-06-13T17:06:13.623819+00:00 done function D4 round=1 result=true
2026-06-13T17:06:13.700532+00:00 done function D5 round=1 result=true
2026-06-13T17:06:13.778100+00:00 done function D6 round=1 result=true
2026-06-13T17:06:13.856954+00:00 done function D7 round=1 result=true
2026-06-13T17:06:13.933557+00:00 done function D8 round=1 result=true
2026-06-13T17:06:14.000406+00:00 done function D9 round=1 result=true
2026-06-13T17:06:14.078766+00:00 done function D10 round=1 result=true
2026-06-13T17:06:14.156843+00:00 done function D11 round=1 result=true
2026-06-13T17:06:14.223825+00:00 done function D12 round=1 result=true
2026-06-13T17:06:14.311820+00:00 done function D13 round=1 result=true
2026-06-13T17:06:14.390605+00:00 done function D14 round=1 result=true
2026-06-13T17:06:14.469822+00:00 done function D15 round=1 result=true
2026-06-13T17:06:14.546131+00:00 done function D16 round=1 result=true
2026-06-13T17:06:14.623602+00:00 done function D17 round=1 result=true
2026-06-13T17:06:14.713852+00:00 done function D18 round=1 result=true
2026-06-13T17:06:14.800423+00:00 done function D19 round=1 result=true
2026-06-13T17:06:14.878962+00:00 done function D20 round=1 result=true
2026-06-13T17:06:14.966918+00:00 done function D21 round=1 result=true
2026-06-13T17:06:15.045791+00:00 done function D22 round=1 result=true
2026-06-13T17:06:15.123642+00:00 done function D23 round=1 result=true
2026-06-13T17:06:15.200843+00:00 done function D24 round=1 result=true
2026-06-13T17:06:15.278859+00:00 done function D25 round=1 result=true
2026-06-13T17:06:15.356066+00:00 done function D26 round=1 result=true
2026-06-13T17:06:15.434341+00:00 done function D27 round=1 result=true
2026-06-13T17:06:15.512242+00:00 done function D28 round=1 result=true
2026-06-13T17:06:15.590277+00:00 done function D29 round=1 result=true
2026-06-13T17:06:15.656963+00:00 done function D30 round=1 result=true
2026-06-13T17:06:15.734655+00:00 done function D31 round=1 result=true
2026-06-13T17:06:15.822879+00:00 done function D32 round=1 result=true
2026-06-13T17:06:15.901692+00:00 done function D33 round=1 result=true
2026-06-13T17:06:15.978744+00:00 done function D34 round=1 result=true
2026-06-13T17:06:16.057121+00:00 done function D35 round=1 result=true
2026-06-13T17:06:16.124078+00:00 done function D36 round=1 result=true
2026-06-13T17:06:16.201724+00:00 done function D37 round=1 result=true
2026-06-13T17:06:16.279475+00:00 done function D38 round=1 result=true
2026-06-13T17:06:16.370118+00:00 done function D39 round=1 result=true
2026-06-13T17:06:16.445738+00:00 done function D40 round=1 result=true
2026-06-13T17:06:16.513388+00:00 done function D41 round=1 result=true
2026-06-13T17:06:16.590849+00:00 done function D42 round=1 result=true
2026-06-13T17:06:16.668854+00:00 done function D43 round=1 result=true
2026-06-13T17:06:16.746525+00:00 done function D44 round=1 result=true
2026-06-13T17:06:16.823740+00:00 done function D45 round=1 result=true
2026-06-13T17:06:16.913150+00:00 done function D46 round=1 result=true
2026-06-13T17:06:16.979249+00:00 done function D47 round=1 result=true
2026-06-13T17:06:17.046853+00:00 done function D48 round=1 result=true
2026-06-13T17:06:17.123668+00:00 done function D49 round=1 result=true
2026-06-13T17:06:17.201547+00:00 done function D50 round=1 result=true
2026-06-13T17:06:17.280501+00:00 done function D51 round=1 result=true
2026-06-13T17:06:17.367826+00:00 done function D52 round=1 result=true
2026-06-13T17:06:17.447265+00:00 done function D53 round=1 result=true
2026-06-13T17:06:17.523734+00:00 done function D54 round=1 result=true
2026-06-13T17:06:17.602183+00:00 done function D55 round=1 result=true
2026-06-13T17:06:17.681894+00:00 done function D56 round=1 result=true
2026-06-13T17:06:17.758080+00:00 done function D57 round=1 result=true
2026-06-13T17:06:17.834672+00:00 done function D58 round=1 result=true
2026-06-13T17:06:17.912481+00:00 done function D59 round=1 result=true
2026-06-13T17:06:17.979498+00:00 done function D60 round=1 result=true
2026-06-13T17:06:18.068407+00:00 done function D61 round=1 result=true
2026-06-13T17:06:18.146820+00:00 done function D62 round=1 result=true
2026-06-13T17:06:18.224266+00:00 done function D63 round=1 result=true
2026-06-13T17:06:18.302126+00:00 done function D64 round=1 result=true
2026-06-13T17:06:18.379526+00:00 done function D65 round=1 result=true
2026-06-13T17:06:18.469324+00:00 done function D66 round=1 result=true
2026-06-13T17:06:18.548358+00:00 done function D67 round=1 result=true
2026-06-13T17:06:18.635140+00:00 done function D72 round=1 result=true
2026-06-13T17:06:18.713601+00:00 done function D73 round=1 result=true
2026-06-13T17:06:18.791552+00:00 done function D74 round=1 result=true
2026-06-13T17:06:18.868502+00:00 done function D75 round=1 result=true
2026-06-13T17:06:18.958177+00:00 done function D76 round=1 result=true
2026-06-13T17:06:19.046436+00:00 done function D77 round=1 result=true
2026-06-13T17:06:19.124389+00:00 done function D84 round=1 result=true
2026-06-13T17:06:19.201941+00:00 done function D85 round=1 result=true
2026-06-13T17:06:19.279694+00:00 done function D86 round=1 result=true
2026-06-13T17:06:19.357466+00:00 done function D87 round=1 result=true
2026-06-13T17:06:19.435052+00:00 done function D88 round=1 result=true
2026-06-13T17:06:19.524873+00:00 done function D89 round=1 result=true
2026-06-13T17:06:19.601702+00:00 done function D90 round=1 result=true
2026-06-13T17:06:19.679986+00:00 done function D91 round=1 result=true
2026-06-13T17:06:19.757566+00:00 done function D92 round=1 result=true
2026-06-13T17:06:19.835575+00:00 done function D93 round=1 result=true
2026-06-13T17:06:19.913269+00:00 done function D94 round=1 result=true
2026-06-13T17:06:20.002672+00:00 done function D95 round=1 result=true
2026-06-13T17:06:20.080896+00:00 done function D96 round=1 result=true
2026-06-13T17:06:20.157953+00:00 done function D97 round=1 result=true
2026-06-13T17:06:20.235360+00:00 done function D98 round=1 result=true
2026-06-13T17:06:20.313415+00:00 done function D99 round=1 result=true
2026-06-13T17:06:20.390835+00:00 done function D100 round=1 result=true
2026-06-13T17:06:20.480219+00:00 done function D101 round=1 result=true
2026-06-13T17:06:20.558069+00:00 done function D102 round=1 result=true
2026-06-13T17:06:20.636536+00:00 done function D103 round=1 result=true
2026-06-13T17:06:20.711969+00:00 done function D104 round=1 result=true
2026-06-13T17:06:20.791392+00:00 done function D105 round=1 result=true
2026-06-13T17:06:20.869189+00:00 done function D106 round=1 result=true
2026-06-13T17:06:20.946399+00:00 done function D107 round=1 result=true
2026-06-13T17:06:21.036123+00:00 done function D108 round=1 result=true
2026-06-13T17:06:21.112384+00:00 done function D109 round=1 result=true
2026-06-13T17:06:21.189838+00:00 done function D110 round=1 result=true
2026-06-13T17:06:21.269781+00:00 done function D111 round=1 result=true
2026-06-13T17:06:21.345355+00:00 done function D112 round=1 result=true
2026-06-13T17:06:21.424519+00:00 done function D113 round=1 result=true
2026-06-13T17:06:21.512205+00:00 done function D114 round=1 result=true
2026-06-13T17:06:21.591622+00:00 done function D115 round=1 result=true
2026-06-13T17:06:21.669756+00:00 done function D116 round=1 result=true
2026-06-13T17:06:21.746782+00:00 done function D117 round=1 result=true
2026-06-13T17:06:21.823445+00:00 done function D118 round=1 result=true
2026-06-13T17:06:21.916056+00:00 done function D119 round=1 result=true
2026-06-13T17:06:21.992016+00:00 done function D120 round=1 result=true
2026-06-13T17:06:22.069575+00:00 done function D121 round=1 result=true
2026-06-13T17:06:22.159665+00:00 done function D122 round=1 result=true
2026-06-13T17:06:22.237280+00:00 done function D123 round=1 result=true
2026-06-13T17:06:22.314653+00:00 done function D124 round=1 result=true
2026-06-13T17:06:22.391986+00:00 done function D125 round=1 result=true
2026-06-13T17:06:22.469689+00:00 done function D126 round=1 result=true
2026-06-13T17:06:22.545505+00:00 done function D127 round=1 result=true
2026-06-13T17:06:22.625426+00:00 done function D128 round=1 result=true
2026-06-13T17:06:22.703474+00:00 done function D129 round=1 result=true
2026-06-13T17:06:22.780620+00:00 done function D130 round=1 result=true
2026-06-13T17:06:22.859822+00:00 done function D131 round=1 result=true
2026-06-13T17:06:22.936484+00:00 done function D132 round=1 result=true
2026-06-13T17:06:23.013544+00:00 done function D133 round=1 result=true
2026-06-13T17:06:23.092768+00:00 done function D134 round=1 result=true
2026-06-13T17:06:23.169925+00:00 done function D135 round=1 result=true
2026-06-13T17:06:23.248342+00:00 done function D136 round=1 result=true
2026-06-13T17:06:23.325609+00:00 done function D137 round=1 result=true
2026-06-13T17:06:23.415215+00:00 done function D138 round=1 result=true
2026-06-13T17:06:23.492239+00:00 done function D139 round=1 result=true
2026-06-13T17:06:23.570766+00:00 done function D140 round=1 result=true
2026-06-13T17:06:23.647579+00:00 done function D141 round=1 result=true
2026-06-13T17:06:23.725320+00:00 done function D142 round=1 result=true
2026-06-13T17:06:23.800809+00:00 done function D143 round=1 result=true
2026-06-13T17:06:23.890503+00:00 done function D144 round=1 result=true
2026-06-13T17:06:23.980730+00:00 done function D145 round=1 result=true
2026-06-13T17:06:24.058311+00:00 done function D146 round=1 result=true
2026-06-13T17:06:24.157368+00:00 done function D147 round=1 result=true
2026-06-13T17:06:24.236992+00:00 done function D148 round=1 result=true
2026-06-13T17:06:24.314063+00:00 done function D149 round=1 result=true
2026-06-13T17:06:24.392712+00:00 done function D150 round=1 result=true
2026-06-13T17:06:24.470026+00:00 done function D151 round=1 result=true
2026-06-13T17:06:24.548339+00:00 done function D152 round=1 result=true
2026-06-13T17:06:24.630369+00:00 done function D153 round=1 result=true
2026-06-13T17:06:24.725297+00:00 done function D154 round=1 result=true
2026-06-13T17:06:24.804184+00:00 done function D155 round=1 result=true
2026-06-13T17:06:24.881450+00:00 done function D156 round=1 result=true
2026-06-13T17:06:24.952612+00:00 done function D157 round=1 result=true
2026-06-13T17:06:25.038575+00:00 done function D158 round=1 result=true
2026-06-13T17:06:25.123714+00:00 done function D159 round=1 result=true
2026-06-13T17:06:25.206264+00:00 done function D160 round=1 result=true
2026-06-13T17:06:25.286439+00:00 done function D161 round=1 result=true
2026-06-13T17:06:25.361065+00:00 done function D162 round=1 result=true
2026-06-13T17:06:25.448760+00:00 done function D163 round=1 result=true
2026-06-13T17:06:25.532989+00:00 done function D164 round=1 result=true
2026-06-13T17:06:25.609473+00:00 done function D165 round=1 result=true
2026-06-13T17:06:25.680253+00:00 done function D166 round=1 result=true
2026-06-13T17:06:25.758262+00:00 done function D167 round=1 result=true
2026-06-13T17:06:25.840799+00:00 done function D168 round=1 result=true
2026-06-13T17:06:25.927174+00:00 done function D169 round=1 result=true
2026-06-13T17:06:26.011694+00:00 done function D170 round=1 result=true
2026-06-13T17:06:26.094929+00:00 done function D171 round=1 result=true
2026-06-13T17:06:26.177100+00:00 done function D172 round=1 result=true
2026-06-13T17:06:26.260701+00:00 done function D173 round=1 result=true
2026-06-13T17:06:26.335929+00:00 done function D174 round=1 result=true
2026-06-13T17:06:26.416623+00:00 done function D175 round=1 result=true
2026-06-13T17:06:26.496488+00:00 done function D176 round=1 result=true
2026-06-13T17:06:26.578970+00:00 done function D177 round=1 result=true
2026-06-13T17:06:26.661993+00:00 done function D178 round=1 result=true
2026-06-13T17:06:26.740000+00:00 done function D179 round=1 result=true
2026-06-13T17:06:26.815396+00:00 done function D180 round=1 result=true
2026-06-13T17:06:26.894449+00:00 done function D181 round=1 result=true
2026-06-13T17:06:26.979032+00:00 done function D182 round=1 result=true
2026-06-13T17:06:27.062568+00:00 done function D183 round=1 result=true
2026-06-13T17:06:27.140069+00:00 done function D184 round=1 result=true
2026-06-13T17:06:27.218797+00:00 done function D185 round=1 result=true
2026-06-13T17:06:27.295440+00:00 done function D186 round=1 result=true
2026-06-13T17:06:27.370673+00:00 done function D187 round=1 result=true
2026-06-13T17:06:27.451294+00:00 done function D188 round=1 result=true
2026-06-13T17:06:27.530877+00:00 done function D189 round=1 result=true
2026-06-13T17:06:27.602202+00:00 done function D190 round=1 result=true
2026-06-13T17:06:27.689685+00:00 done function D191 round=1 result=true
2026-06-13T17:06:27.779338+00:00 done function D192 round=1 result=true
2026-06-13T17:06:27.860247+00:00 done function D193 round=1 result=true
2026-06-13T17:06:27.936915+00:00 done function D194 round=1 result=true
2026-06-13T17:06:28.028144+00:00 done function D195 round=1 result=true
2026-06-13T17:06:28.103261+00:00 done function D196 round=1 result=true
2026-06-13T17:06:28.185997+00:00 done function D197 round=1 result=true
2026-06-13T17:06:28.265388+00:00 done function D198 round=1 result=true
2026-06-13T17:06:28.342196+00:00 done function D199 round=1 result=true
2026-06-13T17:06:28.419997+00:00 done function D200 round=1 result=true
2026-06-13T17:06:28.501204+00:00 done function D201 round=1 result=true
2026-06-13T17:06:28.580456+00:00 done function D202 round=1 result=true
2026-06-13T17:06:28.659949+00:00 done function D203 round=1 result=true
2026-06-13T17:06:28.739850+00:00 done function D204 round=1 result=true
2026-06-13T17:06:28.816434+00:00 done function D205 round=1 result=true
2026-06-13T17:06:28.902538+00:00 done function D206 round=1 result=true
2026-06-13T17:06:28.987348+00:00 done function D207 round=1 result=true
2026-06-13T17:06:29.068885+00:00 done function D208 round=1 result=true
2026-06-13T17:06:29.147329+00:00 done function D209 round=1 result=true
2026-06-13T17:06:29.224400+00:00 done function D210 round=1 result=true
2026-06-13T17:06:29.304068+00:00 done function D211 round=1 result=true
2026-06-13T17:06:29.385923+00:00 done function D212 round=1 result=true
2026-06-13T17:06:29.462219+00:00 done function D213 round=1 result=true
2026-06-13T17:06:29.540696+00:00 done function D214 round=1 result=true
2026-06-13T17:06:29.622720+00:00 done function D215 round=1 result=true
2026-06-13T17:06:29.705253+00:00 done function D216 round=1 result=true
2026-06-13T17:06:29.783110+00:00 done function D217 round=1 result=true
2026-06-13T17:06:29.866182+00:00 done function D218 round=1 result=true
2026-06-13T17:06:29.946248+00:00 done function D219 round=1 result=true
2026-06-13T17:06:30.028394+00:00 done function D220 round=1 result=true
2026-06-13T17:06:30.116960+00:00 done function D221 round=1 result=true
2026-06-13T17:06:30.200702+00:00 done function D222 round=1 result=true
2026-06-13T17:06:30.270422+00:00 done function D223 round=1 result=true
2026-06-13T17:06:30.351277+00:00 done function D224 round=1 result=true
2026-06-13T17:06:30.425093+00:00 done function D225 round=1 result=true
2026-06-13T17:06:30.504696+00:00 done function D226 round=1 result=true
2026-06-13T17:06:30.586883+00:00 done function D227 round=1 result=true
2026-06-13T17:06:30.661050+00:00 done function D228 round=1 result=true
2026-06-13T17:06:30.749343+00:00 done function D229 round=1 result=true
2026-06-13T17:06:30.828757+00:00 done function D230 round=1 result=true
2026-06-13T17:06:30.911656+00:00 done function D231 round=1 result=true
2026-06-13T17:06:30.986285+00:00 done function D232 round=1 result=true
2026-06-13T17:06:31.061507+00:00 done function D233 round=1 result=true
2026-06-13T17:06:31.148507+00:00 done function D234 round=1 result=true
2026-06-13T17:06:31.236156+00:00 done function D235 round=1 result=true
2026-06-13T17:06:31.323717+00:00 done function D236 round=1 result=true
2026-06-13T17:06:31.402339+00:00 done function D237 round=1 result=true
2026-06-13T17:06:31.483524+00:00 done function D238 round=1 result=true
2026-06-13T17:06:31.572057+00:00 done function D239 round=1 result=true
2026-06-13T17:06:31.658010+00:00 done function D240 round=1 result=true
2026-06-13T17:06:31.732226+00:00 done function D241 round=1 result=true
2026-06-13T17:06:31.805793+00:00 done function D242 round=1 result=true
2026-06-13T17:06:31.896370+00:00 done function D243 round=1 result=true
2026-06-13T17:06:31.975585+00:00 done function D244 round=1 result=true
2026-06-13T17:06:32.049581+00:00 done function D245 round=1 result=true
2026-06-13T17:06:32.132984+00:00 done function D246 round=1 result=true
2026-06-13T17:06:32.212762+00:00 done function D247 round=1 result=true
2026-06-13T17:06:32.281680+00:00 done function D248 round=1 result=true
2026-06-13T17:06:32.380373+00:00 done function D249 round=1 result=true
2026-06-13T17:06:32.457586+00:00 done function D250 round=1 result=true
2026-06-13T17:06:32.528193+00:00 done function D251 round=1 result=true
2026-06-13T17:06:32.612321+00:00 done function D252 round=1 result=true
2026-06-13T17:06:32.689178+00:00 done function D253 round=1 result=true
2026-06-13T17:06:32.767035+00:00 done function D254 round=1 result=true
2026-06-13T17:06:32.839262+00:00 done function D255 round=1 result=true
2026-06-13T17:06:32.926221+00:00 done function D256 round=1 result=true
2026-06-13T17:06:33.007802+00:00 done function D257 round=1 result=true
2026-06-13T17:06:33.084630+00:00 done function D258 round=1 result=true
2026-06-13T17:06:33.173980+00:00 done function D259 round=1 result=true
2026-06-13T17:06:33.266119+00:00 done function D260 round=1 result=true
2026-06-13T17:06:33.343968+00:00 done function D261 round=1 result=true
2026-06-13T17:06:33.433280+00:00 done function D262 round=1 result=true
2026-06-13T17:06:33.533283+00:00 done function D263 round=1 result=true
2026-06-13T17:06:33.622822+00:00 done function D264 round=1 result=true
2026-06-13T17:06:33.711096+00:00 done function D265 round=1 result=true
2026-06-13T17:06:33.800957+00:00 done function D266 round=1 result=true
2026-06-13T17:06:33.877037+00:00 done function D267 round=1 result=true
2026-06-13T17:06:33.966934+00:00 done function D268 round=1 result=true
2026-06-13T17:06:34.066903+00:00 done function D269 round=1 result=true
2026-06-13T17:06:34.155475+00:00 done function D270 round=1 result=true
2026-06-13T17:06:34.244569+00:00 done function D271 round=1 result=true
2026-06-13T17:06:34.345093+00:00 done function D272 round=1 result=true
2026-06-13T17:06:34.433675+00:00 done function D273 round=1 result=true
2026-06-13T17:06:34.521947+00:00 done function D274 round=1 result=true
2026-06-13T17:06:34.599835+00:00 done function D275 round=1 result=true
2026-06-13T17:06:34.708465+00:00 done function D276 round=1 result=true
2026-06-13T17:06:34.800412+00:00 done function D277 round=1 result=true
2026-06-13T17:06:34.889077+00:00 done function D278 round=1 result=true
2026-06-13T17:06:34.977612+00:00 done function D279 round=1 result=true
2026-06-13T17:06:35.055959+00:00 done function D280 round=1 result=true
2026-06-13T17:06:35.144306+00:00 done function D281 round=1 result=true
2026-06-13T17:06:35.233551+00:00 done function D282 round=1 result=true
2026-06-13T17:06:35.325588+00:00 done function D283 round=1 result=true
2026-06-13T17:06:35.399769+00:00 done function D284 round=1 result=true
2026-06-13T17:06:35.478757+00:00 done function D285 round=1 result=true
2026-06-13T17:06:35.555250+00:00 done function D286 round=1 result=true
2026-06-13T17:06:35.627713+00:00 done function D287 round=1 result=true
2026-06-13T17:06:35.717644+00:00 done function D288 round=1 result=true
2026-06-13T17:06:35.800382+00:00 done function D289 round=1 result=true
2026-06-13T17:06:35.894417+00:00 done function D290 round=1 result=true
2026-06-13T17:06:35.984336+00:00 done function D291 round=1 result=true
2026-06-13T17:06:36.067498+00:00 done function D292 round=1 result=true
2026-06-13T17:06:36.150106+00:00 done function D293 round=1 result=true
2026-06-13T17:06:36.244928+00:00 done function D294 round=1 result=true
2026-06-13T17:06:36.330494+00:00 done function D295 round=1 result=true
2026-06-13T17:06:36.423279+00:00 done function D296 round=1 result=true
2026-06-13T17:06:36.500198+00:00 done function D297 round=1 result=true
2026-06-13T17:06:36.585705+00:00 done function D298 round=1 result=true
2026-06-13T17:06:36.678813+00:00 done function D299 round=1 result=true
2026-06-13T17:06:36.763521+00:00 done function D300 round=1 result=true
2026-06-13T17:06:36.845470+00:00 done function D301 round=1 result=true
2026-06-13T17:06:36.934013+00:00 done function D302 round=1 result=true
2026-06-13T17:06:37.016749+00:00 done function D303 round=1 result=true
2026-06-13T17:06:37.105301+00:00 done function D304 round=1 result=true
2026-06-13T17:06:37.191823+00:00 done function D305 round=1 result=true
2026-06-13T17:06:37.276922+00:00 done function D306 round=1 result=true
2026-06-13T17:06:37.360509+00:00 done function D307 round=1 result=true
2026-06-13T17:06:37.459660+00:00 done function D308 round=1 result=true
2026-06-13T17:06:37.551716+00:00 done function D309 round=1 result=true
2026-06-13T17:06:37.640801+00:00 done function D310 round=1 result=true
2026-06-13T17:06:37.723470+00:00 done function D311 round=1 result=true
2026-06-13T17:06:37.801574+00:00 done function D312 round=1 result=true
2026-06-13T17:06:37.885101+00:00 done function D313 round=1 result=true
2026-06-13T17:06:37.978093+00:00 done function D314 round=1 result=true
2026-06-13T17:06:38.050802+00:00 done function D315 round=1 result=true
2026-06-13T17:06:38.143575+00:00 done function D316 round=1 result=true
2026-06-13T17:06:38.240718+00:00 done function D317 round=1 result=true
2026-06-13T17:06:38.343351+00:00 done function D318 round=1 result=true
2026-06-13T17:06:38.438653+00:00 done function D319 round=1 result=true
2026-06-13T17:06:38.534389+00:00 done function D320 round=1 result=true
2026-06-13T17:06:38.623045+00:00 done function D321 round=1 result=true
2026-06-13T17:06:38.712600+00:00 done function D322 round=1 result=true
2026-06-13T17:06:38.795666+00:00 done function D323 round=1 result=true
2026-06-13T17:06:38.896082+00:00 done function D324 round=1 result=true
2026-06-13T17:06:38.990088+00:00 done function D325 round=1 result=true
2026-06-13T17:06:39.077908+00:00 done function D326 round=1 result=true
2026-06-13T17:06:39.173840+00:00 done function D327 round=1 result=true
2026-06-13T17:06:39.268332+00:00 done function D328 round=1 result=true
2026-06-13T17:06:39.361289+00:00 done function D329 round=1 result=true
2026-06-13T17:06:39.455559+00:00 done function D330 round=1 result=true
2026-06-13T17:06:39.549124+00:00 done function D331 round=1 result=true
2026-06-13T17:06:39.633990+00:00 done function D332 round=1 result=true
2026-06-13T17:06:39.724475+00:00 done function D333 round=1 result=true
2026-06-13T17:06:39.814993+00:00 done function D334 round=1 result=true
2026-06-13T17:06:39.900810+00:00 done function D335 round=1 result=true
2026-06-13T17:06:39.990573+00:00 done function D336 round=1 result=true
2026-06-13T17:06:40.074249+00:00 done function D337 round=1 result=true
2026-06-13T17:06:40.167120+00:00 done function D338 round=1 result=true
2026-06-13T17:06:40.258710+00:00 done function D339 round=1 result=true
2026-06-13T17:06:40.349311+00:00 done function D340 round=1 result=true
2026-06-13T17:06:40.435172+00:00 done function D341 round=1 result=true
2026-06-13T17:06:40.523190+00:00 done function D342 round=1 result=true
2026-06-13T17:06:40.597206+00:00 done function D343 round=1 result=true
2026-06-13T17:06:40.690163+00:00 done function D344 round=1 result=true
2026-06-13T17:06:40.778514+00:00 done function D345 round=1 result=true
2026-06-13T17:06:40.867324+00:00 done function D346 round=1 result=true
2026-06-13T17:06:40.958012+00:00 done function D347 round=1 result=true
2026-06-13T17:06:41.044853+00:00 done function D348 round=1 result=true
2026-06-13T17:06:41.136527+00:00 done function D349 round=1 result=true
2026-06-13T17:06:41.219253+00:00 done function D350 round=1 result=true
2026-06-13T17:06:41.317756+00:00 done function D351 round=1 result=true
2026-06-13T17:06:41.410664+00:00 done function D352 round=1 result=true
2026-06-13T17:06:41.500998+00:00 done function D353 round=1 result=true
2026-06-13T17:06:41.592120+00:00 done function D354 round=1 result=true
2026-06-13T17:06:41.679454+00:00 done function D355 round=1 result=true
2026-06-13T17:06:41.768008+00:00 done function D356 round=1 result=true
2026-06-13T17:06:41.868493+00:00 done function D357 round=1 result=true
2026-06-13T17:06:41.960145+00:00 done function D358 round=1 result=true
2026-06-13T17:06:42.057459+00:00 done function D359 round=1 result=true
2026-06-13T17:06:42.136947+00:00 done function D360 round=1 result=true
2026-06-13T17:06:42.222086+00:00 done function D361 round=1 result=true
2026-06-13T17:06:42.313515+00:00 done function D362 round=1 result=true
2026-06-13T17:06:42.426000+00:00 done function D363 round=1 result=true
2026-06-13T17:06:42.525039+00:00 done function D364 round=1 result=true
2026-06-13T17:06:42.617076+00:00 done function D365 round=1 result=true
2026-06-13T17:06:42.713441+00:00 done function D366 round=1 result=true
2026-06-13T17:06:42.805312+00:00 done function D367 round=1 result=true
2026-06-13T17:06:42.904440+00:00 done function D368 round=1 result=true
2026-06-13T17:06:42.988029+00:00 done function D369 round=1 result=true
2026-06-13T17:06:43.098877+00:00 done function D370 round=1 result=true
2026-06-13T17:06:43.185412+00:00 done function D371 round=1 result=true
2026-06-13T17:06:43.282833+00:00 done function D372 round=1 result=true
2026-06-13T17:06:43.372245+00:00 done function D373 round=1 result=true
2026-06-13T17:06:43.465197+00:00 done function D374 round=1 result=true
2026-06-13T17:06:43.556930+00:00 done function D375 round=1 result=true
2026-06-13T17:06:43.649916+00:00 done function D376 round=1 result=true
2026-06-13T17:06:43.765051+00:00 done function D377 round=1 result=true
2026-06-13T17:06:43.863997+00:00 done function D378 round=1 result=true
2026-06-13T17:06:43.976543+00:00 done function D379 round=1 result=true
2026-06-13T17:06:44.078118+00:00 done function D380 round=1 result=true
2026-06-13T17:06:44.178543+00:00 done function D381 round=1 result=true
2026-06-13T17:06:44.282568+00:00 done function D382 round=1 result=true
2026-06-13T17:06:44.378405+00:00 done function D383 round=1 result=true
2026-06-13T17:06:44.484244+00:00 done function D384 round=1 result=true
2026-06-13T17:06:44.581008+00:00 done function D385 round=1 result=true
2026-06-13T17:06:44.677743+00:00 done function D386 round=1 result=true
2026-06-13T17:06:44.778155+00:00 done function D387 round=1 result=true
2026-06-13T17:06:44.881081+00:00 done function D388 round=1 result=true
2026-06-13T17:06:44.977648+00:00 done function D389 round=1 result=true
2026-06-13T17:06:45.081362+00:00 done function D390 round=1 result=true
2026-06-13T17:06:45.189204+00:00 done function D391 round=1 result=true
2026-06-13T17:06:45.289803+00:00 done function D392 round=1 result=true
2026-06-13T17:06:45.389393+00:00 done function D393 round=1 result=true
2026-06-13T17:06:45.491460+00:00 done function D394 round=1 result=true
2026-06-13T17:06:45.594998+00:00 done function D395 round=1 result=true
2026-06-13T17:06:45.691057+00:00 done function D396 round=1 result=true
2026-06-13T17:06:45.789336+00:00 done function D397 round=1 result=true
2026-06-13T17:06:45.895457+00:00 done function D398 round=1 result=true
2026-06-13T17:06:46.003724+00:00 done function D399 round=1 result=true
2026-06-13T17:06:46.088767+00:00 done function D400 round=1 result=true
2026-06-13T17:06:46.180747+00:00 done function D401 round=1 result=true
2026-06-13T17:06:46.271593+00:00 done function D402 round=1 result=true
2026-06-13T17:06:46.354440+00:00 done function D403 round=1 result=true
2026-06-13T17:06:46.445509+00:00 done function D404 round=1 result=true
2026-06-13T17:06:46.540876+00:00 done function D405 round=1 result=true
2026-06-13T17:06:46.631567+00:00 done function D406 round=1 result=true
2026-06-13T17:06:46.721965+00:00 done function D407 round=1 result=true
2026-06-13T17:06:46.809458+00:00 done function D408 round=1 result=true
2026-06-13T17:06:46.904565+00:00 done function D409 round=1 result=true
2026-06-13T17:06:46.995861+00:00 done function D410 round=1 result=true
2026-06-13T17:06:47.081511+00:00 done function D411 round=1 result=true
2026-06-13T17:06:47.171273+00:00 done function D412 round=1 result=true
2026-06-13T17:06:47.254837+00:00 done function D413 round=1 result=true
2026-06-13T17:06:47.352535+00:00 done function D414 round=1 result=true
2026-06-13T17:06:47.437846+00:00 done function D415 round=1 result=true
2026-06-13T17:06:47.524709+00:00 done function D416 round=1 result=true
2026-06-13T17:06:47.619393+00:00 done function D417 round=1 result=true
2026-06-13T17:06:47.719289+00:00 done function D418 round=1 result=true
2026-06-13T17:06:47.823495+00:00 done function D419 round=1 result=true
2026-06-13T17:06:47.917986+00:00 done function D420 round=1 result=true
2026-06-13T17:06:48.004709+00:00 done function D421 round=1 result=true
2026-06-13T17:06:48.095788+00:00 done function D422 round=1 result=true
2026-06-13T17:06:48.182617+00:00 done function D423 round=1 result=true
2026-06-13T17:06:48.267015+00:00 done function D424 round=1 result=true
2026-06-13T17:06:48.361182+00:00 done function D463 round=1 result=true
2026-06-13T17:06:48.449953+00:00 done function D464 round=1 result=true
2026-06-13T17:06:48.532723+00:00 done function D465 round=1 result=true
2026-06-13T17:06:48.628015+00:00 done function D466 round=1 result=true
2026-06-13T17:06:48.717035+00:00 done function D467 round=1 result=true
2026-06-13T17:06:48.798260+00:00 done function D468 round=1 result=true
2026-06-13T17:06:48.897607+00:00 done function D469 round=1 result=true
2026-06-13T17:06:49.002828+00:00 done function D470 round=1 result=true
2026-06-13T17:06:49.089171+00:00 done case C-0001 round=1 result=true
2026-06-13T17:06:49.179499+00:00 done case C-0002 round=1 result=true
2026-06-13T17:06:50.143965+00:00 done case C-0003 round=1 result=true
2026-06-13T17:06:50.229316+00:00 done case C-0004 round=1 result=true
2026-06-13T17:06:50.325027+00:00 done case C-0005 round=1 result=true
2026-06-13T17:06:50.413903+00:00 done case C-0006 round=1 result=true
2026-06-13T17:06:50.498939+00:00 done case C-0007 round=1 result=true
2026-06-13T17:06:50.580841+00:00 done case C-0008 round=1 result=true
2026-06-13T17:06:50.672503+00:00 done case C-0009 round=1 result=true
2026-06-13T17:06:50.754592+00:00 done case C-0010 round=1 result=true
2026-06-13T17:06:50.832349+00:00 done case C-0011 round=1 result=true
2026-06-13T17:06:50.911114+00:00 done case C-0012 round=1 result=true
2026-06-13T17:06:51.005654+00:00 done case C-0013 round=1 result=true
2026-06-13T17:06:51.943908+00:00 done case C-0014 round=1 result=true
2026-06-13T17:06:52.024699+00:00 done case C-0015 round=1 result=true
2026-06-13T17:06:52.111891+00:00 done case C-0016 round=1 result=true
2026-06-13T17:06:52.202235+00:00 done case C-0017 round=1 result=true
2026-06-13T17:06:52.289312+00:00 done case C-0018 round=1 result=true
2026-06-13T17:06:52.383551+00:00 done case C-0019 round=1 result=true
2026-06-13T17:06:52.488947+00:00 done case C-0020 round=1 result=true
2026-06-13T17:06:52.566237+00:00 done case C-0021 round=1 result=true
2026-06-13T17:06:52.644778+00:00 done case C-0022 round=1 result=true
2026-06-13T17:06:52.732688+00:00 done case C-0023 round=1 result=true
2026-06-13T17:06:52.811572+00:00 done case C-0024 round=1 result=true
2026-06-13T17:06:52.899281+00:00 done case C-0025 round=1 result=true
2026-06-13T17:06:53.895807+00:00 done case C-0026 round=1 result=true
2026-06-13T17:06:53.969453+00:00 done case C-0027 round=1 result=true
2026-06-13T17:06:54.055969+00:00 done case C-0028 round=1 result=true
2026-06-13T17:06:54.144678+00:00 done case C-0029 round=1 result=true
2026-06-13T17:06:54.223776+00:00 done case C-0030 round=1 result=true
2026-06-13T17:06:54.312039+00:00 done case C-0031 round=1 result=true
2026-06-13T17:06:54.400985+00:00 done case C-0032 round=1 result=true
2026-06-13T17:06:54.490200+00:00 done case C-0033 round=1 result=true
2026-06-13T17:06:54.570473+00:00 done case C-0034 round=1 result=true
2026-06-13T17:06:54.660228+00:00 done case C-0035 round=1 result=true
2026-06-13T17:06:54.744701+00:00 done case C-0036 round=1 result=true
2026-06-13T17:06:55.690733+00:00 done case C-0037 round=1 result=true
2026-06-13T17:06:55.777901+00:00 done case C-0038 round=1 result=true
2026-06-13T17:06:55.878347+00:00 done case C-0039 round=1 result=true
2026-06-13T17:06:55.956408+00:00 done case C-0040 round=1 result=true
2026-06-13T17:06:56.048392+00:00 done case C-0041 round=1 result=true
2026-06-13T17:06:56.135765+00:00 done case C-0042 round=1 result=true
2026-06-13T17:06:56.226387+00:00 done case C-0043 round=1 result=true
2026-06-13T17:06:56.318114+00:00 done case C-0044 round=1 result=true
2026-06-13T17:06:56.404063+00:00 done case C-0045 round=1 result=true
2026-06-13T17:06:56.488680+00:00 done case C-0046 round=1 result=true
2026-06-13T17:06:56.566733+00:00 done case C-0047 round=1 result=true
2026-06-13T17:06:57.526209+00:00 done case C-0048 round=1 result=true
2026-06-13T17:06:57.618500+00:00 done case C-0049 round=1 result=true
2026-06-13T17:06:57.704586+00:00 done case C-0050 round=1 result=true
2026-06-13T17:06:57.797516+00:00 done case C-0051 round=1 result=true
2026-06-13T17:06:57.878418+00:00 done case C-0052 round=1 result=true
2026-06-13T17:06:58.833631+00:00 done case C-0053 round=1 result=true
2026-06-13T17:06:58.913086+00:00 done case C-0054 round=1 result=true
2026-06-13T17:06:59.863668+00:00 done case C-0055 round=1 result=true
2026-06-13T17:06:59.946992+00:00 done case C-0056 round=1 result=true
2026-06-13T17:07:00.913551+00:00 done case C-0057 round=1 result=true
2026-06-13T17:07:01.005320+00:00 done case C-0058 round=1 result=true
2026-06-13T17:07:01.945630+00:00 done case C-0059 round=1 result=true
2026-06-13T17:07:02.022990+00:00 done case C-0060 round=1 result=true
2026-06-13T17:07:02.968110+00:00 done case C-0061 round=1 result=true
2026-06-13T17:07:03.045923+00:00 done case C-0062 round=1 result=true
2026-06-13T17:07:03.790387+00:00 done case C-0063 round=1 result=true
2026-06-13T17:07:03.880760+00:00 done case C-0064 round=1 result=true
2026-06-13T17:07:04.884688+00:00 done case C-0065 round=1 result=true
2026-06-13T17:07:04.967354+00:00 done case C-0066 round=1 result=true
2026-06-13T17:07:05.913463+00:00 done case C-0067 round=1 result=true
2026-06-13T17:07:06.002044+00:00 done case C-0068 round=1 result=true
2026-06-13T17:07:06.952137+00:00 done case C-0069 round=1 result=true
2026-06-13T17:07:07.038251+00:00 done case C-0070 round=1 result=true
2026-06-13T17:07:08.006639+00:00 done case C-0071 round=1 result=true
2026-06-13T17:07:08.980544+00:00 done case C-0072 round=1 result=true
2026-06-13T17:07:09.061135+00:00 done case C-0073 round=1 result=true
2026-06-13T17:07:10.013626+00:00 done case C-0074 round=1 result=true
2026-06-13T17:07:10.980763+00:00 done case C-0075 round=1 result=true
2026-06-13T17:07:11.075261+00:00 done case C-0076 round=1 result=true
2026-06-13T17:07:12.041603+00:00 done case C-0077 round=1 result=true
2026-06-13T17:07:12.996675+00:00 done case C-0078 round=1 result=true
2026-06-13T17:07:13.079494+00:00 done case C-0079 round=1 result=true
2026-06-13T17:07:14.036099+00:00 done case C-0080 round=1 result=true
2026-06-13T17:07:14.791088+00:00 done case C-0081 round=1 result=true
2026-06-13T17:07:14.914675+00:00 done case C-0082 round=1 result=true
2026-06-13T17:07:14.993140+00:00 done case C-0083 round=1 result=true
2026-06-13T17:07:15.074010+00:00 done case C-0084 round=1 result=true
2026-06-13T17:07:15.160772+00:00 done case C-0085 round=1 result=true
2026-06-13T17:07:15.252820+00:00 done case C-0086 round=1 result=true
2026-06-13T17:07:15.337891+00:00 done case C-0087 round=1 result=true
2026-06-13T17:07:15.436809+00:00 done case C-0088 round=1 result=true
2026-06-13T17:07:15.531211+00:00 done case C-0089 round=1 result=true
2026-06-13T17:07:15.613514+00:00 done case C-0090 round=1 result=true
2026-06-13T17:07:15.695615+00:00 done case C-0091 round=1 result=true
2026-06-13T17:07:15.780045+00:00 done case C-0092 round=1 result=true
2026-06-13T17:07:15.860470+00:00 done case C-0093 round=1 result=true
2026-06-13T17:07:15.935393+00:00 done case C-0094 round=1 result=true
2026-06-13T17:07:16.029496+00:00 done case C-0095 round=1 result=true
2026-06-13T17:07:16.113528+00:00 done case C-0096 round=1 result=true
2026-06-13T17:07:16.191266+00:00 done case C-0097 round=1 result=true
2026-06-13T17:07:17.148095+00:00 done case C-0098 round=1 result=true
2026-06-13T17:07:17.236067+00:00 done case C-0099 round=1 result=true
2026-06-13T17:07:17.319240+00:00 done case C-0100 round=1 result=true
2026-06-13T17:07:17.410206+00:00 done case C-0101 round=1 result=true
2026-06-13T17:07:17.491757+00:00 done case C-0102 round=1 result=true
2026-06-13T17:07:17.575477+00:00 done case C-0103 round=1 result=true
2026-06-13T17:07:17.659492+00:00 done case C-0104 round=1 result=true
2026-06-13T17:07:17.750099+00:00 done case C-0105 round=1 result=true
2026-06-13T17:07:17.837946+00:00 done case C-0106 round=1 result=true
2026-06-13T17:07:17.933302+00:00 done case C-0107 round=1 result=true
2026-06-13T17:07:18.025125+00:00 done case C-0108 round=1 result=true
2026-06-13T17:07:18.103008+00:00 done case C-0109 round=1 result=true
2026-06-13T17:07:18.860972+00:00 done case C-0110 round=1 result=true
2026-06-13T17:07:18.955455+00:00 done case C-0111 round=1 result=true
2026-06-13T17:07:19.041772+00:00 done case C-0112 round=1 result=true
2026-06-13T17:07:19.139194+00:00 done case C-0113 round=1 result=true
2026-06-13T17:07:19.242622+00:00 done case C-0114 round=1 result=true
2026-06-13T17:07:19.341997+00:00 done case C-0115 round=1 result=true
2026-06-13T17:07:19.440199+00:00 done case C-0116 round=1 result=true
2026-06-13T17:07:19.537317+00:00 done case C-0117 round=1 result=true
2026-06-13T17:07:19.630305+00:00 done case C-0118 round=1 result=true
2026-06-13T17:07:19.731809+00:00 done case C-0119 round=1 result=true
2026-06-13T17:07:20.730265+00:00 done case C-0120 round=1 result=true
2026-06-13T17:07:20.832443+00:00 done case C-0121 round=1 result=true
2026-06-13T17:07:20.932284+00:00 done case C-0122 round=1 result=true
2026-06-13T17:07:21.026131+00:00 done case C-0123 round=1 result=true
2026-06-13T17:07:21.115193+00:00 done case C-0124 round=1 result=true
2026-06-13T17:07:21.205730+00:00 done case C-0125 round=1 result=true
2026-06-13T17:07:21.292237+00:00 done case C-0126 round=1 result=true
2026-06-13T17:07:21.392756+00:00 done case C-0127 round=1 result=true
2026-06-13T17:07:21.483508+00:00 done case C-0128 round=1 result=true
2026-06-13T17:07:21.575783+00:00 done case C-0129 round=1 result=true
2026-06-13T17:07:22.542240+00:00 done case C-0130 round=1 result=true
2026-06-13T17:07:22.643669+00:00 done case C-0131 round=1 result=true
2026-06-13T17:07:22.743664+00:00 done case C-0132 round=1 result=true
2026-06-13T17:07:22.838889+00:00 done case C-0133 round=1 result=true
2026-06-13T17:07:22.944270+00:00 done case C-0134 round=1 result=true
2026-06-13T17:07:23.037184+00:00 done case C-0135 round=1 result=true
2026-06-13T17:07:23.131390+00:00 done case C-0136 round=1 result=true
2026-06-13T17:07:23.232443+00:00 done case C-0137 round=1 result=true
2026-06-13T17:07:23.334262+00:00 done case C-0138 round=1 result=true
2026-06-13T17:07:23.437416+00:00 done case C-0139 round=1 result=true
2026-06-13T17:07:24.374106+00:00 done case C-0140 round=1 result=true
2026-06-13T17:07:24.471672+00:00 done case C-0141 round=1 result=true
2026-06-13T17:07:24.564609+00:00 done case C-0142 round=1 result=true
2026-06-13T17:07:24.662377+00:00 done case C-0143 round=1 result=true
2026-06-13T17:07:24.749701+00:00 done case C-0144 round=1 result=true
2026-06-13T17:07:24.845522+00:00 done case C-0145 round=1 result=true
2026-06-13T17:07:24.951840+00:00 done case C-0146 round=1 result=true
2026-06-13T17:07:25.043908+00:00 done case C-0147 round=1 result=true
2026-06-13T17:07:25.138639+00:00 done case C-0148 round=1 result=true
2026-06-13T17:07:25.231802+00:00 done case C-0149 round=1 result=true
2026-06-13T17:07:25.317512+00:00 done case C-0150 round=1 result=true
2026-06-13T17:07:26.288139+00:00 done case C-0151 round=1 result=true
2026-06-13T17:07:26.381834+00:00 done case C-0152 round=1 result=true
2026-06-13T17:07:26.492778+00:00 done case C-0153 round=1 result=true
2026-06-13T17:07:26.582647+00:00 done case C-0154 round=1 result=true
2026-06-13T17:07:26.676767+00:00 done case C-0155 round=1 result=true
2026-06-13T17:07:26.771738+00:00 done case C-0156 round=1 result=true
2026-06-13T17:07:26.860759+00:00 done case C-0157 round=1 result=true
2026-06-13T17:07:26.954691+00:00 done case C-0158 round=1 result=true
2026-06-13T17:07:27.049693+00:00 done case C-0159 round=1 result=true
2026-06-13T17:07:27.152975+00:00 done case C-0160 round=1 result=true
2026-06-13T17:07:28.099485+00:00 done case C-0161 round=1 result=true
2026-06-13T17:07:28.193409+00:00 done case C-0162 round=1 result=true
2026-06-13T17:07:28.306386+00:00 done case C-0163 round=1 result=true
2026-06-13T17:07:28.393091+00:00 done case C-0164 round=1 result=true
2026-06-13T17:07:28.487001+00:00 done case C-0165 round=1 result=true
2026-06-13T17:07:28.584124+00:00 done case C-0166 round=1 result=true
2026-06-13T17:07:28.674121+00:00 done case C-0167 round=1 result=true
2026-06-13T17:07:28.761591+00:00 done case C-0168 round=1 result=true
2026-06-13T17:07:28.848916+00:00 done case C-0169 round=1 result=true
2026-06-13T17:07:29.633874+00:00 done case C-0170 round=1 result=true
2026-06-13T17:07:29.730762+00:00 done case C-0171 round=1 result=true
2026-06-13T17:07:30.732881+00:00 done case C-0172 round=1 result=true
2026-06-13T17:07:31.706357+00:00 done case C-0173 round=1 result=true
2026-06-13T17:07:31.806147+00:00 done case C-0174 round=1 result=true
2026-06-13T17:07:32.772489+00:00 done case C-0175 round=1 result=true
2026-06-13T17:07:32.862405+00:00 done case C-0176 round=1 result=true
2026-06-13T17:07:33.817068+00:00 done case C-0177 round=1 result=true
2026-06-13T17:07:33.911683+00:00 done case C-0178 round=1 result=true
2026-06-13T17:07:34.920671+00:00 done case C-0179 round=1 result=true
2026-06-13T17:07:35.872059+00:00 done case C-0180 round=1 result=true
2026-06-13T17:07:35.960903+00:00 done case C-0181 round=1 result=true
2026-06-13T17:07:36.936307+00:00 done case C-0182 round=1 result=true
2026-06-13T17:07:37.920583+00:00 done case C-0183 round=1 result=true
2026-06-13T17:07:38.029686+00:00 done case C-0184 round=1 result=true
2026-06-13T17:07:39.009153+00:00 done case C-0185 round=1 result=true
2026-06-13T17:07:39.977874+00:00 done case C-0186 round=1 result=true
2026-06-13T17:07:40.078206+00:00 done case C-0187 round=1 result=true
2026-06-13T17:07:41.040092+00:00 done case C-0188 round=1 result=true
2026-06-13T17:07:42.023876+00:00 done case C-0189 round=1 result=true
2026-06-13T17:07:42.990163+00:00 done case C-0190 round=1 result=true
2026-06-13T17:07:43.099425+00:00 done case C-0191 round=1 result=true
2026-06-13T17:07:44.077976+00:00 done case C-0192 round=1 result=true
2026-06-13T17:07:45.034758+00:00 done case C-0193 round=1 result=true
2026-06-13T17:07:46.010799+00:00 done case C-0194 round=1 result=true
2026-06-13T17:07:46.966486+00:00 done case C-0195 round=1 result=true
2026-06-13T17:07:47.077025+00:00 done case C-0196 round=1 result=true
2026-06-13T17:07:47.832652+00:00 done case C-0197 round=1 result=true
2026-06-13T17:07:55.842812+00:00 done case C-0198 round=1 result=true
2026-06-13T17:07:55.956686+00:00 done case C-0199 round=1 result=true
2026-06-13T17:07:56.913912+00:00 done case C-0200 round=1 result=true
2026-06-13T17:07:57.022626+00:00 done case C-0201 round=1 result=true
2026-06-13T17:07:58.001587+00:00 done case C-0202 round=1 result=true
2026-06-13T17:07:58.956739+00:00 done case C-0203 round=1 result=true
2026-06-13T17:07:59.078262+00:00 done case C-0204 round=1 result=true
2026-06-13T17:08:00.056423+00:00 done case C-0205 round=1 result=true
2026-06-13T17:08:00.156145+00:00 done case C-0206 round=1 result=true
2026-06-13T17:08:01.145687+00:00 done case C-0207 round=1 result=true
2026-06-13T17:08:02.135100+00:00 done case C-0208 round=1 result=true
2026-06-13T17:08:02.234542+00:00 done case C-0209 round=1 result=true
2026-06-13T17:08:03.213623+00:00 done case C-0210 round=1 result=true
2026-06-13T17:08:04.190566+00:00 done case C-0211 round=1 result=true
2026-06-13T17:08:04.315502+00:00 done case C-0212 round=1 result=true
2026-06-13T17:08:05.079227+00:00 done case C-0213 round=1 result=true
2026-06-13T17:08:06.079626+00:00 done case C-0214 round=1 result=true
2026-06-13T17:08:06.178972+00:00 done case C-0215 round=1 result=true
2026-06-13T17:08:07.147255+00:00 done case C-0216 round=1 result=true
2026-06-13T17:08:07.260806+00:00 done case C-0217 round=1 result=true
2026-06-13T17:08:08.247271+00:00 done case C-0218 round=1 result=true
2026-06-13T17:08:08.346186+00:00 done case C-0219 round=1 result=true
2026-06-13T17:08:09.134862+00:00 done case C-0220 round=1 result=true
2026-06-13T17:08:10.113423+00:00 done case C-0221 round=1 result=true
2026-06-13T17:08:10.198441+00:00 done case C-0222 round=1 result=true
2026-06-13T17:08:10.312485+00:00 done case C-0223 round=1 result=true
2026-06-13T17:08:10.412727+00:00 done case C-0224 round=1 result=true
2026-06-13T17:08:10.524504+00:00 done case C-0225 round=1 result=true
2026-06-13T17:08:10.624715+00:00 done case C-0226 round=1 result=true
2026-06-13T17:08:10.725371+00:00 done case C-0227 round=1 result=true
2026-06-13T17:08:10.824309+00:00 done case C-0228 round=1 result=true
2026-06-13T17:08:10.935258+00:00 done case C-0229 round=1 result=true
2026-06-13T17:08:11.035224+00:00 done case C-0230 round=1 result=true
2026-06-13T17:08:12.003787+00:00 done case C-0231 round=1 result=true
2026-06-13T17:08:12.113134+00:00 done case C-0232 round=1 result=true
2026-06-13T17:08:12.212992+00:00 done case C-0233 round=1 result=true
2026-06-13T17:08:12.312699+00:00 done case C-0234 round=1 result=true
2026-06-13T17:08:12.401695+00:00 done case C-0235 round=1 result=true
2026-06-13T17:08:12.524912+00:00 done case C-0236 round=1 result=true
2026-06-13T17:08:12.625989+00:00 done case C-0237 round=1 result=true
2026-06-13T17:08:12.735265+00:00 done case C-0238 round=1 result=true
2026-06-13T17:08:12.847396+00:00 done case C-0239 round=1 result=true
2026-06-13T17:08:13.791867+00:00 done case C-0240 round=1 result=true
2026-06-13T17:08:14.246113+00:00 done case C-0241 round=1 result=true
2026-06-13T17:08:14.346256+00:00 done case C-0242 round=1 result=true
2026-06-13T17:08:14.458615+00:00 done case C-0243 round=1 result=true
2026-06-13T17:08:14.592262+00:00 done case C-0244 round=1 result=true
2026-06-13T17:08:14.691888+00:00 done case C-0245 round=1 result=true
2026-06-13T17:08:15.646964+00:00 done case C-0246 round=1 result=true
2026-06-13T17:08:15.747021+00:00 done case C-0247 round=1 result=true
2026-06-13T17:08:15.863465+00:00 done case C-0248 round=1 result=true
2026-06-13T17:08:15.969826+00:00 done case C-0249 round=1 result=true
2026-06-13T17:08:16.068958+00:00 done case C-0250 round=1 result=true
2026-06-13T17:08:16.170447+00:00 done case C-0251 round=1 result=true
2026-06-13T17:08:16.280815+00:00 done case C-0252 round=1 result=true
2026-06-13T17:08:16.370948+00:00 done case C-0253 round=1 result=true
2026-06-13T17:08:16.468892+00:00 done case C-0254 round=1 result=true
2026-06-13T17:08:16.569770+00:00 done case C-0255 round=1 result=true
2026-06-13T17:08:17.115010+00:00 done case C-0256 round=1 result=true
2026-06-13T17:08:17.213790+00:00 done case C-0257 round=1 result=true
2026-06-13T17:08:17.313521+00:00 done case C-0258 round=1 result=true
2026-06-13T17:08:17.424763+00:00 done case C-0259 round=1 result=true
2026-06-13T17:08:17.524593+00:00 done case C-0260 round=1 result=true
2026-06-13T17:08:17.624813+00:00 done case C-0261 round=1 result=true
2026-06-13T17:08:17.736596+00:00 done case C-0262 round=1 result=true
2026-06-13T17:08:17.836602+00:00 done case C-0263 round=1 result=true
2026-06-13T17:08:17.936371+00:00 done case C-0264 round=1 result=true
2026-06-13T17:08:18.035827+00:00 done case C-0265 round=1 result=true
2026-06-13T17:08:19.038292+00:00 done case C-0266 round=1 result=true
2026-06-13T17:08:19.136048+00:00 done case C-0267 round=1 result=true
2026-06-13T17:08:19.236340+00:00 done case C-0268 round=1 result=true
2026-06-13T17:08:19.358574+00:00 done case C-0269 round=1 result=true
2026-06-13T17:08:19.447264+00:00 done case C-0270 round=1 result=true
2026-06-13T17:08:19.558700+00:00 done case C-0271 round=1 result=true
2026-06-13T17:08:19.658951+00:00 done case C-0272 round=1 result=true
2026-06-13T17:08:19.759431+00:00 done case C-0273 round=1 result=true
2026-06-13T17:08:19.859367+00:00 done case C-0274 round=1 result=true
2026-06-13T17:08:20.827557+00:00 done case C-0275 round=1 result=true
2026-06-13T17:08:20.927228+00:00 done case C-0276 round=1 result=true
2026-06-13T17:08:21.036848+00:00 done case C-0277 round=1 result=true
2026-06-13T17:08:21.136764+00:00 done case C-0278 round=1 result=true
2026-06-13T17:08:21.247356+00:00 done case C-0279 round=1 result=true
2026-06-13T17:08:21.347258+00:00 done case C-0280 round=1 result=true
2026-06-13T17:08:21.447225+00:00 done case C-0281 round=1 result=true
2026-06-13T17:08:21.559089+00:00 done case C-0282 round=1 result=true
2026-06-13T17:08:21.671599+00:00 done case C-0283 round=1 result=true
2026-06-13T17:08:21.772543+00:00 done case C-0284 round=1 result=true
2026-06-13T17:08:22.116203+00:00 done case C-0285 round=1 result=true
2026-06-13T17:08:22.226814+00:00 done case C-0286 round=1 result=true
2026-06-13T17:08:22.338665+00:00 done case C-0287 round=1 result=true
2026-06-13T17:08:22.447604+00:00 done case C-0288 round=1 result=true
2026-06-13T17:08:22.570521+00:00 done case C-0289 round=1 result=true
2026-06-13T17:08:22.680862+00:00 done case C-0290 round=1 result=true
2026-06-13T17:08:22.793880+00:00 done case C-0291 round=1 result=true
2026-06-13T17:08:22.880660+00:00 done case C-0292 round=1 result=true
2026-06-13T17:08:22.980778+00:00 done case C-0293 round=1 result=true
2026-06-13T17:08:23.992722+00:00 done case C-0294 round=1 result=true
2026-06-13T17:08:24.103997+00:00 done case C-0295 round=1 result=true
2026-06-13T17:08:24.203517+00:00 done case C-0296 round=1 result=true
2026-06-13T17:08:24.314644+00:00 done case C-0297 round=1 result=true
2026-06-13T17:08:24.427486+00:00 done case C-0298 round=1 result=true
2026-06-13T17:08:24.549148+00:00 done case C-0299 round=1 result=true
2026-06-13T17:08:24.659098+00:00 done case C-0300 round=1 result=true
2026-06-13T17:08:24.782135+00:00 done case C-0301 round=1 result=true
2026-06-13T17:08:25.738237+00:00 done case C-0302 round=1 result=true
2026-06-13T17:08:25.847582+00:00 done case C-0303 round=1 result=true
2026-06-13T17:08:25.960507+00:00 done case C-0304 round=1 result=true
2026-06-13T17:08:26.074145+00:00 done case C-0305 round=1 result=true
2026-06-13T17:08:26.193244+00:00 done case C-0306 round=1 result=true
2026-06-13T17:08:26.314703+00:00 done case C-0307 round=1 result=true
2026-06-13T17:08:26.404830+00:00 done case C-0308 round=1 result=true
2026-06-13T17:08:26.514901+00:00 done case C-0309 round=1 result=true
2026-06-13T17:08:26.627557+00:00 done case C-0310 round=1 result=true
2026-06-13T17:08:27.594215+00:00 done case C-0311 round=1 result=true
2026-06-13T17:08:27.705291+00:00 done case C-0312 round=1 result=true
2026-06-13T17:08:27.827253+00:00 done case C-0313 round=1 result=true
2026-06-13T17:08:27.948574+00:00 done case C-0314 round=1 result=true
2026-06-13T17:08:28.060217+00:00 done case C-0315 round=1 result=true
2026-06-13T17:08:28.171598+00:00 done case C-0316 round=1 result=true
2026-06-13T17:08:28.259736+00:00 done case C-0317 round=1 result=true
2026-06-13T17:08:28.371346+00:00 done case C-0318 round=1 result=true
2026-06-13T17:08:28.494165+00:00 done case C-0319 round=1 result=true
2026-06-13T17:08:29.471910+00:00 done case C-0320 round=1 result=true
2026-06-13T17:08:29.582043+00:00 done case C-0321 round=1 result=true
2026-06-13T17:08:29.694357+00:00 done case C-0322 round=1 result=true
2026-06-13T17:08:29.806363+00:00 done case C-0323 round=1 result=true
2026-06-13T17:08:29.915832+00:00 done case C-0324 round=1 result=true
2026-06-13T17:08:30.038968+00:00 done case C-0325 round=1 result=true
2026-06-13T17:08:30.149929+00:00 done case C-0326 round=1 result=true
2026-06-13T17:08:30.261955+00:00 done case C-0327 round=1 result=true
2026-06-13T17:08:30.382940+00:00 done case C-0328 round=1 result=true
2026-06-13T17:08:31.371437+00:00 done case C-0329 round=1 result=true
2026-06-13T17:08:31.482272+00:00 done case C-0330 round=1 result=true
2026-06-13T17:08:32.449304+00:00 done case C-0331 round=1 result=true
2026-06-13T17:08:33.007255+00:00 done case C-0332 round=1 result=true
2026-06-13T17:08:33.116340+00:00 done case C-0333 round=1 result=true
2026-06-13T17:08:33.261919+00:00 done case C-0334 round=1 result=true
2026-06-13T17:08:33.373741+00:00 done case C-0335 round=1 result=true
2026-06-13T17:08:33.484127+00:00 done case C-0336 round=1 result=true
2026-06-13T17:08:33.595106+00:00 done case C-0337 round=1 result=true
2026-06-13T17:08:33.704541+00:00 done case C-0338 round=1 result=true
2026-06-13T17:08:33.818518+00:00 done case C-0339 round=1 result=true
2026-06-13T17:08:33.938806+00:00 done case C-0340 round=1 result=true
2026-06-13T17:08:34.050437+00:00 done case C-0341 round=1 result=true
2026-06-13T17:08:34.160184+00:00 done case C-0342 round=1 result=true
2026-06-13T17:08:34.274083+00:00 done case C-0343 round=1 result=true
2026-06-13T17:08:34.384089+00:00 done case C-0344 round=1 result=true
2026-06-13T17:08:34.505291+00:00 done case C-0345 round=1 result=true
2026-06-13T17:08:34.616691+00:00 done case C-0346 round=1 result=true
2026-06-13T17:08:34.728760+00:00 done case C-0347 round=1 result=true
2026-06-13T17:08:34.838247+00:00 done case C-0348 round=1 result=true
2026-06-13T17:08:34.950477+00:00 done case C-0349 round=1 result=true
2026-06-13T17:08:35.061006+00:00 done case C-0350 round=1 result=true
2026-06-13T17:08:35.171996+00:00 done case C-0351 round=1 result=true
2026-06-13T17:08:35.283634+00:00 done case C-0352 round=1 result=true
2026-06-13T17:08:35.393875+00:00 done case C-0353 round=1 result=true
2026-06-13T17:08:35.496047+00:00 done case C-0354 round=1 result=true
2026-06-13T17:08:35.616854+00:00 done case C-0355 round=1 result=true
2026-06-13T17:08:35.727276+00:00 done case C-0356 round=1 result=true
2026-06-13T17:08:35.839366+00:00 done case C-0357 round=1 result=true
2026-06-13T17:08:35.950536+00:00 done case C-0358 round=1 result=true
2026-06-13T17:08:36.061162+00:00 done case C-0359 round=1 result=true
2026-06-13T17:08:36.171880+00:00 done case C-0360 round=1 result=true
2026-06-13T17:08:37.161317+00:00 done case C-0361 round=1 result=true
2026-06-13T17:08:37.273057+00:00 done case C-0362 round=1 result=true
2026-06-13T17:08:37.386752+00:00 done case C-0363 round=1 result=true
2026-06-13T17:08:37.494522+00:00 done case C-0364 round=1 result=true
2026-06-13T17:08:37.606354+00:00 done case C-0365 round=1 result=true
2026-06-13T17:08:37.717511+00:00 done case C-0366 round=1 result=true
2026-06-13T17:08:37.828759+00:00 done case C-0367 round=1 result=true
2026-06-13T17:08:37.938756+00:00 done case C-0368 round=1 result=true
2026-06-13T17:08:38.050151+00:00 done case C-0369 round=1 result=true
2026-06-13T17:08:39.039876+00:00 done case C-0370 round=1 result=true
2026-06-13T17:08:39.150456+00:00 done case C-0371 round=1 result=true
2026-06-13T17:08:39.261779+00:00 done case C-0372 round=1 result=true
2026-06-13T17:08:39.372415+00:00 done case C-0373 round=1 result=true
2026-06-13T17:08:39.483687+00:00 done case C-0374 round=1 result=true
2026-06-13T17:08:39.596998+00:00 done case C-0375 round=1 result=true
2026-06-13T17:08:39.709666+00:00 done case C-0376 round=1 result=true
2026-06-13T17:08:39.817451+00:00 done case C-0377 round=1 result=true
2026-06-13T17:08:39.927985+00:00 done case C-0378 round=1 result=true
2026-06-13T17:08:40.895607+00:00 done case C-0379 round=1 result=true
2026-06-13T17:08:41.006428+00:00 done case C-0380 round=1 result=true
2026-06-13T17:08:41.117391+00:00 done case C-0381 round=1 result=true
2026-06-13T17:08:41.228631+00:00 done case C-0382 round=1 result=true
2026-06-13T17:08:41.340933+00:00 done case C-0383 round=1 result=true
2026-06-13T17:08:41.451126+00:00 done case C-0384 round=1 result=true
2026-06-13T17:08:41.563063+00:00 done case C-0385 round=1 result=true
2026-06-13T17:08:41.664771+00:00 done case C-0386 round=1 result=true
2026-06-13T17:08:41.774806+00:00 done case C-0387 round=1 result=true
2026-06-13T17:08:42.764352+00:00 done case C-0388 round=1 result=true
2026-06-13T17:08:42.874764+00:00 done case C-0389 round=1 result=true
2026-06-13T17:08:42.986832+00:00 done case C-0390 round=1 result=true
2026-06-13T17:08:43.098348+00:00 done case C-0391 round=1 result=true
2026-06-13T17:08:43.220005+00:00 done case C-0392 round=1 result=true
2026-06-13T17:08:43.330561+00:00 done case C-0393 round=1 result=true
2026-06-13T17:08:43.441360+00:00 done case C-0394 round=1 result=true
2026-06-13T17:08:43.553256+00:00 done case C-0395 round=1 result=true
2026-06-13T17:08:44.531522+00:00 done case C-0396 round=1 result=true
2026-06-13T17:08:44.652428+00:00 done case C-0397 round=1 result=true
2026-06-13T17:08:44.764254+00:00 done case C-0398 round=1 result=true
2026-06-13T17:08:44.895964+00:00 done case C-0399 round=1 result=true
2026-06-13T17:08:44.998233+00:00 done case C-0400 round=1 result=true
2026-06-13T17:08:45.108173+00:00 done case C-0401 round=1 result=true
2026-06-13T17:08:45.219970+00:00 done case C-0402 round=1 result=true
2026-06-13T17:08:45.332447+00:00 done case C-0403 round=1 result=true
2026-06-13T17:08:45.441204+00:00 done case C-0404 round=1 result=true
2026-06-13T17:08:46.432328+00:00 done case C-0405 round=1 result=true
2026-06-13T17:08:46.542435+00:00 done case C-0406 round=1 result=true
2026-06-13T17:08:46.652551+00:00 done case C-0407 round=1 result=true
2026-06-13T17:08:46.764895+00:00 done case C-0408 round=1 result=true
2026-06-13T17:08:46.875118+00:00 done case C-0409 round=1 result=true
2026-06-13T17:08:46.986312+00:00 done case C-0410 round=1 result=true
2026-06-13T17:08:47.100026+00:00 done case C-0411 round=1 result=true
2026-06-13T17:08:47.219292+00:00 done case C-0412 round=1 result=true
2026-06-13T17:08:47.331496+00:00 done case C-0413 round=1 result=true
2026-06-13T17:08:48.109092+00:00 done case C-0414 round=1 result=true
2026-06-13T17:08:48.219317+00:00 done case C-0415 round=1 result=true
2026-06-13T17:08:48.330802+00:00 done case C-0416 round=1 result=true
2026-06-13T17:08:48.441594+00:00 done case C-0417 round=1 result=true
2026-06-13T17:08:48.553188+00:00 done case C-0418 round=1 result=true
2026-06-13T17:08:48.667255+00:00 done case C-0419 round=1 result=true
2026-06-13T17:08:48.777581+00:00 done case C-0420 round=1 result=true
2026-06-13T17:08:48.886317+00:00 done case C-0421 round=1 result=true
2026-06-13T17:08:49.000109+00:00 done case C-0422 round=1 result=true
2026-06-13T17:08:50.022811+00:00 done case C-0423 round=1 result=true
2026-06-13T17:08:50.133006+00:00 done case C-0424 round=1 result=true
2026-06-13T17:08:50.255337+00:00 done case C-0425 round=1 result=true
2026-06-13T17:08:50.365702+00:00 done case C-0426 round=1 result=true
2026-06-13T17:08:50.475185+00:00 done case C-0427 round=1 result=true
2026-06-13T17:08:50.586256+00:00 done case C-0428 round=1 result=true
2026-06-13T17:08:50.699442+00:00 done case C-0429 round=1 result=true
2026-06-13T17:08:50.814749+00:00 done case C-0430 round=1 result=true
2026-06-13T17:08:51.786964+00:00 done case C-0431 round=1 result=true
2026-06-13T17:08:51.898638+00:00 done case C-0432 round=1 result=true
2026-06-13T17:08:52.008822+00:00 done case C-0433 round=1 result=true
2026-06-13T17:08:52.119952+00:00 done case C-0434 round=1 result=true
2026-06-13T17:08:52.231360+00:00 done case C-0435 round=1 result=true
2026-06-13T17:08:52.342870+00:00 done case C-0436 round=1 result=true
2026-06-13T17:08:52.454286+00:00 done case C-0437 round=1 result=true
2026-06-13T17:08:52.565111+00:00 done case C-0438 round=1 result=true
2026-06-13T17:08:52.676189+00:00 done case C-0439 round=1 result=true
2026-06-13T17:08:53.667421+00:00 done case C-0440 round=1 result=true
2026-06-13T17:08:53.776970+00:00 done case C-0441 round=1 result=true
2026-06-13T17:08:53.920283+00:00 done case C-0442 round=1 result=true
2026-06-13T17:08:54.031412+00:00 done case C-0443 round=1 result=true
2026-06-13T17:08:54.145569+00:00 done case C-0444 round=1 result=true
2026-06-13T17:08:54.266817+00:00 done case C-0445 round=1 result=true
2026-06-13T17:08:54.413092+00:00 done case C-0446 round=1 result=true
2026-06-13T17:08:54.532043+00:00 done case C-0447 round=1 result=true
2026-06-13T17:08:55.510590+00:00 done case C-0448 round=1 result=true
2026-06-13T17:08:55.623447+00:00 done case C-0449 round=1 result=true
2026-06-13T17:08:55.732095+00:00 done case C-0450 round=1 result=true
2026-06-13T17:08:55.843965+00:00 done case C-0451 round=1 result=true
2026-06-13T17:08:55.965463+00:00 done case C-0452 round=1 result=true
2026-06-13T17:08:56.077409+00:00 done case C-0453 round=1 result=true
2026-06-13T17:08:56.187802+00:00 done case C-0454 round=1 result=true
2026-06-13T17:08:56.300206+00:00 done case C-0455 round=1 result=true
2026-06-13T17:08:56.420996+00:00 done case C-0456 round=1 result=true
2026-06-13T17:08:57.400787+00:00 done case C-0457 round=1 result=true
2026-06-13T17:08:57.513475+00:00 done case C-0458 round=1 result=true
2026-06-13T17:08:57.631666+00:00 done case C-0459 round=1 result=true
2026-06-13T17:08:57.743617+00:00 done case C-0460 round=1 result=true
2026-06-13T17:08:57.854270+00:00 done case C-0461 round=1 result=true
2026-06-13T17:08:57.966282+00:00 done case C-0462 round=1 result=true
2026-06-13T17:08:58.077937+00:00 done case C-0463 round=1 result=true
2026-06-13T17:08:58.188172+00:00 done case C-0464 round=1 result=true
2026-06-13T17:08:58.299636+00:00 done case C-0465 round=1 result=true
2026-06-13T17:08:59.288106+00:00 done case C-0466 round=1 result=true
2026-06-13T17:08:59.399311+00:00 done case C-0467 round=1 result=true
2026-06-13T17:08:59.511788+00:00 done case C-0468 round=1 result=true
2026-06-13T17:08:59.621201+00:00 done case C-0469 round=1 result=true
2026-06-13T17:08:59.733851+00:00 done case C-0470 round=1 result=true
2026-06-13T17:08:59.848254+00:00 done case C-0471 round=1 result=true
2026-06-13T17:08:59.968050+00:00 done case C-0472 round=1 result=true
2026-06-13T17:09:00.077553+00:00 done case C-0473 round=1 result=true
2026-06-13T17:09:00.188354+00:00 done case C-0474 round=1 result=true
2026-06-13T17:09:00.966057+00:00 done case C-0475 round=1 result=true
2026-06-13T17:09:01.076767+00:00 done case C-0476 round=1 result=true
2026-06-13T17:09:01.188478+00:00 done case C-0477 round=1 result=true
2026-06-13T17:09:01.301887+00:00 done case C-0478 round=1 result=true
2026-06-13T17:09:01.422646+00:00 done case C-0479 round=1 result=true
2026-06-13T17:09:01.526598+00:00 done case C-0480 round=1 result=true
2026-06-13T17:09:01.625364+00:00 done case C-0481 round=1 result=true
2026-06-13T17:09:01.722407+00:00 done case C-0482 round=1 result=true
2026-06-13T17:09:01.849180+00:00 done case C-0483 round=1 result=true
2026-06-13T17:09:02.862609+00:00 done case C-0484 round=1 result=true
2026-06-13T17:09:02.972080+00:00 done case C-0485 round=1 result=true
2026-06-13T17:09:03.934144+00:00 done case C-0486 round=1 result=true
2026-06-13T17:09:04.038695+00:00 done case C-0487 round=1 result=true
2026-06-13T17:09:05.010598+00:00 done case C-0488 round=1 result=true
2026-06-13T17:09:05.978428+00:00 done case C-0489 round=1 result=true
2026-06-13T17:09:06.076394+00:00 done case C-0490 round=1 result=true
2026-06-13T17:09:07.051630+00:00 done case C-0491 round=1 result=true
2026-06-13T17:09:07.166696+00:00 done case C-0492 round=1 result=true
2026-06-13T17:09:08.156645+00:00 done case C-0493 round=1 result=true
2026-06-13T17:09:09.145315+00:00 done case C-0494 round=1 result=true
2026-06-13T17:09:10.126640+00:00 done case C-0495 round=1 result=true
2026-06-13T17:09:10.234260+00:00 done case C-0496 round=1 result=true
2026-06-13T17:09:11.009334+00:00 done case C-0497 round=1 result=true
2026-06-13T17:09:11.157565+00:00 done case C-0498 round=1 result=true
2026-06-13T17:09:11.289997+00:00 done case C-0499 round=1 result=true
2026-06-13T17:09:11.400567+00:00 done case C-0500 round=1 result=true
2026-06-13T17:09:11.510099+00:00 done case C-0501 round=1 result=true
2026-06-13T17:09:11.613900+00:00 done case C-0502 round=1 result=true
2026-06-13T17:09:11.715475+00:00 done case C-0503 round=1 result=true
2026-06-13T17:09:11.809339+00:00 done case C-0504 round=1 result=true
2026-06-13T17:09:11.911446+00:00 done case C-0505 round=1 result=true
2026-06-13T17:09:12.007917+00:00 done case C-0506 round=1 result=true
2026-06-13T17:09:12.116529+00:00 done case C-0507 round=1 result=true
2026-06-13T17:09:12.208418+00:00 done case C-0508 round=1 result=true
2026-06-13T17:09:12.312997+00:00 done case C-0509 round=1 result=true
2026-06-13T17:09:12.414039+00:00 done case C-0510 round=1 result=true
2026-06-13T17:09:12.515344+00:00 done case C-0511 round=1 result=true
2026-06-13T17:09:12.619857+00:00 done case C-0512 round=1 result=true
2026-06-13T17:09:12.719217+00:00 done case C-0513 round=1 result=true
2026-06-13T17:09:12.830157+00:00 done case C-0514 round=1 result=true
2026-06-13T17:09:12.924057+00:00 done case C-0515 round=1 result=true
2026-06-13T17:09:13.018412+00:00 done case C-0516 round=1 result=true
2026-06-13T17:09:13.110545+00:00 done case C-0517 round=1 result=true
2026-06-13T17:09:13.219800+00:00 done case C-0518 round=1 result=true
2026-06-13T17:09:13.345863+00:00 done case C-0519 round=1 result=true
2026-06-13T17:09:13.462024+00:00 done case C-0520 round=1 result=true
2026-06-13T17:09:13.565096+00:00 done case C-0521 round=1 result=true
2026-06-13T17:09:13.680720+00:00 done case C-0522 round=1 result=true
2026-06-13T17:09:13.795086+00:00 done case C-0523 round=1 result=true
2026-06-13T17:09:13.901595+00:00 done case C-0524 round=1 result=true
2026-06-13T17:09:14.031450+00:00 done case C-0525 round=1 result=true
2026-06-13T17:09:14.130835+00:00 done case C-0526 round=1 result=true
2026-06-13T17:09:14.218168+00:00 done case C-0527 round=1 result=true
2026-06-13T17:09:14.337223+00:00 done case C-0528 round=1 result=true
2026-06-13T17:09:14.433502+00:00 done case C-0529 round=1 result=true
2026-06-13T17:09:14.540847+00:00 done case C-0530 round=1 result=true
2026-06-13T17:09:15.552414+00:00 done case C-0531 round=1 result=true
2026-06-13T17:09:15.662249+00:00 done case C-0532 round=1 result=true
2026-06-13T17:09:15.760192+00:00 done case C-0533 round=1 result=true
2026-06-13T17:09:15.862037+00:00 done case C-0534 round=1 result=true
2026-06-13T17:09:15.961940+00:00 done case C-0535 round=1 result=true
2026-06-13T17:09:16.058789+00:00 done case C-0536 round=1 result=true
2026-06-13T17:09:16.161001+00:00 done case C-0537 round=1 result=true
2026-06-13T17:09:16.258008+00:00 done case C-0538 round=1 result=true
2026-06-13T17:09:16.391061+00:00 done case C-0539 round=1 result=true
2026-06-13T17:09:17.362157+00:00 done case C-0540 round=1 result=true
2026-06-13T17:09:17.455070+00:00 done case C-0541 round=1 result=true
2026-06-13T17:09:17.563169+00:00 done case C-0542 round=1 result=true
2026-06-13T17:09:17.658267+00:00 done case C-0543 round=1 result=true
2026-06-13T17:09:17.754792+00:00 done case C-0544 round=1 result=true
2026-06-13T17:09:17.859919+00:00 done case C-0545 round=1 result=true
2026-06-13T17:09:17.959797+00:00 done case C-0546 round=1 result=true
2026-06-13T17:09:18.058951+00:00 done case C-0547 round=1 result=true
2026-06-13T17:09:18.159441+00:00 done case C-0548 round=1 result=true
2026-06-13T17:09:18.257247+00:00 done case C-0549 round=1 result=true
2026-06-13T17:09:19.245019+00:00 done case C-0550 round=1 result=true
2026-06-13T17:09:19.352274+00:00 done case C-0551 round=1 result=true
2026-06-13T17:09:19.462796+00:00 done case C-0552 round=1 result=true
2026-06-13T17:09:19.554530+00:00 done case C-0553 round=1 result=true
2026-06-13T17:09:19.658596+00:00 done case C-0554 round=1 result=true
2026-06-13T17:09:19.760912+00:00 done case C-0555 round=1 result=true
2026-06-13T17:09:19.855132+00:00 done case C-0556 round=1 result=true
2026-06-13T17:09:19.961745+00:00 done case C-0557 round=1 result=true
2026-06-13T17:09:20.057594+00:00 done case C-0558 round=1 result=true
2026-06-13T17:09:21.057630+00:00 done case C-0559 round=1 result=true
2026-06-13T17:09:21.163065+00:00 done case C-0560 round=1 result=true
2026-06-13T17:09:21.254068+00:00 done case C-0561 round=1 result=true
2026-06-13T17:09:21.353255+00:00 done case C-0562 round=1 result=true
2026-06-13T17:09:21.448093+00:00 done case C-0563 round=1 result=true
2026-06-13T17:09:22.423555+00:00 done case C-0564 round=1 result=true
2026-06-13T17:09:22.534665+00:00 done case C-0565 round=1 result=true
2026-06-13T17:09:23.490531+00:00 done case C-0566 round=1 result=true
2026-06-13T17:09:24.466263+00:00 done case C-0567 round=1 result=true
2026-06-13T17:09:24.558757+00:00 done case C-0568 round=1 result=true
2026-06-13T17:09:25.543277+00:00 done case C-0569 round=1 result=true
2026-06-13T17:09:25.640031+00:00 done case C-0570 round=1 result=true
2026-06-13T17:09:26.615840+00:00 done case C-0571 round=1 result=true
2026-06-13T17:09:27.611866+00:00 done case C-0572 round=1 result=true
2026-06-13T17:09:27.722608+00:00 done case C-0573 round=1 result=true
2026-06-13T17:09:28.680150+00:00 done case C-0574 round=1 result=true
2026-06-13T17:09:29.661752+00:00 done case C-0575 round=1 result=true
2026-06-13T17:09:29.760072+00:00 done case C-0576 round=1 result=true
2026-06-13T17:09:30.715531+00:00 done case C-0577 round=1 result=true
2026-06-13T17:09:31.708401+00:00 done case C-0578 round=1 result=true
2026-06-13T17:09:31.799426+00:00 done function A1 round=2 result=true
2026-06-13T17:09:32.742504+00:00 done function A2 round=2 result=true
2026-06-13T17:09:33.722456+00:00 done function A3 round=2 result=true
2026-06-13T17:09:33.811598+00:00 done function A4 round=2 result=true
2026-06-13T17:09:34.778361+00:00 done function A5 round=2 result=true
2026-06-13T17:09:35.536822+00:00 done function A6 round=2 result=true
2026-06-13T17:09:35.675582+00:00 done function A7 round=2 result=true
2026-06-13T17:09:35.781481+00:00 done function A8 round=2 result=true
2026-06-13T17:09:35.890289+00:00 done function A9 round=2 result=true
2026-06-13T17:09:35.990805+00:00 done function T1 round=2 result=true
2026-06-13T17:09:36.088920+00:00 done function T2 round=2 result=true
2026-06-13T17:09:36.194212+00:00 done function T3 round=2 result=true
2026-06-13T17:09:36.301467+00:00 done function T4 round=2 result=true
2026-06-13T17:09:36.410734+00:00 done function T5 round=2 result=true
2026-06-13T17:09:36.515173+00:00 done function T6 round=2 result=true
2026-06-13T17:09:36.625171+00:00 done function T7 round=2 result=true
2026-06-13T17:09:36.735980+00:00 done function T8 round=2 result=true
2026-06-13T17:09:36.846394+00:00 done function T9 round=2 result=true
2026-06-13T17:09:36.957672+00:00 done function T10 round=2 result=true
2026-06-13T17:09:37.058549+00:00 done function T11 round=2 result=true
2026-06-13T17:09:37.167863+00:00 done function T12 round=2 result=true
2026-06-13T17:09:37.267258+00:00 done function T13 round=2 result=true
2026-06-13T17:09:37.374764+00:00 done function T14 round=2 result=true
2026-06-13T17:09:37.478722+00:00 done function T15 round=2 result=true
2026-06-13T17:09:37.592078+00:00 done function T16 round=2 result=true
2026-06-13T17:09:37.700799+00:00 done function T17 round=2 result=true
2026-06-13T17:09:37.814501+00:00 done function T18 round=2 result=true
2026-06-13T17:09:37.917659+00:00 done function T19 round=2 result=true
2026-06-13T17:09:38.016738+00:00 done function T20 round=2 result=true
2026-06-13T17:09:38.124050+00:00 done function T21 round=2 result=true
2026-06-13T17:09:38.223715+00:00 done function T22 round=2 result=true
2026-06-13T17:09:38.333485+00:00 done function T23 round=2 result=true
2026-06-13T17:09:38.430967+00:00 done function T24 round=2 result=true
2026-06-13T17:09:38.537048+00:00 done function T25 round=2 result=true
2026-06-13T17:09:38.644220+00:00 done function T26 round=2 result=true
2026-06-13T17:09:38.745569+00:00 done function T27 round=2 result=true
2026-06-13T17:09:38.846198+00:00 done function T28 round=2 result=true
2026-06-13T17:09:38.945857+00:00 done function T29 round=2 result=true
2026-06-13T17:09:39.061283+00:00 done function T30 round=2 result=true
2026-06-13T17:09:39.168717+00:00 done function T31 round=2 result=true
2026-06-13T17:09:39.291976+00:00 done function T32 round=2 result=true
2026-06-13T17:09:39.401526+00:00 done function T33 round=2 result=true
2026-06-13T17:09:39.501960+00:00 done function T34 round=2 result=true
2026-06-13T17:09:39.614038+00:00 done function T35 round=2 result=true
2026-06-13T17:09:39.724473+00:00 done function T36 round=2 result=true
2026-06-13T17:09:39.822846+00:00 done function T37 round=2 result=true
2026-06-13T17:09:39.924921+00:00 done function T38 round=2 result=true
2026-06-13T17:09:40.034159+00:00 done function T39 round=2 result=true
2026-06-13T17:09:40.138098+00:00 done function D1 round=2 result=true
2026-06-13T17:09:40.245249+00:00 done function D2 round=2 result=true
2026-06-13T17:09:40.339770+00:00 done function D3 round=2 result=true
2026-06-13T17:09:40.446238+00:00 done function D4 round=2 result=true
2026-06-13T17:09:40.555871+00:00 done function D5 round=2 result=true
2026-06-13T17:09:40.656635+00:00 done function D6 round=2 result=true
2026-06-13T17:09:40.764716+00:00 done function D7 round=2 result=true
2026-06-13T17:09:40.868976+00:00 done function D8 round=2 result=true
2026-06-13T17:09:40.977102+00:00 done function D9 round=2 result=true
2026-06-13T17:09:41.080245+00:00 done function D10 round=2 result=true
2026-06-13T17:09:41.190441+00:00 done function D11 round=2 result=true
2026-06-13T17:09:41.289184+00:00 done function D12 round=2 result=true
2026-06-13T17:09:41.384240+00:00 done function D13 round=2 result=true
2026-06-13T17:09:41.494217+00:00 done function D14 round=2 result=true
2026-06-13T17:09:41.604847+00:00 done function D15 round=2 result=true
2026-06-13T17:09:41.711338+00:00 done function D16 round=2 result=true
2026-06-13T17:09:41.822872+00:00 done function D17 round=2 result=true
2026-06-13T17:09:41.925251+00:00 done function D18 round=2 result=true
2026-06-13T17:09:42.050955+00:00 done function D19 round=2 result=true
2026-06-13T17:09:42.171433+00:00 done function D20 round=2 result=true
2026-06-13T17:09:42.289563+00:00 done function D21 round=2 result=true
2026-06-13T17:09:42.401909+00:00 done function D22 round=2 result=true
2026-06-13T17:09:42.512807+00:00 done function D23 round=2 result=true
2026-06-13T17:09:42.625307+00:00 done function D24 round=2 result=true
2026-06-13T17:09:42.735148+00:00 done function D25 round=2 result=true
2026-06-13T17:09:42.842969+00:00 done function D26 round=2 result=true
2026-06-13T17:09:42.955443+00:00 done function D27 round=2 result=true
2026-06-13T17:09:43.072473+00:00 done function D28 round=2 result=true
2026-06-13T17:09:43.202270+00:00 done function D29 round=2 result=true
2026-06-13T17:09:43.315250+00:00 done function D30 round=2 result=true
2026-06-13T17:09:43.438065+00:00 done function D31 round=2 result=true
2026-06-13T17:09:43.561081+00:00 done function D32 round=2 result=true
2026-06-13T17:09:43.679644+00:00 done function D33 round=2 result=true
2026-06-13T17:09:43.793931+00:00 done function D34 round=2 result=true
2026-06-13T17:09:43.911724+00:00 done function D35 round=2 result=true
2026-06-13T17:09:44.026323+00:00 done function D36 round=2 result=true
2026-06-13T17:09:44.134134+00:00 done function D37 round=2 result=true
2026-06-13T17:09:44.249034+00:00 done function D38 round=2 result=true
2026-06-13T17:09:44.373648+00:00 done function D39 round=2 result=true
2026-06-13T17:09:44.494633+00:00 done function D40 round=2 result=true
2026-06-13T17:09:44.616802+00:00 done function D41 round=2 result=true
2026-06-13T17:09:44.740247+00:00 done function D42 round=2 result=true
2026-06-13T17:09:44.858928+00:00 done function D43 round=2 result=true
2026-06-13T17:09:44.973775+00:00 done function D44 round=2 result=true
2026-06-13T17:09:45.090795+00:00 done function D45 round=2 result=true
2026-06-13T17:09:45.201558+00:00 done function D46 round=2 result=true
2026-06-13T17:09:45.313125+00:00 done function D47 round=2 result=true
2026-06-13T17:09:45.421876+00:00 done function D48 round=2 result=true
2026-06-13T17:09:45.545983+00:00 done function D49 round=2 result=true
2026-06-13T17:09:45.658557+00:00 done function D50 round=2 result=true
2026-06-13T17:09:45.767742+00:00 done function D51 round=2 result=true
2026-06-13T17:09:45.879027+00:00 done function D52 round=2 result=true
2026-06-13T17:09:45.992325+00:00 done function D53 round=2 result=true
2026-06-13T17:09:46.116258+00:00 done function D54 round=2 result=true
2026-06-13T17:09:46.232580+00:00 done function D55 round=2 result=true
2026-06-13T17:09:46.346462+00:00 done function D56 round=2 result=true
2026-06-13T17:09:46.460665+00:00 done function D57 round=2 result=true
2026-06-13T17:09:46.578978+00:00 done function D58 round=2 result=true
2026-06-13T17:09:46.689787+00:00 done function D59 round=2 result=true
2026-06-13T17:09:46.803194+00:00 done function D60 round=2 result=true
2026-06-13T17:09:46.923486+00:00 done function D61 round=2 result=true
2026-06-13T17:09:47.035990+00:00 done function D62 round=2 result=true
2026-06-13T17:09:47.155910+00:00 done function D63 round=2 result=true
2026-06-13T17:09:47.257336+00:00 done function D64 round=2 result=true
2026-06-13T17:09:47.368733+00:00 done function D65 round=2 result=true
2026-06-13T17:09:47.490340+00:00 done function D66 round=2 result=true
2026-06-13T17:09:47.606853+00:00 done function D67 round=2 result=true
2026-06-13T17:09:47.723577+00:00 done function D72 round=2 result=true
2026-06-13T17:09:47.833445+00:00 done function D73 round=2 result=true
2026-06-13T17:09:47.946509+00:00 done function D74 round=2 result=true
2026-06-13T17:09:48.058699+00:00 done function D75 round=2 result=true
2026-06-13T17:09:48.168159+00:00 done function D76 round=2 result=true
2026-06-13T17:09:48.280421+00:00 done function D77 round=2 result=true
2026-06-13T17:09:48.389086+00:00 done function D84 round=2 result=true
2026-06-13T17:09:48.513354+00:00 done function D85 round=2 result=true
2026-06-13T17:09:48.623193+00:00 done function D86 round=2 result=true
2026-06-13T17:09:48.734809+00:00 done function D87 round=2 result=true
2026-06-13T17:09:48.845446+00:00 done function D88 round=2 result=true
2026-06-13T17:09:48.956266+00:00 done function D89 round=2 result=true
2026-06-13T17:09:49.067370+00:00 done function D90 round=2 result=true
2026-06-13T17:09:49.182865+00:00 done function D91 round=2 result=true
2026-06-13T17:09:49.291955+00:00 done function D92 round=2 result=true
2026-06-13T17:09:49.412544+00:00 done function D93 round=2 result=true
2026-06-13T17:09:49.529167+00:00 done function D94 round=2 result=true
2026-06-13T17:09:49.652506+00:00 done function D95 round=2 result=true
2026-06-13T17:09:49.768944+00:00 done function D96 round=2 result=true
2026-06-13T17:09:49.886470+00:00 done function D97 round=2 result=true
2026-06-13T17:09:50.002427+00:00 done function D98 round=2 result=true
2026-06-13T17:09:50.113706+00:00 done function D99 round=2 result=true
2026-06-13T17:09:50.224465+00:00 done function D100 round=2 result=true
2026-06-13T17:09:50.340116+00:00 done function D101 round=2 result=true
2026-06-13T17:09:50.458232+00:00 done function D102 round=2 result=true
2026-06-13T17:09:50.567257+00:00 done function D103 round=2 result=true
2026-06-13T17:09:50.684057+00:00 done function D104 round=2 result=true
2026-06-13T17:09:50.790224+00:00 done function D105 round=2 result=true
2026-06-13T17:09:50.901435+00:00 done function D106 round=2 result=true
2026-06-13T17:09:51.012509+00:00 done function D107 round=2 result=true
2026-06-13T17:09:51.126027+00:00 done function D108 round=2 result=true
2026-06-13T17:09:51.241513+00:00 done function D109 round=2 result=true
2026-06-13T17:09:51.358621+00:00 done function D110 round=2 result=true
2026-06-13T17:09:51.466846+00:00 done function D111 round=2 result=true
2026-06-13T17:09:51.585543+00:00 done function D112 round=2 result=true
2026-06-13T17:09:51.690315+00:00 done function D113 round=2 result=true
2026-06-13T17:09:51.797878+00:00 done function D114 round=2 result=true
2026-06-13T17:09:51.913339+00:00 done function D115 round=2 result=true
2026-06-13T17:09:52.028137+00:00 done function D116 round=2 result=true
2026-06-13T17:09:52.138345+00:00 done function D117 round=2 result=true
2026-06-13T17:09:52.261549+00:00 done function D118 round=2 result=true
2026-06-13T17:09:52.382145+00:00 done function D119 round=2 result=true
2026-06-13T17:09:52.492751+00:00 done function D120 round=2 result=true
2026-06-13T17:09:52.604578+00:00 done function D121 round=2 result=true
2026-06-13T17:09:52.715226+00:00 done function D122 round=2 result=true
2026-06-13T17:09:52.830035+00:00 done function D123 round=2 result=true
2026-06-13T17:09:52.946399+00:00 done function D124 round=2 result=true
2026-06-13T17:09:53.057544+00:00 done function D125 round=2 result=true
2026-06-13T17:09:53.160665+00:00 done function D126 round=2 result=true
2026-06-13T17:09:53.270854+00:00 done function D127 round=2 result=true
2026-06-13T17:09:53.380291+00:00 done function D128 round=2 result=true
2026-06-13T17:09:53.490498+00:00 done function D129 round=2 result=true
2026-06-13T17:09:53.602475+00:00 done function D130 round=2 result=true
2026-06-13T17:09:53.723767+00:00 done function D131 round=2 result=true
2026-06-13T17:09:53.835775+00:00 done function D132 round=2 result=true
2026-06-13T17:09:53.947939+00:00 done function D133 round=2 result=true
2026-06-13T17:09:54.056305+00:00 done function D134 round=2 result=true
2026-06-13T17:09:54.168676+00:00 done function D135 round=2 result=true
2026-06-13T17:09:54.287195+00:00 done function D136 round=2 result=true
2026-06-13T17:09:54.402832+00:00 done function D137 round=2 result=true
2026-06-13T17:09:54.531406+00:00 done function D138 round=2 result=true
2026-06-13T17:09:54.650303+00:00 done function D139 round=2 result=true
2026-06-13T17:09:54.757683+00:00 done function D140 round=2 result=true
2026-06-13T17:09:54.872705+00:00 done function D141 round=2 result=true
2026-06-13T17:09:54.980790+00:00 done function D142 round=2 result=true
2026-06-13T17:09:55.096740+00:00 done function D143 round=2 result=true
2026-06-13T17:09:55.203029+00:00 done function D144 round=2 result=true
2026-06-13T17:09:55.318072+00:00 done function D145 round=2 result=true
2026-06-13T17:09:55.425044+00:00 done function D146 round=2 result=true
2026-06-13T17:09:55.538301+00:00 done function D147 round=2 result=true
2026-06-13T17:09:55.653440+00:00 done function D148 round=2 result=true
2026-06-13T17:09:55.768853+00:00 done function D149 round=2 result=true
2026-06-13T17:09:55.889565+00:00 done function D150 round=2 result=true
2026-06-13T17:09:56.002244+00:00 done function D151 round=2 result=true
2026-06-13T17:09:56.116995+00:00 done function D152 round=2 result=true
2026-06-13T17:09:56.224996+00:00 done function D153 round=2 result=true
2026-06-13T17:09:56.335811+00:00 done function D154 round=2 result=true
2026-06-13T17:09:56.446496+00:00 done function D155 round=2 result=true
2026-06-13T17:09:56.568068+00:00 done function D156 round=2 result=true
2026-06-13T17:09:56.690991+00:00 done function D157 round=2 result=true
2026-06-13T17:09:56.810012+00:00 done function D158 round=2 result=true
2026-06-13T17:09:56.926667+00:00 done function D159 round=2 result=true
2026-06-13T17:09:57.036602+00:00 done function D160 round=2 result=true
2026-06-13T17:09:57.150540+00:00 done function D161 round=2 result=true
2026-06-13T17:09:57.270801+00:00 done function D162 round=2 result=true
2026-06-13T17:09:57.385015+00:00 done function D163 round=2 result=true
2026-06-13T17:09:57.492008+00:00 done function D164 round=2 result=true
2026-06-13T17:09:57.606669+00:00 done function D165 round=2 result=true
2026-06-13T17:09:57.714119+00:00 done function D166 round=2 result=true
2026-06-13T17:09:57.841149+00:00 done function D167 round=2 result=true
2026-06-13T17:09:57.946859+00:00 done function D168 round=2 result=true
2026-06-13T17:09:58.063853+00:00 done function D169 round=2 result=true
2026-06-13T17:09:58.172642+00:00 done function D170 round=2 result=true
2026-06-13T17:09:58.283728+00:00 done function D171 round=2 result=true
2026-06-13T17:09:58.394726+00:00 done function D172 round=2 result=true
2026-06-13T17:09:58.508429+00:00 done function D173 round=2 result=true
2026-06-13T17:09:58.646918+00:00 done function D174 round=2 result=true
2026-06-13T17:09:58.767295+00:00 done function D175 round=2 result=true
2026-06-13T17:09:58.880640+00:00 done function D176 round=2 result=true
2026-06-13T17:09:58.991717+00:00 done function D177 round=2 result=true
2026-06-13T17:09:59.105383+00:00 done function D178 round=2 result=true
2026-06-13T17:09:59.213790+00:00 done function D179 round=2 result=true
2026-06-13T17:09:59.336946+00:00 done function D180 round=2 result=true
2026-06-13T17:09:59.453077+00:00 done function D181 round=2 result=true
2026-06-13T17:09:59.562892+00:00 done function D182 round=2 result=true
2026-06-13T17:09:59.668878+00:00 done function D183 round=2 result=true
2026-06-13T17:09:59.780795+00:00 done function D184 round=2 result=true
2026-06-13T17:09:59.891823+00:00 done function D185 round=2 result=true
2026-06-13T17:10:00.004368+00:00 done function D186 round=2 result=true
2026-06-13T17:10:00.142630+00:00 done function D187 round=2 result=true
2026-06-13T17:10:00.249352+00:00 done function D188 round=2 result=true
2026-06-13T17:10:00.364322+00:00 done function D189 round=2 result=true
2026-06-13T17:10:00.470532+00:00 done function D190 round=2 result=true
2026-06-13T17:10:00.579872+00:00 done function D191 round=2 result=true
2026-06-13T17:10:00.701562+00:00 done function D192 round=2 result=true
2026-06-13T17:10:00.808753+00:00 done function D193 round=2 result=true
2026-06-13T17:10:00.929010+00:00 done function D194 round=2 result=true
2026-06-13T17:10:01.036556+00:00 done function D195 round=2 result=true
2026-06-13T17:10:01.147813+00:00 done function D196 round=2 result=true
2026-06-13T17:10:01.262084+00:00 done function D197 round=2 result=true
2026-06-13T17:10:01.391357+00:00 done function D198 round=2 result=true
2026-06-13T17:10:01.492305+00:00 done function D199 round=2 result=true
2026-06-13T17:10:01.617823+00:00 done function D200 round=2 result=true
2026-06-13T17:10:01.731448+00:00 done function D201 round=2 result=true
2026-06-13T17:10:01.839409+00:00 done function D202 round=2 result=true
2026-06-13T17:10:01.951268+00:00 done function D203 round=2 result=true
2026-06-13T17:10:02.064119+00:00 done function D204 round=2 result=true
2026-06-13T17:10:02.180040+00:00 done function D205 round=2 result=true
2026-06-13T17:10:02.291807+00:00 done function D206 round=2 result=true
2026-06-13T17:10:02.414931+00:00 done function D207 round=2 result=true
2026-06-13T17:10:02.529881+00:00 done function D208 round=2 result=true
2026-06-13T17:10:02.644101+00:00 done function D209 round=2 result=true
2026-06-13T17:10:02.759363+00:00 done function D210 round=2 result=true
2026-06-13T17:10:02.861935+00:00 done function D211 round=2 result=true
2026-06-13T17:10:02.973642+00:00 done function D212 round=2 result=true
2026-06-13T17:10:03.085276+00:00 done function D213 round=2 result=true
2026-06-13T17:10:03.205935+00:00 done function D214 round=2 result=true
2026-06-13T17:10:03.321004+00:00 done function D215 round=2 result=true
2026-06-13T17:10:03.432480+00:00 done function D216 round=2 result=true
2026-06-13T17:10:03.537289+00:00 done function D217 round=2 result=true
2026-06-13T17:10:03.653470+00:00 done function D218 round=2 result=true
2026-06-13T17:10:03.780011+00:00 done function D219 round=2 result=true
2026-06-13T17:10:03.894730+00:00 done function D220 round=2 result=true
2026-06-13T17:10:04.008843+00:00 done function D221 round=2 result=true
2026-06-13T17:10:04.118977+00:00 done function D222 round=2 result=true
2026-06-13T17:10:04.228074+00:00 done function D223 round=2 result=true
2026-06-13T17:10:04.346792+00:00 done function D224 round=2 result=true
2026-06-13T17:10:04.451851+00:00 done function D225 round=2 result=true
2026-06-13T17:10:04.562514+00:00 done function D226 round=2 result=true
2026-06-13T17:10:04.681099+00:00 done function D227 round=2 result=true
2026-06-13T17:10:04.792346+00:00 done function D228 round=2 result=true
2026-06-13T17:10:04.905330+00:00 done function D229 round=2 result=true
2026-06-13T17:10:05.019954+00:00 done function D230 round=2 result=true
2026-06-13T17:10:05.131587+00:00 done function D231 round=2 result=true
2026-06-13T17:10:05.249533+00:00 done function D232 round=2 result=true
2026-06-13T17:10:05.363687+00:00 done function D233 round=2 result=true
2026-06-13T17:10:05.482460+00:00 done function D234 round=2 result=true
2026-06-13T17:10:05.598707+00:00 done function D235 round=2 result=true
2026-06-13T17:10:05.712900+00:00 done function D236 round=2 result=true
2026-06-13T17:10:05.824583+00:00 done function D237 round=2 result=true
2026-06-13T17:10:05.927024+00:00 done function D238 round=2 result=true
2026-06-13T17:10:06.052619+00:00 done function D239 round=2 result=true
2026-06-13T17:10:06.160104+00:00 done function D240 round=2 result=true
2026-06-13T17:10:06.282262+00:00 done function D241 round=2 result=true
2026-06-13T17:10:06.399687+00:00 done function D242 round=2 result=true
2026-06-13T17:10:06.507794+00:00 done function D243 round=2 result=true
2026-06-13T17:10:06.632034+00:00 done function D244 round=2 result=true
2026-06-13T17:10:06.741928+00:00 done function D245 round=2 result=true
2026-06-13T17:10:07.741930+00:00 done function D246 round=2 result=true
2026-06-13T17:10:07.860347+00:00 done function D247 round=2 result=true
2026-06-13T17:10:07.968830+00:00 done function D248 round=2 result=true
2026-06-13T17:10:08.070252+00:00 done function D249 round=2 result=true
2026-06-13T17:10:08.183755+00:00 done function D250 round=2 result=true
2026-06-13T17:10:08.294998+00:00 done function D251 round=2 result=true
2026-06-13T17:10:08.405820+00:00 done function D252 round=2 result=true
2026-06-13T17:10:08.516597+00:00 done function D253 round=2 result=true
2026-06-13T17:10:08.638304+00:00 done function D254 round=2 result=true
2026-06-13T17:10:09.615223+00:00 done function D255 round=2 result=true
2026-06-13T17:10:09.726248+00:00 done function D256 round=2 result=true
2026-06-13T17:10:09.841497+00:00 done function D257 round=2 result=true
2026-06-13T17:10:09.948462+00:00 done function D258 round=2 result=true
2026-06-13T17:10:10.060145+00:00 done function D259 round=2 result=true
2026-06-13T17:10:10.172913+00:00 done function D260 round=2 result=true
2026-06-13T17:10:10.303043+00:00 done function D261 round=2 result=true
2026-06-13T17:10:10.405096+00:00 done function D262 round=2 result=true
2026-06-13T17:10:10.514881+00:00 done function D263 round=2 result=true
2026-06-13T17:10:11.484751+00:00 done function D264 round=2 result=true
2026-06-13T17:10:11.599217+00:00 done function D265 round=2 result=true
2026-06-13T17:10:11.708479+00:00 done function D266 round=2 result=true
2026-06-13T17:10:11.830549+00:00 done function D267 round=2 result=true
2026-06-13T17:10:11.942950+00:00 done function D268 round=2 result=true
2026-06-13T17:10:12.052994+00:00 done function D269 round=2 result=true
2026-06-13T17:10:12.164129+00:00 done function D270 round=2 result=true
2026-06-13T17:10:12.277391+00:00 done function D271 round=2 result=true
2026-06-13T17:10:12.386279+00:00 done function D272 round=2 result=true
2026-06-13T17:10:13.351106+00:00 done function D273 round=2 result=true
2026-06-13T17:10:13.475356+00:00 done function D274 round=2 result=true
2026-06-13T17:10:13.584529+00:00 done function D275 round=2 result=true
2026-06-13T17:10:13.697993+00:00 done function D276 round=2 result=true
2026-06-13T17:10:13.803429+00:00 done function D277 round=2 result=true
2026-06-13T17:10:13.915355+00:00 done function D278 round=2 result=true
2026-06-13T17:10:14.026195+00:00 done function D279 round=2 result=true
2026-06-13T17:10:14.144380+00:00 done function D280 round=2 result=true
2026-06-13T17:10:15.110607+00:00 done function D281 round=2 result=true
2026-06-13T17:10:15.225298+00:00 done function D282 round=2 result=true
2026-06-13T17:10:15.330691+00:00 done function D283 round=2 result=true
2026-06-13T17:10:15.437376+00:00 done function D284 round=2 result=true
2026-06-13T17:10:15.538227+00:00 done function D285 round=2 result=true
2026-06-13T17:10:15.638036+00:00 done function D286 round=2 result=true
2026-06-13T17:10:15.758551+00:00 done function D287 round=2 result=true
2026-06-13T17:10:15.873100+00:00 done function D288 round=2 result=true
2026-06-13T17:10:15.982438+00:00 done function D289 round=2 result=true
2026-06-13T17:10:16.968627+00:00 done function D290 round=2 result=true
2026-06-13T17:10:17.078445+00:00 done function D291 round=2 result=true
2026-06-13T17:10:17.188707+00:00 done function D292 round=2 result=true
2026-06-13T17:10:17.297296+00:00 done function D293 round=2 result=true
2026-06-13T17:10:17.421858+00:00 done function D294 round=2 result=true
2026-06-13T17:10:17.528647+00:00 done function D295 round=2 result=true
2026-06-13T17:10:17.638755+00:00 done function D296 round=2 result=true
2026-06-13T17:10:17.755627+00:00 done function D297 round=2 result=true
2026-06-13T17:10:17.864717+00:00 done function D298 round=2 result=true
2026-06-13T17:10:18.850104+00:00 done function D299 round=2 result=true
2026-06-13T17:10:18.950554+00:00 done function D300 round=2 result=true
2026-06-13T17:10:19.083315+00:00 done function D301 round=2 result=true
2026-06-13T17:10:19.201685+00:00 done function D302 round=2 result=true
2026-06-13T17:10:19.309936+00:00 done function D303 round=2 result=true
2026-06-13T17:10:19.422008+00:00 done function D304 round=2 result=true
2026-06-13T17:10:19.532560+00:00 done function D305 round=2 result=true
2026-06-13T17:10:19.650121+00:00 done function D306 round=2 result=true
2026-06-13T17:10:19.759256+00:00 done function D307 round=2 result=true
2026-06-13T17:10:20.761462+00:00 done function D308 round=2 result=true
2026-06-13T17:10:20.862370+00:00 done function D309 round=2 result=true
2026-06-13T17:10:20.962314+00:00 done function D310 round=2 result=true
2026-06-13T17:10:21.065816+00:00 done function D311 round=2 result=true
2026-06-13T17:10:21.175008+00:00 done function D312 round=2 result=true
2026-06-13T17:10:21.290449+00:00 done function D313 round=2 result=true
2026-06-13T17:10:21.406955+00:00 done function D314 round=2 result=true
2026-06-13T17:10:21.493380+00:00 done function D315 round=2 result=true
2026-06-13T17:10:21.589986+00:00 done function D316 round=2 result=true
2026-06-13T17:10:22.529923+00:00 done function D317 round=2 result=true
2026-06-13T17:10:22.629656+00:00 done function D318 round=2 result=true
2026-06-13T17:10:22.746721+00:00 done function D319 round=2 result=true
2026-06-13T17:10:22.844428+00:00 done function D320 round=2 result=true
2026-06-13T17:10:22.951931+00:00 done function D321 round=2 result=true
2026-06-13T17:10:23.050941+00:00 done function D322 round=2 result=true
2026-06-13T17:10:23.141201+00:00 done function D323 round=2 result=true
2026-06-13T17:10:23.230939+00:00 done function D324 round=2 result=true
2026-06-13T17:10:23.338375+00:00 done function D325 round=2 result=true
2026-06-13T17:10:23.435553+00:00 done function D326 round=2 result=true
2026-06-13T17:10:24.384524+00:00 done function D327 round=2 result=true
2026-06-13T17:10:24.507555+00:00 done function D328 round=2 result=true
2026-06-13T17:10:24.615623+00:00 done function D329 round=2 result=true
2026-06-13T17:10:24.706938+00:00 done function D330 round=2 result=true
2026-06-13T17:10:24.806311+00:00 done function D331 round=2 result=true
2026-06-13T17:10:24.900943+00:00 done function D332 round=2 result=true
2026-06-13T17:10:25.000100+00:00 done function D333 round=2 result=true
2026-06-13T17:10:25.105223+00:00 done function D334 round=2 result=true
2026-06-13T17:10:26.040963+00:00 done function D335 round=2 result=true
2026-06-13T17:10:26.130995+00:00 done function D336 round=2 result=true
2026-06-13T17:10:27.074792+00:00 done function D337 round=2 result=true
2026-06-13T17:10:27.173300+00:00 done function D338 round=2 result=true
2026-06-13T17:10:28.137005+00:00 done function D339 round=2 result=true
2026-06-13T17:10:28.233323+00:00 done function D340 round=2 result=true
2026-06-13T17:10:29.196408+00:00 done function D341 round=2 result=true
2026-06-13T17:10:29.287150+00:00 done function D342 round=2 result=true
2026-06-13T17:10:30.234739+00:00 done function D343 round=2 result=true
2026-06-13T17:10:30.342210+00:00 done function D344 round=2 result=true
2026-06-13T17:10:31.095307+00:00 done function D345 round=2 result=true
2026-06-13T17:10:31.191770+00:00 done function D346 round=2 result=true
2026-06-13T17:10:32.203483+00:00 done function D347 round=2 result=true
2026-06-13T17:10:32.305186+00:00 done function D348 round=2 result=true
2026-06-13T17:10:33.270540+00:00 done function D349 round=2 result=true
2026-06-13T17:10:33.369926+00:00 done function D350 round=2 result=true
2026-06-13T17:10:34.019685+00:00 done function D351 round=2 result=true
2026-06-13T17:10:34.118198+00:00 done function D352 round=2 result=true
2026-06-13T17:10:40.191914+00:00 done function D353 round=2 result=true
2026-06-13T17:10:40.305002+00:00 done function D354 round=2 result=true
2026-06-13T17:10:41.315878+00:00 done function D355 round=2 result=true
2026-06-13T17:10:41.415361+00:00 done function D356 round=2 result=true
2026-06-13T17:10:41.505969+00:00 done function D357 round=2 result=true
2026-06-13T17:10:41.603043+00:00 done function D358 round=2 result=true
2026-06-13T17:10:41.728501+00:00 done function D359 round=2 result=true
2026-06-13T17:10:41.826584+00:00 done function D360 round=2 result=true
2026-06-13T17:10:41.924750+00:00 done function D361 round=2 result=true
2026-06-13T17:10:42.019615+00:00 done function D362 round=2 result=true
2026-06-13T17:10:42.122206+00:00 done function D363 round=2 result=true
2026-06-13T17:10:42.222215+00:00 done function D364 round=2 result=true
2026-06-13T17:10:43.171138+00:00 done function D365 round=2 result=true
2026-06-13T17:10:43.258503+00:00 done function D366 round=2 result=true
2026-06-13T17:10:43.356678+00:00 done function D367 round=2 result=true
2026-06-13T17:10:43.449633+00:00 done function D368 round=2 result=true
2026-06-13T17:10:43.542666+00:00 done function D369 round=2 result=true
2026-06-13T17:10:43.637584+00:00 done function D370 round=2 result=true
2026-06-13T17:10:43.745760+00:00 done function D371 round=2 result=true
2026-06-13T17:10:43.838660+00:00 done function D372 round=2 result=true
2026-06-13T17:10:43.931570+00:00 done function D373 round=2 result=true
2026-06-13T17:10:44.033938+00:00 done function D374 round=2 result=true
2026-06-13T17:10:45.010711+00:00 done function D375 round=2 result=true
2026-06-13T17:10:45.107788+00:00 done function D376 round=2 result=true
2026-06-13T17:10:45.211823+00:00 done function D377 round=2 result=true
2026-06-13T17:10:45.308958+00:00 done function D378 round=2 result=true
2026-06-13T17:10:45.431373+00:00 done function D379 round=2 result=true
2026-06-13T17:10:46.395368+00:00 done function D380 round=2 result=true
2026-06-13T17:10:46.495959+00:00 done function D381 round=2 result=true
2026-06-13T17:10:47.206210+00:00 done function D382 round=2 result=true
2026-06-13T17:10:47.306964+00:00 done function D383 round=2 result=true
2026-06-13T17:10:47.451553+00:00 done function D384 round=2 result=true
2026-06-13T17:10:47.562748+00:00 done function D385 round=2 result=true
2026-06-13T17:10:47.662672+00:00 done function D386 round=2 result=true
2026-06-13T17:10:47.762658+00:00 done function D387 round=2 result=true
2026-06-13T17:10:47.885180+00:00 done function D388 round=2 result=true
2026-06-13T17:10:47.983963+00:00 done function D389 round=2 result=true
2026-06-13T17:10:48.083975+00:00 done function D390 round=2 result=true
2026-06-13T17:10:48.184046+00:00 done function D391 round=2 result=true
2026-06-13T17:10:48.284556+00:00 done function D392 round=2 result=true
2026-06-13T17:10:48.373410+00:00 done function D393 round=2 result=true
2026-06-13T17:10:48.483105+00:00 done function D394 round=2 result=true
2026-06-13T17:10:48.596369+00:00 done function D395 round=2 result=true
2026-06-13T17:10:48.704824+00:00 done function D396 round=2 result=true
2026-06-13T17:10:48.804323+00:00 done function D397 round=2 result=true
2026-06-13T17:10:48.904871+00:00 done function D398 round=2 result=true
2026-06-13T17:10:49.009326+00:00 done function D399 round=2 result=true
2026-06-13T17:10:49.138685+00:00 done function D400 round=2 result=true
2026-06-13T17:10:49.237457+00:00 done function D401 round=2 result=true
2026-06-13T17:10:49.341661+00:00 done function D402 round=2 result=true
2026-06-13T17:10:49.466676+00:00 done function D403 round=2 result=true
2026-06-13T17:10:49.582963+00:00 done function D404 round=2 result=true
2026-06-13T17:10:49.683583+00:00 done function D405 round=2 result=true
2026-06-13T17:10:49.785720+00:00 done function D406 round=2 result=true
2026-06-13T17:10:49.902227+00:00 done function D407 round=2 result=true
2026-06-13T17:10:49.999701+00:00 done function D408 round=2 result=true
2026-06-13T17:10:50.110904+00:00 done function D409 round=2 result=true
2026-06-13T17:10:50.221035+00:00 done function D410 round=2 result=true
2026-06-13T17:10:50.335866+00:00 done function D411 round=2 result=true
2026-06-13T17:10:50.438902+00:00 done function D412 round=2 result=true
2026-06-13T17:10:50.547417+00:00 done function D413 round=2 result=true
2026-06-13T17:10:50.651250+00:00 done function D414 round=2 result=true
2026-06-13T17:10:50.759444+00:00 done function D415 round=2 result=true
2026-06-13T17:10:50.863858+00:00 done function D416 round=2 result=true
2026-06-13T17:10:50.968177+00:00 done function D417 round=2 result=true
2026-06-13T17:10:51.080769+00:00 done function D418 round=2 result=true
2026-06-13T17:10:51.190089+00:00 done function D419 round=2 result=true
2026-06-13T17:10:51.308901+00:00 done function D420 round=2 result=true
2026-06-13T17:10:51.425281+00:00 done function D421 round=2 result=true
2026-06-13T17:10:51.526246+00:00 done function D422 round=2 result=true
2026-06-13T17:10:51.630172+00:00 done function D423 round=2 result=true
2026-06-13T17:10:51.728953+00:00 done function D424 round=2 result=true
2026-06-13T17:10:51.835510+00:00 done function D463 round=2 result=true
2026-06-13T17:10:51.946193+00:00 done function D464 round=2 result=true
2026-06-13T17:10:52.949753+00:00 done function D465 round=2 result=true
2026-06-13T17:10:53.056572+00:00 done function D466 round=2 result=true
2026-06-13T17:10:53.153049+00:00 done function D467 round=2 result=true
2026-06-13T17:10:53.266037+00:00 done function D468 round=2 result=true
2026-06-13T17:10:53.378569+00:00 done function D469 round=2 result=true
2026-06-13T17:10:53.498290+00:00 done function D470 round=2 result=true
2026-06-13T17:10:53.618886+00:00 done case C-0001 round=2 result=true
2026-06-13T17:10:53.726096+00:00 done case C-0002 round=2 result=true
2026-06-13T17:10:53.836967+00:00 done case C-0003 round=2 result=true
2026-06-13T17:10:54.823950+00:00 done case C-0004 round=2 result=true
2026-06-13T17:10:54.944023+00:00 done case C-0005 round=2 result=true
2026-06-13T17:10:55.054826+00:00 done case C-0006 round=2 result=true
2026-06-13T17:10:55.166755+00:00 done case C-0007 round=2 result=true
2026-06-13T17:10:55.281808+00:00 done case C-0008 round=2 result=true
2026-06-13T17:10:55.399803+00:00 done case C-0009 round=2 result=true
2026-06-13T17:10:55.511666+00:00 done case C-0010 round=2 result=true
2026-06-13T17:10:55.623748+00:00 done case C-0011 round=2 result=true
2026-06-13T17:10:55.745114+00:00 done case C-0012 round=2 result=true
2026-06-13T17:10:56.712075+00:00 done case C-0013 round=2 result=true
2026-06-13T17:10:56.821965+00:00 done case C-0014 round=2 result=true
2026-06-13T17:10:56.933736+00:00 done case C-0015 round=2 result=true
2026-06-13T17:10:57.048479+00:00 done case C-0016 round=2 result=true
2026-06-13T17:10:57.169621+00:00 done case C-0017 round=2 result=true
2026-06-13T17:10:57.278896+00:00 done case C-0018 round=2 result=true
2026-06-13T17:10:57.389443+00:00 done case C-0019 round=2 result=true
2026-06-13T17:10:57.500315+00:00 done case C-0020 round=2 result=true
2026-06-13T17:10:58.479513+00:00 done case C-0021 round=2 result=true
2026-06-13T17:10:58.593870+00:00 done case C-0022 round=2 result=true
2026-06-13T17:10:58.711812+00:00 done case C-0023 round=2 result=true
2026-06-13T17:10:58.825720+00:00 done case C-0024 round=2 result=true
2026-06-13T17:10:58.945618+00:00 done case C-0025 round=2 result=true
2026-06-13T17:10:59.060664+00:00 done case C-0026 round=2 result=true
2026-06-13T17:10:59.190410+00:00 done case C-0027 round=2 result=true
2026-06-13T17:10:59.302549+00:00 done case C-0028 round=2 result=true
2026-06-13T17:10:59.423020+00:00 done case C-0029 round=2 result=true
2026-06-13T17:11:00.404719+00:00 done case C-0030 round=2 result=true
2026-06-13T17:11:00.523208+00:00 done case C-0031 round=2 result=true
2026-06-13T17:11:00.635497+00:00 done case C-0032 round=2 result=true
2026-06-13T17:11:00.746667+00:00 done case C-0033 round=2 result=true
2026-06-13T17:11:00.860044+00:00 done case C-0034 round=2 result=true
2026-06-13T17:11:00.980004+00:00 done case C-0035 round=2 result=true
2026-06-13T17:11:01.090399+00:00 done case C-0036 round=2 result=true
2026-06-13T17:11:01.206693+00:00 done case C-0037 round=2 result=true
2026-06-13T17:11:02.197530+00:00 done case C-0038 round=2 result=true
2026-06-13T17:11:02.326463+00:00 done case C-0039 round=2 result=true
2026-06-13T17:11:02.446595+00:00 done case C-0040 round=2 result=true
2026-06-13T17:11:02.561450+00:00 done case C-0041 round=2 result=true
2026-06-13T17:11:02.684451+00:00 done case C-0042 round=2 result=true
2026-06-13T17:11:02.814179+00:00 done case C-0043 round=2 result=true
2026-06-13T17:11:02.946540+00:00 done case C-0044 round=2 result=true
2026-06-13T17:11:03.069801+00:00 done case C-0045 round=2 result=true
2026-06-13T17:11:04.037220+00:00 done case C-0046 round=2 result=true
2026-06-13T17:11:04.148727+00:00 done case C-0047 round=2 result=true
2026-06-13T17:11:04.262885+00:00 done case C-0048 round=2 result=true
2026-06-13T17:11:04.381955+00:00 done case C-0049 round=2 result=true
2026-06-13T17:11:04.493933+00:00 done case C-0050 round=2 result=true
2026-06-13T17:11:04.602987+00:00 done case C-0051 round=2 result=true
2026-06-13T17:11:04.714450+00:00 done case C-0052 round=2 result=true
2026-06-13T17:11:04.825739+00:00 done case C-0053 round=2 result=true
2026-06-13T17:11:04.941181+00:00 done case C-0054 round=2 result=true
2026-06-13T17:11:05.919117+00:00 done case C-0055 round=2 result=true
2026-06-13T17:11:06.052007+00:00 done case C-0056 round=2 result=true
2026-06-13T17:11:06.173415+00:00 done case C-0057 round=2 result=true
2026-06-13T17:11:06.308875+00:00 done case C-0058 round=2 result=true
2026-06-13T17:11:06.428548+00:00 done case C-0059 round=2 result=true
2026-06-13T17:11:06.561010+00:00 done case C-0060 round=2 result=true
2026-06-13T17:11:06.675729+00:00 done case C-0061 round=2 result=true
2026-06-13T17:11:06.796165+00:00 done case C-0062 round=2 result=true
2026-06-13T17:11:07.772836+00:00 done case C-0063 round=2 result=true
2026-06-13T17:11:07.883214+00:00 done case C-0064 round=2 result=true
2026-06-13T17:11:07.992937+00:00 done case C-0065 round=2 result=true
2026-06-13T17:11:08.109974+00:00 done case C-0066 round=2 result=true
2026-06-13T17:11:08.227252+00:00 done case C-0067 round=2 result=true
2026-06-13T17:11:08.338143+00:00 done case C-0068 round=2 result=true
2026-06-13T17:11:08.449200+00:00 done case C-0069 round=2 result=true
2026-06-13T17:11:08.560349+00:00 done case C-0070 round=2 result=true
2026-06-13T17:11:08.675244+00:00 done case C-0071 round=2 result=true
2026-06-13T17:11:09.461628+00:00 done case C-0072 round=2 result=true
2026-06-13T17:11:09.572688+00:00 done case C-0073 round=2 result=true
2026-06-13T17:11:09.705627+00:00 done case C-0074 round=2 result=true
2026-06-13T17:11:09.826260+00:00 done case C-0075 round=2 result=true
2026-06-13T17:11:09.961240+00:00 done case C-0076 round=2 result=true
2026-06-13T17:11:10.093797+00:00 done case C-0077 round=2 result=true
2026-06-13T17:11:10.214990+00:00 done case C-0078 round=2 result=true
2026-06-13T17:11:10.338075+00:00 done case C-0079 round=2 result=true
2026-06-13T17:11:11.382594+00:00 done case C-0080 round=2 result=true
2026-06-13T17:11:12.360430+00:00 done case C-0081 round=2 result=true
2026-06-13T17:11:12.483174+00:00 done case C-0082 round=2 result=true
2026-06-13T17:11:13.495733+00:00 done case C-0083 round=2 result=true
2026-06-13T17:11:14.473019+00:00 done case C-0084 round=2 result=true
2026-06-13T17:11:15.474137+00:00 done case C-0085 round=2 result=true
2026-06-13T17:11:15.606670+00:00 done case C-0086 round=2 result=true
2026-06-13T17:11:16.584120+00:00 done case C-0087 round=2 result=true
2026-06-13T17:11:17.585164+00:00 done case C-0088 round=2 result=true
2026-06-13T17:11:17.731784+00:00 done case C-0089 round=2 result=true
2026-06-13T17:11:18.730589+00:00 done case C-0090 round=2 result=true
2026-06-13T17:11:19.716987+00:00 done case C-0091 round=2 result=true
2026-06-13T17:11:19.840699+00:00 done case C-0092 round=2 result=true
2026-06-13T17:11:20.841598+00:00 done case C-0093 round=2 result=true
2026-06-13T17:11:20.961849+00:00 done case C-0094 round=2 result=true
2026-06-13T17:11:21.964926+00:00 done case C-0095 round=2 result=true
2026-06-13T17:11:22.977627+00:00 done case C-0096 round=2 result=true
2026-06-13T17:11:23.097775+00:00 done case C-0097 round=2 result=true
2026-06-13T17:11:24.110285+00:00 done case C-0098 round=2 result=true
2026-06-13T17:11:24.675728+00:00 done case C-0099 round=2 result=true
2026-06-13T17:11:24.798977+00:00 done case C-0100 round=2 result=true
2026-06-13T17:11:25.843190+00:00 done case C-0101 round=2 result=true
2026-06-13T17:11:26.844061+00:00 done case C-0102 round=2 result=true
2026-06-13T17:11:26.978006+00:00 done case C-0103 round=2 result=true
2026-06-13T17:11:27.988441+00:00 done case C-0104 round=2 result=true
2026-06-13T17:11:28.961528+00:00 done case C-0105 round=2 result=true
2026-06-13T17:11:29.100442+00:00 done case C-0106 round=2 result=true
2026-06-13T17:11:30.101342+00:00 done case C-0107 round=2 result=true
2026-06-13T17:11:31.101815+00:00 done case C-0108 round=2 result=true
2026-06-13T17:11:32.089740+00:00 done case C-0109 round=2 result=true
2026-06-13T17:11:32.223591+00:00 done case C-0110 round=2 result=true
2026-06-13T17:11:33.224735+00:00 done case C-0111 round=2 result=true
2026-06-13T17:11:34.213122+00:00 done case C-0112 round=2 result=true
2026-06-13T17:11:35.191693+00:00 done case C-0113 round=2 result=true
2026-06-13T17:11:35.333708+00:00 done case C-0114 round=2 result=true
2026-06-13T17:11:36.325052+00:00 done case C-0115 round=2 result=true
2026-06-13T17:11:37.324201+00:00 done case C-0116 round=2 result=true
2026-06-13T17:11:38.292628+00:00 done case C-0117 round=2 result=true
2026-06-13T17:11:38.426402+00:00 done case C-0118 round=2 result=true
2026-06-13T17:11:39.427782+00:00 done case C-0119 round=2 result=true
2026-06-13T17:11:40.436657+00:00 done case C-0120 round=2 result=true
2026-06-13T17:11:41.450745+00:00 done case C-0121 round=2 result=true
2026-06-13T17:11:42.427857+00:00 done case C-0122 round=2 result=true
2026-06-13T17:11:42.560808+00:00 done case C-0123 round=2 result=true
2026-06-13T17:11:43.338052+00:00 done case C-0124 round=2 result=true
2026-06-13T17:11:44.383888+00:00 done case C-0125 round=2 result=true
2026-06-13T17:11:45.353167+00:00 done case C-0126 round=2 result=true
2026-06-13T17:11:45.496700+00:00 done case C-0127 round=2 result=true
2026-06-13T17:11:46.495367+00:00 done case C-0128 round=2 result=true
2026-06-13T17:11:47.298855+00:00 done case C-0129 round=2 result=true
2026-06-13T17:11:47.418244+00:00 done case C-0130 round=2 result=true
2026-06-13T17:11:48.457638+00:00 done case C-0131 round=2 result=true
2026-06-13T17:11:48.596701+00:00 done case C-0132 round=2 result=true
2026-06-13T17:11:48.718706+00:00 done case C-0133 round=2 result=true
2026-06-13T17:11:48.843811+00:00 done case C-0134 round=2 result=true
2026-06-13T17:11:48.985439+00:00 done case C-0135 round=2 result=true
2026-06-13T17:11:49.119221+00:00 done case C-0136 round=2 result=true
2026-06-13T17:11:49.251973+00:00 done case C-0137 round=2 result=true
2026-06-13T17:11:50.231946+00:00 done case C-0138 round=2 result=true
2026-06-13T17:11:50.363715+00:00 done case C-0139 round=2 result=true
2026-06-13T17:11:50.497452+00:00 done case C-0140 round=2 result=true
2026-06-13T17:11:50.630966+00:00 done case C-0141 round=2 result=true
2026-06-13T17:11:50.748980+00:00 done case C-0142 round=2 result=true
2026-06-13T17:11:50.867985+00:00 done case C-0143 round=2 result=true
2026-06-13T17:11:51.001593+00:00 done case C-0144 round=2 result=true
2026-06-13T17:11:51.123500+00:00 done case C-0145 round=2 result=true
2026-06-13T17:11:52.112938+00:00 done case C-0146 round=2 result=true
2026-06-13T17:11:52.220956+00:00 done case C-0147 round=2 result=true
2026-06-13T17:11:52.337338+00:00 done case C-0148 round=2 result=true
2026-06-13T17:11:52.459208+00:00 done case C-0149 round=2 result=true
2026-06-13T17:11:52.577469+00:00 done case C-0150 round=2 result=true
2026-06-13T17:11:52.693287+00:00 done case C-0151 round=2 result=true
2026-06-13T17:11:52.811822+00:00 done case C-0152 round=2 result=true
2026-06-13T17:11:52.935809+00:00 done case C-0153 round=2 result=true
2026-06-13T17:11:53.903609+00:00 done case C-0154 round=2 result=true
2026-06-13T17:11:54.034777+00:00 done case C-0155 round=2 result=true
2026-06-13T17:11:54.144207+00:00 done case C-0156 round=2 result=true
2026-06-13T17:11:54.266959+00:00 done case C-0157 round=2 result=true
2026-06-13T17:11:54.387161+00:00 done case C-0158 round=2 result=true
2026-06-13T17:11:54.501770+00:00 done case C-0159 round=2 result=true
2026-06-13T17:11:54.626000+00:00 done case C-0160 round=2 result=true
2026-06-13T17:11:54.749669+00:00 done case C-0161 round=2 result=true
2026-06-13T17:11:55.302454+00:00 done case C-0162 round=2 result=true
2026-06-13T17:11:55.426682+00:00 done case C-0163 round=2 result=true
2026-06-13T17:11:55.555688+00:00 done case C-0164 round=2 result=true
2026-06-13T17:11:55.700349+00:00 done case C-0165 round=2 result=true
2026-06-13T17:11:55.837919+00:00 done case C-0166 round=2 result=true
2026-06-13T17:11:55.955512+00:00 done case C-0167 round=2 result=true
2026-06-13T17:11:56.080657+00:00 done case C-0168 round=2 result=true
2026-06-13T17:11:56.200835+00:00 done case C-0169 round=2 result=true
2026-06-13T17:11:57.212525+00:00 done case C-0170 round=2 result=true
2026-06-13T17:11:57.335885+00:00 done case C-0171 round=2 result=true
2026-06-13T17:11:57.456985+00:00 done case C-0172 round=2 result=true
2026-06-13T17:11:57.578571+00:00 done case C-0173 round=2 result=true
2026-06-13T17:11:57.706522+00:00 done case C-0174 round=2 result=true
2026-06-13T17:11:57.834268+00:00 done case C-0175 round=2 result=true
2026-06-13T17:11:57.958994+00:00 done case C-0176 round=2 result=true
2026-06-13T17:11:58.082753+00:00 done case C-0177 round=2 result=true
2026-06-13T17:11:59.052469+00:00 done case C-0178 round=2 result=true
2026-06-13T17:11:59.192463+00:00 done case C-0179 round=2 result=true
2026-06-13T17:11:59.323024+00:00 done case C-0180 round=2 result=true
2026-06-13T17:11:59.446371+00:00 done case C-0181 round=2 result=true
2026-06-13T17:11:59.573340+00:00 done case C-0182 round=2 result=true
2026-06-13T17:11:59.713206+00:00 done case C-0183 round=2 result=true
2026-06-13T17:11:59.849660+00:00 done case C-0184 round=2 result=true
2026-06-13T17:11:59.979883+00:00 done case C-0185 round=2 result=true
2026-06-13T17:12:00.348103+00:00 done case C-0186 round=2 result=true
2026-06-13T17:12:00.474959+00:00 done case C-0187 round=2 result=true
2026-06-13T17:12:00.601968+00:00 done case C-0188 round=2 result=true
2026-06-13T17:12:00.723535+00:00 done case C-0189 round=2 result=true
2026-06-13T17:12:00.846458+00:00 done case C-0190 round=2 result=true
2026-06-13T17:12:00.980144+00:00 done case C-0191 round=2 result=true
2026-06-13T17:12:01.116445+00:00 done case C-0192 round=2 result=true
2026-06-13T17:12:02.124825+00:00 done case C-0193 round=2 result=true
2026-06-13T17:12:02.247800+00:00 done case C-0194 round=2 result=true
2026-06-13T17:12:03.251701+00:00 done case C-0195 round=2 result=true
2026-06-13T17:12:04.203312+00:00 done case C-0196 round=2 result=true
2026-06-13T17:12:04.330830+00:00 done case C-0197 round=2 result=true
2026-06-13T17:12:05.339822+00:00 done case C-0198 round=2 result=true
2026-06-13T17:12:06.314770+00:00 done case C-0199 round=2 result=true
2026-06-13T17:12:06.442450+00:00 done case C-0200 round=2 result=true
2026-06-13T17:12:07.441259+00:00 done case C-0201 round=2 result=true
2026-06-13T17:12:08.420262+00:00 done case C-0202 round=2 result=true
2026-06-13T17:12:08.547629+00:00 done case C-0203 round=2 result=true
2026-06-13T17:12:09.553916+00:00 done case C-0204 round=2 result=true
2026-06-13T17:12:10.549554+00:00 done case C-0205 round=2 result=true
2026-06-13T17:12:11.550397+00:00 done case C-0206 round=2 result=true
2026-06-13T17:12:11.692879+00:00 done case C-0207 round=2 result=true
2026-06-13T17:12:12.704060+00:00 done case C-0208 round=2 result=true
2026-06-13T17:12:13.682047+00:00 done case C-0209 round=2 result=true
2026-06-13T17:12:13.838440+00:00 done case C-0210 round=2 result=true
2026-06-13T17:12:14.805023+00:00 done case C-0211 round=2 result=true
2026-06-13T17:12:15.806021+00:00 done case C-0212 round=2 result=true
2026-06-13T17:12:16.782920+00:00 done case C-0213 round=2 result=true
2026-06-13T17:12:16.929545+00:00 done case C-0214 round=2 result=true
2026-06-13T17:12:17.525781+00:00 done case C-0215 round=2 result=true
2026-06-13T17:12:18.544774+00:00 done case C-0216 round=2 result=true
2026-06-13T17:12:18.694352+00:00 done case C-0217 round=2 result=true
2026-06-13T17:12:19.718112+00:00 done case C-0218 round=2 result=true
2026-06-13T17:12:20.741008+00:00 done case C-0219 round=2 result=true
2026-06-13T17:12:21.751460+00:00 done case C-0220 round=2 result=true
2026-06-13T17:12:21.895441+00:00 done case C-0221 round=2 result=true
2026-06-13T17:12:22.896919+00:00 done case C-0222 round=2 result=true
2026-06-13T17:12:23.930770+00:00 done case C-0223 round=2 result=true
2026-06-13T17:12:24.730196+00:00 done case C-0224 round=2 result=true
2026-06-13T17:12:24.875195+00:00 done case C-0225 round=2 result=true
2026-06-13T17:12:25.899992+00:00 done case C-0226 round=2 result=true
2026-06-13T17:12:26.041196+00:00 done case C-0227 round=2 result=true
2026-06-13T17:12:26.174549+00:00 done case C-0228 round=2 result=true
2026-06-13T17:12:26.307667+00:00 done case C-0229 round=2 result=true
2026-06-13T17:12:26.441657+00:00 done case C-0230 round=2 result=true
2026-06-13T17:12:26.584254+00:00 done case C-0231 round=2 result=true
2026-06-13T17:12:26.721695+00:00 done case C-0232 round=2 result=true
2026-06-13T17:12:27.721500+00:00 done case C-0233 round=2 result=true
2026-06-13T17:12:27.864021+00:00 done case C-0234 round=2 result=true
2026-06-13T17:12:28.008357+00:00 done case C-0235 round=2 result=true
2026-06-13T17:12:28.132792+00:00 done case C-0236 round=2 result=true
2026-06-13T17:12:28.253049+00:00 done case C-0237 round=2 result=true
2026-06-13T17:12:28.387511+00:00 done case C-0238 round=2 result=true
2026-06-13T17:12:28.524400+00:00 done case C-0239 round=2 result=true
2026-06-13T17:12:29.509658+00:00 done case C-0240 round=2 result=true
2026-06-13T17:12:29.653925+00:00 done case C-0241 round=2 result=true
2026-06-13T17:12:29.793313+00:00 done case C-0242 round=2 result=true
2026-06-13T17:12:29.931612+00:00 done case C-0243 round=2 result=true
2026-06-13T17:12:30.064481+00:00 done case C-0244 round=2 result=true
2026-06-13T17:12:30.209392+00:00 done case C-0245 round=2 result=true
2026-06-13T17:12:30.353817+00:00 done case C-0246 round=2 result=true
2026-06-13T17:12:31.332804+00:00 done case C-0247 round=2 result=true
2026-06-13T17:12:31.476872+00:00 done case C-0248 round=2 result=true
2026-06-13T17:12:31.611629+00:00 done case C-0249 round=2 result=true
2026-06-13T17:12:31.743483+00:00 done case C-0250 round=2 result=true
2026-06-13T17:12:31.887781+00:00 done case C-0251 round=2 result=true
2026-06-13T17:12:32.022452+00:00 done case C-0252 round=2 result=true
2026-06-13T17:12:32.168753+00:00 done case C-0253 round=2 result=true
2026-06-13T17:12:33.177149+00:00 done case C-0254 round=2 result=true
2026-06-13T17:12:33.322805+00:00 done case C-0255 round=2 result=true
2026-06-13T17:12:33.470593+00:00 done case C-0256 round=2 result=true
2026-06-13T17:12:33.611036+00:00 done case C-0257 round=2 result=true
2026-06-13T17:12:33.755426+00:00 done case C-0258 round=2 result=true
2026-06-13T17:12:33.882797+00:00 done case C-0259 round=2 result=true
2026-06-13T17:12:34.025421+00:00 done case C-0260 round=2 result=true
2026-06-13T17:12:34.155363+00:00 done case C-0261 round=2 result=true
2026-06-13T17:12:35.158151+00:00 done case C-0262 round=2 result=true
2026-06-13T17:12:35.277498+00:00 done case C-0263 round=2 result=true
2026-06-13T17:12:35.423228+00:00 done case C-0264 round=2 result=true
2026-06-13T17:12:35.567895+00:00 done case C-0265 round=2 result=true
2026-06-13T17:12:35.701389+00:00 done case C-0266 round=2 result=true
2026-06-13T17:12:35.844180+00:00 done case C-0267 round=2 result=true
2026-06-13T17:12:35.989398+00:00 done case C-0268 round=2 result=true
2026-06-13T17:12:36.591199+00:00 done case C-0269 round=2 result=true
2026-06-13T17:12:36.722600+00:00 done case C-0270 round=2 result=true
2026-06-13T17:12:36.867211+00:00 done case C-0271 round=2 result=true
2026-06-13T17:12:37.012232+00:00 done case C-0272 round=2 result=true
2026-06-13T17:12:37.148736+00:00 done case C-0273 round=2 result=true
2026-06-13T17:12:37.276155+00:00 done case C-0274 round=2 result=true
2026-06-13T17:12:37.400731+00:00 done case C-0275 round=2 result=true
2026-06-13T17:12:38.445348+00:00 done case C-0276 round=2 result=true
2026-06-13T17:12:38.579272+00:00 done case C-0277 round=2 result=true
2026-06-13T17:12:38.724896+00:00 done case C-0278 round=2 result=true
2026-06-13T17:12:38.873264+00:00 done case C-0279 round=2 result=true
2026-06-13T17:12:39.001330+00:00 done case C-0280 round=2 result=true
2026-06-13T17:12:39.136139+00:00 done case C-0281 round=2 result=true
2026-06-13T17:12:39.290791+00:00 done case C-0282 round=2 result=true
2026-06-13T17:12:40.301581+00:00 done case C-0283 round=2 result=true
2026-06-13T17:12:40.446128+00:00 done case C-0284 round=2 result=true
2026-06-13T17:12:40.588200+00:00 done case C-0285 round=2 result=true
2026-06-13T17:12:40.725594+00:00 done case C-0286 round=2 result=true
2026-06-13T17:12:41.748928+00:00 done case C-0287 round=2 result=true
2026-06-13T17:12:42.747399+00:00 done case C-0288 round=2 result=true
2026-06-13T17:12:43.770029+00:00 done case C-0289 round=2 result=true
2026-06-13T17:12:43.903389+00:00 done case C-0290 round=2 result=true
2026-06-13T17:12:44.903243+00:00 done case C-0291 round=2 result=true
2026-06-13T17:12:45.704263+00:00 done case C-0292 round=2 result=true
2026-06-13T17:12:46.759099+00:00 done case C-0293 round=2 result=true
2026-06-13T17:12:46.893918+00:00 done case C-0294 round=2 result=true
2026-06-13T17:12:47.026049+00:00 done case C-0295 round=2 result=true
2026-06-13T17:12:47.170880+00:00 done case C-0296 round=2 result=true
2026-06-13T17:12:47.315568+00:00 done case C-0297 round=2 result=true
2026-06-13T17:12:47.459755+00:00 done case C-0298 round=2 result=true
2026-06-13T17:12:47.615123+00:00 done case C-0299 round=2 result=true
2026-06-13T17:12:48.615525+00:00 done case C-0300 round=2 result=true
2026-06-13T17:12:48.771712+00:00 done case C-0301 round=2 result=true
2026-06-13T17:12:48.918146+00:00 done case C-0302 round=2 result=true
2026-06-13T17:12:49.059751+00:00 done case C-0303 round=2 result=true
2026-06-13T17:12:49.204843+00:00 done case C-0304 round=2 result=true
2026-06-13T17:12:49.341680+00:00 done case C-0305 round=2 result=true
2026-06-13T17:12:49.474053+00:00 done case C-0306 round=2 result=true
2026-06-13T17:12:50.494702+00:00 done case C-0307 round=2 result=true
2026-06-13T17:12:50.617894+00:00 done case C-0308 round=2 result=true
2026-06-13T17:12:50.732407+00:00 done case C-0309 round=2 result=true
2026-06-13T17:12:50.864595+00:00 done case C-0310 round=2 result=true
2026-06-13T17:12:50.997637+00:00 done case C-0311 round=2 result=true
2026-06-13T17:12:51.117911+00:00 done case C-0312 round=2 result=true
2026-06-13T17:12:51.229782+00:00 done case C-0313 round=2 result=true
2026-06-13T17:12:51.361602+00:00 done case C-0314 round=2 result=true
2026-06-13T17:12:52.355750+00:00 done case C-0315 round=2 result=true
2026-06-13T17:12:52.474665+00:00 done case C-0316 round=2 result=true
2026-06-13T17:12:52.591314+00:00 done case C-0317 round=2 result=true
2026-06-13T17:12:52.721733+00:00 done case C-0318 round=2 result=true
2026-06-13T17:12:52.861744+00:00 done case C-0319 round=2 result=true
2026-06-13T17:12:53.004629+00:00 done case C-0320 round=2 result=true
2026-06-13T17:12:53.118618+00:00 done case C-0321 round=2 result=true
2026-06-13T17:12:53.235181+00:00 done case C-0322 round=2 result=true
2026-06-13T17:12:54.220885+00:00 done case C-0323 round=2 result=true
2026-06-13T17:12:54.342307+00:00 done case C-0324 round=2 result=true
2026-06-13T17:12:54.488148+00:00 done case C-0325 round=2 result=true
2026-06-13T17:12:54.606697+00:00 done case C-0326 round=2 result=true
2026-06-13T17:12:54.731204+00:00 done case C-0327 round=2 result=true
2026-06-13T17:12:54.851282+00:00 done case C-0328 round=2 result=true
2026-06-13T17:12:54.976029+00:00 done case C-0329 round=2 result=true
2026-06-13T17:12:55.098665+00:00 done case C-0330 round=2 result=true
2026-06-13T17:12:56.085969+00:00 done case C-0331 round=2 result=true
2026-06-13T17:12:56.229690+00:00 done case C-0332 round=2 result=true
2026-06-13T17:12:56.351146+00:00 done case C-0333 round=2 result=true
2026-06-13T17:12:56.472863+00:00 done case C-0334 round=2 result=true
2026-06-13T17:12:56.584328+00:00 done case C-0335 round=2 result=true
2026-06-13T17:12:56.695479+00:00 done case C-0336 round=2 result=true
2026-06-13T17:12:56.810645+00:00 done case C-0337 round=2 result=true
2026-06-13T17:12:56.951035+00:00 done case C-0338 round=2 result=true
2026-06-13T17:12:57.939812+00:00 done case C-0339 round=2 result=true
2026-06-13T17:12:58.040161+00:00 done case C-0340 round=2 result=true
2026-06-13T17:12:59.029979+00:00 done case C-0341 round=2 result=true
2026-06-13T17:12:59.140922+00:00 done case C-0342 round=2 result=true
2026-06-13T17:13:00.142440+00:00 done case C-0343 round=2 result=true
2026-06-13T17:13:01.144614+00:00 done case C-0344 round=2 result=true
2026-06-13T17:13:01.278468+00:00 done case C-0345 round=2 result=true
2026-06-13T17:13:02.068051+00:00 done case C-0346 round=2 result=true
2026-06-13T17:13:03.087346+00:00 done case C-0347 round=2 result=true
2026-06-13T17:13:03.210344+00:00 done case C-0348 round=2 result=true
2026-06-13T17:13:03.331350+00:00 done case C-0349 round=2 result=true
2026-06-13T17:13:03.443091+00:00 done case C-0350 round=2 result=true
2026-06-13T17:13:03.564680+00:00 done case C-0351 round=2 result=true
2026-06-13T17:13:03.695507+00:00 done case C-0352 round=2 result=true
2026-06-13T17:13:03.809007+00:00 done case C-0353 round=2 result=true
2026-06-13T17:13:03.919731+00:00 done case C-0354 round=2 result=true
2026-06-13T17:13:04.033725+00:00 done case C-0355 round=2 result=true
2026-06-13T17:13:05.012001+00:00 done case C-0356 round=2 result=true
2026-06-13T17:13:05.140779+00:00 done case C-0357 round=2 result=true
2026-06-13T17:13:05.291853+00:00 done case C-0358 round=2 result=true
2026-06-13T17:13:05.412152+00:00 done case C-0359 round=2 result=true
2026-06-13T17:13:05.535008+00:00 done case C-0360 round=2 result=true
2026-06-13T17:13:05.658295+00:00 done case C-0361 round=2 result=true
2026-06-13T17:13:05.778468+00:00 done case C-0362 round=2 result=true
2026-06-13T17:13:05.904502+00:00 done case C-0363 round=2 result=true
2026-06-13T17:13:06.904085+00:00 done case C-0364 round=2 result=true
2026-06-13T17:13:07.032662+00:00 done case C-0365 round=2 result=true
2026-06-13T17:13:07.155527+00:00 done case C-0366 round=2 result=true
2026-06-13T17:13:07.282173+00:00 done case C-0367 round=2 result=true
2026-06-13T17:13:07.398548+00:00 done case C-0368 round=2 result=true
2026-06-13T17:13:07.511906+00:00 done case C-0369 round=2 result=true
2026-06-13T17:13:07.633533+00:00 done case C-0370 round=2 result=true
2026-06-13T17:13:07.774523+00:00 done case C-0371 round=2 result=true
2026-06-13T17:13:08.786879+00:00 done case C-0372 round=2 result=true
2026-06-13T17:13:08.915970+00:00 done case C-0373 round=2 result=true
2026-06-13T17:13:09.033089+00:00 done case C-0374 round=2 result=true
2026-06-13T17:13:09.156686+00:00 done case C-0375 round=2 result=true
2026-06-13T17:13:09.282307+00:00 done case C-0376 round=2 result=true
2026-06-13T17:13:09.411031+00:00 done case C-0377 round=2 result=true
2026-06-13T17:13:09.535871+00:00 done case C-0378 round=2 result=true
2026-06-13T17:13:09.654379+00:00 done case C-0379 round=2 result=true
2026-06-13T17:13:10.656024+00:00 done case C-0380 round=2 result=true
2026-06-13T17:13:10.778982+00:00 done case C-0381 round=2 result=true
2026-06-13T17:13:10.902104+00:00 done case C-0382 round=2 result=true
2026-06-13T17:13:11.025106+00:00 done case C-0383 round=2 result=true
2026-06-13T17:13:11.145971+00:00 done case C-0384 round=2 result=true
2026-06-13T17:13:11.266498+00:00 done case C-0385 round=2 result=true
2026-06-13T17:13:11.379043+00:00 done case C-0386 round=2 result=true
2026-06-13T17:13:11.499564+00:00 done case C-0387 round=2 result=true
2026-06-13T17:13:12.490379+00:00 done case C-0388 round=2 result=true
2026-06-13T17:13:12.611839+00:00 done case C-0389 round=2 result=true
2026-06-13T17:13:12.738377+00:00 done case C-0390 round=2 result=true
2026-06-13T17:13:12.856571+00:00 done case C-0391 round=2 result=true
2026-06-13T17:13:12.979897+00:00 done case C-0392 round=2 result=true
2026-06-13T17:13:13.100563+00:00 done case C-0393 round=2 result=true
2026-06-13T17:13:14.060193+00:00 done case C-0394 round=2 result=true
2026-06-13T17:13:14.179079+00:00 done case C-0395 round=2 result=true
2026-06-13T17:13:15.167869+00:00 done case C-0396 round=2 result=true
2026-06-13T17:13:16.137860+00:00 done case C-0397 round=2 result=true
2026-06-13T17:13:16.257483+00:00 done case C-0398 round=2 result=true
2026-06-13T17:13:17.280717+00:00 done case C-0399 round=2 result=true
2026-06-13T17:13:18.257999+00:00 done case C-0400 round=2 result=true
2026-06-13T17:13:18.374394+00:00 done case C-0401 round=2 result=true
2026-06-13T17:13:19.368863+00:00 done case C-0402 round=2 result=true
2026-06-13T17:13:20.341789+00:00 done case C-0403 round=2 result=true
2026-06-13T17:13:20.458199+00:00 done case C-0404 round=2 result=true
2026-06-13T17:13:21.459502+00:00 done case C-0405 round=2 result=true
2026-06-13T17:13:22.448932+00:00 done case C-0406 round=2 result=true
2026-06-13T17:13:22.558445+00:00 done case C-0407 round=2 result=true
2026-06-13T17:13:23.547899+00:00 done case C-0408 round=2 result=true
2026-06-13T17:13:24.539353+00:00 done case C-0409 round=2 result=true
2026-06-13T17:13:24.664956+00:00 done case C-0410 round=2 result=true
2026-06-13T17:13:25.448296+00:00 done case C-0411 round=2 result=true
2026-06-13T17:13:25.604614+00:00 done case C-0412 round=2 result=true
2026-06-13T17:13:25.714894+00:00 done case C-0413 round=2 result=true
2026-06-13T17:13:25.827430+00:00 done case C-0414 round=2 result=true
2026-06-13T17:13:25.937701+00:00 done case C-0415 round=2 result=true
2026-06-13T17:13:26.063768+00:00 done case C-0416 round=2 result=true
2026-06-13T17:13:26.184219+00:00 done case C-0417 round=2 result=true
2026-06-13T17:13:26.309436+00:00 done case C-0418 round=2 result=true
2026-06-13T17:13:26.428403+00:00 done case C-0419 round=2 result=true
2026-06-13T17:13:26.549354+00:00 done case C-0420 round=2 result=true
2026-06-13T17:13:26.673500+00:00 done case C-0421 round=2 result=true
2026-06-13T17:13:26.792959+00:00 done case C-0422 round=2 result=true
2026-06-13T17:13:26.904229+00:00 done case C-0423 round=2 result=true
2026-06-13T17:13:27.015439+00:00 done case C-0424 round=2 result=true
2026-06-13T17:13:27.140689+00:00 done case C-0425 round=2 result=true
2026-06-13T17:13:27.260646+00:00 done case C-0426 round=2 result=true
2026-06-13T17:13:27.372120+00:00 done case C-0427 round=2 result=true
2026-06-13T17:13:27.483782+00:00 done case C-0428 round=2 result=true
2026-06-13T17:13:27.608944+00:00 done case C-0429 round=2 result=true
2026-06-13T17:13:27.731915+00:00 done case C-0430 round=2 result=true
2026-06-13T17:13:27.853141+00:00 done case C-0431 round=2 result=true
2026-06-13T17:13:27.974464+00:00 done case C-0432 round=2 result=true
2026-06-13T17:13:28.098598+00:00 done case C-0433 round=2 result=true
2026-06-13T17:13:28.219089+00:00 done case C-0434 round=2 result=true
2026-06-13T17:13:28.340331+00:00 done case C-0435 round=2 result=true
2026-06-13T17:13:28.462285+00:00 done case C-0436 round=2 result=true
2026-06-13T17:13:28.584169+00:00 done case C-0437 round=2 result=true
2026-06-13T17:13:28.698634+00:00 done case C-0438 round=2 result=true
2026-06-13T17:13:28.820811+00:00 done case C-0439 round=2 result=true
2026-06-13T17:13:28.938927+00:00 done case C-0440 round=2 result=true
2026-06-13T17:13:29.054619+00:00 done case C-0441 round=2 result=true
2026-06-13T17:13:29.172101+00:00 done case C-0442 round=2 result=true
2026-06-13T17:13:29.286417+00:00 done case C-0443 round=2 result=true
2026-06-13T17:13:29.405569+00:00 done case C-0444 round=2 result=true
2026-06-13T17:13:29.527299+00:00 done case C-0445 round=2 result=true
2026-06-13T17:13:29.638739+00:00 done case C-0446 round=2 result=true
2026-06-13T17:13:29.750713+00:00 done case C-0447 round=2 result=true
2026-06-13T17:13:29.860537+00:00 done case C-0448 round=2 result=true
2026-06-13T17:13:29.976455+00:00 done case C-0449 round=2 result=true
2026-06-13T17:13:30.095016+00:00 done case C-0450 round=2 result=true
2026-06-13T17:13:30.212431+00:00 done case C-0451 round=2 result=true
2026-06-13T17:13:30.328093+00:00 done case C-0452 round=2 result=true
2026-06-13T17:13:30.443847+00:00 done case C-0453 round=2 result=true
2026-06-13T17:13:30.566673+00:00 done case C-0454 round=2 result=true
2026-06-13T17:13:30.683940+00:00 done case C-0455 round=2 result=true
2026-06-13T17:13:30.795257+00:00 done case C-0456 round=2 result=true
2026-06-13T17:13:30.910587+00:00 done case C-0457 round=2 result=true
2026-06-13T17:13:31.028370+00:00 done case C-0458 round=2 result=true
2026-06-13T17:13:31.151021+00:00 done case C-0459 round=2 result=true
2026-06-13T17:13:31.262195+00:00 done case C-0460 round=2 result=true
2026-06-13T17:13:31.372297+00:00 done case C-0461 round=2 result=true
2026-06-13T17:13:31.483842+00:00 done case C-0462 round=2 result=true
2026-06-13T17:13:31.600657+00:00 done case C-0463 round=2 result=true
2026-06-13T17:13:31.728104+00:00 done case C-0464 round=2 result=true
2026-06-13T17:13:31.851323+00:00 done case C-0465 round=2 result=true
2026-06-13T17:13:31.962041+00:00 done case C-0466 round=2 result=true
2026-06-13T17:13:32.077970+00:00 done case C-0467 round=2 result=true
2026-06-13T17:13:32.196073+00:00 done case C-0468 round=2 result=true
2026-06-13T17:13:32.306624+00:00 done case C-0469 round=2 result=true
2026-06-13T17:13:32.420320+00:00 done case C-0470 round=2 result=true
2026-06-13T17:13:32.542140+00:00 done case C-0471 round=2 result=true
2026-06-13T17:13:32.662499+00:00 done case C-0472 round=2 result=true
2026-06-13T17:13:32.773513+00:00 done case C-0473 round=2 result=true
2026-06-13T17:13:32.889567+00:00 done case C-0474 round=2 result=true
2026-06-13T17:13:33.014075+00:00 done case C-0475 round=2 result=true
2026-06-13T17:13:33.141926+00:00 done case C-0476 round=2 result=true
2026-06-13T17:13:33.273850+00:00 done case C-0477 round=2 result=true
2026-06-13T17:13:33.398520+00:00 done case C-0478 round=2 result=true
2026-06-13T17:13:33.528735+00:00 done case C-0479 round=2 result=true
2026-06-13T17:13:33.655828+00:00 done case C-0480 round=2 result=true
2026-06-13T17:13:33.788690+00:00 done case C-0481 round=2 result=true
2026-06-13T17:13:33.921927+00:00 done case C-0482 round=2 result=true
2026-06-13T17:13:34.052309+00:00 done case C-0483 round=2 result=true
2026-06-13T17:13:34.176962+00:00 done case C-0484 round=2 result=true
2026-06-13T17:13:34.307575+00:00 done case C-0485 round=2 result=true
2026-06-13T17:13:34.433550+00:00 done case C-0486 round=2 result=true
2026-06-13T17:13:34.566299+00:00 done case C-0487 round=2 result=true
2026-06-13T17:13:34.700725+00:00 done case C-0488 round=2 result=true
2026-06-13T17:13:34.829420+00:00 done case C-0489 round=2 result=true
2026-06-13T17:13:34.951247+00:00 done case C-0490 round=2 result=true
2026-06-13T17:13:35.073608+00:00 done case C-0491 round=2 result=true
2026-06-13T17:13:35.207665+00:00 done case C-0492 round=2 result=true
2026-06-13T17:13:35.333778+00:00 done case C-0493 round=2 result=true
2026-06-13T17:13:35.463758+00:00 done case C-0494 round=2 result=true
2026-06-13T17:13:35.596873+00:00 done case C-0495 round=2 result=true
2026-06-13T17:13:35.721051+00:00 done case C-0496 round=2 result=true
2026-06-13T17:13:35.853413+00:00 done case C-0497 round=2 result=true
2026-06-13T17:13:35.995860+00:00 done case C-0498 round=2 result=true
2026-06-13T17:13:36.131484+00:00 done case C-0499 round=2 result=true
2026-06-13T17:13:36.252921+00:00 done case C-0500 round=2 result=true
2026-06-13T17:13:36.413034+00:00 done case C-0501 round=2 result=true
2026-06-13T17:13:36.540760+00:00 done case C-0502 round=2 result=true
2026-06-13T17:13:36.670188+00:00 done case C-0503 round=2 result=true
2026-06-13T17:13:36.796548+00:00 done case C-0504 round=2 result=true
2026-06-13T17:13:36.930503+00:00 done case C-0505 round=2 result=true
2026-06-13T17:13:37.054821+00:00 done case C-0506 round=2 result=true
2026-06-13T17:13:37.187554+00:00 done case C-0507 round=2 result=true
2026-06-13T17:13:37.318718+00:00 done case C-0508 round=2 result=true
2026-06-13T17:13:37.454644+00:00 done case C-0509 round=2 result=true
2026-06-13T17:13:37.589690+00:00 done case C-0510 round=2 result=true
2026-06-13T17:13:37.724823+00:00 done case C-0511 round=2 result=true
2026-06-13T17:13:37.853023+00:00 done case C-0512 round=2 result=true
2026-06-13T17:13:37.977539+00:00 done case C-0513 round=2 result=true
2026-06-13T17:13:38.109087+00:00 done case C-0514 round=2 result=true
2026-06-13T17:13:38.230999+00:00 done case C-0515 round=2 result=true
2026-06-13T17:13:38.357067+00:00 done case C-0516 round=2 result=true
2026-06-13T17:13:39.398466+00:00 done case C-0517 round=2 result=true
2026-06-13T17:13:39.524737+00:00 done case C-0518 round=2 result=true
2026-06-13T17:13:39.655349+00:00 done case C-0519 round=2 result=true
2026-06-13T17:13:39.779506+00:00 done case C-0520 round=2 result=true
2026-06-13T17:13:39.909097+00:00 done case C-0521 round=2 result=true
2026-06-13T17:13:40.034823+00:00 done case C-0522 round=2 result=true
2026-06-13T17:13:40.165734+00:00 done case C-0523 round=2 result=true
2026-06-13T17:13:40.286038+00:00 done case C-0524 round=2 result=true
2026-06-13T17:13:41.291866+00:00 done case C-0525 round=2 result=true
2026-06-13T17:13:41.427263+00:00 done case C-0526 round=2 result=true
2026-06-13T17:13:41.556508+00:00 done case C-0527 round=2 result=true
2026-06-13T17:13:41.687118+00:00 done case C-0528 round=2 result=true
2026-06-13T17:13:41.814534+00:00 done case C-0529 round=2 result=true
2026-06-13T17:13:41.948005+00:00 done case C-0530 round=2 result=true
2026-06-13T17:13:42.075900+00:00 done case C-0531 round=2 result=true
2026-06-13T17:13:43.088004+00:00 done case C-0532 round=2 result=true
2026-06-13T17:13:43.210449+00:00 done case C-0533 round=2 result=true
2026-06-13T17:13:43.333365+00:00 done case C-0534 round=2 result=true
2026-06-13T17:13:43.454478+00:00 done case C-0535 round=2 result=true
2026-06-13T17:13:43.576040+00:00 done case C-0536 round=2 result=true
2026-06-13T17:13:43.698671+00:00 done case C-0537 round=2 result=true
2026-06-13T17:13:43.832816+00:00 done case C-0538 round=2 result=true
2026-06-13T17:13:43.978534+00:00 done case C-0539 round=2 result=true
2026-06-13T17:13:44.989258+00:00 done case C-0540 round=2 result=true
2026-06-13T17:13:45.120922+00:00 done case C-0541 round=2 result=true
2026-06-13T17:13:46.146822+00:00 done case C-0542 round=2 result=true
2026-06-13T17:13:47.143544+00:00 done case C-0543 round=2 result=true
2026-06-13T17:13:47.277756+00:00 done case C-0544 round=2 result=true
2026-06-13T17:13:48.080413+00:00 done case C-0545 round=2 result=true
2026-06-13T17:13:48.260610+00:00 done case C-0546 round=2 result=true
2026-06-13T17:13:48.400132+00:00 done case C-0547 round=2 result=true
2026-06-13T17:13:48.533990+00:00 done case C-0548 round=2 result=true
2026-06-13T17:13:48.667093+00:00 done case C-0549 round=2 result=true
2026-06-13T17:13:48.800804+00:00 done case C-0550 round=2 result=true
2026-06-13T17:13:48.934676+00:00 done case C-0551 round=2 result=true
2026-06-13T17:13:49.080616+00:00 done case C-0552 round=2 result=true
2026-06-13T17:13:49.221572+00:00 done case C-0553 round=2 result=true
2026-06-13T17:13:49.362151+00:00 done case C-0554 round=2 result=true
2026-06-13T17:13:49.501495+00:00 done case C-0555 round=2 result=true
2026-06-13T17:13:49.633494+00:00 done case C-0556 round=2 result=true
2026-06-13T17:13:49.772041+00:00 done case C-0557 round=2 result=true
2026-06-13T17:13:49.913687+00:00 done case C-0558 round=2 result=true
2026-06-13T17:13:50.060239+00:00 done case C-0559 round=2 result=true
2026-06-13T17:13:50.202895+00:00 done case C-0560 round=2 result=true
2026-06-13T17:13:50.339591+00:00 done case C-0561 round=2 result=true
2026-06-13T17:13:50.479513+00:00 done case C-0562 round=2 result=true
2026-06-13T17:13:50.613294+00:00 done case C-0563 round=2 result=true
2026-06-13T17:13:50.745021+00:00 done case C-0564 round=2 result=true
2026-06-13T17:13:50.889302+00:00 done case C-0565 round=2 result=true
2026-06-13T17:13:51.024040+00:00 done case C-0566 round=2 result=true
2026-06-13T17:13:51.170212+00:00 done case C-0567 round=2 result=true
2026-06-13T17:13:51.300814+00:00 done case C-0568 round=2 result=true
2026-06-13T17:13:51.436328+00:00 done case C-0569 round=2 result=true
2026-06-13T17:13:51.582026+00:00 done case C-0570 round=2 result=true
2026-06-13T17:13:51.713454+00:00 done case C-0571 round=2 result=true
2026-06-13T17:13:51.856569+00:00 done case C-0572 round=2 result=true
2026-06-13T17:13:51.996163+00:00 done case C-0573 round=2 result=true
2026-06-13T17:13:52.136967+00:00 done case C-0574 round=2 result=true
2026-06-13T17:13:52.284013+00:00 done case C-0575 round=2 result=true
2026-06-13T17:13:52.422964+00:00 done case C-0576 round=2 result=true
2026-06-13T17:13:52.557414+00:00 done case C-0577 round=2 result=true
2026-06-13T17:13:52.689986+00:00 done case C-0578 round=2 result=true
