2026-06-13T15:42:11.312605+00:00 worker start resume=True
2026-06-13T15:42:12.472067+00:00 done function A1 round=1 result=true
2026-06-13T15:42:12.559299+00:00 done function A2 round=1 result=true
2026-06-13T15:42:12.638041+00:00 done function A3 round=1 result=true
2026-06-13T15:42:12.722829+00:00 done function A4 round=1 result=true
2026-06-13T15:42:12.819796+00:00 done function A5 round=1 result=true
2026-06-13T15:42:12.913933+00:00 done function A6 round=1 result=true
2026-06-13T15:42:13.027226+00:00 done function A7 round=1 result=true
2026-06-13T15:42:13.120071+00:00 done function A8 round=1 result=true
2026-06-13T15:42:13.213543+00:00 done function A9 round=1 result=true
2026-06-13T15:42:13.302756+00:00 done function T1 round=1 result=true
2026-06-13T15:42:13.823571+00:00 done function T2 round=1 result=true
2026-06-13T15:42:13.912627+00:00 done function T3 round=1 result=true
2026-06-13T15:42:14.012326+00:00 done function T4 round=1 result=true
2026-06-13T15:42:14.115026+00:00 done function T5 round=1 result=true
2026-06-13T15:42:14.212709+00:00 done function T6 round=1 result=true
2026-06-13T15:42:14.303032+00:00 done function T7 round=1 result=true
2026-06-13T15:42:14.392872+00:00 done function T8 round=1 result=true
2026-06-13T15:42:14.490552+00:00 done function T9 round=1 result=true
2026-06-13T15:42:14.580142+00:00 done function T10 round=1 result=true
2026-06-13T15:42:14.682474+00:00 done function T11 round=1 result=true
2026-06-13T15:42:14.823317+00:00 done function T12 round=1 result=true
2026-06-13T15:42:14.923974+00:00 done function T13 round=1 result=true
2026-06-13T15:42:15.013607+00:00 done function T14 round=1 result=true
2026-06-13T15:42:15.102755+00:00 done function T15 round=1 result=true
2026-06-13T15:42:15.190103+00:00 done function T16 round=1 result=true
2026-06-13T15:42:15.290167+00:00 done function T17 round=1 result=true
2026-06-13T15:42:15.390094+00:00 done function T18 round=1 result=true
2026-06-13T15:42:15.491481+00:00 done function T19 round=1 result=true
2026-06-13T15:42:15.590357+00:00 done function T20 round=1 result=true
2026-06-13T15:42:15.679498+00:00 done function T21 round=1 result=true
2026-06-13T15:42:15.779905+00:00 done function T22 round=1 result=true
2026-06-13T15:42:15.879396+00:00 done function T23 round=1 result=true
2026-06-13T15:42:15.979516+00:00 done function T24 round=1 result=true
2026-06-13T15:42:16.090389+00:00 done function T25 round=1 result=true
2026-06-13T15:42:16.179280+00:00 done function T26 round=1 result=true
2026-06-13T15:42:16.280397+00:00 done function T27 round=1 result=true
2026-06-13T15:42:16.369431+00:00 done function T28 round=1 result=true
2026-06-13T15:42:16.469691+00:00 done function T29 round=1 result=true
2026-06-13T15:42:16.569931+00:00 done function T30 round=1 result=true
2026-06-13T15:42:16.657012+00:00 done function T31 round=1 result=true
2026-06-13T15:42:16.775038+00:00 done function T32 round=1 result=true
2026-06-13T15:42:16.880390+00:00 done function T33 round=1 result=true
2026-06-13T15:42:16.992460+00:00 done function T34 round=1 result=true
2026-06-13T15:42:17.090682+00:00 done function T35 round=1 result=true
2026-06-13T15:42:17.192152+00:00 done function T36 round=1 result=true
2026-06-13T15:42:17.292250+00:00 done function T37 round=1 result=true
2026-06-13T15:42:17.402583+00:00 done function T38 round=1 result=true
2026-06-13T15:42:17.490699+00:00 done function T39 round=1 result=true
2026-06-13T15:42:17.579443+00:00 done function D1 round=1 result=true
2026-06-13T15:42:17.682684+00:00 done function D2 round=1 result=true
2026-06-13T15:42:17.791052+00:00 done function D3 round=1 result=true
2026-06-13T15:42:17.890635+00:00 done function D4 round=1 result=true
2026-06-13T15:42:17.990738+00:00 done function D5 round=1 result=true
2026-06-13T15:42:18.102585+00:00 done function D6 round=1 result=true
2026-06-13T15:42:18.202990+00:00 done function D7 round=1 result=true
2026-06-13T15:42:18.303073+00:00 done function D8 round=1 result=true
2026-06-13T15:42:18.402953+00:00 done function D9 round=1 result=true
2026-06-13T15:42:18.502837+00:00 done function D10 round=1 result=true
2026-06-13T15:42:18.602242+00:00 done function D11 round=1 result=true
2026-06-13T15:42:18.702810+00:00 done function D12 round=1 result=true
2026-06-13T15:42:18.812811+00:00 done function D13 round=1 result=true
2026-06-13T15:42:18.912827+00:00 done function D14 round=1 result=true
2026-06-13T15:42:19.013180+00:00 done function D15 round=1 result=true
2026-06-13T15:42:19.117383+00:00 done function D16 round=1 result=true
2026-06-13T15:42:19.212704+00:00 done function D17 round=1 result=true
2026-06-13T15:42:19.302498+00:00 done function D18 round=1 result=true
2026-06-13T15:42:19.403482+00:00 done function D19 round=1 result=true
2026-06-13T15:42:19.502266+00:00 done function D20 round=1 result=true
2026-06-13T15:42:19.605187+00:00 done function D21 round=1 result=true
2026-06-13T15:42:19.702846+00:00 done function D22 round=1 result=true
2026-06-13T15:42:19.790765+00:00 done function D23 round=1 result=true
2026-06-13T15:42:19.892802+00:00 done function D24 round=1 result=true
2026-06-13T15:42:19.994148+00:00 done function D25 round=1 result=true
2026-06-13T15:42:20.105451+00:00 done function D26 round=1 result=true
2026-06-13T15:42:20.203790+00:00 done function D27 round=1 result=true
2026-06-13T15:42:20.291652+00:00 done function D28 round=1 result=true
2026-06-13T15:42:20.391014+00:00 done function D29 round=1 result=true
2026-06-13T15:42:20.491991+00:00 done function D30 round=1 result=true
2026-06-13T15:42:20.590738+00:00 done function D31 round=1 result=true
2026-06-13T15:42:20.691012+00:00 done function D32 round=1 result=true
2026-06-13T15:42:20.790856+00:00 done function D33 round=1 result=true
2026-06-13T15:42:20.880398+00:00 done function D34 round=1 result=true
2026-06-13T15:42:20.969536+00:00 done function D35 round=1 result=true
2026-06-13T15:42:21.069559+00:00 done function D36 round=1 result=true
2026-06-13T15:42:21.168899+00:00 done function D37 round=1 result=true
2026-06-13T15:42:21.270946+00:00 done function D38 round=1 result=true
2026-06-13T15:42:21.369878+00:00 done function D39 round=1 result=true
2026-06-13T15:42:21.458913+00:00 done function D40 round=1 result=true
2026-06-13T15:42:21.558126+00:00 done function D41 round=1 result=true
2026-06-13T15:42:21.658070+00:00 done function D42 round=1 result=true
2026-06-13T15:42:21.758005+00:00 done function D43 round=1 result=true
2026-06-13T15:42:21.857671+00:00 done function D44 round=1 result=true
2026-06-13T15:42:21.960885+00:00 done function D45 round=1 result=true
2026-06-13T15:42:22.069773+00:00 done function D46 round=1 result=true
2026-06-13T15:42:22.171279+00:00 done function D47 round=1 result=true
2026-06-13T15:42:22.270481+00:00 done function D48 round=1 result=true
2026-06-13T15:42:22.370287+00:00 done function D49 round=1 result=true
2026-06-13T15:42:22.470083+00:00 done function D50 round=1 result=true
2026-06-13T15:42:22.570900+00:00 done function D51 round=1 result=true
2026-06-13T15:42:22.669457+00:00 done function D52 round=1 result=true
2026-06-13T15:42:22.758324+00:00 done function D53 round=1 result=true
2026-06-13T15:42:22.860890+00:00 done function D54 round=1 result=true
2026-06-13T15:42:22.957725+00:00 done function D55 round=1 result=true
2026-06-13T15:42:23.047296+00:00 done function D56 round=1 result=true
2026-06-13T15:42:23.135772+00:00 done function D57 round=1 result=true
2026-06-13T15:42:23.236941+00:00 done function D58 round=1 result=true
2026-06-13T15:42:23.335800+00:00 done function D59 round=1 result=true
2026-06-13T15:42:23.439326+00:00 done function D60 round=1 result=true
2026-06-13T15:42:23.550712+00:00 done function D61 round=1 result=true
2026-06-13T15:42:23.646636+00:00 done function D62 round=1 result=true
2026-06-13T15:42:23.749353+00:00 done function D63 round=1 result=true
2026-06-13T15:42:23.849544+00:00 done function D64 round=1 result=true
2026-06-13T15:42:23.947688+00:00 done function D65 round=1 result=true
2026-06-13T15:42:24.053443+00:00 done function D66 round=1 result=true
2026-06-13T15:42:24.159971+00:00 done function D67 round=1 result=true
2026-06-13T15:42:24.272898+00:00 done function D72 round=1 result=true
2026-06-13T15:42:24.373504+00:00 done function D73 round=1 result=true
2026-06-13T15:42:24.493284+00:00 done function D74 round=1 result=true
2026-06-13T15:42:24.591793+00:00 done function D75 round=1 result=true
2026-06-13T15:42:24.691574+00:00 done function D76 round=1 result=true
2026-06-13T15:42:24.791584+00:00 done function D77 round=1 result=true
2026-06-13T15:42:24.894781+00:00 done function D84 round=1 result=true
2026-06-13T15:42:24.991271+00:00 done function D85 round=1 result=true
2026-06-13T15:42:25.092058+00:00 done function D86 round=1 result=true
2026-06-13T15:42:25.194091+00:00 done function D87 round=1 result=true
2026-06-13T15:42:25.291838+00:00 done function D88 round=1 result=true
2026-06-13T15:42:25.391945+00:00 done function D89 round=1 result=true
2026-06-13T15:42:25.493823+00:00 done function D90 round=1 result=true
2026-06-13T15:42:25.605745+00:00 done function D91 round=1 result=true
2026-06-13T15:42:25.691916+00:00 done function D92 round=1 result=true
2026-06-13T15:42:25.792205+00:00 done function D93 round=1 result=true
2026-06-13T15:42:25.891878+00:00 done function D94 round=1 result=true
2026-06-13T15:42:25.991702+00:00 done function D95 round=1 result=true
2026-06-13T15:42:26.091678+00:00 done function D96 round=1 result=true
2026-06-13T15:42:26.191962+00:00 done function D97 round=1 result=true
2026-06-13T15:42:26.291860+00:00 done function D98 round=1 result=true
2026-06-13T15:42:26.391578+00:00 done function D99 round=1 result=true
2026-06-13T15:42:26.491186+00:00 done function D100 round=1 result=true
2026-06-13T15:42:26.592011+00:00 done function D101 round=1 result=true
2026-06-13T15:42:26.697466+00:00 done function D102 round=1 result=true
2026-06-13T15:42:26.805874+00:00 done function D103 round=1 result=true
2026-06-13T15:42:26.907135+00:00 done function D104 round=1 result=true
2026-06-13T15:42:27.005557+00:00 done function D105 round=1 result=true
2026-06-13T15:42:27.102880+00:00 done function D106 round=1 result=true
2026-06-13T15:42:27.205194+00:00 done function D107 round=1 result=true
2026-06-13T15:42:27.321017+00:00 done function D108 round=1 result=true
2026-06-13T15:42:27.430406+00:00 done function D109 round=1 result=true
2026-06-13T15:42:27.539735+00:00 done function D110 round=1 result=true
2026-06-13T15:42:27.637970+00:00 done function D111 round=1 result=true
2026-06-13T15:42:27.736277+00:00 done function D112 round=1 result=true
2026-06-13T15:42:27.836427+00:00 done function D113 round=1 result=true
2026-06-13T15:42:27.941383+00:00 done function D114 round=1 result=true
2026-06-13T15:42:28.051293+00:00 done function D115 round=1 result=true
2026-06-13T15:42:28.148063+00:00 done function D116 round=1 result=true
2026-06-13T15:42:28.255097+00:00 done function D117 round=1 result=true
2026-06-13T15:42:28.358258+00:00 done function D118 round=1 result=true
2026-06-13T15:42:28.463509+00:00 done function D119 round=1 result=true
2026-06-13T15:42:28.561717+00:00 done function D120 round=1 result=true
2026-06-13T15:42:28.675715+00:00 done function D121 round=1 result=true
2026-06-13T15:42:28.792166+00:00 done function D122 round=1 result=true
2026-06-13T15:42:28.903420+00:00 done function D123 round=1 result=true
2026-06-13T15:42:29.014161+00:00 done function D124 round=1 result=true
2026-06-13T15:42:29.129767+00:00 done function D125 round=1 result=true
2026-06-13T15:42:29.248815+00:00 done function D126 round=1 result=true
2026-06-13T15:42:29.358787+00:00 done function D127 round=1 result=true
2026-06-13T15:42:29.471095+00:00 done function D128 round=1 result=true
2026-06-13T15:42:29.581533+00:00 done function D129 round=1 result=true
2026-06-13T15:42:29.694169+00:00 done function D130 round=1 result=true
2026-06-13T15:42:29.803478+00:00 done function D131 round=1 result=true
2026-06-13T15:42:29.914915+00:00 done function D132 round=1 result=true
2026-06-13T15:42:30.031420+00:00 done function D133 round=1 result=true
2026-06-13T15:42:30.150921+00:00 done function D134 round=1 result=true
2026-06-13T15:42:30.260134+00:00 done function D135 round=1 result=true
2026-06-13T15:42:30.385710+00:00 done function D136 round=1 result=true
2026-06-13T15:42:30.508649+00:00 done function D137 round=1 result=true
2026-06-13T15:42:30.627550+00:00 done function D138 round=1 result=true
2026-06-13T15:42:30.738636+00:00 done function D139 round=1 result=true
2026-06-13T15:42:30.859318+00:00 done function D140 round=1 result=true
2026-06-13T15:42:30.974062+00:00 done function D141 round=1 result=true
2026-06-13T15:42:31.082676+00:00 done function D142 round=1 result=true
2026-06-13T15:42:31.192682+00:00 done function D143 round=1 result=true
2026-06-13T15:42:31.304519+00:00 done function D144 round=1 result=true
2026-06-13T15:42:31.416987+00:00 done function D145 round=1 result=true
2026-06-13T15:42:31.540616+00:00 done function D146 round=1 result=true
2026-06-13T15:42:31.651293+00:00 done function D147 round=1 result=true
2026-06-13T15:42:31.763595+00:00 done function D148 round=1 result=true
2026-06-13T15:42:31.871191+00:00 done function D149 round=1 result=true
2026-06-13T15:42:31.982995+00:00 done function D150 round=1 result=true
2026-06-13T15:42:32.093037+00:00 done function D151 round=1 result=true
2026-06-13T15:42:32.217060+00:00 done function D152 round=1 result=true
2026-06-13T15:42:32.330163+00:00 done function D153 round=1 result=true
2026-06-13T15:42:32.438793+00:00 done function D154 round=1 result=true
2026-06-13T15:42:32.553943+00:00 done function D155 round=1 result=true
2026-06-13T15:42:32.659346+00:00 done function D156 round=1 result=true
2026-06-13T15:42:32.771112+00:00 done function D157 round=1 result=true
2026-06-13T15:42:32.882626+00:00 done function D158 round=1 result=true
2026-06-13T15:42:32.992933+00:00 done function D159 round=1 result=true
2026-06-13T15:42:33.103889+00:00 done function D160 round=1 result=true
2026-06-13T15:42:33.217700+00:00 done function D161 round=1 result=true
2026-06-13T15:42:33.325897+00:00 done function D162 round=1 result=true
2026-06-13T15:42:33.439174+00:00 done function D163 round=1 result=true
2026-06-13T15:42:33.550095+00:00 done function D164 round=1 result=true
2026-06-13T15:42:33.663475+00:00 done function D165 round=1 result=true
2026-06-13T15:42:33.771397+00:00 done function D166 round=1 result=true
2026-06-13T15:42:33.882735+00:00 done function D167 round=1 result=true
2026-06-13T15:42:33.992533+00:00 done function D168 round=1 result=true
2026-06-13T15:42:34.105502+00:00 done function D169 round=1 result=true
2026-06-13T15:42:34.215100+00:00 done function D170 round=1 result=true
2026-06-13T15:42:34.326805+00:00 done function D171 round=1 result=true
2026-06-13T15:42:34.441060+00:00 done function D172 round=1 result=true
2026-06-13T15:42:34.552163+00:00 done function D173 round=1 result=true
2026-06-13T15:42:34.659586+00:00 done function D174 round=1 result=true
2026-06-13T15:42:34.770709+00:00 done function D175 round=1 result=true
2026-06-13T15:42:34.882154+00:00 done function D176 round=1 result=true
2026-06-13T15:42:34.992895+00:00 done function D177 round=1 result=true
2026-06-13T15:42:35.106945+00:00 done function D178 round=1 result=true
2026-06-13T15:42:35.218386+00:00 done function D179 round=1 result=true
2026-06-13T15:42:35.326543+00:00 done function D180 round=1 result=true
2026-06-13T15:42:35.439096+00:00 done function D181 round=1 result=true
2026-06-13T15:42:35.562536+00:00 done function D182 round=1 result=true
2026-06-13T15:42:35.670865+00:00 done function D183 round=1 result=true
2026-06-13T15:42:35.783493+00:00 done function D184 round=1 result=true
2026-06-13T15:42:35.889589+00:00 done function D185 round=1 result=true
2026-06-13T15:42:36.008160+00:00 done function D186 round=1 result=true
2026-06-13T15:42:36.118522+00:00 done function D187 round=1 result=true
2026-06-13T15:42:36.218065+00:00 done function D188 round=1 result=true
2026-06-13T15:42:36.327740+00:00 done function D189 round=1 result=true
2026-06-13T15:42:36.427542+00:00 done function D190 round=1 result=true
2026-06-13T15:42:36.530851+00:00 done function D191 round=1 result=true
2026-06-13T15:42:36.652280+00:00 done function D192 round=1 result=true
2026-06-13T15:42:36.760721+00:00 done function D193 round=1 result=true
2026-06-13T15:42:36.862025+00:00 done function D194 round=1 result=true
2026-06-13T15:42:36.974527+00:00 done function D195 round=1 result=true
2026-06-13T15:42:37.073258+00:00 done function D196 round=1 result=true
2026-06-13T15:42:37.173851+00:00 done function D197 round=1 result=true
2026-06-13T15:42:37.282284+00:00 done function D198 round=1 result=true
2026-06-13T15:42:37.386566+00:00 done function D199 round=1 result=true
2026-06-13T15:42:37.485937+00:00 done function D200 round=1 result=true
2026-06-13T15:42:37.585142+00:00 done function D201 round=1 result=true
2026-06-13T15:42:37.701222+00:00 done function D202 round=1 result=true
2026-06-13T15:42:37.808281+00:00 done function D203 round=1 result=true
2026-06-13T15:42:37.906278+00:00 done function D204 round=1 result=true
2026-06-13T15:42:38.005738+00:00 done function D205 round=1 result=true
2026-06-13T15:42:38.104541+00:00 done function D206 round=1 result=true
2026-06-13T15:42:38.205143+00:00 done function D207 round=1 result=true
2026-06-13T15:42:38.304140+00:00 done function D208 round=1 result=true
2026-06-13T15:42:38.411024+00:00 done function D209 round=1 result=true
2026-06-13T15:42:38.515329+00:00 done function D210 round=1 result=true
2026-06-13T15:42:38.614938+00:00 done function D211 round=1 result=true
2026-06-13T15:42:38.720243+00:00 done function D212 round=1 result=true
2026-06-13T15:42:38.819404+00:00 done function D213 round=1 result=true
2026-06-13T15:42:38.917491+00:00 done function D214 round=1 result=true
2026-06-13T15:42:39.018334+00:00 done function D215 round=1 result=true
2026-06-13T15:42:39.127845+00:00 done function D216 round=1 result=true
2026-06-13T15:42:39.227437+00:00 done function D217 round=1 result=true
2026-06-13T15:42:39.327273+00:00 done function D218 round=1 result=true
2026-06-13T15:42:39.428329+00:00 done function D219 round=1 result=true
2026-06-13T15:42:39.527677+00:00 done function D220 round=1 result=true
2026-06-13T15:42:39.627899+00:00 done function D221 round=1 result=true
2026-06-13T15:42:39.740827+00:00 done function D222 round=1 result=true
2026-06-13T15:42:39.837999+00:00 done function D223 round=1 result=true
2026-06-13T15:42:39.938296+00:00 done function D224 round=1 result=true
2026-06-13T15:42:40.044429+00:00 done function D225 round=1 result=true
2026-06-13T15:42:40.145498+00:00 done function D226 round=1 result=true
2026-06-13T15:42:40.253494+00:00 done function D227 round=1 result=true
2026-06-13T15:42:40.355076+00:00 done function D228 round=1 result=true
2026-06-13T15:42:40.468699+00:00 done function D229 round=1 result=true
2026-06-13T15:42:40.571164+00:00 done function D230 round=1 result=true
2026-06-13T15:42:40.678234+00:00 done function D231 round=1 result=true
2026-06-13T15:42:40.772132+00:00 done function D232 round=1 result=true
2026-06-13T15:42:40.871998+00:00 done function D233 round=1 result=true
2026-06-13T15:42:40.975486+00:00 done function D234 round=1 result=true
2026-06-13T15:42:41.071253+00:00 done function D235 round=1 result=true
2026-06-13T15:42:41.171411+00:00 done function D236 round=1 result=true
2026-06-13T15:42:41.276648+00:00 done function D237 round=1 result=true
2026-06-13T15:42:41.372885+00:00 done function D238 round=1 result=true
2026-06-13T15:42:41.483709+00:00 done function D239 round=1 result=true
2026-06-13T15:42:41.582716+00:00 done function D240 round=1 result=true
2026-06-13T15:42:41.684283+00:00 done function D241 round=1 result=true
2026-06-13T15:42:41.794478+00:00 done function D242 round=1 result=true
2026-06-13T15:42:41.895439+00:00 done function D243 round=1 result=true
2026-06-13T15:42:42.004798+00:00 done function D244 round=1 result=true
2026-06-13T15:42:42.116659+00:00 done function D245 round=1 result=true
2026-06-13T15:42:42.231192+00:00 done function D246 round=1 result=true
2026-06-13T15:42:42.339204+00:00 done function D247 round=1 result=true
2026-06-13T15:42:42.449752+00:00 done function D248 round=1 result=true
2026-06-13T15:42:42.567927+00:00 done function D249 round=1 result=true
2026-06-13T15:42:42.686397+00:00 done function D250 round=1 result=true
2026-06-13T15:42:42.806186+00:00 done function D251 round=1 result=true
2026-06-13T15:42:42.919232+00:00 done function D252 round=1 result=true
2026-06-13T15:42:43.027987+00:00 done function D253 round=1 result=true
2026-06-13T15:42:43.143010+00:00 done function D254 round=1 result=true
2026-06-13T15:42:43.252736+00:00 done function D255 round=1 result=true
2026-06-13T15:42:43.360768+00:00 done function D256 round=1 result=true
2026-06-13T15:42:43.479728+00:00 done function D257 round=1 result=true
2026-06-13T15:42:43.598877+00:00 done function D258 round=1 result=true
2026-06-13T15:42:43.716597+00:00 done function D259 round=1 result=true
2026-06-13T15:42:43.827741+00:00 done function D260 round=1 result=true
2026-06-13T15:42:43.944210+00:00 done function D261 round=1 result=true
2026-06-13T15:42:44.053430+00:00 done function D262 round=1 result=true
2026-06-13T15:42:44.172318+00:00 done function D263 round=1 result=true
2026-06-13T15:42:44.284056+00:00 done function D264 round=1 result=true
2026-06-13T15:42:44.394964+00:00 done function D265 round=1 result=true
2026-06-13T15:42:44.505847+00:00 done function D266 round=1 result=true
2026-06-13T15:42:44.621314+00:00 done function D267 round=1 result=true
2026-06-13T15:42:44.732010+00:00 done function D268 round=1 result=true
2026-06-13T15:42:44.850394+00:00 done function D269 round=1 result=true
2026-06-13T15:42:44.964444+00:00 done function D270 round=1 result=true
2026-06-13T15:42:45.072453+00:00 done function D271 round=1 result=true
2026-06-13T15:42:45.188618+00:00 done function D272 round=1 result=true
2026-06-13T15:42:45.303111+00:00 done function D273 round=1 result=true
2026-06-13T15:42:45.422349+00:00 done function D274 round=1 result=true
2026-06-13T15:42:45.532753+00:00 done function D275 round=1 result=true
2026-06-13T15:42:45.659635+00:00 done function D276 round=1 result=true
2026-06-13T15:42:45.778512+00:00 done function D277 round=1 result=true
2026-06-13T15:42:45.884073+00:00 done function D278 round=1 result=true
2026-06-13T15:42:45.995658+00:00 done function D279 round=1 result=true
2026-06-13T15:42:46.111260+00:00 done function D280 round=1 result=true
2026-06-13T15:42:46.218401+00:00 done function D281 round=1 result=true
2026-06-13T15:42:46.331775+00:00 done function D282 round=1 result=true
2026-06-13T15:42:46.453166+00:00 done function D283 round=1 result=true
2026-06-13T15:42:46.562967+00:00 done function D284 round=1 result=true
2026-06-13T15:42:46.672874+00:00 done function D285 round=1 result=true
2026-06-13T15:42:46.784030+00:00 done function D286 round=1 result=true
2026-06-13T15:42:46.895680+00:00 done function D287 round=1 result=true
2026-06-13T15:42:47.010914+00:00 done function D288 round=1 result=true
2026-06-13T15:42:47.118109+00:00 done function D289 round=1 result=true
2026-06-13T15:42:47.242114+00:00 done function D290 round=1 result=true
2026-06-13T15:42:47.350721+00:00 done function D291 round=1 result=true
2026-06-13T15:42:47.466258+00:00 done function D292 round=1 result=true
2026-06-13T15:42:47.573211+00:00 done function D293 round=1 result=true
2026-06-13T15:42:47.693096+00:00 done function D294 round=1 result=true
2026-06-13T15:42:47.806749+00:00 done function D295 round=1 result=true
2026-06-13T15:42:47.942310+00:00 done function D296 round=1 result=true
2026-06-13T15:42:48.066786+00:00 done function D297 round=1 result=true
2026-06-13T15:42:48.187032+00:00 done function D298 round=1 result=true
2026-06-13T15:42:48.318144+00:00 done function D299 round=1 result=true
2026-06-13T15:42:48.442308+00:00 done function D300 round=1 result=true
2026-06-13T15:42:48.568706+00:00 done function D301 round=1 result=true
2026-06-13T15:42:48.686247+00:00 done function D302 round=1 result=true
2026-06-13T15:42:48.821194+00:00 done function D303 round=1 result=true
2026-06-13T15:42:48.943013+00:00 done function D304 round=1 result=true
2026-06-13T15:42:49.064599+00:00 done function D305 round=1 result=true
2026-06-13T15:42:49.201109+00:00 done function D306 round=1 result=true
2026-06-13T15:42:49.318307+00:00 done function D307 round=1 result=true
2026-06-13T15:42:49.444232+00:00 done function D308 round=1 result=true
2026-06-13T15:42:49.565675+00:00 done function D309 round=1 result=true
2026-06-13T15:42:49.699454+00:00 done function D310 round=1 result=true
2026-06-13T15:42:49.821420+00:00 done function D311 round=1 result=true
2026-06-13T15:42:49.951134+00:00 done function D312 round=1 result=true
2026-06-13T15:42:50.077328+00:00 done function D313 round=1 result=true
2026-06-13T15:42:50.196799+00:00 done function D314 round=1 result=true
2026-06-13T15:42:50.318668+00:00 done function D315 round=1 result=true
2026-06-13T15:42:50.458155+00:00 done function D316 round=1 result=true
2026-06-13T15:42:50.588666+00:00 done function D317 round=1 result=true
2026-06-13T15:42:50.709859+00:00 done function D318 round=1 result=true
2026-06-13T15:42:50.842235+00:00 done function D319 round=1 result=true
2026-06-13T15:42:50.968726+00:00 done function D320 round=1 result=true
2026-06-13T15:42:51.092740+00:00 done function D321 round=1 result=true
2026-06-13T15:42:51.226532+00:00 done function D322 round=1 result=true
2026-06-13T15:42:51.352209+00:00 done function D323 round=1 result=true
2026-06-13T15:42:51.475695+00:00 done function D324 round=1 result=true
2026-06-13T15:42:51.603077+00:00 done function D325 round=1 result=true
2026-06-13T15:42:51.723338+00:00 done function D326 round=1 result=true
2026-06-13T15:42:51.843459+00:00 done function D327 round=1 result=true
2026-06-13T15:42:51.965415+00:00 done function D328 round=1 result=true
2026-06-13T15:42:52.085593+00:00 done function D329 round=1 result=true
2026-06-13T15:42:52.219246+00:00 done function D330 round=1 result=true
2026-06-13T15:42:52.342062+00:00 done function D331 round=1 result=true
2026-06-13T15:42:52.463545+00:00 done function D332 round=1 result=true
2026-06-13T15:42:52.585967+00:00 done function D333 round=1 result=true
2026-06-13T15:42:52.713972+00:00 done function D334 round=1 result=true
2026-06-13T15:42:52.836013+00:00 done function D335 round=1 result=true
2026-06-13T15:42:52.960083+00:00 done function D336 round=1 result=true
2026-06-13T15:42:53.092056+00:00 done function D337 round=1 result=true
2026-06-13T15:42:53.209366+00:00 done function D338 round=1 result=true
2026-06-13T15:42:53.342629+00:00 done function D339 round=1 result=true
2026-06-13T15:42:53.470306+00:00 done function D340 round=1 result=true
2026-06-13T15:42:53.602289+00:00 done function D341 round=1 result=true
2026-06-13T15:42:53.719809+00:00 done function D342 round=1 result=true
2026-06-13T15:42:53.852166+00:00 done function D343 round=1 result=true
2026-06-13T15:42:53.981017+00:00 done function D344 round=1 result=true
2026-06-13T15:42:54.097395+00:00 done function D345 round=1 result=true
2026-06-13T15:42:54.223554+00:00 done function D346 round=1 result=true
2026-06-13T15:42:54.345447+00:00 done function D347 round=1 result=true
2026-06-13T15:42:54.464178+00:00 done function D348 round=1 result=true
2026-06-13T15:42:54.586879+00:00 done function D349 round=1 result=true
2026-06-13T15:42:54.726708+00:00 done function D350 round=1 result=true
2026-06-13T15:42:54.842102+00:00 done function D351 round=1 result=true
2026-06-13T15:42:54.967955+00:00 done function D352 round=1 result=true
2026-06-13T15:42:55.091462+00:00 done function D353 round=1 result=true
2026-06-13T15:42:55.208984+00:00 done function D354 round=1 result=true
2026-06-13T15:42:55.330525+00:00 done function D355 round=1 result=true
2026-06-13T15:42:55.442320+00:00 done function D356 round=1 result=true
2026-06-13T15:42:55.575268+00:00 done function D357 round=1 result=true
2026-06-13T15:42:55.703960+00:00 done function D358 round=1 result=true
2026-06-13T15:42:55.830403+00:00 done function D359 round=1 result=true
2026-06-13T15:42:55.942449+00:00 done function D360 round=1 result=true
2026-06-13T15:42:56.069325+00:00 done function D361 round=1 result=true
2026-06-13T15:42:56.190898+00:00 done function D362 round=1 result=true
2026-06-13T15:42:56.333250+00:00 done function D363 round=1 result=true
2026-06-13T15:42:56.456172+00:00 done function D364 round=1 result=true
2026-06-13T15:42:56.581114+00:00 done function D365 round=1 result=true
2026-06-13T15:42:56.701448+00:00 done function D366 round=1 result=true
2026-06-13T15:42:56.819719+00:00 done function D367 round=1 result=true
2026-06-13T15:42:56.945191+00:00 done function D368 round=1 result=true
2026-06-13T15:42:57.064124+00:00 done function D369 round=1 result=true
2026-06-13T15:42:58.112257+00:00 done function D370 round=1 result=true
2026-06-13T15:42:58.232676+00:00 done function D371 round=1 result=true
2026-06-13T15:42:58.354059+00:00 done function D372 round=1 result=true
2026-06-13T15:42:58.479958+00:00 done function D373 round=1 result=true
2026-06-13T15:42:58.597669+00:00 done function D374 round=1 result=true
2026-06-13T15:42:58.721037+00:00 done function D375 round=1 result=true
2026-06-13T15:42:58.845389+00:00 done function D376 round=1 result=true
2026-06-13T15:42:58.975643+00:00 done function D377 round=1 result=true
2026-06-13T15:42:59.970224+00:00 done function D378 round=1 result=true
2026-06-13T15:43:00.097714+00:00 done function D379 round=1 result=true
2026-06-13T15:43:00.208913+00:00 done function D380 round=1 result=true
2026-06-13T15:43:00.321556+00:00 done function D381 round=1 result=true
2026-06-13T15:43:00.442729+00:00 done function D382 round=1 result=true
2026-06-13T15:43:00.553973+00:00 done function D383 round=1 result=true
2026-06-13T15:43:00.690214+00:00 done function D384 round=1 result=true
2026-06-13T15:43:00.814085+00:00 done function D385 round=1 result=true
2026-06-13T15:43:01.809393+00:00 done function D386 round=1 result=true
2026-06-13T15:43:01.935095+00:00 done function D387 round=1 result=true
2026-06-13T15:43:02.055731+00:00 done function D388 round=1 result=true
2026-06-13T15:43:02.175984+00:00 done function D389 round=1 result=true
2026-06-13T15:43:02.312289+00:00 done function D390 round=1 result=true
2026-06-13T15:43:02.441548+00:00 done function D391 round=1 result=true
2026-06-13T15:43:02.564568+00:00 done function D392 round=1 result=true
2026-06-13T15:43:02.682788+00:00 done function D393 round=1 result=true
2026-06-13T15:43:03.677713+00:00 done function D394 round=1 result=true
2026-06-13T15:43:03.801994+00:00 done function D395 round=1 result=true
2026-06-13T15:43:03.924296+00:00 done function D396 round=1 result=true
2026-06-13T15:43:04.043883+00:00 done function D397 round=1 result=true
2026-06-13T15:43:04.166121+00:00 done function D398 round=1 result=true
2026-06-13T15:43:04.289329+00:00 done function D399 round=1 result=true
2026-06-13T15:43:04.410150+00:00 done function D400 round=1 result=true
2026-06-13T15:43:04.526782+00:00 done function D401 round=1 result=true
2026-06-13T15:43:05.521859+00:00 done function D402 round=1 result=true
2026-06-13T15:43:05.643936+00:00 done function D403 round=1 result=true
2026-06-13T15:43:05.774187+00:00 done function D404 round=1 result=true
2026-06-13T15:43:05.898711+00:00 done function D405 round=1 result=true
2026-06-13T15:43:06.012359+00:00 done function D406 round=1 result=true
2026-06-13T15:43:06.134427+00:00 done function D407 round=1 result=true
2026-06-13T15:43:06.258255+00:00 done function D408 round=1 result=true
2026-06-13T15:43:06.383520+00:00 done function D409 round=1 result=true
2026-06-13T15:43:07.383347+00:00 done function D410 round=1 result=true
2026-06-13T15:43:07.504434+00:00 done function D411 round=1 result=true
2026-06-13T15:43:07.626183+00:00 done function D412 round=1 result=true
2026-06-13T15:43:07.742746+00:00 done function D413 round=1 result=true
2026-06-13T15:43:07.856375+00:00 done function D414 round=1 result=true
2026-06-13T15:43:07.982657+00:00 done function D415 round=1 result=true
2026-06-13T15:43:08.088520+00:00 done function D416 round=1 result=true
2026-06-13T15:43:08.201387+00:00 done function D417 round=1 result=true
2026-06-13T15:43:09.188459+00:00 done function D418 round=1 result=true
2026-06-13T15:43:09.306815+00:00 done function D419 round=1 result=true
2026-06-13T15:43:09.416174+00:00 done function D420 round=1 result=true
2026-06-13T15:43:10.406506+00:00 done function D421 round=1 result=true
2026-06-13T15:43:10.516575+00:00 done function D422 round=1 result=true
2026-06-13T15:43:11.488616+00:00 done function D423 round=1 result=true
2026-06-13T15:43:12.477084+00:00 done function D424 round=1 result=true
2026-06-13T15:43:12.576689+00:00 done function D463 round=1 result=true
2026-06-13T15:43:13.548234+00:00 done function D464 round=1 result=true
2026-06-13T15:43:13.656742+00:00 done function D465 round=1 result=true
2026-06-13T15:43:14.643682+00:00 done function D466 round=1 result=true
2026-06-13T15:43:15.600672+00:00 done function D467 round=1 result=true
2026-06-13T15:43:15.702797+00:00 done function D468 round=1 result=true
2026-06-13T15:43:16.669796+00:00 done function D469 round=1 result=true
2026-06-13T15:43:16.778297+00:00 done function D470 round=1 result=true
2026-06-13T15:43:17.726459+00:00 done case C-0001 round=1 result=true
2026-06-13T15:43:18.693864+00:00 done case C-0002 round=1 result=true
2026-06-13T15:43:18.793542+00:00 done case C-0003 round=1 result=true
2026-06-13T15:43:19.750233+00:00 done case C-0004 round=1 result=true
2026-06-13T15:43:19.849571+00:00 done case C-0005 round=1 result=true
2026-06-13T15:43:20.652825+00:00 done case C-0006 round=1 result=true
2026-06-13T15:43:20.796439+00:00 done case C-0007 round=1 result=true
2026-06-13T15:43:20.906633+00:00 done case C-0008 round=1 result=true
2026-06-13T15:43:21.018109+00:00 done case C-0009 round=1 result=true
2026-06-13T15:43:21.116436+00:00 done case C-0010 round=1 result=true
2026-06-13T15:43:21.228452+00:00 done case C-0011 round=1 result=true
2026-06-13T15:43:21.340240+00:00 done case C-0012 round=1 result=true
2026-06-13T15:43:21.451590+00:00 done case C-0013 round=1 result=true
2026-06-13T15:43:21.563605+00:00 done case C-0014 round=1 result=true
2026-06-13T15:43:21.674695+00:00 done case C-0015 round=1 result=true
2026-06-13T15:43:21.783999+00:00 done case C-0016 round=1 result=true
2026-06-13T15:43:21.895509+00:00 done case C-0017 round=1 result=true
2026-06-13T15:43:22.005876+00:00 done case C-0018 round=1 result=true
2026-06-13T15:43:22.129942+00:00 done case C-0019 round=1 result=true
2026-06-13T15:43:22.239469+00:00 done case C-0020 round=1 result=true
2026-06-13T15:43:22.338043+00:00 done case C-0021 round=1 result=true
2026-06-13T15:43:22.439078+00:00 done case C-0022 round=1 result=true
2026-06-13T15:43:22.551047+00:00 done case C-0023 round=1 result=true
2026-06-13T15:43:22.661321+00:00 done case C-0024 round=1 result=true
2026-06-13T15:43:22.773693+00:00 done case C-0025 round=1 result=true
2026-06-13T15:43:22.895317+00:00 done case C-0026 round=1 result=true
2026-06-13T15:43:23.008468+00:00 done case C-0027 round=1 result=true
2026-06-13T15:43:23.120041+00:00 done case C-0028 round=1 result=true
2026-06-13T15:43:23.228530+00:00 done case C-0029 round=1 result=true
2026-06-13T15:43:23.341287+00:00 done case C-0030 round=1 result=true
2026-06-13T15:43:23.453556+00:00 done case C-0031 round=1 result=true
2026-06-13T15:43:23.574347+00:00 done case C-0032 round=1 result=true
2026-06-13T15:43:23.671454+00:00 done case C-0033 round=1 result=true
2026-06-13T15:43:23.784090+00:00 done case C-0034 round=1 result=true
2026-06-13T15:43:23.895629+00:00 done case C-0035 round=1 result=true
2026-06-13T15:43:24.008204+00:00 done case C-0036 round=1 result=true
2026-06-13T15:43:24.120814+00:00 done case C-0037 round=1 result=true
2026-06-13T15:43:24.240308+00:00 done case C-0038 round=1 result=true
2026-06-13T15:43:24.351176+00:00 done case C-0039 round=1 result=true
2026-06-13T15:43:24.462567+00:00 done case C-0040 round=1 result=true
2026-06-13T15:43:24.561767+00:00 done case C-0041 round=1 result=true
2026-06-13T15:43:24.674249+00:00 done case C-0042 round=1 result=true
2026-06-13T15:43:25.641783+00:00 done case C-0043 round=1 result=true
2026-06-13T15:43:25.752289+00:00 done case C-0044 round=1 result=true
2026-06-13T15:43:25.873839+00:00 done case C-0045 round=1 result=true
2026-06-13T15:43:25.971909+00:00 done case C-0046 round=1 result=true
2026-06-13T15:43:26.086884+00:00 done case C-0047 round=1 result=true
2026-06-13T15:43:26.206621+00:00 done case C-0048 round=1 result=true
2026-06-13T15:43:26.336918+00:00 done case C-0049 round=1 result=true
2026-06-13T15:43:26.463140+00:00 done case C-0050 round=1 result=true
2026-06-13T15:43:26.596623+00:00 done case C-0051 round=1 result=true
2026-06-13T15:43:27.566429+00:00 done case C-0052 round=1 result=true
2026-06-13T15:43:27.672318+00:00 done case C-0053 round=1 result=true
2026-06-13T15:43:27.795564+00:00 done case C-0054 round=1 result=true
2026-06-13T15:43:27.920937+00:00 done case C-0055 round=1 result=true
2026-06-13T15:43:28.040794+00:00 done case C-0056 round=1 result=true
2026-06-13T15:43:28.164958+00:00 done case C-0057 round=1 result=true
2026-06-13T15:43:28.285006+00:00 done case C-0058 round=1 result=true
2026-06-13T15:43:28.408058+00:00 done case C-0059 round=1 result=true
2026-06-13T15:43:29.397926+00:00 done case C-0060 round=1 result=true
2026-06-13T15:43:29.519057+00:00 done case C-0061 round=1 result=true
2026-06-13T15:43:29.643110+00:00 done case C-0062 round=1 result=true
2026-06-13T15:43:29.765504+00:00 done case C-0063 round=1 result=true
2026-06-13T15:43:29.885647+00:00 done case C-0064 round=1 result=true
2026-06-13T15:43:29.994743+00:00 done case C-0065 round=1 result=true
2026-06-13T15:43:30.119214+00:00 done case C-0066 round=1 result=true
2026-06-13T15:43:30.242959+00:00 done case C-0067 round=1 result=true
2026-06-13T15:43:30.907260+00:00 done case C-0068 round=1 result=true
2026-06-13T15:43:31.034582+00:00 done case C-0069 round=1 result=true
2026-06-13T15:43:31.142289+00:00 done case C-0070 round=1 result=true
2026-06-13T15:43:31.263738+00:00 done case C-0071 round=1 result=true
2026-06-13T15:43:31.374634+00:00 done case C-0072 round=1 result=true
2026-06-13T15:43:31.486302+00:00 done case C-0073 round=1 result=true
2026-06-13T15:43:31.596631+00:00 done case C-0074 round=1 result=true
2026-06-13T15:43:31.707787+00:00 done case C-0075 round=1 result=true
2026-06-13T15:43:31.806248+00:00 done case C-0076 round=1 result=true
2026-06-13T15:43:32.819325+00:00 done case C-0077 round=1 result=true
2026-06-13T15:43:32.941107+00:00 done case C-0078 round=1 result=true
2026-06-13T15:43:33.064272+00:00 done case C-0079 round=1 result=true
2026-06-13T15:43:33.187178+00:00 done case C-0080 round=1 result=true
2026-06-13T15:43:33.307904+00:00 done case C-0081 round=1 result=true
2026-06-13T15:43:33.434856+00:00 done case C-0082 round=1 result=true
2026-06-13T15:43:33.552244+00:00 done case C-0083 round=1 result=true
2026-06-13T15:43:33.665267+00:00 done case C-0084 round=1 result=true
2026-06-13T15:43:34.652780+00:00 done case C-0085 round=1 result=true
2026-06-13T15:43:34.776136+00:00 done case C-0086 round=1 result=true
2026-06-13T15:43:34.897335+00:00 done case C-0087 round=1 result=true
2026-06-13T15:43:35.019061+00:00 done case C-0088 round=1 result=true
2026-06-13T15:43:35.141414+00:00 done case C-0089 round=1 result=true
2026-06-13T15:43:35.266717+00:00 done case C-0090 round=1 result=true
2026-06-13T15:43:35.385463+00:00 done case C-0091 round=1 result=true
2026-06-13T15:43:35.508933+00:00 done case C-0092 round=1 result=true
2026-06-13T15:43:36.508895+00:00 done case C-0093 round=1 result=true
2026-06-13T15:43:36.632362+00:00 done case C-0094 round=1 result=true
2026-06-13T15:43:36.752313+00:00 done case C-0095 round=1 result=true
2026-06-13T15:43:36.878805+00:00 done case C-0096 round=1 result=true
2026-06-13T15:43:36.997090+00:00 done case C-0097 round=1 result=true
2026-06-13T15:43:37.119586+00:00 done case C-0098 round=1 result=true
2026-06-13T15:43:37.243944+00:00 done case C-0099 round=1 result=true
2026-06-13T15:43:37.364010+00:00 done case C-0100 round=1 result=true
2026-06-13T15:43:38.352976+00:00 done case C-0101 round=1 result=true
2026-06-13T15:43:38.477518+00:00 done case C-0102 round=1 result=true
2026-06-13T15:43:38.597657+00:00 done case C-0103 round=1 result=true
2026-06-13T15:43:38.719820+00:00 done case C-0104 round=1 result=true
2026-06-13T15:43:38.843286+00:00 done case C-0105 round=1 result=true
2026-06-13T15:43:38.964822+00:00 done case C-0106 round=1 result=true
2026-06-13T15:43:39.087830+00:00 done case C-0107 round=1 result=true
2026-06-13T15:43:39.208745+00:00 done case C-0108 round=1 result=true
2026-06-13T15:43:39.998319+00:00 done case C-0109 round=1 result=true
2026-06-13T15:43:40.108105+00:00 done case C-0110 round=1 result=true
2026-06-13T15:43:40.232306+00:00 done case C-0111 round=1 result=true
2026-06-13T15:43:40.352673+00:00 done case C-0112 round=1 result=true
2026-06-13T15:43:40.476682+00:00 done case C-0113 round=1 result=true
2026-06-13T15:43:40.604680+00:00 done case C-0114 round=1 result=true
2026-06-13T15:43:40.733857+00:00 done case C-0115 round=1 result=true
2026-06-13T15:43:40.855275+00:00 done case C-0116 round=1 result=true
2026-06-13T15:43:41.866316+00:00 done case C-0117 round=1 result=true
2026-06-13T15:43:41.988412+00:00 done case C-0118 round=1 result=true
2026-06-13T15:43:42.134130+00:00 done case C-0119 round=1 result=true
2026-06-13T15:43:42.254885+00:00 done case C-0120 round=1 result=true
2026-06-13T15:43:42.377507+00:00 done case C-0121 round=1 result=true
2026-06-13T15:43:42.497434+00:00 done case C-0122 round=1 result=true
2026-06-13T15:43:42.619646+00:00 done case C-0123 round=1 result=true
2026-06-13T15:43:42.743905+00:00 done case C-0124 round=1 result=true
2026-06-13T15:43:43.748358+00:00 done case C-0125 round=1 result=true
2026-06-13T15:43:43.865154+00:00 done case C-0126 round=1 result=true
2026-06-13T15:43:43.986760+00:00 done case C-0127 round=1 result=true
2026-06-13T15:43:44.116390+00:00 done case C-0128 round=1 result=true
2026-06-13T15:43:44.236140+00:00 done case C-0129 round=1 result=true
2026-06-13T15:43:44.354036+00:00 done case C-0130 round=1 result=true
2026-06-13T15:43:44.477712+00:00 done case C-0131 round=1 result=true
2026-06-13T15:43:44.600505+00:00 done case C-0132 round=1 result=true
2026-06-13T15:43:45.598517+00:00 done case C-0133 round=1 result=true
2026-06-13T15:43:45.720003+00:00 done case C-0134 round=1 result=true
2026-06-13T15:43:45.842827+00:00 done case C-0135 round=1 result=true
2026-06-13T15:43:45.967344+00:00 done case C-0136 round=1 result=true
2026-06-13T15:43:46.094749+00:00 done case C-0137 round=1 result=true
2026-06-13T15:43:46.222540+00:00 done case C-0138 round=1 result=true
2026-06-13T15:43:46.334939+00:00 done case C-0139 round=1 result=true
2026-06-13T15:43:46.443928+00:00 done case C-0140 round=1 result=true
2026-06-13T15:43:47.432769+00:00 done case C-0141 round=1 result=true
2026-06-13T15:43:47.543326+00:00 done case C-0142 round=1 result=true
2026-06-13T15:43:47.654435+00:00 done case C-0143 round=1 result=true
2026-06-13T15:43:47.764842+00:00 done case C-0144 round=1 result=true
2026-06-13T15:43:47.876320+00:00 done case C-0145 round=1 result=true
2026-06-13T15:43:47.988238+00:00 done case C-0146 round=1 result=true
2026-06-13T15:43:48.098559+00:00 done case C-0147 round=1 result=true
2026-06-13T15:43:48.197603+00:00 done case C-0148 round=1 result=true
2026-06-13T15:43:48.311285+00:00 done case C-0149 round=1 result=true
2026-06-13T15:43:49.287704+00:00 done case C-0150 round=1 result=true
2026-06-13T15:43:49.398804+00:00 done case C-0151 round=1 result=true
2026-06-13T15:43:49.510582+00:00 done case C-0152 round=1 result=true
2026-06-13T15:43:49.623127+00:00 done case C-0153 round=1 result=true
2026-06-13T15:43:49.734526+00:00 done case C-0154 round=1 result=true
2026-06-13T15:43:49.843333+00:00 done case C-0155 round=1 result=true
2026-06-13T15:43:49.955004+00:00 done case C-0156 round=1 result=true
2026-06-13T15:43:50.061388+00:00 done case C-0157 round=1 result=true
2026-06-13T15:43:50.166291+00:00 done case C-0158 round=1 result=true
2026-06-13T15:43:51.161305+00:00 done case C-0159 round=1 result=true
2026-06-13T15:43:51.284020+00:00 done case C-0160 round=1 result=true
2026-06-13T15:43:51.396420+00:00 done case C-0161 round=1 result=true
2026-06-13T15:43:51.516781+00:00 done case C-0162 round=1 result=true
2026-06-13T15:43:51.632925+00:00 done case C-0163 round=1 result=true
2026-06-13T15:43:51.743594+00:00 done case C-0164 round=1 result=true
2026-06-13T15:43:51.854169+00:00 done case C-0165 round=1 result=true
2026-06-13T15:43:51.968666+00:00 done case C-0166 round=1 result=true
2026-06-13T15:43:52.077401+00:00 done case C-0167 round=1 result=true
2026-06-13T15:43:52.854428+00:00 done case C-0168 round=1 result=true
2026-06-13T15:43:52.966338+00:00 done case C-0169 round=1 result=true
2026-06-13T15:43:53.081439+00:00 done case C-0170 round=1 result=true
2026-06-13T15:43:53.193073+00:00 done case C-0171 round=1 result=true
2026-06-13T15:43:53.305977+00:00 done case C-0172 round=1 result=true
2026-06-13T15:43:53.423162+00:00 done case C-0173 round=1 result=true
2026-06-13T15:43:53.543280+00:00 done case C-0174 round=1 result=true
2026-06-13T15:43:53.666277+00:00 done case C-0175 round=1 result=true
2026-06-13T15:43:56.147127+00:00 done case C-0176 round=1 result=true
2026-06-13T15:43:56.268163+00:00 done case C-0177 round=1 result=true
2026-06-13T15:43:57.277897+00:00 done case C-0178 round=1 result=true
2026-06-13T15:43:57.399714+00:00 done case C-0179 round=1 result=true
2026-06-13T15:43:58.391854+00:00 done case C-0180 round=1 result=true
2026-06-13T15:43:59.390089+00:00 done case C-0181 round=1 result=true
2026-06-13T15:43:59.512004+00:00 done case C-0182 round=1 result=true
2026-06-13T15:44:00.259141+00:00 done case C-0183 round=1 result=true
2026-06-13T15:44:01.300199+00:00 done case C-0184 round=1 result=true
2026-06-13T15:44:01.423233+00:00 done case C-0185 round=1 result=true
2026-06-13T15:44:01.545720+00:00 done case C-0186 round=1 result=true
2026-06-13T15:44:01.667272+00:00 done case C-0187 round=1 result=true
2026-06-13T15:44:01.789287+00:00 done case C-0188 round=1 result=true
2026-06-13T15:44:01.912399+00:00 done case C-0189 round=1 result=true
2026-06-13T15:44:02.037473+00:00 done case C-0190 round=1 result=true
2026-06-13T15:44:02.167022+00:00 done case C-0191 round=1 result=true
2026-06-13T15:44:02.290054+00:00 done case C-0192 round=1 result=true
2026-06-13T15:44:03.267022+00:00 done case C-0193 round=1 result=true
2026-06-13T15:44:03.389030+00:00 done case C-0194 round=1 result=true
2026-06-13T15:44:03.511199+00:00 done case C-0195 round=1 result=true
2026-06-13T15:44:03.633952+00:00 done case C-0196 round=1 result=true
2026-06-13T15:44:03.758616+00:00 done case C-0197 round=1 result=true
2026-06-13T15:44:03.890440+00:00 done case C-0198 round=1 result=true
2026-06-13T15:44:04.013885+00:00 done case C-0199 round=1 result=true
2026-06-13T15:44:04.138221+00:00 done case C-0200 round=1 result=true
2026-06-13T15:44:05.128394+00:00 done case C-0201 round=1 result=true
2026-06-13T15:44:05.249456+00:00 done case C-0202 round=1 result=true
2026-06-13T15:44:05.379520+00:00 done case C-0203 round=1 result=true
2026-06-13T15:44:05.515842+00:00 done case C-0204 round=1 result=true
2026-06-13T15:44:05.651253+00:00 done case C-0205 round=1 result=true
2026-06-13T15:44:05.786132+00:00 done case C-0206 round=1 result=true
2026-06-13T15:44:05.918531+00:00 done case C-0207 round=1 result=true
2026-06-13T15:44:06.917736+00:00 done case C-0208 round=1 result=true
2026-06-13T15:44:07.050295+00:00 done case C-0209 round=1 result=true
2026-06-13T15:44:07.196171+00:00 done case C-0210 round=1 result=true
2026-06-13T15:44:07.327542+00:00 done case C-0211 round=1 result=true
2026-06-13T15:44:07.471790+00:00 done case C-0212 round=1 result=true
2026-06-13T15:44:07.604176+00:00 done case C-0213 round=1 result=true
2026-06-13T15:44:07.741057+00:00 done case C-0214 round=1 result=true
2026-06-13T15:44:07.872264+00:00 done case C-0215 round=1 result=true
2026-06-13T15:44:08.891996+00:00 done case C-0216 round=1 result=true
2026-06-13T15:44:09.034906+00:00 done case C-0217 round=1 result=true
2026-06-13T15:44:09.172158+00:00 done case C-0218 round=1 result=true
2026-06-13T15:44:09.312031+00:00 done case C-0219 round=1 result=true
2026-06-13T15:44:09.450856+00:00 done case C-0220 round=1 result=true
2026-06-13T15:44:09.581033+00:00 done case C-0221 round=1 result=true
2026-06-13T15:44:09.723400+00:00 done case C-0222 round=1 result=true
2026-06-13T15:44:10.740361+00:00 done case C-0223 round=1 result=true
2026-06-13T15:44:10.868039+00:00 done case C-0224 round=1 result=true
2026-06-13T15:44:11.006089+00:00 done case C-0225 round=1 result=true
2026-06-13T15:44:11.141415+00:00 done case C-0226 round=1 result=true
2026-06-13T15:44:11.274354+00:00 done case C-0227 round=1 result=true
2026-06-13T15:44:11.416432+00:00 done case C-0228 round=1 result=true
2026-06-13T15:44:11.558761+00:00 done case C-0229 round=1 result=true
2026-06-13T15:44:12.369562+00:00 done case C-0230 round=1 result=true
2026-06-13T15:44:12.506471+00:00 done case C-0231 round=1 result=true
2026-06-13T15:44:12.635843+00:00 done case C-0232 round=1 result=true
2026-06-13T15:44:12.772819+00:00 done case C-0233 round=1 result=true
2026-06-13T15:44:12.902232+00:00 done case C-0234 round=1 result=true
2026-06-13T15:44:13.039570+00:00 done case C-0235 round=1 result=true
2026-06-13T15:44:13.183467+00:00 done case C-0236 round=1 result=true
2026-06-13T15:44:14.226979+00:00 done case C-0237 round=1 result=true
2026-06-13T15:44:14.361627+00:00 done case C-0238 round=1 result=true
2026-06-13T15:44:14.505778+00:00 done case C-0239 round=1 result=true
2026-06-13T15:44:14.636708+00:00 done case C-0240 round=1 result=true
2026-06-13T15:44:14.770671+00:00 done case C-0241 round=1 result=true
2026-06-13T15:44:14.916691+00:00 done case C-0242 round=1 result=true
2026-06-13T15:44:15.046254+00:00 done case C-0243 round=1 result=true
2026-06-13T15:44:16.057672+00:00 done case C-0244 round=1 result=true
2026-06-13T15:44:16.195096+00:00 done case C-0245 round=1 result=true
2026-06-13T15:44:16.328774+00:00 done case C-0246 round=1 result=true
2026-06-13T15:44:16.461737+00:00 done case C-0247 round=1 result=true
2026-06-13T15:44:16.596428+00:00 done case C-0248 round=1 result=true
2026-06-13T15:44:16.737649+00:00 done case C-0249 round=1 result=true
2026-06-13T15:44:16.880018+00:00 done case C-0250 round=1 result=true
2026-06-13T15:44:17.020801+00:00 done case C-0251 round=1 result=true
2026-06-13T15:44:18.013268+00:00 done case C-0252 round=1 result=true
2026-06-13T15:44:18.128470+00:00 done case C-0253 round=1 result=true
2026-06-13T15:44:18.251085+00:00 done case C-0254 round=1 result=true
2026-06-13T15:44:18.371888+00:00 done case C-0255 round=1 result=true
2026-06-13T15:44:18.508035+00:00 done case C-0256 round=1 result=true
2026-06-13T15:44:18.668572+00:00 done case C-0257 round=1 result=true
2026-06-13T15:44:18.791355+00:00 done case C-0258 round=1 result=true
2026-06-13T15:44:18.916609+00:00 done case C-0259 round=1 result=true
2026-06-13T15:44:19.917774+00:00 done case C-0260 round=1 result=true
2026-06-13T15:44:20.040857+00:00 done case C-0261 round=1 result=true
2026-06-13T15:44:20.175488+00:00 done case C-0262 round=1 result=true
2026-06-13T15:44:20.296364+00:00 done case C-0263 round=1 result=true
2026-06-13T15:44:20.417822+00:00 done case C-0264 round=1 result=true
2026-06-13T15:44:20.554187+00:00 done case C-0265 round=1 result=true
2026-06-13T15:44:21.560298+00:00 done case C-0266 round=1 result=true
2026-06-13T15:44:22.548609+00:00 done case C-0267 round=1 result=true
2026-06-13T15:44:22.674674+00:00 done case C-0268 round=1 result=true
2026-06-13T15:44:23.686563+00:00 done case C-0269 round=1 result=true
2026-06-13T15:44:24.659955+00:00 done case C-0270 round=1 result=true
2026-06-13T15:44:24.785952+00:00 done case C-0271 round=1 result=true
2026-06-13T15:44:25.785165+00:00 done case C-0272 round=1 result=true
2026-06-13T15:44:26.776797+00:00 done case C-0273 round=1 result=true
2026-06-13T15:44:27.782493+00:00 done case C-0274 round=1 result=true
2026-06-13T15:44:27.903697+00:00 done case C-0275 round=1 result=true
2026-06-13T15:44:28.885768+00:00 done case C-0276 round=1 result=true
2026-06-13T15:44:29.885788+00:00 done case C-0277 round=1 result=true
2026-06-13T15:44:30.871340+00:00 done case C-0278 round=1 result=true
2026-06-13T15:44:30.996178+00:00 done case C-0279 round=1 result=true
2026-06-13T15:44:31.998520+00:00 done case C-0280 round=1 result=true
2026-06-13T15:44:32.994029+00:00 done case C-0281 round=1 result=true
2026-06-13T15:44:33.997319+00:00 done case C-0282 round=1 result=true
2026-06-13T15:44:34.750634+00:00 done case C-0283 round=1 result=true
2026-06-13T15:44:35.728305+00:00 done case C-0284 round=1 result=true
2026-06-13T15:44:35.849809+00:00 done case C-0285 round=1 result=true
2026-06-13T15:44:36.604673+00:00 done case C-0286 round=1 result=true
2026-06-13T15:44:36.715736+00:00 done case C-0287 round=1 result=true
2026-06-13T15:44:37.728544+00:00 done case C-0288 round=1 result=true
2026-06-13T15:44:37.852706+00:00 done case C-0289 round=1 result=true
2026-06-13T15:44:37.971290+00:00 done case C-0290 round=1 result=true
2026-06-13T15:44:38.086191+00:00 done case C-0291 round=1 result=true
2026-06-13T15:44:38.204918+00:00 done case C-0292 round=1 result=true
2026-06-13T15:44:38.316563+00:00 done case C-0293 round=1 result=true
2026-06-13T15:44:38.429533+00:00 done case C-0294 round=1 result=true
2026-06-13T15:44:38.549891+00:00 done case C-0295 round=1 result=true
2026-06-13T15:44:39.483269+00:00 done case C-0296 round=1 result=true
2026-06-13T15:44:39.594248+00:00 done case C-0297 round=1 result=true
2026-06-13T15:44:39.709462+00:00 done case C-0298 round=1 result=true
2026-06-13T15:44:39.839869+00:00 done case C-0299 round=1 result=true
2026-06-13T15:44:39.965403+00:00 done case C-0300 round=1 result=true
2026-06-13T15:44:40.098908+00:00 done case C-0301 round=1 result=true
2026-06-13T15:44:40.219147+00:00 done case C-0302 round=1 result=true
2026-06-13T15:44:40.340315+00:00 done case C-0303 round=1 result=true
2026-06-13T15:44:41.290841+00:00 done case C-0304 round=1 result=true
2026-06-13T15:44:41.406551+00:00 done case C-0305 round=1 result=true
2026-06-13T15:44:41.528824+00:00 done case C-0306 round=1 result=true
2026-06-13T15:44:41.656108+00:00 done case C-0307 round=1 result=true
2026-06-13T15:44:41.784423+00:00 done case C-0308 round=1 result=true
2026-06-13T15:44:41.908573+00:00 done case C-0309 round=1 result=true
2026-06-13T15:44:42.029710+00:00 done case C-0310 round=1 result=true
2026-06-13T15:44:42.153673+00:00 done case C-0311 round=1 result=true
2026-06-13T15:44:42.272066+00:00 done case C-0312 round=1 result=true
2026-06-13T15:44:42.917595+00:00 done case C-0313 round=1 result=true
2026-06-13T15:44:43.044689+00:00 done case C-0314 round=1 result=true
2026-06-13T15:44:43.163337+00:00 done case C-0315 round=1 result=true
2026-06-13T15:44:43.285173+00:00 done case C-0316 round=1 result=true
2026-06-13T15:44:43.405995+00:00 done case C-0317 round=1 result=true
2026-06-13T15:44:43.517362+00:00 done case C-0318 round=1 result=true
2026-06-13T15:44:43.639851+00:00 done case C-0319 round=1 result=true
2026-06-13T15:44:43.765296+00:00 done case C-0320 round=1 result=true
2026-06-13T15:44:44.797174+00:00 done case C-0321 round=1 result=true
2026-06-13T15:44:45.783992+00:00 done case C-0322 round=1 result=true
2026-06-13T15:44:45.899988+00:00 done case C-0323 round=1 result=true
2026-06-13T15:44:46.895910+00:00 done case C-0324 round=1 result=true
2026-06-13T15:44:47.018140+00:00 done case C-0325 round=1 result=true
2026-06-13T15:44:48.007719+00:00 done case C-0326 round=1 result=true
2026-06-13T15:44:48.999476+00:00 done case C-0327 round=1 result=true
2026-06-13T15:44:49.119778+00:00 done case C-0328 round=1 result=true
2026-06-13T15:44:50.124345+00:00 done case C-0329 round=1 result=true
2026-06-13T15:44:51.095755+00:00 done case C-0330 round=1 result=true
2026-06-13T15:44:51.208061+00:00 done case C-0331 round=1 result=true
2026-06-13T15:44:52.202836+00:00 done case C-0332 round=1 result=true
2026-06-13T15:44:53.220355+00:00 done case C-0333 round=1 result=true
2026-06-13T15:44:54.219039+00:00 done case C-0334 round=1 result=true
2026-06-13T15:44:55.201152+00:00 done case C-0335 round=1 result=true
2026-06-13T15:44:56.185475+00:00 done case C-0336 round=1 result=true
2026-06-13T15:44:56.296358+00:00 done case C-0337 round=1 result=true
2026-06-13T15:44:57.275675+00:00 done case C-0338 round=1 result=true
2026-06-13T15:44:58.285628+00:00 done case C-0339 round=1 result=true
2026-06-13T15:44:59.280749+00:00 done case C-0340 round=1 result=true
2026-06-13T15:45:00.275865+00:00 done case C-0341 round=1 result=true
2026-06-13T15:45:01.266302+00:00 done case C-0342 round=1 result=true
2026-06-13T15:45:02.055667+00:00 done case C-0343 round=1 result=true
2026-06-13T15:45:03.065582+00:00 done case C-0344 round=1 result=true
2026-06-13T15:45:03.186967+00:00 done case C-0345 round=1 result=true
2026-06-13T15:45:03.299321+00:00 done case C-0346 round=1 result=true
2026-06-13T15:45:03.414609+00:00 done case C-0347 round=1 result=true
2026-06-13T15:45:03.535687+00:00 done case C-0348 round=1 result=true
2026-06-13T15:45:03.657946+00:00 done case C-0349 round=1 result=true
2026-06-13T15:45:03.779280+00:00 done case C-0350 round=1 result=true
2026-06-13T15:45:03.899689+00:00 done case C-0351 round=1 result=true
2026-06-13T15:45:04.874008+00:00 done case C-0352 round=1 result=true
2026-06-13T15:45:04.991783+00:00 done case C-0353 round=1 result=true
2026-06-13T15:45:05.109617+00:00 done case C-0354 round=1 result=true
2026-06-13T15:45:05.224589+00:00 done case C-0355 round=1 result=true
2026-06-13T15:45:05.345821+00:00 done case C-0356 round=1 result=true
2026-06-13T15:45:05.467408+00:00 done case C-0357 round=1 result=true
2026-06-13T15:45:05.589491+00:00 done case C-0358 round=1 result=true
2026-06-13T15:45:05.715892+00:00 done case C-0359 round=1 result=true
2026-06-13T15:45:06.665219+00:00 done case C-0360 round=1 result=true
2026-06-13T15:45:06.776776+00:00 done case C-0361 round=1 result=true
2026-06-13T15:45:06.887169+00:00 done case C-0362 round=1 result=true
2026-06-13T15:45:06.998226+00:00 done case C-0363 round=1 result=true
2026-06-13T15:45:07.110906+00:00 done case C-0364 round=1 result=true
2026-06-13T15:45:07.232224+00:00 done case C-0365 round=1 result=true
2026-06-13T15:45:07.343651+00:00 done case C-0366 round=1 result=true
2026-06-13T15:45:08.290975+00:00 done case C-0367 round=1 result=true
2026-06-13T15:45:08.413643+00:00 done case C-0368 round=1 result=true
2026-06-13T15:45:09.201400+00:00 done case C-0369 round=1 result=true
2026-06-13T15:45:10.221268+00:00 done case C-0370 round=1 result=true
2026-06-13T15:45:10.331882+00:00 done case C-0371 round=1 result=true
2026-06-13T15:45:10.451635+00:00 done case C-0372 round=1 result=true
2026-06-13T15:45:10.565150+00:00 done case C-0373 round=1 result=true
2026-06-13T15:45:10.679521+00:00 done case C-0374 round=1 result=true
2026-06-13T15:45:10.802404+00:00 done case C-0375 round=1 result=true
2026-06-13T15:45:10.923208+00:00 done case C-0376 round=1 result=true
2026-06-13T15:45:11.046705+00:00 done case C-0377 round=1 result=true
2026-06-13T15:45:11.176948+00:00 done case C-0378 round=1 result=true
2026-06-13T15:45:12.162741+00:00 done case C-0379 round=1 result=true
2026-06-13T15:45:12.291714+00:00 done case C-0380 round=1 result=true
2026-06-13T15:45:12.424290+00:00 done case C-0381 round=1 result=true
2026-06-13T15:45:12.554557+00:00 done case C-0382 round=1 result=true
2026-06-13T15:45:12.678781+00:00 done case C-0383 round=1 result=true
2026-06-13T15:45:12.811430+00:00 done case C-0384 round=1 result=true
2026-06-13T15:45:12.943463+00:00 done case C-0385 round=1 result=true
2026-06-13T15:45:13.946218+00:00 done case C-0386 round=1 result=true
2026-06-13T15:45:14.088620+00:00 done case C-0387 round=1 result=true
2026-06-13T15:45:14.211903+00:00 done case C-0388 round=1 result=true
2026-06-13T15:45:14.335153+00:00 done case C-0389 round=1 result=true
2026-06-13T15:45:14.455622+00:00 done case C-0390 round=1 result=true
2026-06-13T15:45:14.581278+00:00 done case C-0391 round=1 result=true
2026-06-13T15:45:14.744345+00:00 done case C-0392 round=1 result=true
2026-06-13T15:45:14.865823+00:00 done case C-0393 round=1 result=true
2026-06-13T15:45:15.851748+00:00 done case C-0394 round=1 result=true
2026-06-13T15:45:15.978782+00:00 done case C-0395 round=1 result=true
2026-06-13T15:45:16.100231+00:00 done case C-0396 round=1 result=true
2026-06-13T15:45:16.236250+00:00 done case C-0397 round=1 result=true
2026-06-13T15:45:16.358552+00:00 done case C-0398 round=1 result=true
2026-06-13T15:45:16.494500+00:00 done case C-0399 round=1 result=true
2026-06-13T15:45:16.625541+00:00 done case C-0400 round=1 result=true
2026-06-13T15:45:16.757506+00:00 done case C-0401 round=1 result=true
2026-06-13T15:45:17.756116+00:00 done case C-0402 round=1 result=true
2026-06-13T15:45:17.879887+00:00 done case C-0403 round=1 result=true
2026-06-13T15:45:18.014408+00:00 done case C-0404 round=1 result=true
2026-06-13T15:45:18.162128+00:00 done case C-0405 round=1 result=true
2026-06-13T15:45:18.291070+00:00 done case C-0406 round=1 result=true
2026-06-13T15:45:18.427351+00:00 done case C-0407 round=1 result=true
2026-06-13T15:45:18.557000+00:00 done case C-0408 round=1 result=true
2026-06-13T15:45:19.548223+00:00 done case C-0409 round=1 result=true
2026-06-13T15:45:19.689982+00:00 done case C-0410 round=1 result=true
2026-06-13T15:45:19.810801+00:00 done case C-0411 round=1 result=true
2026-06-13T15:45:19.944846+00:00 done case C-0412 round=1 result=true
2026-06-13T15:45:20.067922+00:00 done case C-0413 round=1 result=true
2026-06-13T15:45:20.190131+00:00 done case C-0414 round=1 result=true
2026-06-13T15:45:20.311002+00:00 done case C-0415 round=1 result=true
2026-06-13T15:45:20.437141+00:00 done case C-0416 round=1 result=true
2026-06-13T15:45:21.235996+00:00 done case C-0417 round=1 result=true
2026-06-13T15:45:21.358207+00:00 done case C-0418 round=1 result=true
2026-06-13T15:45:21.511376+00:00 done case C-0419 round=1 result=true
2026-06-13T15:45:21.651030+00:00 done case C-0420 round=1 result=true
2026-06-13T15:45:21.782665+00:00 done case C-0421 round=1 result=true
2026-06-13T15:45:21.912146+00:00 done case C-0422 round=1 result=true
2026-06-13T15:45:22.036692+00:00 done case C-0423 round=1 result=true
2026-06-13T15:45:22.172134+00:00 done case C-0424 round=1 result=true
2026-06-13T15:45:22.351173+00:00 done case C-0425 round=1 result=true
2026-06-13T15:45:22.482243+00:00 done case C-0426 round=1 result=true
2026-06-13T15:45:22.615189+00:00 done case C-0427 round=1 result=true
2026-06-13T15:45:22.748239+00:00 done case C-0428 round=1 result=true
2026-06-13T15:45:22.879587+00:00 done case C-0429 round=1 result=true
2026-06-13T15:45:23.006178+00:00 done case C-0430 round=1 result=true
2026-06-13T15:45:23.137631+00:00 done case C-0431 round=1 result=true
2026-06-13T15:45:23.270270+00:00 done case C-0432 round=1 result=true
2026-06-13T15:45:23.406178+00:00 done case C-0433 round=1 result=true
2026-06-13T15:45:23.535295+00:00 done case C-0434 round=1 result=true
2026-06-13T15:45:23.657957+00:00 done case C-0435 round=1 result=true
2026-06-13T15:45:23.778518+00:00 done case C-0436 round=1 result=true
2026-06-13T15:45:23.904370+00:00 done case C-0437 round=1 result=true
2026-06-13T15:45:24.034762+00:00 done case C-0438 round=1 result=true
2026-06-13T15:45:24.168626+00:00 done case C-0439 round=1 result=true
2026-06-13T15:45:24.290313+00:00 done case C-0440 round=1 result=true
2026-06-13T15:45:24.415614+00:00 done case C-0441 round=1 result=true
2026-06-13T15:45:24.548368+00:00 done case C-0442 round=1 result=true
2026-06-13T15:45:24.667570+00:00 done case C-0443 round=1 result=true
2026-06-13T15:45:24.793157+00:00 done case C-0444 round=1 result=true
2026-06-13T15:45:24.927582+00:00 done case C-0445 round=1 result=true
2026-06-13T15:45:25.059835+00:00 done case C-0446 round=1 result=true
2026-06-13T15:45:25.191052+00:00 done case C-0447 round=1 result=true
2026-06-13T15:45:25.312933+00:00 done case C-0448 round=1 result=true
2026-06-13T15:45:25.440799+00:00 done case C-0449 round=1 result=true
2026-06-13T15:45:25.582436+00:00 done case C-0450 round=1 result=true
2026-06-13T15:45:25.712333+00:00 done case C-0451 round=1 result=true
2026-06-13T15:45:25.835546+00:00 done case C-0452 round=1 result=true
2026-06-13T15:45:25.957493+00:00 done case C-0453 round=1 result=true
2026-06-13T15:45:26.082254+00:00 done case C-0454 round=1 result=true
2026-06-13T15:45:26.204055+00:00 done case C-0455 round=1 result=true
2026-06-13T15:45:26.334498+00:00 done case C-0456 round=1 result=true
2026-06-13T15:45:26.457180+00:00 done case C-0457 round=1 result=true
2026-06-13T15:45:26.575725+00:00 done case C-0458 round=1 result=true
2026-06-13T15:45:26.706152+00:00 done case C-0459 round=1 result=true
2026-06-13T15:45:26.825792+00:00 done case C-0460 round=1 result=true
2026-06-13T15:45:26.937290+00:00 done case C-0461 round=1 result=true
2026-06-13T15:45:27.058334+00:00 done case C-0462 round=1 result=true
2026-06-13T15:45:27.182090+00:00 done case C-0463 round=1 result=true
2026-06-13T15:45:27.309891+00:00 done case C-0464 round=1 result=true
2026-06-13T15:45:27.431627+00:00 done case C-0465 round=1 result=true
2026-06-13T15:45:27.561165+00:00 done case C-0466 round=1 result=true
2026-06-13T15:45:27.695683+00:00 done case C-0467 round=1 result=true
2026-06-13T15:45:27.817870+00:00 done case C-0468 round=1 result=true
2026-06-13T15:45:27.947088+00:00 done case C-0469 round=1 result=true
2026-06-13T15:45:28.066948+00:00 done case C-0470 round=1 result=true
2026-06-13T15:45:28.195422+00:00 done case C-0471 round=1 result=true
2026-06-13T15:45:28.322868+00:00 done case C-0472 round=1 result=true
2026-06-13T15:45:28.455309+00:00 done case C-0473 round=1 result=true
2026-06-13T15:45:28.586359+00:00 done case C-0474 round=1 result=true
2026-06-13T15:45:28.711102+00:00 done case C-0475 round=1 result=true
2026-06-13T15:45:28.834070+00:00 done case C-0476 round=1 result=true
2026-06-13T15:45:28.964272+00:00 done case C-0477 round=1 result=true
2026-06-13T15:45:29.094111+00:00 done case C-0478 round=1 result=true
2026-06-13T15:45:29.231204+00:00 done case C-0479 round=1 result=true
2026-06-13T15:45:29.356194+00:00 done case C-0480 round=1 result=true
2026-06-13T15:45:29.489479+00:00 done case C-0481 round=1 result=true
2026-06-13T15:45:29.625296+00:00 done case C-0482 round=1 result=true
2026-06-13T15:45:29.752728+00:00 done case C-0483 round=1 result=true
2026-06-13T15:45:29.884785+00:00 done case C-0484 round=1 result=true
2026-06-13T15:45:30.025694+00:00 done case C-0485 round=1 result=true
2026-06-13T15:45:30.163331+00:00 done case C-0486 round=1 result=true
2026-06-13T15:45:30.290424+00:00 done case C-0487 round=1 result=true
2026-06-13T15:45:30.416392+00:00 done case C-0488 round=1 result=true
2026-06-13T15:45:30.554378+00:00 done case C-0489 round=1 result=true
2026-06-13T15:45:30.683634+00:00 done case C-0490 round=1 result=true
2026-06-13T15:45:30.817641+00:00 done case C-0491 round=1 result=true
2026-06-13T15:45:30.956881+00:00 done case C-0492 round=1 result=true
2026-06-13T15:45:31.087098+00:00 done case C-0493 round=1 result=true
2026-06-13T15:45:31.213924+00:00 done case C-0494 round=1 result=true
2026-06-13T15:45:31.339899+00:00 done case C-0495 round=1 result=true
2026-06-13T15:45:31.468741+00:00 done case C-0496 round=1 result=true
2026-06-13T15:45:31.596044+00:00 done case C-0497 round=1 result=true
2026-06-13T15:45:31.730563+00:00 done case C-0498 round=1 result=true
2026-06-13T15:45:31.860607+00:00 done case C-0499 round=1 result=true
2026-06-13T15:45:31.980096+00:00 done case C-0500 round=1 result=true
2026-06-13T15:45:32.104565+00:00 done case C-0501 round=1 result=true
2026-06-13T15:45:32.227669+00:00 done case C-0502 round=1 result=true
2026-06-13T15:45:32.360208+00:00 done case C-0503 round=1 result=true
2026-06-13T15:45:32.482454+00:00 done case C-0504 round=1 result=true
2026-06-13T15:45:32.617986+00:00 done case C-0505 round=1 result=true
2026-06-13T15:45:32.756310+00:00 done case C-0506 round=1 result=true
2026-06-13T15:45:32.893202+00:00 done case C-0507 round=1 result=true
2026-06-13T15:45:33.026890+00:00 done case C-0508 round=1 result=true
2026-06-13T15:45:33.147723+00:00 done case C-0509 round=1 result=true
2026-06-13T15:45:33.273441+00:00 done case C-0510 round=1 result=true
2026-06-13T15:45:33.408331+00:00 done case C-0511 round=1 result=true
2026-06-13T15:45:33.543396+00:00 done case C-0512 round=1 result=true
2026-06-13T15:45:33.673982+00:00 done case C-0513 round=1 result=true
2026-06-13T15:45:33.809588+00:00 done case C-0514 round=1 result=true
2026-06-13T15:45:33.942653+00:00 done case C-0515 round=1 result=true
2026-06-13T15:45:34.070521+00:00 done case C-0516 round=1 result=true
2026-06-13T15:45:34.196718+00:00 done case C-0517 round=1 result=true
2026-06-13T15:45:34.332654+00:00 done case C-0518 round=1 result=true
2026-06-13T15:45:34.472317+00:00 done case C-0519 round=1 result=true
2026-06-13T15:45:34.608758+00:00 done case C-0520 round=1 result=true
2026-06-13T15:45:34.741419+00:00 done case C-0521 round=1 result=true
2026-06-13T15:45:34.874450+00:00 done case C-0522 round=1 result=true
2026-06-13T15:45:35.005209+00:00 done case C-0523 round=1 result=true
2026-06-13T15:45:35.148224+00:00 done case C-0524 round=1 result=true
2026-06-13T15:45:35.284338+00:00 done case C-0525 round=1 result=true
2026-06-13T15:45:35.421465+00:00 done case C-0526 round=1 result=true
2026-06-13T15:45:35.552744+00:00 done case C-0527 round=1 result=true
2026-06-13T15:45:35.681734+00:00 done case C-0528 round=1 result=true
2026-06-13T15:45:35.806509+00:00 done case C-0529 round=1 result=true
2026-06-13T15:45:35.925383+00:00 done case C-0530 round=1 result=true
2026-06-13T15:45:36.047151+00:00 done case C-0531 round=1 result=true
2026-06-13T15:45:36.173391+00:00 done case C-0532 round=1 result=true
2026-06-13T15:45:36.285069+00:00 done case C-0533 round=1 result=true
2026-06-13T15:45:36.403080+00:00 done case C-0534 round=1 result=true
2026-06-13T15:45:36.517591+00:00 done case C-0535 round=1 result=true
2026-06-13T15:45:36.642009+00:00 done case C-0536 round=1 result=true
2026-06-13T15:45:36.762135+00:00 done case C-0537 round=1 result=true
2026-06-13T15:45:36.885220+00:00 done case C-0538 round=1 result=true
2026-06-13T15:45:37.007472+00:00 done case C-0539 round=1 result=true
2026-06-13T15:45:37.118276+00:00 done case C-0540 round=1 result=true
2026-06-13T15:45:37.229900+00:00 done case C-0541 round=1 result=true
2026-06-13T15:45:37.353372+00:00 done case C-0542 round=1 result=true
2026-06-13T15:45:37.475213+00:00 done case C-0543 round=1 result=true
2026-06-13T15:45:37.592815+00:00 done case C-0544 round=1 result=true
2026-06-13T15:45:37.718357+00:00 done case C-0545 round=1 result=true
2026-06-13T15:45:37.837767+00:00 done case C-0546 round=1 result=true
2026-06-13T15:45:37.960146+00:00 done case C-0547 round=1 result=true
2026-06-13T15:45:38.074898+00:00 done case C-0548 round=1 result=true
2026-06-13T15:45:38.196886+00:00 done case C-0549 round=1 result=true
2026-06-13T15:45:38.312749+00:00 done case C-0550 round=1 result=true
2026-06-13T15:45:38.426525+00:00 done case C-0551 round=1 result=true
2026-06-13T15:45:38.552680+00:00 done case C-0552 round=1 result=true
2026-06-13T15:45:38.673191+00:00 done case C-0553 round=1 result=true
2026-06-13T15:45:38.791492+00:00 done case C-0554 round=1 result=true
2026-06-13T15:45:38.905144+00:00 done case C-0555 round=1 result=true
2026-06-13T15:45:39.014190+00:00 done case C-0556 round=1 result=true
2026-06-13T15:45:39.124482+00:00 done case C-0557 round=1 result=true
2026-06-13T15:45:39.235818+00:00 done case C-0558 round=1 result=true
2026-06-13T15:45:39.347959+00:00 done case C-0559 round=1 result=true
2026-06-13T15:45:39.462748+00:00 done case C-0560 round=1 result=true
2026-06-13T15:45:39.578180+00:00 done case C-0561 round=1 result=true
2026-06-13T15:45:39.689822+00:00 done case C-0562 round=1 result=true
2026-06-13T15:45:39.809442+00:00 done case C-0563 round=1 result=true
2026-06-13T15:45:39.929307+00:00 done case C-0564 round=1 result=true
2026-06-13T15:45:40.047637+00:00 done case C-0565 round=1 result=true
2026-06-13T15:45:40.166900+00:00 done case C-0566 round=1 result=true
2026-06-13T15:45:40.283776+00:00 done case C-0567 round=1 result=true
2026-06-13T15:45:40.396584+00:00 done case C-0568 round=1 result=true
2026-06-13T15:45:40.505502+00:00 done case C-0569 round=1 result=true
2026-06-13T15:45:40.616114+00:00 done case C-0570 round=1 result=true
2026-06-13T15:45:40.733279+00:00 done case C-0571 round=1 result=true
2026-06-13T15:45:40.874438+00:00 done case C-0572 round=1 result=true
2026-06-13T15:45:40.993122+00:00 done case C-0573 round=1 result=true
2026-06-13T15:45:41.105021+00:00 done case C-0574 round=1 result=true
2026-06-13T15:45:41.215349+00:00 done case C-0575 round=1 result=true
2026-06-13T15:45:41.331347+00:00 done case C-0576 round=1 result=true
2026-06-13T15:45:41.449861+00:00 done case C-0577 round=1 result=true
2026-06-13T15:45:41.568143+00:00 done case C-0578 round=1 result=true
2026-06-13T15:45:41.683128+00:00 done function A1 round=2 result=true
2026-06-13T15:45:41.785798+00:00 done function A2 round=2 result=true
2026-06-13T15:45:41.892718+00:00 done function A3 round=2 result=true
2026-06-13T15:45:42.006965+00:00 done function A4 round=2 result=true
2026-06-13T15:45:42.132326+00:00 done function A5 round=2 result=true
2026-06-13T15:45:42.249313+00:00 done function A6 round=2 result=true
2026-06-13T15:45:42.366213+00:00 done function A7 round=2 result=true
2026-06-13T15:45:42.491628+00:00 done function A8 round=2 result=true
2026-06-13T15:45:42.611276+00:00 done function A9 round=2 result=true
2026-06-13T15:45:42.727107+00:00 done function T1 round=2 result=true
2026-06-13T15:45:42.844431+00:00 done function T2 round=2 result=true
2026-06-13T15:45:42.974259+00:00 done function T3 round=2 result=true
2026-06-13T15:45:43.090111+00:00 done function T4 round=2 result=true
2026-06-13T15:45:43.211006+00:00 done function T5 round=2 result=true
2026-06-13T15:45:43.332958+00:00 done function T6 round=2 result=true
2026-06-13T15:45:43.459324+00:00 done function T7 round=2 result=true
2026-06-13T15:45:43.582564+00:00 done function T8 round=2 result=true
2026-06-13T15:45:43.704938+00:00 done function T9 round=2 result=true
2026-06-13T15:45:43.829201+00:00 done function T10 round=2 result=true
2026-06-13T15:45:43.958404+00:00 done function T11 round=2 result=true
2026-06-13T15:45:44.074608+00:00 done function T12 round=2 result=true
2026-06-13T15:45:44.190378+00:00 done function T13 round=2 result=true
2026-06-13T15:45:44.317147+00:00 done function T14 round=2 result=true
2026-06-13T15:45:44.448812+00:00 done function T15 round=2 result=true
2026-06-13T15:45:44.575957+00:00 done function T16 round=2 result=true
2026-06-13T15:45:44.695528+00:00 done function T17 round=2 result=true
2026-06-13T15:45:44.815967+00:00 done function T18 round=2 result=true
2026-06-13T15:45:44.928701+00:00 done function T19 round=2 result=true
2026-06-13T15:45:45.047549+00:00 done function T20 round=2 result=true
2026-06-13T15:45:45.163878+00:00 done function T21 round=2 result=true
2026-06-13T15:45:45.288709+00:00 done function T22 round=2 result=true
2026-06-13T15:45:45.421871+00:00 done function T23 round=2 result=true
2026-06-13T15:45:45.544712+00:00 done function T24 round=2 result=true
2026-06-13T15:45:45.671959+00:00 done function T25 round=2 result=true
2026-06-13T15:45:45.789369+00:00 done function T26 round=2 result=true
2026-06-13T15:45:45.912888+00:00 done function T27 round=2 result=true
2026-06-13T15:45:46.030751+00:00 done function T28 round=2 result=true
2026-06-13T15:45:46.147428+00:00 done function T29 round=2 result=true
2026-06-13T15:45:46.285177+00:00 done function T30 round=2 result=true
2026-06-13T15:45:46.411232+00:00 done function T31 round=2 result=true
2026-06-13T15:45:46.539154+00:00 done function T32 round=2 result=true
2026-06-13T15:45:46.655793+00:00 done function T33 round=2 result=true
2026-06-13T15:45:46.777727+00:00 done function T34 round=2 result=true
2026-06-13T15:45:46.906231+00:00 done function T35 round=2 result=true
2026-06-13T15:45:47.034588+00:00 done function T36 round=2 result=true
2026-06-13T15:45:47.157441+00:00 done function T37 round=2 result=true
2026-06-13T15:45:47.279223+00:00 done function T38 round=2 result=true
2026-06-13T15:45:47.400011+00:00 done function T39 round=2 result=true
2026-06-13T15:45:47.525063+00:00 done function D1 round=2 result=true
2026-06-13T15:45:47.645169+00:00 done function D2 round=2 result=true
2026-06-13T15:45:47.770990+00:00 done function D3 round=2 result=true
2026-06-13T15:45:47.904292+00:00 done function D4 round=2 result=true
2026-06-13T15:45:48.037584+00:00 done function D5 round=2 result=true
2026-06-13T15:45:48.161611+00:00 done function D6 round=2 result=true
2026-06-13T15:45:48.277565+00:00 done function D7 round=2 result=true
2026-06-13T15:45:48.400397+00:00 done function D8 round=2 result=true
2026-06-13T15:45:48.546201+00:00 done function D9 round=2 result=true
2026-06-13T15:45:48.680068+00:00 done function D10 round=2 result=true
2026-06-13T15:45:48.818806+00:00 done function D11 round=2 result=true
2026-06-13T15:45:48.950411+00:00 done function D12 round=2 result=true
2026-06-13T15:45:49.075822+00:00 done function D13 round=2 result=true
2026-06-13T15:45:49.208788+00:00 done function D14 round=2 result=true
2026-06-13T15:45:49.335299+00:00 done function D15 round=2 result=true
2026-06-13T15:45:49.463881+00:00 done function D16 round=2 result=true
2026-06-13T15:45:49.600457+00:00 done function D17 round=2 result=true
2026-06-13T15:45:49.740482+00:00 done function D18 round=2 result=true
2026-06-13T15:45:49.871471+00:00 done function D19 round=2 result=true
2026-06-13T15:45:50.001594+00:00 done function D20 round=2 result=true
2026-06-13T15:45:50.137203+00:00 done function D21 round=2 result=true
2026-06-13T15:45:50.264006+00:00 done function D22 round=2 result=true
2026-06-13T15:45:50.386553+00:00 done function D23 round=2 result=true
2026-06-13T15:45:50.520566+00:00 done function D24 round=2 result=true
2026-06-13T15:45:50.647714+00:00 done function D25 round=2 result=true
2026-06-13T15:45:50.776957+00:00 done function D26 round=2 result=true
2026-06-13T15:45:50.909460+00:00 done function D27 round=2 result=true
2026-06-13T15:45:51.050719+00:00 done function D28 round=2 result=true
2026-06-13T15:45:51.179901+00:00 done function D29 round=2 result=true
2026-06-13T15:45:51.330309+00:00 done function D30 round=2 result=true
2026-06-13T15:45:51.471844+00:00 done function D31 round=2 result=true
2026-06-13T15:45:51.605549+00:00 done function D32 round=2 result=true
2026-06-13T15:45:51.734411+00:00 done function D33 round=2 result=true
2026-06-13T15:45:51.867571+00:00 done function D34 round=2 result=true
2026-06-13T15:45:51.991126+00:00 done function D35 round=2 result=true
2026-06-13T15:45:52.129066+00:00 done function D36 round=2 result=true
2026-06-13T15:45:52.267756+00:00 done function D37 round=2 result=true
2026-06-13T15:45:52.401561+00:00 done function D38 round=2 result=true
2026-06-13T15:45:52.539833+00:00 done function D39 round=2 result=true
2026-06-13T15:45:52.672350+00:00 done function D40 round=2 result=true
2026-06-13T15:45:52.811087+00:00 done function D41 round=2 result=true
2026-06-13T15:45:52.948524+00:00 done function D42 round=2 result=true
2026-06-13T15:45:53.083921+00:00 done function D43 round=2 result=true
2026-06-13T15:45:53.225197+00:00 done function D44 round=2 result=true
2026-06-13T15:45:53.356428+00:00 done function D45 round=2 result=true
2026-06-13T15:45:53.480687+00:00 done function D46 round=2 result=true
2026-06-13T15:45:53.617484+00:00 done function D47 round=2 result=true
2026-06-13T15:45:53.751155+00:00 done function D48 round=2 result=true
2026-06-13T15:45:53.880960+00:00 done function D49 round=2 result=true
2026-06-13T15:45:54.027343+00:00 done function D50 round=2 result=true
2026-06-13T15:45:54.153366+00:00 done function D51 round=2 result=true
2026-06-13T15:45:54.268523+00:00 done function D52 round=2 result=true
2026-06-13T15:45:54.393414+00:00 done function D53 round=2 result=true
2026-06-13T15:45:54.512243+00:00 done function D54 round=2 result=true
2026-06-13T15:45:54.625412+00:00 done function D55 round=2 result=true
2026-06-13T15:45:55.655443+00:00 done function D56 round=2 result=true
2026-06-13T15:45:55.776117+00:00 done function D57 round=2 result=true
2026-06-13T15:45:55.896895+00:00 done function D58 round=2 result=true
2026-06-13T15:45:56.008537+00:00 done function D59 round=2 result=true
2026-06-13T15:45:56.127507+00:00 done function D60 round=2 result=true
2026-06-13T15:45:56.248062+00:00 done function D61 round=2 result=true
2026-06-13T15:45:56.369023+00:00 done function D62 round=2 result=true
2026-06-13T15:45:56.502503+00:00 done function D63 round=2 result=true
2026-06-13T15:45:57.507259+00:00 done function D64 round=2 result=true
2026-06-13T15:45:57.624651+00:00 done function D65 round=2 result=true
2026-06-13T15:45:57.752660+00:00 done function D66 round=2 result=true
2026-06-13T15:45:57.864109+00:00 done function D67 round=2 result=true
2026-06-13T15:45:57.979851+00:00 done function D72 round=2 result=true
2026-06-13T15:45:58.107154+00:00 done function D73 round=2 result=true
2026-06-13T15:45:58.227271+00:00 done function D74 round=2 result=true
2026-06-13T15:45:58.358526+00:00 done function D75 round=2 result=true
2026-06-13T15:45:59.357783+00:00 done function D76 round=2 result=true
2026-06-13T15:45:59.475495+00:00 done function D77 round=2 result=true
2026-06-13T15:45:59.608358+00:00 done function D84 round=2 result=true
2026-06-13T15:45:59.741726+00:00 done function D85 round=2 result=true
2026-06-13T15:45:59.872928+00:00 done function D86 round=2 result=true
2026-06-13T15:46:00.002505+00:00 done function D87 round=2 result=true
2026-06-13T15:46:00.137115+00:00 done function D88 round=2 result=true
2026-06-13T15:46:01.133684+00:00 done function D89 round=2 result=true
2026-06-13T15:46:01.264042+00:00 done function D90 round=2 result=true
2026-06-13T15:46:01.410879+00:00 done function D91 round=2 result=true
2026-06-13T15:46:01.548181+00:00 done function D92 round=2 result=true
2026-06-13T15:46:01.682738+00:00 done function D93 round=2 result=true
2026-06-13T15:46:01.813518+00:00 done function D94 round=2 result=true
2026-06-13T15:46:01.935815+00:00 done function D95 round=2 result=true
2026-06-13T15:46:02.058899+00:00 done function D96 round=2 result=true
2026-06-13T15:46:03.058617+00:00 done function D97 round=2 result=true
2026-06-13T15:46:03.191368+00:00 done function D98 round=2 result=true
2026-06-13T15:46:04.191810+00:00 done function D99 round=2 result=true
2026-06-13T15:46:04.960349+00:00 done function D100 round=2 result=true
2026-06-13T15:46:05.091912+00:00 done function D101 round=2 result=true
2026-06-13T15:46:05.247801+00:00 done function D102 round=2 result=true
2026-06-13T15:46:05.368826+00:00 done function D103 round=2 result=true
2026-06-13T15:46:05.491568+00:00 done function D104 round=2 result=true
2026-06-13T15:46:05.613611+00:00 done function D105 round=2 result=true
2026-06-13T15:46:05.747119+00:00 done function D106 round=2 result=true
2026-06-13T15:46:05.869051+00:00 done function D107 round=2 result=true
2026-06-13T15:46:05.991336+00:00 done function D108 round=2 result=true
2026-06-13T15:46:06.113934+00:00 done function D109 round=2 result=true
2026-06-13T15:46:06.237085+00:00 done function D110 round=2 result=true
2026-06-13T15:46:06.359704+00:00 done function D111 round=2 result=true
2026-06-13T15:46:06.494576+00:00 done function D112 round=2 result=true
2026-06-13T15:46:06.637003+00:00 done function D113 round=2 result=true
2026-06-13T15:46:06.757958+00:00 done function D114 round=2 result=true
2026-06-13T15:46:06.882649+00:00 done function D115 round=2 result=true
2026-06-13T15:46:07.014702+00:00 done function D116 round=2 result=true
2026-06-13T15:46:07.147889+00:00 done function D117 round=2 result=true
2026-06-13T15:46:07.257911+00:00 done function D118 round=2 result=true
2026-06-13T15:46:07.391968+00:00 done function D119 round=2 result=true
2026-06-13T15:46:07.525892+00:00 done function D120 round=2 result=true
2026-06-13T15:46:07.659760+00:00 done function D121 round=2 result=true
2026-06-13T15:46:07.771182+00:00 done function D122 round=2 result=true
2026-06-13T15:46:07.892006+00:00 done function D123 round=2 result=true
2026-06-13T15:46:08.014144+00:00 done function D124 round=2 result=true
2026-06-13T15:46:08.136563+00:00 done function D125 round=2 result=true
2026-06-13T15:46:08.272381+00:00 done function D126 round=2 result=true
2026-06-13T15:46:08.410876+00:00 done function D127 round=2 result=true
2026-06-13T15:46:08.536459+00:00 done function D128 round=2 result=true
2026-06-13T15:46:08.658739+00:00 done function D129 round=2 result=true
2026-06-13T15:46:08.804450+00:00 done function D130 round=2 result=true
2026-06-13T15:46:08.914508+00:00 done function D131 round=2 result=true
2026-06-13T15:46:09.036491+00:00 done function D132 round=2 result=true
2026-06-13T15:46:09.169909+00:00 done function D133 round=2 result=true
2026-06-13T15:46:09.292591+00:00 done function D134 round=2 result=true
2026-06-13T15:46:09.415055+00:00 done function D135 round=2 result=true
2026-06-13T15:46:09.549683+00:00 done function D136 round=2 result=true
2026-06-13T15:46:09.658851+00:00 done function D137 round=2 result=true
2026-06-13T15:46:09.792317+00:00 done function D138 round=2 result=true
2026-06-13T15:46:09.914670+00:00 done function D139 round=2 result=true
2026-06-13T15:46:10.040023+00:00 done function D140 round=2 result=true
2026-06-13T15:46:10.171112+00:00 done function D141 round=2 result=true
2026-06-13T15:46:10.292627+00:00 done function D142 round=2 result=true
2026-06-13T15:46:10.414673+00:00 done function D143 round=2 result=true
2026-06-13T15:46:10.536862+00:00 done function D144 round=2 result=true
2026-06-13T15:46:10.659091+00:00 done function D145 round=2 result=true
2026-06-13T15:46:10.781400+00:00 done function D146 round=2 result=true
2026-06-13T15:46:10.903564+00:00 done function D147 round=2 result=true
2026-06-13T15:46:11.025965+00:00 done function D148 round=2 result=true
2026-06-13T15:46:11.148295+00:00 done function D149 round=2 result=true
2026-06-13T15:46:11.284187+00:00 done function D150 round=2 result=true
2026-06-13T15:46:11.404202+00:00 done function D151 round=2 result=true
2026-06-13T15:46:11.528305+00:00 done function D152 round=2 result=true
2026-06-13T15:46:12.560936+00:00 done function D153 round=2 result=true
2026-06-13T15:46:12.694253+00:00 done function D154 round=2 result=true
2026-06-13T15:46:12.815026+00:00 done function D155 round=2 result=true
2026-06-13T15:46:12.948277+00:00 done function D156 round=2 result=true
2026-06-13T15:46:13.084857+00:00 done function D157 round=2 result=true
2026-06-13T15:46:13.226241+00:00 done function D158 round=2 result=true
2026-06-13T15:46:13.349667+00:00 done function D159 round=2 result=true
2026-06-13T15:46:14.338901+00:00 done function D160 round=2 result=true
2026-06-13T15:46:14.461258+00:00 done function D161 round=2 result=true
2026-06-13T15:46:14.592930+00:00 done function D162 round=2 result=true
2026-06-13T15:46:14.717511+00:00 done function D163 round=2 result=true
2026-06-13T15:46:14.849155+00:00 done function D164 round=2 result=true
2026-06-13T15:46:14.982187+00:00 done function D165 round=2 result=true
2026-06-13T15:46:15.104058+00:00 done function D166 round=2 result=true
2026-06-13T15:46:15.237417+00:00 done function D167 round=2 result=true
2026-06-13T15:46:16.241576+00:00 done function D168 round=2 result=true
2026-06-13T15:46:16.372029+00:00 done function D169 round=2 result=true
2026-06-13T15:46:16.493364+00:00 done function D170 round=2 result=true
2026-06-13T15:46:16.615607+00:00 done function D171 round=2 result=true
2026-06-13T15:46:16.739148+00:00 done function D172 round=2 result=true
2026-06-13T15:46:16.860179+00:00 done function D173 round=2 result=true
2026-06-13T15:46:16.993218+00:00 done function D174 round=2 result=true
2026-06-13T15:46:17.116480+00:00 done function D175 round=2 result=true
2026-06-13T15:46:18.116578+00:00 done function D176 round=2 result=true
2026-06-13T15:46:18.248974+00:00 done function D177 round=2 result=true
2026-06-13T15:46:18.383397+00:00 done function D178 round=2 result=true
2026-06-13T15:46:18.518099+00:00 done function D179 round=2 result=true
2026-06-13T15:46:18.650305+00:00 done function D180 round=2 result=true
2026-06-13T15:46:18.782805+00:00 done function D181 round=2 result=true
2026-06-13T15:46:18.916568+00:00 done function D182 round=2 result=true
2026-06-13T15:46:19.050129+00:00 done function D183 round=2 result=true
2026-06-13T15:46:20.062565+00:00 done function D184 round=2 result=true
2026-06-13T15:46:20.205941+00:00 done function D185 round=2 result=true
2026-06-13T15:46:20.339832+00:00 done function D186 round=2 result=true
2026-06-13T15:46:20.483737+00:00 done function D187 round=2 result=true
2026-06-13T15:46:20.618147+00:00 done function D188 round=2 result=true
2026-06-13T15:46:20.749827+00:00 done function D189 round=2 result=true
2026-06-13T15:46:20.885524+00:00 done function D190 round=2 result=true
2026-06-13T15:46:21.896405+00:00 done function D191 round=2 result=true
2026-06-13T15:46:22.029900+00:00 done function D192 round=2 result=true
2026-06-13T15:46:22.161866+00:00 done function D193 round=2 result=true
2026-06-13T15:46:22.295304+00:00 done function D194 round=2 result=true
2026-06-13T15:46:22.428108+00:00 done function D195 round=2 result=true
2026-06-13T15:46:22.562556+00:00 done function D196 round=2 result=true
2026-06-13T15:46:22.702669+00:00 done function D197 round=2 result=true
2026-06-13T15:46:23.707091+00:00 done function D198 round=2 result=true
2026-06-13T15:46:23.842047+00:00 done function D199 round=2 result=true
2026-06-13T15:46:24.854836+00:00 done function D200 round=2 result=true
2026-06-13T15:46:25.839551+00:00 done function D201 round=2 result=true
2026-06-13T15:46:25.962233+00:00 done function D202 round=2 result=true
2026-06-13T15:46:26.950999+00:00 done function D203 round=2 result=true
2026-06-13T15:46:27.929358+00:00 done function D204 round=2 result=true
2026-06-13T15:46:28.062734+00:00 done function D205 round=2 result=true
2026-06-13T15:46:28.629377+00:00 done function D206 round=2 result=true
2026-06-13T15:46:28.795283+00:00 done function D207 round=2 result=true
2026-06-13T15:46:28.918235+00:00 done function D208 round=2 result=true
2026-06-13T15:46:29.039999+00:00 done function D209 round=2 result=true
2026-06-13T15:46:29.161376+00:00 done function D210 round=2 result=true
2026-06-13T15:46:29.285310+00:00 done function D211 round=2 result=true
2026-06-13T15:46:29.422254+00:00 done function D212 round=2 result=true
2026-06-13T15:46:29.532184+00:00 done function D213 round=2 result=true
2026-06-13T15:46:29.667378+00:00 done function D214 round=2 result=true
2026-06-13T15:46:29.845506+00:00 done function D215 round=2 result=true
2026-06-13T15:46:29.966698+00:00 done function D216 round=2 result=true
2026-06-13T15:46:30.097538+00:00 done function D217 round=2 result=true
2026-06-13T15:46:30.229918+00:00 done function D218 round=2 result=true
2026-06-13T15:46:30.363812+00:00 done function D219 round=2 result=true
2026-06-13T15:46:30.497070+00:00 done function D220 round=2 result=true
2026-06-13T15:46:30.608117+00:00 done function D221 round=2 result=true
2026-06-13T15:46:30.731205+00:00 done function D222 round=2 result=true
2026-06-13T15:46:30.885434+00:00 done function D223 round=2 result=true
2026-06-13T15:46:31.008124+00:00 done function D224 round=2 result=true
2026-06-13T15:46:31.130890+00:00 done function D225 round=2 result=true
2026-06-13T15:46:31.252249+00:00 done function D226 round=2 result=true
2026-06-13T15:46:31.373608+00:00 done function D227 round=2 result=true
2026-06-13T15:46:31.496345+00:00 done function D228 round=2 result=true
2026-06-13T15:46:31.618857+00:00 done function D229 round=2 result=true
2026-06-13T15:46:31.739867+00:00 done function D230 round=2 result=true
2026-06-13T15:46:31.864017+00:00 done function D231 round=2 result=true
2026-06-13T15:46:31.984231+00:00 done function D232 round=2 result=true
2026-06-13T15:46:32.132690+00:00 done function D233 round=2 result=true
2026-06-13T15:46:32.276869+00:00 done function D234 round=2 result=true
2026-06-13T15:46:32.418430+00:00 done function D235 round=2 result=true
2026-06-13T15:46:32.553502+00:00 done function D236 round=2 result=true
2026-06-13T15:46:32.688522+00:00 done function D237 round=2 result=true
2026-06-13T15:46:32.829195+00:00 done function D238 round=2 result=true
2026-06-13T15:46:32.977106+00:00 done function D239 round=2 result=true
2026-06-13T15:46:33.125983+00:00 done function D240 round=2 result=true
2026-06-13T15:46:33.273830+00:00 done function D241 round=2 result=true
2026-06-13T15:46:33.413160+00:00 done function D242 round=2 result=true
2026-06-13T15:46:33.551341+00:00 done function D243 round=2 result=true
2026-06-13T15:46:33.684833+00:00 done function D244 round=2 result=true
2026-06-13T15:46:33.818189+00:00 done function D245 round=2 result=true
2026-06-13T15:46:33.953765+00:00 done function D246 round=2 result=true
2026-06-13T15:46:34.087043+00:00 done function D247 round=2 result=true
2026-06-13T15:46:34.233778+00:00 done function D248 round=2 result=true
2026-06-13T15:46:34.377404+00:00 done function D249 round=2 result=true
2026-06-13T15:46:34.521468+00:00 done function D250 round=2 result=true
2026-06-13T15:46:34.651574+00:00 done function D251 round=2 result=true
2026-06-13T15:46:34.786988+00:00 done function D252 round=2 result=true
2026-06-13T15:46:34.922324+00:00 done function D253 round=2 result=true
2026-06-13T15:46:35.062834+00:00 done function D254 round=2 result=true
2026-06-13T15:46:35.195932+00:00 done function D255 round=2 result=true
2026-06-13T15:46:35.307003+00:00 done function D256 round=2 result=true
2026-06-13T15:46:35.426345+00:00 done function D257 round=2 result=true
2026-06-13T15:46:35.536952+00:00 done function D258 round=2 result=true
2026-06-13T15:46:35.662857+00:00 done function D259 round=2 result=true
2026-06-13T15:46:35.776305+00:00 done function D260 round=2 result=true
2026-06-13T15:46:35.907786+00:00 done function D261 round=2 result=true
2026-06-13T15:46:36.036955+00:00 done function D262 round=2 result=true
2026-06-13T15:46:36.152229+00:00 done function D263 round=2 result=true
2026-06-13T15:46:36.284123+00:00 done function D264 round=2 result=true
2026-06-13T15:46:36.408093+00:00 done function D265 round=2 result=true
2026-06-13T15:46:36.526344+00:00 done function D266 round=2 result=true
2026-06-13T15:46:36.651873+00:00 done function D267 round=2 result=true
2026-06-13T15:46:36.762973+00:00 done function D268 round=2 result=true
2026-06-13T15:46:36.874244+00:00 done function D269 round=2 result=true
2026-06-13T15:46:36.996130+00:00 done function D270 round=2 result=true
2026-06-13T15:46:37.107862+00:00 done function D271 round=2 result=true
2026-06-13T15:46:37.241052+00:00 done function D272 round=2 result=true
2026-06-13T15:46:37.378570+00:00 done function D273 round=2 result=true
2026-06-13T15:46:37.522692+00:00 done function D274 round=2 result=true
2026-06-13T15:46:37.667095+00:00 done function D275 round=2 result=true
2026-06-13T15:46:37.812237+00:00 done function D276 round=2 result=true
2026-06-13T15:46:37.943029+00:00 done function D277 round=2 result=true
2026-06-13T15:46:38.075814+00:00 done function D278 round=2 result=true
2026-06-13T15:46:38.219093+00:00 done function D279 round=2 result=true
2026-06-13T15:46:38.352938+00:00 done function D280 round=2 result=true
2026-06-13T15:46:38.485276+00:00 done function D281 round=2 result=true
2026-06-13T15:46:38.619997+00:00 done function D282 round=2 result=true
2026-06-13T15:46:38.754630+00:00 done function D283 round=2 result=true
2026-06-13T15:46:38.885473+00:00 done function D284 round=2 result=true
2026-06-13T15:46:39.020188+00:00 done function D285 round=2 result=true
2026-06-13T15:46:39.154886+00:00 done function D286 round=2 result=true
2026-06-13T15:46:39.286887+00:00 done function D287 round=2 result=true
2026-06-13T15:46:39.421633+00:00 done function D288 round=2 result=true
2026-06-13T15:46:39.557418+00:00 done function D289 round=2 result=true
2026-06-13T15:46:39.701060+00:00 done function D290 round=2 result=true
2026-06-13T15:46:39.840887+00:00 done function D291 round=2 result=true
2026-06-13T15:46:39.980166+00:00 done function D292 round=2 result=true
2026-06-13T15:46:40.108465+00:00 done function D293 round=2 result=true
2026-06-13T15:46:40.245490+00:00 done function D294 round=2 result=true
2026-06-13T15:46:40.385608+00:00 done function D295 round=2 result=true
2026-06-13T15:46:40.518876+00:00 done function D296 round=2 result=true
2026-06-13T15:46:40.652208+00:00 done function D297 round=2 result=true
2026-06-13T15:46:40.785727+00:00 done function D298 round=2 result=true
2026-06-13T15:46:40.930061+00:00 done function D299 round=2 result=true
2026-06-13T15:46:41.063515+00:00 done function D300 round=2 result=true
2026-06-13T15:46:41.197042+00:00 done function D301 round=2 result=true
2026-06-13T15:46:41.330378+00:00 done function D302 round=2 result=true
2026-06-13T15:46:41.464211+00:00 done function D303 round=2 result=true
2026-06-13T15:46:41.597012+00:00 done function D304 round=2 result=true
2026-06-13T15:46:41.730294+00:00 done function D305 round=2 result=true
2026-06-13T15:46:41.863938+00:00 done function D306 round=2 result=true
2026-06-13T15:46:42.869663+00:00 done function D307 round=2 result=true
2026-06-13T15:46:43.009468+00:00 done function D308 round=2 result=true
2026-06-13T15:46:43.146855+00:00 done function D309 round=2 result=true
2026-06-13T15:46:43.292103+00:00 done function D310 round=2 result=true
2026-06-13T15:46:43.433835+00:00 done function D311 round=2 result=true
2026-06-13T15:46:43.567898+00:00 done function D312 round=2 result=true
2026-06-13T15:46:43.711730+00:00 done function D313 round=2 result=true
2026-06-13T15:46:44.679093+00:00 done function D314 round=2 result=true
2026-06-13T15:46:44.797604+00:00 done function D315 round=2 result=true
2026-06-13T15:46:44.931570+00:00 done function D316 round=2 result=true
2026-06-13T15:46:45.066513+00:00 done function D317 round=2 result=true
2026-06-13T15:46:45.197385+00:00 done function D318 round=2 result=true
2026-06-13T15:46:45.345242+00:00 done function D319 round=2 result=true
2026-06-13T15:46:45.475896+00:00 done function D320 round=2 result=true
2026-06-13T15:46:45.612940+00:00 done function D321 round=2 result=true
2026-06-13T15:46:46.612380+00:00 done function D322 round=2 result=true
2026-06-13T15:46:46.746046+00:00 done function D323 round=2 result=true
2026-06-13T15:46:46.890724+00:00 done function D324 round=2 result=true
2026-06-13T15:46:47.020441+00:00 done function D325 round=2 result=true
2026-06-13T15:46:47.156139+00:00 done function D326 round=2 result=true
2026-06-13T15:46:47.290939+00:00 done function D327 round=2 result=true
2026-06-13T15:46:47.434859+00:00 done function D328 round=2 result=true
2026-06-13T15:46:48.435254+00:00 done function D329 round=2 result=true
2026-06-13T15:46:48.579250+00:00 done function D330 round=2 result=true
2026-06-13T15:46:48.721738+00:00 done function D331 round=2 result=true
2026-06-13T15:46:48.853912+00:00 done function D332 round=2 result=true
2026-06-13T15:46:48.989895+00:00 done function D333 round=2 result=true
2026-06-13T15:46:49.134761+00:00 done function D334 round=2 result=true
2026-06-13T15:46:49.268409+00:00 done function D335 round=2 result=true
2026-06-13T15:46:50.071942+00:00 done function D336 round=2 result=true
2026-06-13T15:46:50.203245+00:00 done function D337 round=2 result=true
2026-06-13T15:46:50.333800+00:00 done function D338 round=2 result=true
2026-06-13T15:46:50.476903+00:00 done function D339 round=2 result=true
2026-06-13T15:46:50.611683+00:00 done function D340 round=2 result=true
2026-06-13T15:46:50.753956+00:00 done function D341 round=2 result=true
2026-06-13T15:46:50.888469+00:00 done function D342 round=2 result=true
2026-06-13T15:46:51.909742+00:00 done function D343 round=2 result=true
2026-06-13T15:46:52.042860+00:00 done function D344 round=2 result=true
2026-06-13T15:46:52.176160+00:00 done function D345 round=2 result=true
2026-06-13T15:46:52.309586+00:00 done function D346 round=2 result=true
2026-06-13T15:46:52.444074+00:00 done function D347 round=2 result=true
2026-06-13T15:46:52.587977+00:00 done function D348 round=2 result=true
2026-06-13T15:46:52.722671+00:00 done function D349 round=2 result=true
2026-06-13T15:46:52.856549+00:00 done function D350 round=2 result=true
2026-06-13T15:46:53.832890+00:00 done function D351 round=2 result=true
2026-06-13T15:46:53.957549+00:00 done function D352 round=2 result=true
2026-06-13T15:46:54.088069+00:00 done function D353 round=2 result=true
2026-06-13T15:46:54.222177+00:00 done function D354 round=2 result=true
2026-06-13T15:46:54.365599+00:00 done function D355 round=2 result=true
2026-06-13T15:46:54.499043+00:00 done function D356 round=2 result=true
2026-06-13T15:46:54.633155+00:00 done function D357 round=2 result=true
2026-06-13T15:46:55.634880+00:00 done function D358 round=2 result=true
2026-06-13T15:46:55.769906+00:00 done function D359 round=2 result=true
2026-06-13T15:46:55.901912+00:00 done function D360 round=2 result=true
2026-06-13T15:46:56.047932+00:00 done function D361 round=2 result=true
2026-06-13T15:46:56.191579+00:00 done function D362 round=2 result=true
2026-06-13T15:46:56.313933+00:00 done function D363 round=2 result=true
2026-06-13T15:46:56.466848+00:00 done function D364 round=2 result=true
2026-06-13T15:46:57.445996+00:00 done function D365 round=2 result=true
2026-06-13T15:46:57.578462+00:00 done function D366 round=2 result=true
2026-06-13T15:46:57.722952+00:00 done function D367 round=2 result=true
2026-06-13T15:46:57.855306+00:00 done function D368 round=2 result=true
2026-06-13T15:46:58.001826+00:00 done function D369 round=2 result=true
2026-06-13T15:46:58.137347+00:00 done function D370 round=2 result=true
2026-06-13T15:46:58.266983+00:00 done function D371 round=2 result=true
2026-06-13T15:46:58.401168+00:00 done function D372 round=2 result=true
2026-06-13T15:46:59.166480+00:00 done function D373 round=2 result=true
2026-06-13T15:46:59.299509+00:00 done function D374 round=2 result=true
2026-06-13T15:46:59.446997+00:00 done function D375 round=2 result=true
2026-06-13T15:46:59.593154+00:00 done function D376 round=2 result=true
2026-06-13T15:46:59.710658+00:00 done function D377 round=2 result=true
2026-06-13T15:46:59.843997+00:00 done function D378 round=2 result=true
2026-06-13T15:46:59.978138+00:00 done function D379 round=2 result=true
2026-06-13T15:47:01.011754+00:00 done function D380 round=2 result=true
2026-06-13T15:47:02.005279+00:00 done function D381 round=2 result=true
2026-06-13T15:47:02.143023+00:00 done function D382 round=2 result=true
2026-06-13T15:47:03.144162+00:00 done function D383 round=2 result=true
2026-06-13T15:47:04.132699+00:00 done function D384 round=2 result=true
2026-06-13T15:47:04.279385+00:00 done function D385 round=2 result=true
2026-06-13T15:47:05.270269+00:00 done function D386 round=2 result=true
2026-06-13T15:47:06.258048+00:00 done function D387 round=2 result=true
2026-06-13T15:47:06.388292+00:00 done function D388 round=2 result=true
2026-06-13T15:47:07.201041+00:00 done function D389 round=2 result=true
2026-06-13T15:47:08.189002+00:00 done function D390 round=2 result=true
2026-06-13T15:47:08.311269+00:00 done function D391 round=2 result=true
2026-06-13T15:47:08.444577+00:00 done function D392 round=2 result=true
2026-06-13T15:47:08.555013+00:00 done function D393 round=2 result=true
2026-06-13T15:47:08.689487+00:00 done function D394 round=2 result=true
2026-06-13T15:47:08.821996+00:00 done function D395 round=2 result=true
2026-06-13T15:47:08.973604+00:00 done function D396 round=2 result=true
2026-06-13T15:47:09.088402+00:00 done function D397 round=2 result=true
2026-06-13T15:47:10.044620+00:00 done function D398 round=2 result=true
2026-06-13T15:47:10.170946+00:00 done function D399 round=2 result=true
2026-06-13T15:47:10.293609+00:00 done function D400 round=2 result=true
2026-06-13T15:47:10.414424+00:00 done function D401 round=2 result=true
2026-06-13T15:47:10.559823+00:00 done function D402 round=2 result=true
2026-06-13T15:47:10.715782+00:00 done function D403 round=2 result=true
2026-06-13T15:47:10.860049+00:00 done function D404 round=2 result=true
2026-06-13T15:47:10.972866+00:00 done function D405 round=2 result=true
2026-06-13T15:47:11.956949+00:00 done function D406 round=2 result=true
2026-06-13T15:47:12.079794+00:00 done function D407 round=2 result=true
2026-06-13T15:47:12.225521+00:00 done function D408 round=2 result=true
2026-06-13T15:47:12.346885+00:00 done function D409 round=2 result=true
2026-06-13T15:47:12.470746+00:00 done function D410 round=2 result=true
2026-06-13T15:47:12.601849+00:00 done function D411 round=2 result=true
2026-06-13T15:47:12.725007+00:00 done function D412 round=2 result=true
2026-06-13T15:47:12.845772+00:00 done function D413 round=2 result=true
2026-06-13T15:47:13.849945+00:00 done function D414 round=2 result=true
2026-06-13T15:47:13.993482+00:00 done function D415 round=2 result=true
2026-06-13T15:47:14.116926+00:00 done function D416 round=2 result=true
2026-06-13T15:47:14.247995+00:00 done function D417 round=2 result=true
2026-06-13T15:47:14.369876+00:00 done function D418 round=2 result=true
2026-06-13T15:47:14.505354+00:00 done function D419 round=2 result=true
2026-06-13T15:47:14.624121+00:00 done function D420 round=2 result=true
2026-06-13T15:47:15.569167+00:00 done function D421 round=2 result=true
2026-06-13T15:47:15.692476+00:00 done function D422 round=2 result=true
2026-06-13T15:47:15.816058+00:00 done function D423 round=2 result=true
2026-06-13T15:47:15.939115+00:00 done function D424 round=2 result=true
2026-06-13T15:47:16.068824+00:00 done function D463 round=2 result=true
2026-06-13T15:47:16.207733+00:00 done function D464 round=2 result=true
2026-06-13T15:47:16.327834+00:00 done function D465 round=2 result=true
2026-06-13T15:47:16.460331+00:00 done function D466 round=2 result=true
2026-06-13T15:47:17.403517+00:00 done function D467 round=2 result=true
2026-06-13T15:47:17.535126+00:00 done function D468 round=2 result=true
2026-06-13T15:47:17.658400+00:00 done function D469 round=2 result=true
2026-06-13T15:47:17.770662+00:00 done function D470 round=2 result=true
2026-06-13T15:47:17.892025+00:00 done case C-0001 round=2 result=true
2026-06-13T15:47:18.003034+00:00 done case C-0002 round=2 result=true
2026-06-13T15:47:18.119274+00:00 done case C-0003 round=2 result=true
2026-06-13T15:47:18.228304+00:00 done case C-0004 round=2 result=true
2026-06-13T15:47:18.361458+00:00 done case C-0005 round=2 result=true
2026-06-13T15:47:19.355793+00:00 done case C-0006 round=2 result=true
2026-06-13T15:47:19.496741+00:00 done case C-0007 round=2 result=true
2026-06-13T15:47:19.628594+00:00 done case C-0008 round=2 result=true
2026-06-13T15:47:19.760894+00:00 done case C-0009 round=2 result=true
2026-06-13T15:47:19.879278+00:00 done case C-0010 round=2 result=true
2026-06-13T15:47:20.005035+00:00 done case C-0011 round=2 result=true
2026-06-13T15:47:20.125101+00:00 done case C-0012 round=2 result=true
2026-06-13T15:47:21.092459+00:00 done case C-0013 round=2 result=true
2026-06-13T15:47:21.213778+00:00 done case C-0014 round=2 result=true
2026-06-13T15:47:21.351173+00:00 done case C-0015 round=2 result=true
2026-06-13T15:47:21.475703+00:00 done case C-0016 round=2 result=true
2026-06-13T15:47:21.579673+00:00 done case C-0017 round=2 result=true
2026-06-13T15:47:21.698337+00:00 done case C-0018 round=2 result=true
2026-06-13T15:47:21.812988+00:00 done case C-0019 round=2 result=true
2026-06-13T15:47:21.934291+00:00 done case C-0020 round=2 result=true
2026-06-13T15:47:22.052778+00:00 done case C-0021 round=2 result=true
2026-06-13T15:47:23.062225+00:00 done case C-0022 round=2 result=true
2026-06-13T15:47:23.181395+00:00 done case C-0023 round=2 result=true
2026-06-13T15:47:23.302078+00:00 done case C-0024 round=2 result=true
2026-06-13T15:47:23.424914+00:00 done case C-0025 round=2 result=true
2026-06-13T15:47:23.557944+00:00 done case C-0026 round=2 result=true
2026-06-13T15:47:23.681521+00:00 done case C-0027 round=2 result=true
2026-06-13T15:47:23.806173+00:00 done case C-0028 round=2 result=true
2026-06-13T15:47:23.920897+00:00 done case C-0029 round=2 result=true
2026-06-13T15:47:24.897905+00:00 done case C-0030 round=2 result=true
2026-06-13T15:47:25.025556+00:00 done case C-0031 round=2 result=true
2026-06-13T15:47:25.165671+00:00 done case C-0032 round=2 result=true
2026-06-13T15:47:25.295527+00:00 done case C-0033 round=2 result=true
2026-06-13T15:47:25.429334+00:00 done case C-0034 round=2 result=true
2026-06-13T15:47:26.388830+00:00 done case C-0035 round=2 result=true
2026-06-13T15:47:26.491920+00:00 done case C-0036 round=2 result=true
2026-06-13T15:47:27.467507+00:00 done case C-0037 round=2 result=true
2026-06-13T15:47:27.587021+00:00 done case C-0038 round=2 result=true
2026-06-13T15:47:28.564736+00:00 done case C-0039 round=2 result=true
2026-06-13T15:47:29.225375+00:00 done case C-0040 round=2 result=true
2026-06-13T15:47:29.352967+00:00 done case C-0041 round=2 result=true
2026-06-13T15:47:30.341781+00:00 done case C-0042 round=2 result=true
2026-06-13T15:47:31.341528+00:00 done case C-0043 round=2 result=true
2026-06-13T15:47:31.463193+00:00 done case C-0044 round=2 result=true
2026-06-13T15:47:32.452160+00:00 done case C-0045 round=2 result=true
2026-06-13T15:47:33.426293+00:00 done case C-0046 round=2 result=true
2026-06-13T15:47:33.549926+00:00 done case C-0047 round=2 result=true
2026-06-13T15:47:34.553378+00:00 done case C-0048 round=2 result=true
2026-06-13T15:47:35.514964+00:00 done case C-0049 round=2 result=true
2026-06-13T15:47:35.658237+00:00 done case C-0050 round=2 result=true
2026-06-13T15:47:36.643349+00:00 done case C-0051 round=2 result=true
2026-06-13T15:47:37.588174+00:00 done case C-0052 round=2 result=true
2026-06-13T15:47:37.702126+00:00 done case C-0053 round=2 result=true
2026-06-13T15:47:38.681953+00:00 done case C-0054 round=2 result=true
2026-06-13T15:47:38.804812+00:00 done case C-0055 round=2 result=true
2026-06-13T15:47:39.777877+00:00 done case C-0056 round=2 result=true
2026-06-13T15:47:40.732358+00:00 done case C-0057 round=2 result=true
2026-06-13T15:47:40.838252+00:00 done case C-0058 round=2 result=true
2026-06-13T15:47:41.812259+00:00 done case C-0059 round=2 result=true
2026-06-13T15:47:41.916058+00:00 done case C-0060 round=2 result=true
2026-06-13T15:47:42.880601+00:00 done case C-0061 round=2 result=true
2026-06-13T15:47:42.983690+00:00 done case C-0062 round=2 result=true
2026-06-13T15:47:43.627727+00:00 done case C-0063 round=2 result=true
2026-06-13T15:47:44.671947+00:00 done case C-0064 round=2 result=true
2026-06-13T15:47:44.798286+00:00 done case C-0065 round=2 result=true
2026-06-13T15:47:45.783730+00:00 done case C-0066 round=2 result=true
2026-06-13T15:47:46.774265+00:00 done case C-0067 round=2 result=true
2026-06-13T15:47:46.883180+00:00 done case C-0068 round=2 result=true
2026-06-13T15:47:47.876945+00:00 done case C-0069 round=2 result=true
2026-06-13T15:47:48.868432+00:00 done case C-0070 round=2 result=true
2026-06-13T15:47:48.961335+00:00 done case C-0071 round=2 result=true
2026-06-13T15:47:49.954598+00:00 done case C-0072 round=2 result=true
2026-06-13T15:47:50.073544+00:00 done case C-0073 round=2 result=true
2026-06-13T15:47:51.075473+00:00 done case C-0074 round=2 result=true
2026-06-13T15:47:52.074246+00:00 done case C-0075 round=2 result=true
2026-06-13T15:47:52.208340+00:00 done case C-0076 round=2 result=true
2026-06-13T15:47:53.208794+00:00 done case C-0077 round=2 result=true
2026-06-13T15:47:54.212515+00:00 done case C-0078 round=2 result=true
2026-06-13T15:47:54.345812+00:00 done case C-0079 round=2 result=true
2026-06-13T15:47:55.140336+00:00 done case C-0080 round=2 result=true
2026-06-13T15:47:57.910129+00:00 done case C-0081 round=2 result=true
2026-06-13T15:48:07.582331+00:00 done case C-0082 round=2 result=true
2026-06-13T15:48:11.890997+00:00 done case C-0083 round=2 result=true
2026-06-13T15:48:12.890505+00:00 done case C-0084 round=2 result=true
2026-06-13T15:48:13.008543+00:00 done case C-0085 round=2 result=true
2026-06-13T15:48:14.009297+00:00 done case C-0086 round=2 result=true
2026-06-13T15:48:15.024537+00:00 done case C-0087 round=2 result=true
2026-06-13T15:48:16.327747+00:00 done case C-0088 round=2 result=true
2026-06-13T15:48:17.325307+00:00 done case C-0089 round=2 result=true
2026-06-13T15:48:18.114148+00:00 done case C-0090 round=2 result=true
2026-06-13T15:48:18.243194+00:00 done case C-0091 round=2 result=true
2026-06-13T15:48:19.266253+00:00 done case C-0092 round=2 result=true
2026-06-13T15:48:19.387506+00:00 done case C-0093 round=2 result=true
2026-06-13T15:48:19.510083+00:00 done case C-0094 round=2 result=true
2026-06-13T15:48:19.649312+00:00 done case C-0095 round=2 result=true
2026-06-13T15:48:19.775886+00:00 done case C-0096 round=2 result=true
2026-06-13T15:48:19.902921+00:00 done case C-0097 round=2 result=true
2026-06-13T15:48:20.021090+00:00 done case C-0098 round=2 result=true
2026-06-13T15:48:20.147918+00:00 done case C-0099 round=2 result=true
2026-06-13T15:48:21.143102+00:00 done case C-0100 round=2 result=true
2026-06-13T15:48:21.276780+00:00 done case C-0101 round=2 result=true
2026-06-13T15:48:21.405920+00:00 done case C-0102 round=2 result=true
2026-06-13T15:48:21.521377+00:00 done case C-0103 round=2 result=true
2026-06-13T15:48:21.643206+00:00 done case C-0104 round=2 result=true
2026-06-13T15:48:21.766685+00:00 done case C-0105 round=2 result=true
2026-06-13T15:48:21.876365+00:00 done case C-0106 round=2 result=true
2026-06-13T15:48:22.004408+00:00 done case C-0107 round=2 result=true
2026-06-13T15:48:23.016359+00:00 done case C-0108 round=2 result=true
2026-06-13T15:48:23.132248+00:00 done case C-0109 round=2 result=true
2026-06-13T15:48:23.255060+00:00 done case C-0110 round=2 result=true
2026-06-13T15:48:23.377027+00:00 done case C-0111 round=2 result=true
2026-06-13T15:48:23.499067+00:00 done case C-0112 round=2 result=true
2026-06-13T15:48:23.621150+00:00 done case C-0113 round=2 result=true
2026-06-13T15:48:23.759473+00:00 done case C-0114 round=2 result=true
2026-06-13T15:48:23.876936+00:00 done case C-0115 round=2 result=true
2026-06-13T15:48:24.882408+00:00 done case C-0116 round=2 result=true
2026-06-13T15:48:25.021376+00:00 done case C-0117 round=2 result=true
2026-06-13T15:48:25.143989+00:00 done case C-0118 round=2 result=true
2026-06-13T15:48:25.265920+00:00 done case C-0119 round=2 result=true
2026-06-13T15:48:25.388064+00:00 done case C-0120 round=2 result=true
2026-06-13T15:48:25.521199+00:00 done case C-0121 round=2 result=true
2026-06-13T15:48:25.648368+00:00 done case C-0122 round=2 result=true
2026-06-13T15:48:25.772064+00:00 done case C-0123 round=2 result=true
2026-06-13T15:48:26.755164+00:00 done case C-0124 round=2 result=true
2026-06-13T15:48:26.877088+00:00 done case C-0125 round=2 result=true
2026-06-13T15:48:27.001286+00:00 done case C-0126 round=2 result=true
2026-06-13T15:48:27.137290+00:00 done case C-0127 round=2 result=true
2026-06-13T15:48:27.260548+00:00 done case C-0128 round=2 result=true
2026-06-13T15:48:27.394186+00:00 done case C-0129 round=2 result=true
2026-06-13T15:48:27.515385+00:00 done case C-0130 round=2 result=true
2026-06-13T15:48:27.638013+00:00 done case C-0131 round=2 result=true
2026-06-13T15:48:28.639279+00:00 done case C-0132 round=2 result=true
2026-06-13T15:48:28.761649+00:00 done case C-0133 round=2 result=true
2026-06-13T15:48:28.895944+00:00 done case C-0134 round=2 result=true
2026-06-13T15:48:29.005756+00:00 done case C-0135 round=2 result=true
2026-06-13T15:48:29.127583+00:00 done case C-0136 round=2 result=true
2026-06-13T15:48:29.250736+00:00 done case C-0137 round=2 result=true
2026-06-13T15:48:29.371098+00:00 done case C-0138 round=2 result=true
2026-06-13T15:48:29.493732+00:00 done case C-0139 round=2 result=true
2026-06-13T15:48:30.294846+00:00 done case C-0140 round=2 result=true
2026-06-13T15:48:30.415953+00:00 done case C-0141 round=2 result=true
2026-06-13T15:48:30.538193+00:00 done case C-0142 round=2 result=true
2026-06-13T15:48:30.660333+00:00 done case C-0143 round=2 result=true
2026-06-13T15:48:30.782904+00:00 done case C-0144 round=2 result=true
2026-06-13T15:48:30.905165+00:00 done case C-0145 round=2 result=true
2026-06-13T15:48:31.039790+00:00 done case C-0146 round=2 result=true
2026-06-13T15:48:31.150083+00:00 done case C-0147 round=2 result=true
2026-06-13T15:48:32.171894+00:00 done case C-0148 round=2 result=true
2026-06-13T15:48:32.295000+00:00 done case C-0149 round=2 result=true
2026-06-13T15:48:32.416250+00:00 done case C-0150 round=2 result=true
2026-06-13T15:48:32.538528+00:00 done case C-0151 round=2 result=true
2026-06-13T15:48:32.661601+00:00 done case C-0152 round=2 result=true
2026-06-13T15:48:32.794977+00:00 done case C-0153 round=2 result=true
2026-06-13T15:48:32.916082+00:00 done case C-0154 round=2 result=true
2026-06-13T15:48:33.038836+00:00 done case C-0155 round=2 result=true
2026-06-13T15:48:34.034549+00:00 done case C-0156 round=2 result=true
2026-06-13T15:48:34.171712+00:00 done case C-0157 round=2 result=true
2026-06-13T15:48:34.295452+00:00 done case C-0158 round=2 result=true
2026-06-13T15:48:34.428035+00:00 done case C-0159 round=2 result=true
2026-06-13T15:48:34.563556+00:00 done case C-0160 round=2 result=true
2026-06-13T15:48:34.696409+00:00 done case C-0161 round=2 result=true
2026-06-13T15:48:34.819354+00:00 done case C-0162 round=2 result=true
2026-06-13T15:48:35.817336+00:00 done case C-0163 round=2 result=true
2026-06-13T15:48:35.938976+00:00 done case C-0164 round=2 result=true
2026-06-13T15:48:36.061721+00:00 done case C-0165 round=2 result=true
2026-06-13T15:48:36.194643+00:00 done case C-0166 round=2 result=true
2026-06-13T15:48:36.316639+00:00 done case C-0167 round=2 result=true
2026-06-13T15:48:36.439250+00:00 done case C-0168 round=2 result=true
2026-06-13T15:48:36.561376+00:00 done case C-0169 round=2 result=true
2026-06-13T15:48:36.683510+00:00 done case C-0170 round=2 result=true
2026-06-13T15:48:37.672961+00:00 done case C-0171 round=2 result=true
2026-06-13T15:48:37.795342+00:00 done case C-0172 round=2 result=true
2026-06-13T15:48:37.928589+00:00 done case C-0173 round=2 result=true
2026-06-13T15:48:38.050923+00:00 done case C-0174 round=2 result=true
2026-06-13T15:48:38.172880+00:00 done case C-0175 round=2 result=true
2026-06-13T15:48:38.296209+00:00 done case C-0176 round=2 result=true
2026-06-13T15:48:38.416988+00:00 done case C-0177 round=2 result=true
2026-06-13T15:48:38.539623+00:00 done case C-0178 round=2 result=true
2026-06-13T15:48:39.551089+00:00 done case C-0179 round=2 result=true
2026-06-13T15:48:39.673160+00:00 done case C-0180 round=2 result=true
2026-06-13T15:48:39.806326+00:00 done case C-0181 round=2 result=true
2026-06-13T15:48:39.929099+00:00 done case C-0182 round=2 result=true
2026-06-13T15:48:40.051297+00:00 done case C-0183 round=2 result=true
2026-06-13T15:48:40.172654+00:00 done case C-0184 round=2 result=true
2026-06-13T15:48:40.307764+00:00 done case C-0185 round=2 result=true
2026-06-13T15:48:40.429302+00:00 done case C-0186 round=2 result=true
2026-06-13T15:48:41.406649+00:00 done case C-0187 round=2 result=true
2026-06-13T15:48:41.529409+00:00 done case C-0188 round=2 result=true
2026-06-13T15:48:41.650786+00:00 done case C-0189 round=2 result=true
2026-06-13T15:48:41.773372+00:00 done case C-0190 round=2 result=true
2026-06-13T15:48:41.897175+00:00 done case C-0191 round=2 result=true
2026-06-13T15:48:42.029578+00:00 done case C-0192 round=2 result=true
2026-06-13T15:48:42.151041+00:00 done case C-0193 round=2 result=true
2026-06-13T15:48:42.274084+00:00 done case C-0194 round=2 result=true
2026-06-13T15:48:43.062390+00:00 done case C-0195 round=2 result=true
2026-06-13T15:48:43.184913+00:00 done case C-0196 round=2 result=true
2026-06-13T15:48:43.307688+00:00 done case C-0197 round=2 result=true
2026-06-13T15:48:43.440884+00:00 done case C-0198 round=2 result=true
2026-06-13T15:48:43.573976+00:00 done case C-0199 round=2 result=true
2026-06-13T15:48:43.706957+00:00 done case C-0200 round=2 result=true
2026-06-13T15:48:43.830553+00:00 done case C-0201 round=2 result=true
2026-06-13T15:48:43.951486+00:00 done case C-0202 round=2 result=true
2026-06-13T15:48:46.474952+00:00 done case C-0203 round=2 result=true
2026-06-13T15:48:46.608832+00:00 done case C-0204 round=2 result=true
2026-06-13T15:48:47.597321+00:00 done case C-0205 round=2 result=true
2026-06-13T15:48:47.729761+00:00 done case C-0206 round=2 result=true
2026-06-13T15:48:48.730305+00:00 done case C-0207 round=2 result=true
2026-06-13T15:48:49.730082+00:00 done case C-0208 round=2 result=true
2026-06-13T15:48:49.863366+00:00 done case C-0209 round=2 result=true
2026-06-13T15:48:50.875410+00:00 done case C-0210 round=2 result=true
2026-06-13T15:48:51.866955+00:00 done case C-0211 round=2 result=true
2026-06-13T15:48:51.997335+00:00 done case C-0212 round=2 result=true
2026-06-13T15:48:53.008823+00:00 done case C-0213 round=2 result=true
2026-06-13T15:48:54.009258+00:00 done case C-0214 round=2 result=true
2026-06-13T15:48:54.142580+00:00 done case C-0215 round=2 result=true
2026-06-13T15:48:55.153602+00:00 done case C-0216 round=2 result=true
2026-06-13T15:48:56.156347+00:00 done case C-0217 round=2 result=true
2026-06-13T15:48:57.158723+00:00 done case C-0218 round=2 result=true
2026-06-13T15:48:57.301360+00:00 done case C-0219 round=2 result=true
2026-06-13T15:48:58.286076+00:00 done case C-0220 round=2 result=true
2026-06-13T15:48:59.290430+00:00 done case C-0221 round=2 result=true
2026-06-13T15:48:59.426108+00:00 done case C-0222 round=2 result=true
2026-06-13T15:49:00.429359+00:00 done case C-0223 round=2 result=true
2026-06-13T15:49:01.423814+00:00 done case C-0224 round=2 result=true
2026-06-13T15:49:01.557584+00:00 done case C-0225 round=2 result=true
2026-06-13T15:49:02.552431+00:00 done case C-0226 round=2 result=true
2026-06-13T15:49:03.557801+00:00 done case C-0227 round=2 result=true
2026-06-13T15:49:03.690640+00:00 done case C-0228 round=2 result=true
2026-06-13T15:49:04.478658+00:00 done case C-0229 round=2 result=true
2026-06-13T15:49:05.493607+00:00 done case C-0230 round=2 result=true
2026-06-13T15:49:05.640223+00:00 done case C-0231 round=2 result=true
2026-06-13T15:49:05.784472+00:00 done case C-0232 round=2 result=true
2026-06-13T15:49:05.925094+00:00 done case C-0233 round=2 result=true
2026-06-13T15:49:06.060981+00:00 done case C-0234 round=2 result=true
2026-06-13T15:49:06.205107+00:00 done case C-0235 round=2 result=true
2026-06-13T15:49:06.346669+00:00 done case C-0236 round=2 result=true
2026-06-13T15:49:07.322746+00:00 done case C-0237 round=2 result=true
2026-06-13T15:49:07.465092+00:00 done case C-0238 round=2 result=true
2026-06-13T15:49:07.608222+00:00 done case C-0239 round=2 result=true
2026-06-13T15:49:07.741808+00:00 done case C-0240 round=2 result=true
2026-06-13T15:49:07.883756+00:00 done case C-0241 round=2 result=true
2026-06-13T15:49:08.021676+00:00 done case C-0242 round=2 result=true
2026-06-13T15:49:08.159963+00:00 done case C-0243 round=2 result=true
2026-06-13T15:49:09.125158+00:00 done case C-0244 round=2 result=true
2026-06-13T15:49:09.256488+00:00 done case C-0245 round=2 result=true
2026-06-13T15:49:09.393570+00:00 done case C-0246 round=2 result=true
2026-06-13T15:49:09.533091+00:00 done case C-0247 round=2 result=true
2026-06-13T15:49:09.667772+00:00 done case C-0248 round=2 result=true
2026-06-13T15:49:09.812832+00:00 done case C-0249 round=2 result=true
2026-06-13T15:49:09.953449+00:00 done case C-0250 round=2 result=true
2026-06-13T15:49:10.086438+00:00 done case C-0251 round=2 result=true
2026-06-13T15:49:10.740339+00:00 done case C-0252 round=2 result=true
2026-06-13T15:49:10.871821+00:00 done case C-0253 round=2 result=true
2026-06-13T15:49:11.005540+00:00 done case C-0254 round=2 result=true
2026-06-13T15:49:11.139956+00:00 done case C-0255 round=2 result=true
2026-06-13T15:49:11.270267+00:00 done case C-0256 round=2 result=true
2026-06-13T15:49:11.403852+00:00 done case C-0257 round=2 result=true
2026-06-13T15:49:11.537140+00:00 done case C-0258 round=2 result=true
2026-06-13T15:49:12.566153+00:00 done case C-0259 round=2 result=true
2026-06-13T15:49:12.697889+00:00 done case C-0260 round=2 result=true
2026-06-13T15:49:12.830852+00:00 done case C-0261 round=2 result=true
2026-06-13T15:49:12.964087+00:00 done case C-0262 round=2 result=true
2026-06-13T15:49:13.096171+00:00 done case C-0263 round=2 result=true
2026-06-13T15:49:13.229329+00:00 done case C-0264 round=2 result=true
2026-06-13T15:49:13.362285+00:00 done case C-0265 round=2 result=true
2026-06-13T15:49:13.494836+00:00 done case C-0266 round=2 result=true
2026-06-13T15:49:14.480529+00:00 done case C-0267 round=2 result=true
2026-06-13T15:49:14.613292+00:00 done case C-0268 round=2 result=true
2026-06-13T15:49:14.746361+00:00 done case C-0269 round=2 result=true
2026-06-13T15:49:14.880376+00:00 done case C-0270 round=2 result=true
2026-06-13T15:49:15.011557+00:00 done case C-0271 round=2 result=true
2026-06-13T15:49:15.144963+00:00 done case C-0272 round=2 result=true
2026-06-13T15:49:15.277733+00:00 done case C-0273 round=2 result=true
2026-06-13T15:49:16.285892+00:00 done case C-0274 round=2 result=true
2026-06-13T15:49:16.418593+00:00 done case C-0275 round=2 result=true
2026-06-13T15:49:16.551135+00:00 done case C-0276 round=2 result=true
2026-06-13T15:49:16.683959+00:00 done case C-0277 round=2 result=true
2026-06-13T15:49:16.817062+00:00 done case C-0278 round=2 result=true
2026-06-13T15:49:16.961289+00:00 done case C-0279 round=2 result=true
2026-06-13T15:49:17.093521+00:00 done case C-0280 round=2 result=true
2026-06-13T15:49:18.068753+00:00 done case C-0281 round=2 result=true
2026-06-13T15:49:18.201862+00:00 done case C-0282 round=2 result=true
2026-06-13T15:49:18.334295+00:00 done case C-0283 round=2 result=true
2026-06-13T15:49:18.467831+00:00 done case C-0284 round=2 result=true
2026-06-13T15:49:18.601868+00:00 done case C-0285 round=2 result=true
2026-06-13T15:49:18.733341+00:00 done case C-0286 round=2 result=true
2026-06-13T15:49:18.865907+00:00 done case C-0287 round=2 result=true
2026-06-13T15:49:18.999684+00:00 done case C-0288 round=2 result=true
2026-06-13T15:49:19.818725+00:00 done case C-0289 round=2 result=true
2026-06-13T15:49:19.952208+00:00 done case C-0290 round=2 result=true
2026-06-13T15:49:20.086968+00:00 done case C-0291 round=2 result=true
2026-06-13T15:49:20.218373+00:00 done case C-0292 round=2 result=true
2026-06-13T15:49:20.350432+00:00 done case C-0293 round=2 result=true
2026-06-13T15:49:20.486008+00:00 done case C-0294 round=2 result=true
2026-06-13T15:49:20.618448+00:00 done case C-0295 round=2 result=true
2026-06-13T15:49:20.794966+00:00 done case C-0296 round=2 result=true
2026-06-13T15:49:20.927294+00:00 done case C-0297 round=2 result=true
2026-06-13T15:49:21.060481+00:00 done case C-0298 round=2 result=true
2026-06-13T15:49:21.204480+00:00 done case C-0299 round=2 result=true
2026-06-13T15:49:21.337820+00:00 done case C-0300 round=2 result=true
2026-06-13T15:49:21.471574+00:00 done case C-0301 round=2 result=true
2026-06-13T15:49:21.605254+00:00 done case C-0302 round=2 result=true
2026-06-13T15:49:21.737457+00:00 done case C-0303 round=2 result=true
2026-06-13T15:49:21.871156+00:00 done case C-0304 round=2 result=true
2026-06-13T15:49:22.003087+00:00 done case C-0305 round=2 result=true
2026-06-13T15:49:22.136569+00:00 done case C-0306 round=2 result=true
2026-06-13T15:49:22.281944+00:00 done case C-0307 round=2 result=true
2026-06-13T15:49:22.413858+00:00 done case C-0308 round=2 result=true
2026-06-13T15:49:22.546780+00:00 done case C-0309 round=2 result=true
2026-06-13T15:49:22.679215+00:00 done case C-0310 round=2 result=true
2026-06-13T15:49:22.811783+00:00 done case C-0311 round=2 result=true
2026-06-13T15:49:22.944989+00:00 done case C-0312 round=2 result=true
2026-06-13T15:49:23.078059+00:00 done case C-0313 round=2 result=true
2026-06-13T15:49:24.075328+00:00 done case C-0314 round=2 result=true
2026-06-13T15:49:24.208462+00:00 done case C-0315 round=2 result=true
2026-06-13T15:49:24.341910+00:00 done case C-0316 round=2 result=true
2026-06-13T15:49:24.474079+00:00 done case C-0317 round=2 result=true
2026-06-13T15:49:24.607333+00:00 done case C-0318 round=2 result=true
2026-06-13T15:49:24.751455+00:00 done case C-0319 round=2 result=true
2026-06-13T15:49:24.884495+00:00 done case C-0320 round=2 result=true
2026-06-13T15:49:25.883613+00:00 done case C-0321 round=2 result=true
2026-06-13T15:49:26.015187+00:00 done case C-0322 round=2 result=true
2026-06-13T15:49:26.148030+00:00 done case C-0323 round=2 result=true
2026-06-13T15:49:26.280850+00:00 done case C-0324 round=2 result=true
2026-06-13T15:49:26.425360+00:00 done case C-0325 round=2 result=true
2026-06-13T15:49:26.558007+00:00 done case C-0326 round=2 result=true
2026-06-13T15:49:26.691281+00:00 done case C-0327 round=2 result=true
2026-06-13T15:49:27.666483+00:00 done case C-0328 round=2 result=true
2026-06-13T15:49:27.799300+00:00 done case C-0329 round=2 result=true
2026-06-13T15:49:27.932204+00:00 done case C-0330 round=2 result=true
2026-06-13T15:49:28.065183+00:00 done case C-0331 round=2 result=true
2026-06-13T15:49:28.198256+00:00 done case C-0332 round=2 result=true
2026-06-13T15:49:28.342760+00:00 done case C-0333 round=2 result=true
2026-06-13T15:49:28.476974+00:00 done case C-0334 round=2 result=true
2026-06-13T15:49:28.609122+00:00 done case C-0335 round=2 result=true
2026-06-13T15:49:29.596105+00:00 done case C-0336 round=2 result=true
2026-06-13T15:49:29.731700+00:00 done case C-0337 round=2 result=true
2026-06-13T15:49:29.872141+00:00 done case C-0338 round=2 result=true
2026-06-13T15:49:30.016528+00:00 done case C-0339 round=2 result=true
2026-06-13T15:49:30.151052+00:00 done case C-0340 round=2 result=true
2026-06-13T15:49:30.279359+00:00 done case C-0341 round=2 result=true
2026-06-13T15:49:30.416658+00:00 done case C-0342 round=2 result=true
2026-06-13T15:49:31.080937+00:00 done case C-0343 round=2 result=true
2026-06-13T15:49:31.215965+00:00 done case C-0344 round=2 result=true
2026-06-13T15:49:31.358085+00:00 done case C-0345 round=2 result=true
2026-06-13T15:49:31.491022+00:00 done case C-0346 round=2 result=true
2026-06-13T15:49:31.624078+00:00 done case C-0347 round=2 result=true
2026-06-13T15:49:31.757195+00:00 done case C-0348 round=2 result=true
2026-06-13T15:49:31.891252+00:00 done case C-0349 round=2 result=true
2026-06-13T15:49:32.899731+00:00 done case C-0350 round=2 result=true
2026-06-13T15:49:33.032260+00:00 done case C-0351 round=2 result=true
2026-06-13T15:49:34.043208+00:00 done case C-0352 round=2 result=true
2026-06-13T15:49:34.850451+00:00 done case C-0353 round=2 result=true
2026-06-13T15:49:35.837663+00:00 done case C-0354 round=2 result=true
2026-06-13T15:49:35.970809+00:00 done case C-0355 round=2 result=true
2026-06-13T15:49:36.746965+00:00 done case C-0356 round=2 result=true
2026-06-13T15:49:37.778771+00:00 done case C-0357 round=2 result=true
2026-06-13T15:49:37.911630+00:00 done case C-0358 round=2 result=true
2026-06-13T15:49:38.066819+00:00 done case C-0359 round=2 result=true
2026-06-13T15:49:38.200160+00:00 done case C-0360 round=2 result=true
2026-06-13T15:49:38.333641+00:00 done case C-0361 round=2 result=true
2026-06-13T15:49:38.465840+00:00 done case C-0362 round=2 result=true
2026-06-13T15:49:38.599163+00:00 done case C-0363 round=2 result=true
2026-06-13T15:49:38.732007+00:00 done case C-0364 round=2 result=true
2026-06-13T15:49:39.741530+00:00 done case C-0365 round=2 result=true
2026-06-13T15:49:39.874225+00:00 done case C-0366 round=2 result=true
2026-06-13T15:49:40.007254+00:00 done case C-0367 round=2 result=true
2026-06-13T15:49:40.140430+00:00 done case C-0368 round=2 result=true
2026-06-13T15:49:40.273963+00:00 done case C-0369 round=2 result=true
2026-06-13T15:49:40.406423+00:00 done case C-0370 round=2 result=true
2026-06-13T15:49:40.540328+00:00 done case C-0371 round=2 result=true
2026-06-13T15:49:41.550132+00:00 done case C-0372 round=2 result=true
2026-06-13T15:49:41.682510+00:00 done case C-0373 round=2 result=true
2026-06-13T15:49:41.815295+00:00 done case C-0374 round=2 result=true
2026-06-13T15:49:41.948351+00:00 done case C-0375 round=2 result=true
2026-06-13T15:49:42.081279+00:00 done case C-0376 round=2 result=true
2026-06-13T15:49:42.226290+00:00 done case C-0377 round=2 result=true
2026-06-13T15:49:42.365811+00:00 done case C-0378 round=2 result=true
2026-06-13T15:49:43.392060+00:00 done case C-0379 round=2 result=true
2026-06-13T15:49:43.534763+00:00 done case C-0380 round=2 result=true
2026-06-13T15:49:43.679121+00:00 done case C-0381 round=2 result=true
2026-06-13T15:49:43.811950+00:00 done case C-0382 round=2 result=true
2026-06-13T15:49:43.956448+00:00 done case C-0383 round=2 result=true
2026-06-13T15:49:44.100579+00:00 done case C-0384 round=2 result=true
2026-06-13T15:49:44.233919+00:00 done case C-0385 round=2 result=true
2026-06-13T15:49:44.965884+00:00 done case C-0386 round=2 result=true
2026-06-13T15:49:45.099533+00:00 done case C-0387 round=2 result=true
2026-06-13T15:49:45.220907+00:00 done case C-0388 round=2 result=true
2026-06-13T15:49:45.343614+00:00 done case C-0389 round=2 result=true
2026-06-13T15:49:45.465734+00:00 done case C-0390 round=2 result=true
2026-06-13T15:49:45.594769+00:00 done case C-0391 round=2 result=true
2026-06-13T15:49:45.742990+00:00 done case C-0392 round=2 result=true
2026-06-13T15:49:45.865026+00:00 done case C-0393 round=2 result=true
2026-06-13T15:49:46.019772+00:00 done case C-0394 round=2 result=true
2026-06-13T15:49:46.142030+00:00 done case C-0395 round=2 result=true
2026-06-13T15:49:46.275424+00:00 done case C-0396 round=2 result=true
2026-06-13T15:49:46.398346+00:00 done case C-0397 round=2 result=true
2026-06-13T15:49:46.541856+00:00 done case C-0398 round=2 result=true
2026-06-13T15:49:46.685617+00:00 done case C-0399 round=2 result=true
2026-06-13T15:49:46.809573+00:00 done case C-0400 round=2 result=true
2026-06-13T15:49:46.930439+00:00 done case C-0401 round=2 result=true
2026-06-13T15:49:47.051820+00:00 done case C-0402 round=2 result=true
2026-06-13T15:49:47.176744+00:00 done case C-0403 round=2 result=true
2026-06-13T15:49:47.299126+00:00 done case C-0404 round=2 result=true
2026-06-13T15:49:47.432547+00:00 done case C-0405 round=2 result=true
2026-06-13T15:49:47.552705+00:00 done case C-0406 round=2 result=true
2026-06-13T15:49:47.673889+00:00 done case C-0407 round=2 result=true
2026-06-13T15:49:47.795023+00:00 done case C-0408 round=2 result=true
2026-06-13T15:49:47.917050+00:00 done case C-0409 round=2 result=true
2026-06-13T15:49:48.040169+00:00 done case C-0410 round=2 result=true
2026-06-13T15:49:48.161570+00:00 done case C-0411 round=2 result=true
2026-06-13T15:49:48.295430+00:00 done case C-0412 round=2 result=true
2026-06-13T15:49:48.416748+00:00 done case C-0413 round=2 result=true
2026-06-13T15:49:48.540182+00:00 done case C-0414 round=2 result=true
2026-06-13T15:49:48.682614+00:00 done case C-0415 round=2 result=true
2026-06-13T15:49:48.804624+00:00 done case C-0416 round=2 result=true
2026-06-13T15:49:48.927439+00:00 done case C-0417 round=2 result=true
2026-06-13T15:49:49.048623+00:00 done case C-0418 round=2 result=true
2026-06-13T15:49:49.193121+00:00 done case C-0419 round=2 result=true
2026-06-13T15:49:49.315589+00:00 done case C-0420 round=2 result=true
2026-06-13T15:49:49.436882+00:00 done case C-0421 round=2 result=true
2026-06-13T15:49:49.559969+00:00 done case C-0422 round=2 result=true
2026-06-13T15:49:49.682032+00:00 done case C-0423 round=2 result=true
2026-06-13T15:49:49.803039+00:00 done case C-0424 round=2 result=true
2026-06-13T15:49:49.936360+00:00 done case C-0425 round=2 result=true
2026-06-13T15:49:50.058633+00:00 done case C-0426 round=2 result=true
2026-06-13T15:49:50.181006+00:00 done case C-0427 round=2 result=true
2026-06-13T15:49:50.302745+00:00 done case C-0428 round=2 result=true
2026-06-13T15:49:50.425381+00:00 done case C-0429 round=2 result=true
2026-06-13T15:49:50.547886+00:00 done case C-0430 round=2 result=true
2026-06-13T15:49:50.668671+00:00 done case C-0431 round=2 result=true
2026-06-13T15:49:50.802324+00:00 done case C-0432 round=2 result=true
2026-06-13T15:49:50.924578+00:00 done case C-0433 round=2 result=true
2026-06-13T15:49:51.046634+00:00 done case C-0434 round=2 result=true
2026-06-13T15:49:51.168617+00:00 done case C-0435 round=2 result=true
2026-06-13T15:49:51.291859+00:00 done case C-0436 round=2 result=true
2026-06-13T15:49:51.412411+00:00 done case C-0437 round=2 result=true
2026-06-13T15:49:51.534753+00:00 done case C-0438 round=2 result=true
2026-06-13T15:49:51.678737+00:00 done case C-0439 round=2 result=true
2026-06-13T15:49:51.800500+00:00 done case C-0440 round=2 result=true
2026-06-13T15:49:51.923110+00:00 done case C-0441 round=2 result=true
2026-06-13T15:49:52.045559+00:00 done case C-0442 round=2 result=true
2026-06-13T15:49:52.166768+00:00 done case C-0443 round=2 result=true
2026-06-13T15:49:52.289998+00:00 done case C-0444 round=2 result=true
2026-06-13T15:49:52.423794+00:00 done case C-0445 round=2 result=true
2026-06-13T15:49:52.544459+00:00 done case C-0446 round=2 result=true
2026-06-13T15:49:53.560377+00:00 done case C-0447 round=2 result=true
2026-06-13T15:49:53.675757+00:00 done case C-0448 round=2 result=true
2026-06-13T15:49:53.810747+00:00 done case C-0449 round=2 result=true
2026-06-13T15:49:53.919889+00:00 done case C-0450 round=2 result=true
2026-06-13T15:49:54.042240+00:00 done case C-0451 round=2 result=true
2026-06-13T15:49:54.176784+00:00 done case C-0452 round=2 result=true
2026-06-13T15:49:54.297112+00:00 done case C-0453 round=2 result=true
2026-06-13T15:49:54.419207+00:00 done case C-0454 round=2 result=true
2026-06-13T15:49:55.418558+00:00 done case C-0455 round=2 result=true
2026-06-13T15:49:55.540936+00:00 done case C-0456 round=2 result=true
2026-06-13T15:49:55.662219+00:00 done case C-0457 round=2 result=true
2026-06-13T15:49:55.784378+00:00 done case C-0458 round=2 result=true
2026-06-13T15:49:55.918507+00:00 done case C-0459 round=2 result=true
2026-06-13T15:49:56.040907+00:00 done case C-0460 round=2 result=true
2026-06-13T15:49:56.162296+00:00 done case C-0461 round=2 result=true
2026-06-13T15:49:56.283558+00:00 done case C-0462 round=2 result=true
2026-06-13T15:49:57.277969+00:00 done case C-0463 round=2 result=true
2026-06-13T15:49:57.393194+00:00 done case C-0464 round=2 result=true
2026-06-13T15:49:57.526832+00:00 done case C-0465 round=2 result=true
2026-06-13T15:49:57.648564+00:00 done case C-0466 round=2 result=true
2026-06-13T15:49:57.783108+00:00 done case C-0467 round=2 result=true
2026-06-13T15:49:57.893042+00:00 done case C-0468 round=2 result=true
2026-06-13T15:49:58.015146+00:00 done case C-0469 round=2 result=true
2026-06-13T15:49:58.139687+00:00 done case C-0470 round=2 result=true
2026-06-13T15:49:59.137116+00:00 done case C-0471 round=2 result=true
2026-06-13T15:49:59.274150+00:00 done case C-0472 round=2 result=true
2026-06-13T15:49:59.406084+00:00 done case C-0473 round=2 result=true
2026-06-13T15:49:59.514395+00:00 done case C-0474 round=2 result=true
2026-06-13T15:49:59.636951+00:00 done case C-0475 round=2 result=true
2026-06-13T15:49:59.757790+00:00 done case C-0476 round=2 result=true
2026-06-13T15:49:59.879820+00:00 done case C-0477 round=2 result=true
2026-06-13T15:50:00.014827+00:00 done case C-0478 round=2 result=true
2026-06-13T15:50:01.000754+00:00 done case C-0479 round=2 result=true
2026-06-13T15:50:01.122651+00:00 done case C-0480 round=2 result=true
2026-06-13T15:50:01.244727+00:00 done case C-0481 round=2 result=true
2026-06-13T15:50:01.367250+00:00 done case C-0482 round=2 result=true
2026-06-13T15:50:01.490723+00:00 done case C-0483 round=2 result=true
2026-06-13T15:50:01.623683+00:00 done case C-0484 round=2 result=true
2026-06-13T15:50:01.744540+00:00 done case C-0485 round=2 result=true
2026-06-13T15:50:01.878999+00:00 done case C-0486 round=2 result=true
2026-06-13T15:50:02.877982+00:00 done case C-0487 round=2 result=true
2026-06-13T15:50:02.987811+00:00 done case C-0488 round=2 result=true
2026-06-13T15:50:03.110179+00:00 done case C-0489 round=2 result=true
2026-06-13T15:50:03.232174+00:00 done case C-0490 round=2 result=true
2026-06-13T15:50:03.354767+00:00 done case C-0491 round=2 result=true
2026-06-13T15:50:03.487084+00:00 done case C-0492 round=2 result=true
2026-06-13T15:50:03.608961+00:00 done case C-0493 round=2 result=true
2026-06-13T15:50:04.609145+00:00 done case C-0494 round=2 result=true
2026-06-13T15:50:05.596419+00:00 done case C-0495 round=2 result=true
2026-06-13T15:50:05.720463+00:00 done case C-0496 round=2 result=true
2026-06-13T15:50:06.729096+00:00 done case C-0497 round=2 result=true
2026-06-13T15:50:07.716171+00:00 done case C-0498 round=2 result=true
2026-06-13T15:50:07.848954+00:00 done case C-0499 round=2 result=true
2026-06-13T15:50:08.843079+00:00 done case C-0500 round=2 result=true
2026-06-13T15:50:09.380799+00:00 done case C-0501 round=2 result=true
2026-06-13T15:50:09.536444+00:00 done case C-0502 round=2 result=true
2026-06-13T15:50:09.658028+00:00 done case C-0503 round=2 result=true
2026-06-13T15:50:09.780458+00:00 done case C-0504 round=2 result=true
2026-06-13T15:50:09.913871+00:00 done case C-0505 round=2 result=true
2026-06-13T15:50:10.036264+00:00 done case C-0506 round=2 result=true
2026-06-13T15:50:10.158119+00:00 done case C-0507 round=2 result=true
2026-06-13T15:50:10.279921+00:00 done case C-0508 round=2 result=true
2026-06-13T15:50:10.413686+00:00 done case C-0509 round=2 result=true
2026-06-13T15:50:10.535262+00:00 done case C-0510 round=2 result=true
2026-06-13T15:50:10.658344+00:00 done case C-0511 round=2 result=true
2026-06-13T15:50:10.790464+00:00 done case C-0512 round=2 result=true
2026-06-13T15:50:10.913008+00:00 done case C-0513 round=2 result=true
2026-06-13T15:50:11.047193+00:00 done case C-0514 round=2 result=true
2026-06-13T15:50:11.156724+00:00 done case C-0515 round=2 result=true
2026-06-13T15:50:11.279972+00:00 done case C-0516 round=2 result=true
2026-06-13T15:50:11.413159+00:00 done case C-0517 round=2 result=true
2026-06-13T15:50:11.523757+00:00 done case C-0518 round=2 result=true
2026-06-13T15:50:11.659127+00:00 done case C-0519 round=2 result=true
2026-06-13T15:50:11.778809+00:00 done case C-0520 round=2 result=true
2026-06-13T15:50:11.901313+00:00 done case C-0521 round=2 result=true
2026-06-13T15:50:12.036451+00:00 done case C-0522 round=2 result=true
2026-06-13T15:50:12.144926+00:00 done case C-0523 round=2 result=true
2026-06-13T15:50:12.278899+00:00 done case C-0524 round=2 result=true
2026-06-13T15:50:12.401217+00:00 done case C-0525 round=2 result=true
2026-06-13T15:50:12.535332+00:00 done case C-0526 round=2 result=true
2026-06-13T15:50:12.657311+00:00 done case C-0527 round=2 result=true
2026-06-13T15:50:12.790165+00:00 done case C-0528 round=2 result=true
2026-06-13T15:50:12.901401+00:00 done case C-0529 round=2 result=true
2026-06-13T15:50:13.022679+00:00 done case C-0530 round=2 result=true
2026-06-13T15:50:13.144160+00:00 done case C-0531 round=2 result=true
2026-06-13T15:50:13.289045+00:00 done case C-0532 round=2 result=true
2026-06-13T15:50:13.401415+00:00 done case C-0533 round=2 result=true
2026-06-13T15:50:13.534469+00:00 done case C-0534 round=2 result=true
2026-06-13T15:50:13.644227+00:00 done case C-0535 round=2 result=true
2026-06-13T15:50:13.778012+00:00 done case C-0536 round=2 result=true
2026-06-13T15:50:13.888737+00:00 done case C-0537 round=2 result=true
2026-06-13T15:50:14.022973+00:00 done case C-0538 round=2 result=true
2026-06-13T15:50:14.155196+00:00 done case C-0539 round=2 result=true
2026-06-13T15:50:14.277164+00:00 done case C-0540 round=2 result=true
2026-06-13T15:50:14.400989+00:00 done case C-0541 round=2 result=true
2026-06-13T15:50:14.520844+00:00 done case C-0542 round=2 result=true
2026-06-13T15:50:14.642813+00:00 done case C-0543 round=2 result=true
2026-06-13T15:50:14.766696+00:00 done case C-0544 round=2 result=true
2026-06-13T15:50:14.887268+00:00 done case C-0545 round=2 result=true
2026-06-13T15:50:15.020640+00:00 done case C-0546 round=2 result=true
2026-06-13T15:50:15.154325+00:00 done case C-0547 round=2 result=true
2026-06-13T15:50:15.265028+00:00 done case C-0548 round=2 result=true
2026-06-13T15:50:15.387439+00:00 done case C-0549 round=2 result=true
2026-06-13T15:50:15.508685+00:00 done case C-0550 round=2 result=true
2026-06-13T15:50:16.519593+00:00 done case C-0551 round=2 result=true
2026-06-13T15:50:16.654021+00:00 done case C-0552 round=2 result=true
2026-06-13T15:50:16.775725+00:00 done case C-0553 round=2 result=true
2026-06-13T15:50:16.898437+00:00 done case C-0554 round=2 result=true
2026-06-13T15:50:17.019155+00:00 done case C-0555 round=2 result=true
2026-06-13T15:50:17.140824+00:00 done case C-0556 round=2 result=true
2026-06-13T15:50:17.262952+00:00 done case C-0557 round=2 result=true
2026-06-13T15:50:17.397853+00:00 done case C-0558 round=2 result=true
2026-06-13T15:50:18.407028+00:00 done case C-0559 round=2 result=true
2026-06-13T15:50:18.540729+00:00 done case C-0560 round=2 result=true
2026-06-13T15:50:18.664189+00:00 done case C-0561 round=2 result=true
2026-06-13T15:50:18.778365+00:00 done case C-0562 round=2 result=true
2026-06-13T15:50:18.906646+00:00 done case C-0563 round=2 result=true
2026-06-13T15:50:19.018346+00:00 done case C-0564 round=2 result=true
2026-06-13T15:50:19.155369+00:00 done case C-0565 round=2 result=true
2026-06-13T15:50:19.266851+00:00 done case C-0566 round=2 result=true
2026-06-13T15:50:20.283678+00:00 done case C-0567 round=2 result=true
2026-06-13T15:50:20.405837+00:00 done case C-0568 round=2 result=true
2026-06-13T15:50:20.518463+00:00 done case C-0569 round=2 result=true
2026-06-13T15:50:20.650269+00:00 done case C-0570 round=2 result=true
2026-06-13T15:50:20.759937+00:00 done case C-0571 round=2 result=true
2026-06-13T15:50:20.893717+00:00 done case C-0572 round=2 result=true
2026-06-13T15:50:21.027755+00:00 done case C-0573 round=2 result=true
2026-06-13T15:50:21.149272+00:00 done case C-0574 round=2 result=true
2026-06-13T15:50:22.137380+00:00 done case C-0575 round=2 result=true
2026-06-13T15:50:22.272521+00:00 done case C-0576 round=2 result=true
2026-06-13T15:50:22.403630+00:00 done case C-0577 round=2 result=true
2026-06-13T15:50:22.515228+00:00 done case C-0578 round=2 result=true
