2026-06-13T21:30:42.084267+00:00 worker start resume=True
2026-06-13T21:30:42.249237+00:00 done function A1 round=1 result=true
2026-06-13T21:30:42.337816+00:00 done function A2 round=1 result=true
2026-06-13T21:30:42.412685+00:00 done function A3 round=1 result=true
2026-06-13T21:30:42.472219+00:00 done function A4 round=1 result=true
2026-06-13T21:30:42.550631+00:00 done function A5 round=1 result=true
2026-06-13T21:30:42.627176+00:00 done function A6 round=1 result=true
2026-06-13T21:30:42.719667+00:00 done function A7 round=1 result=true
2026-06-13T21:30:42.798006+00:00 done function A8 round=1 result=true
2026-06-13T21:30:42.882560+00:00 done function A9 round=1 result=true
2026-06-13T21:30:42.983742+00:00 done function T1 round=1 result=true
2026-06-13T21:30:43.071534+00:00 done function T2 round=1 result=true
2026-06-13T21:30:43.171826+00:00 done function T3 round=1 result=true
2026-06-13T21:30:43.259271+00:00 done function T4 round=1 result=true
2026-06-13T21:30:43.373449+00:00 done function T5 round=1 result=true
2026-06-13T21:30:43.458576+00:00 done function T6 round=1 result=true
2026-06-13T21:30:43.546067+00:00 done function T7 round=1 result=true
2026-06-13T21:30:43.637989+00:00 done function T8 round=1 result=true
2026-06-13T21:30:43.738366+00:00 done function T9 round=1 result=true
2026-06-13T21:30:43.838068+00:00 done function T10 round=1 result=true
2026-06-13T21:30:43.938040+00:00 done function T11 round=1 result=true
2026-06-13T21:30:44.049451+00:00 done function T12 round=1 result=true
2026-06-13T21:30:44.149307+00:00 done function T13 round=1 result=true
2026-06-13T21:30:44.250219+00:00 done function T14 round=1 result=true
2026-06-13T21:30:44.349353+00:00 done function T15 round=1 result=true
2026-06-13T21:30:44.449590+00:00 done function T16 round=1 result=true
2026-06-13T21:30:44.550746+00:00 done function T17 round=1 result=true
2026-06-13T21:30:44.661127+00:00 done function T18 round=1 result=true
2026-06-13T21:30:44.746459+00:00 done function T19 round=1 result=true
2026-06-13T21:30:44.838068+00:00 done function T20 round=1 result=true
2026-06-13T21:30:44.941148+00:00 done function T21 round=1 result=true
2026-06-13T21:30:45.040217+00:00 done function T22 round=1 result=true
2026-06-13T21:30:45.138391+00:00 done function T23 round=1 result=true
2026-06-13T21:30:45.224622+00:00 done function T24 round=1 result=true
2026-06-13T21:30:45.327421+00:00 done function T25 round=1 result=true
2026-06-13T21:30:45.415434+00:00 done function T26 round=1 result=true
2026-06-13T21:30:45.504262+00:00 done function T27 round=1 result=true
2026-06-13T21:30:45.593696+00:00 done function T28 round=1 result=true
2026-06-13T21:30:45.681949+00:00 done function T29 round=1 result=true
2026-06-13T21:30:45.774550+00:00 done function T30 round=1 result=true
2026-06-13T21:30:45.883348+00:00 done function T31 round=1 result=true
2026-06-13T21:30:45.982112+00:00 done function T32 round=1 result=true
2026-06-13T21:30:46.059983+00:00 done function T33 round=1 result=true
2026-06-13T21:30:46.148775+00:00 done function T34 round=1 result=true
2026-06-13T21:30:46.224250+00:00 done function T35 round=1 result=true
2026-06-13T21:30:46.315505+00:00 done function T36 round=1 result=true
2026-06-13T21:30:46.406558+00:00 done function T37 round=1 result=true
2026-06-13T21:30:46.504791+00:00 done function T38 round=1 result=true
2026-06-13T21:30:46.607443+00:00 done function T39 round=1 result=true
2026-06-13T21:30:46.695239+00:00 done function D1 round=1 result=true
2026-06-13T21:30:46.783920+00:00 done function D2 round=1 result=true
2026-06-13T21:30:46.877217+00:00 done function D3 round=1 result=true
2026-06-13T21:30:46.974511+00:00 done function D4 round=1 result=true
2026-06-13T21:30:47.074418+00:00 done function D5 round=1 result=true
2026-06-13T21:30:47.182536+00:00 done function D6 round=1 result=true
2026-06-13T21:30:47.283793+00:00 done function D7 round=1 result=true
2026-06-13T21:30:47.387202+00:00 done function D8 round=1 result=true
2026-06-13T21:30:47.485575+00:00 done function D9 round=1 result=true
2026-06-13T21:30:47.584028+00:00 done function D10 round=1 result=true
2026-06-13T21:30:47.673957+00:00 done function D11 round=1 result=true
2026-06-13T21:30:47.762150+00:00 done function D12 round=1 result=true
2026-06-13T21:30:47.850733+00:00 done function D13 round=1 result=true
2026-06-13T21:30:47.950632+00:00 done function D14 round=1 result=true
2026-06-13T21:30:48.040541+00:00 done function D15 round=1 result=true
2026-06-13T21:30:48.128489+00:00 done function D16 round=1 result=true
2026-06-13T21:30:48.218583+00:00 done function D17 round=1 result=true
2026-06-13T21:30:48.319825+00:00 done function D18 round=1 result=true
2026-06-13T21:30:48.429540+00:00 done function D19 round=1 result=true
2026-06-13T21:30:48.517646+00:00 done function D20 round=1 result=true
2026-06-13T21:30:48.607063+00:00 done function D21 round=1 result=true
2026-06-13T21:30:48.696494+00:00 done function D22 round=1 result=true
2026-06-13T21:30:48.806812+00:00 done function D23 round=1 result=true
2026-06-13T21:30:48.907077+00:00 done function D24 round=1 result=true
2026-06-13T21:30:49.006370+00:00 done function D25 round=1 result=true
2026-06-13T21:30:49.115289+00:00 done function D26 round=1 result=true
2026-06-13T21:30:49.201811+00:00 done function D27 round=1 result=true
2026-06-13T21:30:49.304744+00:00 done function D28 round=1 result=true
2026-06-13T21:30:49.404759+00:00 done function D29 round=1 result=true
2026-06-13T21:30:49.503788+00:00 done function D30 round=1 result=true
2026-06-13T21:30:49.605443+00:00 done function D31 round=1 result=true
2026-06-13T21:30:49.715573+00:00 done function D32 round=1 result=true
2026-06-13T21:30:49.828110+00:00 done function D33 round=1 result=true
2026-06-13T21:30:49.926623+00:00 done function D34 round=1 result=true
2026-06-13T21:30:50.012548+00:00 done function D35 round=1 result=true
2026-06-13T21:30:50.115321+00:00 done function D36 round=1 result=true
2026-06-13T21:30:50.215722+00:00 done function D37 round=1 result=true
2026-06-13T21:30:50.315599+00:00 done function D38 round=1 result=true
2026-06-13T21:30:50.438797+00:00 done function D39 round=1 result=true
2026-06-13T21:30:50.549087+00:00 done function D40 round=1 result=true
2026-06-13T21:30:50.662288+00:00 done function D41 round=1 result=true
2026-06-13T21:30:50.771961+00:00 done function D42 round=1 result=true
2026-06-13T21:30:50.871746+00:00 done function D43 round=1 result=true
2026-06-13T21:30:50.983042+00:00 done function D44 round=1 result=true
2026-06-13T21:30:51.082268+00:00 done function D45 round=1 result=true
2026-06-13T21:30:51.194223+00:00 done function D46 round=1 result=true
2026-06-13T21:30:51.279595+00:00 done function D47 round=1 result=true
2026-06-13T21:30:51.382158+00:00 done function D48 round=1 result=true
2026-06-13T21:30:51.482227+00:00 done function D49 round=1 result=true
2026-06-13T21:30:51.586891+00:00 done function D50 round=1 result=true
2026-06-13T21:30:51.694040+00:00 done function D51 round=1 result=true
2026-06-13T21:30:51.806223+00:00 done function D52 round=1 result=true
2026-06-13T21:30:51.915988+00:00 done function D53 round=1 result=true
2026-06-13T21:30:52.016175+00:00 done function D54 round=1 result=true
2026-06-13T21:30:52.102087+00:00 done function D55 round=1 result=true
2026-06-13T21:30:52.206011+00:00 done function D56 round=1 result=true
2026-06-13T21:30:52.304636+00:00 done function D57 round=1 result=true
2026-06-13T21:30:52.405440+00:00 done function D58 round=1 result=true
2026-06-13T21:30:52.528284+00:00 done function D59 round=1 result=true
2026-06-13T21:30:52.640545+00:00 done function D60 round=1 result=true
2026-06-13T21:30:52.748924+00:00 done function D61 round=1 result=true
2026-06-13T21:30:52.851033+00:00 done function D62 round=1 result=true
2026-06-13T21:30:52.960384+00:00 done function D63 round=1 result=true
2026-06-13T21:30:53.062647+00:00 done function D64 round=1 result=true
2026-06-13T21:30:53.174606+00:00 done function D65 round=1 result=true
2026-06-13T21:30:53.294707+00:00 done function D66 round=1 result=true
2026-06-13T21:30:53.416546+00:00 done function D67 round=1 result=true
2026-06-13T21:30:53.527852+00:00 done function D72 round=1 result=true
2026-06-13T21:30:53.638575+00:00 done function D73 round=1 result=true
2026-06-13T21:30:53.750611+00:00 done function D74 round=1 result=true
2026-06-13T21:30:53.861878+00:00 done function D75 round=1 result=true
2026-06-13T21:30:53.961510+00:00 done function D76 round=1 result=true
2026-06-13T21:30:54.083520+00:00 done function D77 round=1 result=true
2026-06-13T21:30:54.193191+00:00 done function D84 round=1 result=true
2026-06-13T21:30:54.305859+00:00 done function D85 round=1 result=true
2026-06-13T21:30:54.416694+00:00 done function D86 round=1 result=true
2026-06-13T21:30:54.530969+00:00 done function D87 round=1 result=true
2026-06-13T21:30:54.649379+00:00 done function D88 round=1 result=true
2026-06-13T21:30:54.772914+00:00 done function D89 round=1 result=true
2026-06-13T21:30:54.893134+00:00 done function D90 round=1 result=true
2026-06-13T21:30:55.017112+00:00 done function D91 round=1 result=true
2026-06-13T21:30:55.127975+00:00 done function D92 round=1 result=true
2026-06-13T21:30:55.237663+00:00 done function D93 round=1 result=true
2026-06-13T21:30:55.348665+00:00 done function D94 round=1 result=true
2026-06-13T21:30:55.472140+00:00 done function D95 round=1 result=true
2026-06-13T21:30:55.581742+00:00 done function D96 round=1 result=true
2026-06-13T21:30:55.693093+00:00 done function D97 round=1 result=true
2026-06-13T21:30:55.807750+00:00 done function D98 round=1 result=true
2026-06-13T21:30:55.927615+00:00 done function D99 round=1 result=true
2026-06-13T21:30:56.038972+00:00 done function D100 round=1 result=true
2026-06-13T21:30:56.159963+00:00 done function D101 round=1 result=true
2026-06-13T21:30:56.270756+00:00 done function D102 round=1 result=true
2026-06-13T21:30:56.385547+00:00 done function D103 round=1 result=true
2026-06-13T21:30:56.504518+00:00 done function D104 round=1 result=true
2026-06-13T21:30:56.616223+00:00 done function D105 round=1 result=true
2026-06-13T21:30:56.726087+00:00 done function D106 round=1 result=true
2026-06-13T21:30:56.839122+00:00 done function D107 round=1 result=true
2026-06-13T21:30:56.961394+00:00 done function D108 round=1 result=true
2026-06-13T21:30:57.071750+00:00 done function D109 round=1 result=true
2026-06-13T21:30:57.182463+00:00 done function D110 round=1 result=true
2026-06-13T21:30:57.293027+00:00 done function D111 round=1 result=true
2026-06-13T21:30:57.407440+00:00 done function D112 round=1 result=true
2026-06-13T21:30:57.526311+00:00 done function D113 round=1 result=true
2026-06-13T21:30:57.637792+00:00 done function D114 round=1 result=true
2026-06-13T21:30:57.762326+00:00 done function D115 round=1 result=true
2026-06-13T21:30:57.871407+00:00 done function D116 round=1 result=true
2026-06-13T21:30:57.982411+00:00 done function D117 round=1 result=true
2026-06-13T21:30:58.104760+00:00 done function D118 round=1 result=true
2026-06-13T21:30:58.226143+00:00 done function D119 round=1 result=true
2026-06-13T21:30:58.340049+00:00 done function D120 round=1 result=true
2026-06-13T21:30:58.448017+00:00 done function D121 round=1 result=true
2026-06-13T21:30:58.571209+00:00 done function D122 round=1 result=true
2026-06-13T21:30:58.683567+00:00 done function D123 round=1 result=true
2026-06-13T21:30:58.805097+00:00 done function D124 round=1 result=true
2026-06-13T21:30:58.930294+00:00 done function D125 round=1 result=true
2026-06-13T21:30:59.048000+00:00 done function D126 round=1 result=true
2026-06-13T21:30:59.159738+00:00 done function D127 round=1 result=true
2026-06-13T21:30:59.283580+00:00 done function D128 round=1 result=true
2026-06-13T21:30:59.420395+00:00 done function D129 round=1 result=true
2026-06-13T21:30:59.541442+00:00 done function D130 round=1 result=true
2026-06-13T21:30:59.648328+00:00 done function D131 round=1 result=true
2026-06-13T21:30:59.759541+00:00 done function D132 round=1 result=true
2026-06-13T21:30:59.873308+00:00 done function D133 round=1 result=true
2026-06-13T21:30:59.995921+00:00 done function D134 round=1 result=true
2026-06-13T21:31:00.182144+00:00 done function D135 round=1 result=true
2026-06-13T21:31:00.304660+00:00 done function D136 round=1 result=true
2026-06-13T21:31:00.419264+00:00 done function D137 round=1 result=true
2026-06-13T21:31:00.538880+00:00 done function D138 round=1 result=true
2026-06-13T21:31:00.649842+00:00 done function D139 round=1 result=true
2026-06-13T21:31:00.772535+00:00 done function D140 round=1 result=true
2026-06-13T21:31:00.883599+00:00 done function D141 round=1 result=true
2026-06-13T21:31:00.994208+00:00 done function D142 round=1 result=true
2026-06-13T21:31:01.105498+00:00 done function D143 round=1 result=true
2026-06-13T21:31:01.217982+00:00 done function D144 round=1 result=true
2026-06-13T21:31:01.328009+00:00 done function D145 round=1 result=true
2026-06-13T21:31:01.449388+00:00 done function D146 round=1 result=true
2026-06-13T21:31:01.561171+00:00 done function D147 round=1 result=true
2026-06-13T21:31:01.671815+00:00 done function D148 round=1 result=true
2026-06-13T21:31:01.782556+00:00 done function D149 round=1 result=true
2026-06-13T21:31:01.895432+00:00 done function D150 round=1 result=true
2026-06-13T21:31:02.008268+00:00 done function D151 round=1 result=true
2026-06-13T21:31:02.127705+00:00 done function D152 round=1 result=true
2026-06-13T21:31:02.238967+00:00 done function D153 round=1 result=true
2026-06-13T21:31:02.354463+00:00 done function D154 round=1 result=true
2026-06-13T21:31:02.473003+00:00 done function D155 round=1 result=true
2026-06-13T21:31:02.585027+00:00 done function D156 round=1 result=true
2026-06-13T21:31:02.694707+00:00 done function D157 round=1 result=true
2026-06-13T21:31:02.816544+00:00 done function D158 round=1 result=true
2026-06-13T21:31:02.928189+00:00 done function D159 round=1 result=true
2026-06-13T21:31:03.040162+00:00 done function D160 round=1 result=true
2026-06-13T21:31:03.151800+00:00 done function D161 round=1 result=true
2026-06-13T21:31:03.261393+00:00 done function D162 round=1 result=true
2026-06-13T21:31:03.386390+00:00 done function D163 round=1 result=true
2026-06-13T21:31:03.495597+00:00 done function D164 round=1 result=true
2026-06-13T21:31:03.605248+00:00 done function D165 round=1 result=true
2026-06-13T21:31:03.716325+00:00 done function D166 round=1 result=true
2026-06-13T21:31:03.827647+00:00 done function D167 round=1 result=true
2026-06-13T21:31:03.940278+00:00 done function D168 round=1 result=true
2026-06-13T21:31:04.061087+00:00 done function D169 round=1 result=true
2026-06-13T21:31:04.174060+00:00 done function D170 round=1 result=true
2026-06-13T21:31:04.286392+00:00 done function D171 round=1 result=true
2026-06-13T21:31:04.397308+00:00 done function D172 round=1 result=true
2026-06-13T21:31:04.505794+00:00 done function D173 round=1 result=true
2026-06-13T21:31:04.616611+00:00 done function D174 round=1 result=true
2026-06-13T21:31:04.727666+00:00 done function D175 round=1 result=true
2026-06-13T21:31:04.851715+00:00 done function D176 round=1 result=true
2026-06-13T21:31:04.962155+00:00 done function D177 round=1 result=true
2026-06-13T21:31:05.084748+00:00 done function D178 round=1 result=true
2026-06-13T21:31:05.194885+00:00 done function D179 round=1 result=true
2026-06-13T21:31:05.306274+00:00 done function D180 round=1 result=true
2026-06-13T21:31:05.419577+00:00 done function D181 round=1 result=true
2026-06-13T21:31:05.540105+00:00 done function D182 round=1 result=true
2026-06-13T21:31:05.652715+00:00 done function D183 round=1 result=true
2026-06-13T21:31:05.764999+00:00 done function D184 round=1 result=true
2026-06-13T21:31:05.874784+00:00 done function D185 round=1 result=true
2026-06-13T21:31:05.985113+00:00 done function D186 round=1 result=true
2026-06-13T21:31:06.095141+00:00 done function D187 round=1 result=true
2026-06-13T21:31:06.206529+00:00 done function D188 round=1 result=true
2026-06-13T21:31:06.331984+00:00 done function D189 round=1 result=true
2026-06-13T21:31:06.440133+00:00 done function D190 round=1 result=true
2026-06-13T21:31:06.554222+00:00 done function D191 round=1 result=true
2026-06-13T21:31:06.661705+00:00 done function D192 round=1 result=true
2026-06-13T21:31:06.785143+00:00 done function D193 round=1 result=true
2026-06-13T21:31:06.897346+00:00 done function D194 round=1 result=true
2026-06-13T21:31:07.021776+00:00 done function D195 round=1 result=true
2026-06-13T21:31:07.129639+00:00 done function D196 round=1 result=true
2026-06-13T21:31:07.240497+00:00 done function D197 round=1 result=true
2026-06-13T21:31:07.363162+00:00 done function D198 round=1 result=true
2026-06-13T21:31:07.476018+00:00 done function D199 round=1 result=true
2026-06-13T21:31:07.597531+00:00 done function D200 round=1 result=true
2026-06-13T21:31:07.696781+00:00 done function D201 round=1 result=true
2026-06-13T21:31:07.808638+00:00 done function D202 round=1 result=true
2026-06-13T21:31:07.930885+00:00 done function D203 round=1 result=true
2026-06-13T21:31:08.045073+00:00 done function D204 round=1 result=true
2026-06-13T21:31:08.164705+00:00 done function D205 round=1 result=true
2026-06-13T21:31:08.285765+00:00 done function D206 round=1 result=true
2026-06-13T21:31:08.410889+00:00 done function D207 round=1 result=true
2026-06-13T21:31:08.541187+00:00 done function D208 round=1 result=true
2026-06-13T21:31:08.662745+00:00 done function D209 round=1 result=true
2026-06-13T21:31:08.785870+00:00 done function D210 round=1 result=true
2026-06-13T21:31:08.911970+00:00 done function D211 round=1 result=true
2026-06-13T21:31:09.043666+00:00 done function D212 round=1 result=true
2026-06-13T21:31:09.163418+00:00 done function D213 round=1 result=true
2026-06-13T21:31:09.285171+00:00 done function D214 round=1 result=true
2026-06-13T21:31:09.408248+00:00 done function D215 round=1 result=true
2026-06-13T21:31:09.529641+00:00 done function D216 round=1 result=true
2026-06-13T21:31:09.654079+00:00 done function D217 round=1 result=true
2026-06-13T21:31:09.775159+00:00 done function D218 round=1 result=true
2026-06-13T21:31:09.901818+00:00 done function D219 round=1 result=true
2026-06-13T21:31:10.031822+00:00 done function D220 round=1 result=true
2026-06-13T21:31:10.152482+00:00 done function D221 round=1 result=true
2026-06-13T21:31:10.275241+00:00 done function D222 round=1 result=true
2026-06-13T21:31:10.400678+00:00 done function D223 round=1 result=true
2026-06-13T21:31:10.519713+00:00 done function D224 round=1 result=true
2026-06-13T21:31:10.641416+00:00 done function D225 round=1 result=true
2026-06-13T21:31:10.764145+00:00 done function D226 round=1 result=true
2026-06-13T21:31:10.885847+00:00 done function D227 round=1 result=true
2026-06-13T21:31:11.009207+00:00 done function D228 round=1 result=true
2026-06-13T21:31:11.143517+00:00 done function D229 round=1 result=true
2026-06-13T21:31:11.267107+00:00 done function D230 round=1 result=true
2026-06-13T21:31:11.389504+00:00 done function D231 round=1 result=true
2026-06-13T21:31:11.510150+00:00 done function D232 round=1 result=true
2026-06-13T21:31:11.630592+00:00 done function D233 round=1 result=true
2026-06-13T21:31:11.752997+00:00 done function D234 round=1 result=true
2026-06-13T21:31:11.877625+00:00 done function D235 round=1 result=true
2026-06-13T21:31:12.008920+00:00 done function D236 round=1 result=true
2026-06-13T21:31:12.131559+00:00 done function D237 round=1 result=true
2026-06-13T21:31:12.253597+00:00 done function D238 round=1 result=true
2026-06-13T21:31:13.287994+00:00 done function D239 round=1 result=true
2026-06-13T21:31:13.409195+00:00 done function D240 round=1 result=true
2026-06-13T21:31:13.531758+00:00 done function D241 round=1 result=true
2026-06-13T21:31:13.653998+00:00 done function D242 round=1 result=true
2026-06-13T21:31:13.786749+00:00 done function D243 round=1 result=true
2026-06-13T21:31:13.908679+00:00 done function D244 round=1 result=true
2026-06-13T21:31:14.031936+00:00 done function D245 round=1 result=true
2026-06-13T21:31:14.157232+00:00 done function D246 round=1 result=true
2026-06-13T21:31:15.157718+00:00 done function D247 round=1 result=true
2026-06-13T21:31:15.278479+00:00 done function D248 round=1 result=true
2026-06-13T21:31:15.432562+00:00 done function D249 round=1 result=true
2026-06-13T21:31:15.554369+00:00 done function D250 round=1 result=true
2026-06-13T21:31:15.676009+00:00 done function D251 round=1 result=true
2026-06-13T21:31:15.799284+00:00 done function D252 round=1 result=true
2026-06-13T21:31:15.921592+00:00 done function D253 round=1 result=true
2026-06-13T21:31:16.042985+00:00 done function D254 round=1 result=true
2026-06-13T21:31:17.033699+00:00 done function D255 round=1 result=true
2026-06-13T21:31:17.166475+00:00 done function D256 round=1 result=true
2026-06-13T21:31:17.287647+00:00 done function D257 round=1 result=true
2026-06-13T21:31:17.413481+00:00 done function D258 round=1 result=true
2026-06-13T21:31:17.543484+00:00 done function D259 round=1 result=true
2026-06-13T21:31:17.668087+00:00 done function D260 round=1 result=true
2026-06-13T21:31:17.792361+00:00 done function D261 round=1 result=true
2026-06-13T21:31:17.911314+00:00 done function D262 round=1 result=true
2026-06-13T21:31:18.912198+00:00 done function D263 round=1 result=true
2026-06-13T21:31:19.033958+00:00 done function D264 round=1 result=true
2026-06-13T21:31:19.154284+00:00 done function D265 round=1 result=true
2026-06-13T21:31:19.283030+00:00 done function D266 round=1 result=true
2026-06-13T21:31:19.421624+00:00 done function D267 round=1 result=true
2026-06-13T21:31:19.544561+00:00 done function D268 round=1 result=true
2026-06-13T21:31:19.678166+00:00 done function D269 round=1 result=true
2026-06-13T21:31:20.680422+00:00 done function D270 round=1 result=true
2026-06-13T21:31:20.802255+00:00 done function D271 round=1 result=true
2026-06-13T21:31:20.934009+00:00 done function D272 round=1 result=true
2026-06-13T21:31:21.058186+00:00 done function D273 round=1 result=true
2026-06-13T21:31:21.179514+00:00 done function D274 round=1 result=true
2026-06-13T21:31:21.302393+00:00 done function D275 round=1 result=true
2026-06-13T21:31:21.425159+00:00 done function D276 round=1 result=true
2026-06-13T21:31:21.547524+00:00 done function D277 round=1 result=true
2026-06-13T21:31:21.669147+00:00 done function D278 round=1 result=true
2026-06-13T21:31:22.645409+00:00 done function D279 round=1 result=true
2026-06-13T21:31:22.767722+00:00 done function D280 round=1 result=true
2026-06-13T21:31:22.892541+00:00 done function D281 round=1 result=true
2026-06-13T21:31:23.013249+00:00 done function D282 round=1 result=true
2026-06-13T21:31:23.133890+00:00 done function D283 round=1 result=true
2026-06-13T21:31:23.258228+00:00 done function D284 round=1 result=true
2026-06-13T21:31:23.380485+00:00 done function D285 round=1 result=true
2026-06-13T21:31:23.504945+00:00 done function D286 round=1 result=true
2026-06-13T21:31:24.501848+00:00 done function D287 round=1 result=true
2026-06-13T21:31:25.480437+00:00 done function D288 round=1 result=true
2026-06-13T21:31:25.605175+00:00 done function D289 round=1 result=true
2026-06-13T21:31:26.604392+00:00 done function D290 round=1 result=true
2026-06-13T21:31:27.581290+00:00 done function D291 round=1 result=true
2026-06-13T21:31:27.701790+00:00 done function D292 round=1 result=true
2026-06-13T21:31:28.703623+00:00 done function D293 round=1 result=true
2026-06-13T21:31:29.672163+00:00 done function D294 round=1 result=true
2026-06-13T21:31:29.791505+00:00 done function D295 round=1 result=true
2026-06-13T21:31:30.783065+00:00 done function D296 round=1 result=true
2026-06-13T21:31:31.760601+00:00 done function D297 round=1 result=true
2026-06-13T21:31:31.870672+00:00 done function D298 round=1 result=true
2026-06-13T21:31:32.859980+00:00 done function D299 round=1 result=true
2026-06-13T21:31:33.826886+00:00 done function D300 round=1 result=true
2026-06-13T21:31:34.805923+00:00 done function D301 round=1 result=true
2026-06-13T21:31:34.915805+00:00 done function D302 round=1 result=true
2026-06-13T21:31:35.693463+00:00 done function D303 round=1 result=true
2026-06-13T21:31:35.837428+00:00 done function D304 round=1 result=true
2026-06-13T21:31:35.949082+00:00 done function D305 round=1 result=true
2026-06-13T21:31:36.070489+00:00 done function D306 round=1 result=true
2026-06-13T21:31:36.184242+00:00 done function D307 round=1 result=true
2026-06-13T21:31:36.295181+00:00 done function D308 round=1 result=true
2026-06-13T21:31:36.406456+00:00 done function D309 round=1 result=true
2026-06-13T21:31:36.515183+00:00 done function D310 round=1 result=true
2026-06-13T21:31:36.628193+00:00 done function D311 round=1 result=true
2026-06-13T21:31:36.739387+00:00 done function D312 round=1 result=true
2026-06-13T21:31:36.851212+00:00 done function D313 round=1 result=true
2026-06-13T21:31:36.960538+00:00 done function D314 round=1 result=true
2026-06-13T21:31:37.071980+00:00 done function D315 round=1 result=true
2026-06-13T21:31:37.181783+00:00 done function D316 round=1 result=true
2026-06-13T21:31:37.295108+00:00 done function D317 round=1 result=true
2026-06-13T21:31:37.405129+00:00 done function D318 round=1 result=true
2026-06-13T21:31:37.518222+00:00 done function D319 round=1 result=true
2026-06-13T21:31:37.629776+00:00 done function D320 round=1 result=true
2026-06-13T21:31:37.739478+00:00 done function D321 round=1 result=true
2026-06-13T21:31:37.848757+00:00 done function D322 round=1 result=true
2026-06-13T21:31:37.960288+00:00 done function D323 round=1 result=true
2026-06-13T21:31:38.072249+00:00 done function D324 round=1 result=true
2026-06-13T21:31:38.182771+00:00 done function D325 round=1 result=true
2026-06-13T21:31:38.294958+00:00 done function D326 round=1 result=true
2026-06-13T21:31:38.407674+00:00 done function D327 round=1 result=true
2026-06-13T21:31:38.515394+00:00 done function D328 round=1 result=true
2026-06-13T21:31:38.627598+00:00 done function D329 round=1 result=true
2026-06-13T21:31:38.738027+00:00 done function D330 round=1 result=true
2026-06-13T21:31:38.851957+00:00 done function D331 round=1 result=true
2026-06-13T21:31:38.961242+00:00 done function D332 round=1 result=true
2026-06-13T21:31:39.071503+00:00 done function D333 round=1 result=true
2026-06-13T21:31:39.175938+00:00 done function D334 round=1 result=true
2026-06-13T21:31:39.282526+00:00 done function D335 round=1 result=true
2026-06-13T21:31:39.386147+00:00 done function D336 round=1 result=true
2026-06-13T21:31:39.497027+00:00 done function D337 round=1 result=true
2026-06-13T21:31:39.683715+00:00 done function D338 round=1 result=true
2026-06-13T21:31:39.796244+00:00 done function D339 round=1 result=true
2026-06-13T21:31:39.907833+00:00 done function D340 round=1 result=true
2026-06-13T21:31:40.021958+00:00 done function D341 round=1 result=true
2026-06-13T21:31:40.128241+00:00 done function D342 round=1 result=true
2026-06-13T21:31:40.243442+00:00 done function D343 round=1 result=true
2026-06-13T21:31:40.361700+00:00 done function D344 round=1 result=true
2026-06-13T21:31:40.461713+00:00 done function D345 round=1 result=true
2026-06-13T21:31:40.576800+00:00 done function D346 round=1 result=true
2026-06-13T21:31:40.682625+00:00 done function D347 round=1 result=true
2026-06-13T21:31:40.783475+00:00 done function D348 round=1 result=true
2026-06-13T21:31:40.885971+00:00 done function D349 round=1 result=true
2026-06-13T21:31:40.995970+00:00 done function D350 round=1 result=true
2026-06-13T21:31:41.116176+00:00 done function D351 round=1 result=true
2026-06-13T21:31:41.228246+00:00 done function D352 round=1 result=true
2026-06-13T21:31:41.338413+00:00 done function D353 round=1 result=true
2026-06-13T21:31:41.450442+00:00 done function D354 round=1 result=true
2026-06-13T21:31:41.560892+00:00 done function D355 round=1 result=true
2026-06-13T21:31:41.672600+00:00 done function D356 round=1 result=true
2026-06-13T21:31:41.794817+00:00 done function D357 round=1 result=true
2026-06-13T21:31:41.908650+00:00 done function D358 round=1 result=true
2026-06-13T21:31:42.028202+00:00 done function D359 round=1 result=true
2026-06-13T21:31:42.138624+00:00 done function D360 round=1 result=true
2026-06-13T21:31:42.250879+00:00 done function D361 round=1 result=true
2026-06-13T21:31:42.396393+00:00 done function D362 round=1 result=true
2026-06-13T21:31:42.495217+00:00 done function D363 round=1 result=true
2026-06-13T21:31:42.594729+00:00 done function D364 round=1 result=true
2026-06-13T21:31:42.687811+00:00 done function D365 round=1 result=true
2026-06-13T21:31:42.783836+00:00 done function D366 round=1 result=true
2026-06-13T21:31:42.883854+00:00 done function D367 round=1 result=true
2026-06-13T21:31:42.983803+00:00 done function D368 round=1 result=true
2026-06-13T21:31:43.095140+00:00 done function D369 round=1 result=true
2026-06-13T21:31:43.196761+00:00 done function D370 round=1 result=true
2026-06-13T21:31:43.309223+00:00 done function D371 round=1 result=true
2026-06-13T21:31:43.428043+00:00 done function D372 round=1 result=true
2026-06-13T21:31:43.528755+00:00 done function D373 round=1 result=true
2026-06-13T21:31:43.639970+00:00 done function D374 round=1 result=true
2026-06-13T21:31:43.741012+00:00 done function D375 round=1 result=true
2026-06-13T21:31:43.851194+00:00 done function D376 round=1 result=true
2026-06-13T21:31:43.962563+00:00 done function D377 round=1 result=true
2026-06-13T21:31:44.077064+00:00 done function D378 round=1 result=true
2026-06-13T21:31:44.198270+00:00 done function D379 round=1 result=true
2026-06-13T21:31:44.323106+00:00 done function D380 round=1 result=true
2026-06-13T21:31:44.441283+00:00 done function D381 round=1 result=true
2026-06-13T21:31:44.550920+00:00 done function D382 round=1 result=true
2026-06-13T21:31:44.662302+00:00 done function D383 round=1 result=true
2026-06-13T21:31:44.773477+00:00 done function D384 round=1 result=true
2026-06-13T21:31:44.877279+00:00 done function D385 round=1 result=true
2026-06-13T21:31:44.995439+00:00 done function D386 round=1 result=true
2026-06-13T21:31:45.108187+00:00 done function D387 round=1 result=true
2026-06-13T21:31:45.228825+00:00 done function D388 round=1 result=true
2026-06-13T21:31:45.340491+00:00 done function D389 round=1 result=true
2026-06-13T21:31:45.441402+00:00 done function D390 round=1 result=true
2026-06-13T21:31:45.555248+00:00 done function D391 round=1 result=true
2026-06-13T21:31:45.674635+00:00 done function D392 round=1 result=true
2026-06-13T21:31:45.795722+00:00 done function D393 round=1 result=true
2026-06-13T21:31:45.907165+00:00 done function D394 round=1 result=true
2026-06-13T21:31:46.029347+00:00 done function D395 round=1 result=true
2026-06-13T21:31:46.141467+00:00 done function D396 round=1 result=true
2026-06-13T21:31:46.262808+00:00 done function D397 round=1 result=true
2026-06-13T21:31:46.374347+00:00 done function D398 round=1 result=true
2026-06-13T21:31:46.496226+00:00 done function D399 round=1 result=true
2026-06-13T21:31:46.607435+00:00 done function D400 round=1 result=true
2026-06-13T21:31:46.719378+00:00 done function D401 round=1 result=true
2026-06-13T21:31:46.843796+00:00 done function D402 round=1 result=true
2026-06-13T21:31:46.963135+00:00 done function D403 round=1 result=true
2026-06-13T21:31:47.074652+00:00 done function D404 round=1 result=true
2026-06-13T21:31:47.196350+00:00 done function D405 round=1 result=true
2026-06-13T21:31:47.308187+00:00 done function D406 round=1 result=true
2026-06-13T21:31:47.418324+00:00 done function D407 round=1 result=true
2026-06-13T21:31:47.529383+00:00 done function D408 round=1 result=true
2026-06-13T21:31:47.640820+00:00 done function D409 round=1 result=true
2026-06-13T21:31:47.752126+00:00 done function D410 round=1 result=true
2026-06-13T21:31:47.862643+00:00 done function D411 round=1 result=true
2026-06-13T21:31:47.974786+00:00 done function D412 round=1 result=true
2026-06-13T21:31:48.086177+00:00 done function D413 round=1 result=true
2026-06-13T21:31:48.196646+00:00 done function D414 round=1 result=true
2026-06-13T21:31:48.307778+00:00 done function D415 round=1 result=true
2026-06-13T21:31:48.418082+00:00 done function D416 round=1 result=true
2026-06-13T21:31:48.529641+00:00 done function D417 round=1 result=true
2026-06-13T21:31:48.644854+00:00 done function D418 round=1 result=true
2026-06-13T21:31:48.763183+00:00 done function D419 round=1 result=true
2026-06-13T21:31:48.874733+00:00 done function D420 round=1 result=true
2026-06-13T21:31:48.985347+00:00 done function D421 round=1 result=true
2026-06-13T21:31:49.096256+00:00 done function D422 round=1 result=true
2026-06-13T21:31:49.208353+00:00 done function D423 round=1 result=true
2026-06-13T21:31:49.318553+00:00 done function D424 round=1 result=true
2026-06-13T21:31:49.429926+00:00 done function D463 round=1 result=true
2026-06-13T21:31:49.541336+00:00 done function D464 round=1 result=true
2026-06-13T21:31:49.657622+00:00 done function D465 round=1 result=true
2026-06-13T21:31:49.775516+00:00 done function D466 round=1 result=true
2026-06-13T21:31:49.897049+00:00 done function D467 round=1 result=true
2026-06-13T21:31:50.009270+00:00 done function D468 round=1 result=true
2026-06-13T21:31:50.130317+00:00 done function D469 round=1 result=true
2026-06-13T21:31:50.245899+00:00 done function D470 round=1 result=true
2026-06-13T21:31:50.363200+00:00 done case C-0001 round=1 result=true
2026-06-13T21:31:50.468784+00:00 done case C-0002 round=1 result=true
2026-06-13T21:31:50.573157+00:00 done case C-0003 round=1 result=true
2026-06-13T21:31:50.664245+00:00 done case C-0004 round=1 result=true
2026-06-13T21:31:50.774414+00:00 done case C-0005 round=1 result=true
2026-06-13T21:31:50.863564+00:00 done case C-0006 round=1 result=true
2026-06-13T21:31:50.964287+00:00 done case C-0007 round=1 result=true
2026-06-13T21:31:51.074053+00:00 done case C-0008 round=1 result=true
2026-06-13T21:31:51.174948+00:00 done case C-0009 round=1 result=true
2026-06-13T21:31:51.270971+00:00 done case C-0010 round=1 result=true
2026-06-13T21:31:51.363935+00:00 done case C-0011 round=1 result=true
2026-06-13T21:31:51.476476+00:00 done case C-0012 round=1 result=true
2026-06-13T21:31:51.575642+00:00 done case C-0013 round=1 result=true
2026-06-13T21:31:51.683504+00:00 done case C-0014 round=1 result=true
2026-06-13T21:31:51.786040+00:00 done case C-0015 round=1 result=true
2026-06-13T21:31:51.884032+00:00 done case C-0016 round=1 result=true
2026-06-13T21:31:51.985564+00:00 done case C-0017 round=1 result=true
2026-06-13T21:31:52.084280+00:00 done case C-0018 round=1 result=true
2026-06-13T21:31:52.185913+00:00 done case C-0019 round=1 result=true
2026-06-13T21:31:52.295150+00:00 done case C-0020 round=1 result=true
2026-06-13T21:31:52.396808+00:00 done case C-0021 round=1 result=true
2026-06-13T21:31:52.507661+00:00 done case C-0022 round=1 result=true
2026-06-13T21:31:52.608663+00:00 done case C-0023 round=1 result=true
2026-06-13T21:31:52.719191+00:00 done case C-0024 round=1 result=true
2026-06-13T21:31:52.809074+00:00 done case C-0025 round=1 result=true
2026-06-13T21:31:52.917190+00:00 done case C-0026 round=1 result=true
2026-06-13T21:31:53.020360+00:00 done case C-0027 round=1 result=true
2026-06-13T21:31:53.128575+00:00 done case C-0028 round=1 result=true
2026-06-13T21:31:53.230784+00:00 done case C-0029 round=1 result=true
2026-06-13T21:31:53.340959+00:00 done case C-0030 round=1 result=true
2026-06-13T21:31:53.430503+00:00 done case C-0031 round=1 result=true
2026-06-13T21:31:53.541002+00:00 done case C-0032 round=1 result=true
2026-06-13T21:31:53.642904+00:00 done case C-0033 round=1 result=true
2026-06-13T21:31:53.738636+00:00 done case C-0034 round=1 result=true
2026-06-13T21:31:53.831511+00:00 done case C-0035 round=1 result=true
2026-06-13T21:31:53.941501+00:00 done case C-0036 round=1 result=true
2026-06-13T21:31:54.041735+00:00 done case C-0037 round=1 result=true
2026-06-13T21:31:54.152420+00:00 done case C-0038 round=1 result=true
2026-06-13T21:31:54.254506+00:00 done case C-0039 round=1 result=true
2026-06-13T21:31:54.362110+00:00 done case C-0040 round=1 result=true
2026-06-13T21:31:54.465140+00:00 done case C-0041 round=1 result=true
2026-06-13T21:31:54.575088+00:00 done case C-0042 round=1 result=true
2026-06-13T21:31:54.676390+00:00 done case C-0043 round=1 result=true
2026-06-13T21:31:54.785273+00:00 done case C-0044 round=1 result=true
2026-06-13T21:31:54.887116+00:00 done case C-0045 round=1 result=true
2026-06-13T21:31:54.995484+00:00 done case C-0046 round=1 result=true
2026-06-13T21:31:55.097731+00:00 done case C-0047 round=1 result=true
2026-06-13T21:31:55.195688+00:00 done case C-0048 round=1 result=true
2026-06-13T21:31:55.309275+00:00 done case C-0049 round=1 result=true
2026-06-13T21:31:55.418085+00:00 done case C-0050 round=1 result=true
2026-06-13T21:31:55.520913+00:00 done case C-0051 round=1 result=true
2026-06-13T21:31:55.629958+00:00 done case C-0052 round=1 result=true
2026-06-13T21:31:55.732084+00:00 done case C-0053 round=1 result=true
2026-06-13T21:31:55.842342+00:00 done case C-0054 round=1 result=true
2026-06-13T21:31:55.942898+00:00 done case C-0055 round=1 result=true
2026-06-13T21:31:56.038344+00:00 done case C-0056 round=1 result=true
2026-06-13T21:31:56.151182+00:00 done case C-0057 round=1 result=true
2026-06-13T21:31:56.254398+00:00 done case C-0058 round=1 result=true
2026-06-13T21:31:56.362525+00:00 done case C-0059 round=1 result=true
2026-06-13T21:31:56.465382+00:00 done case C-0060 round=1 result=true
2026-06-13T21:31:56.573524+00:00 done case C-0061 round=1 result=true
2026-06-13T21:31:56.675961+00:00 done case C-0062 round=1 result=true
2026-06-13T21:31:56.773496+00:00 done case C-0063 round=1 result=true
2026-06-13T21:31:56.875526+00:00 done case C-0064 round=1 result=true
2026-06-13T21:31:56.984668+00:00 done case C-0065 round=1 result=true
2026-06-13T21:31:57.088419+00:00 done case C-0066 round=1 result=true
2026-06-13T21:31:57.196175+00:00 done case C-0067 round=1 result=true
2026-06-13T21:31:57.298509+00:00 done case C-0068 round=1 result=true
2026-06-13T21:31:57.408203+00:00 done case C-0069 round=1 result=true
2026-06-13T21:31:57.508934+00:00 done case C-0070 round=1 result=true
2026-06-13T21:31:57.618320+00:00 done case C-0071 round=1 result=true
2026-06-13T21:31:57.721065+00:00 done case C-0072 round=1 result=true
2026-06-13T21:31:57.816223+00:00 done case C-0073 round=1 result=true
2026-06-13T21:31:57.920991+00:00 done case C-0074 round=1 result=true
2026-06-13T21:31:58.029453+00:00 done case C-0075 round=1 result=true
2026-06-13T21:31:58.131459+00:00 done case C-0076 round=1 result=true
2026-06-13T21:31:58.240744+00:00 done case C-0077 round=1 result=true
2026-06-13T21:31:58.343500+00:00 done case C-0078 round=1 result=true
2026-06-13T21:31:58.440645+00:00 done case C-0079 round=1 result=true
2026-06-13T21:31:58.542901+00:00 done case C-0080 round=1 result=true
2026-06-13T21:31:58.641763+00:00 done case C-0081 round=1 result=true
2026-06-13T21:31:58.743573+00:00 done case C-0082 round=1 result=true
2026-06-13T21:31:58.852740+00:00 done case C-0083 round=1 result=true
2026-06-13T21:31:58.954812+00:00 done case C-0084 round=1 result=true
2026-06-13T21:31:59.064008+00:00 done case C-0085 round=1 result=true
2026-06-13T21:31:59.171144+00:00 done case C-0086 round=1 result=true
2026-06-13T21:31:59.286001+00:00 done case C-0087 round=1 result=true
2026-06-13T21:31:59.388948+00:00 done case C-0088 round=1 result=true
2026-06-13T21:31:59.507582+00:00 done case C-0089 round=1 result=true
2026-06-13T21:31:59.609819+00:00 done case C-0090 round=1 result=true
2026-06-13T21:31:59.719620+00:00 done case C-0091 round=1 result=true
2026-06-13T21:31:59.821298+00:00 done case C-0092 round=1 result=true
2026-06-13T21:31:59.930057+00:00 done case C-0093 round=1 result=true
2026-06-13T21:32:00.031915+00:00 done case C-0094 round=1 result=true
2026-06-13T21:32:00.127662+00:00 done case C-0095 round=1 result=true
2026-06-13T21:32:00.232023+00:00 done case C-0096 round=1 result=true
2026-06-13T21:32:00.341966+00:00 done case C-0097 round=1 result=true
2026-06-13T21:32:00.455119+00:00 done case C-0098 round=1 result=true
2026-06-13T21:32:00.575504+00:00 done case C-0099 round=1 result=true
2026-06-13T21:32:00.688607+00:00 done case C-0100 round=1 result=true
2026-06-13T21:32:00.808256+00:00 done case C-0101 round=1 result=true
2026-06-13T21:32:00.910754+00:00 done case C-0102 round=1 result=true
2026-06-13T21:32:01.019581+00:00 done case C-0103 round=1 result=true
2026-06-13T21:32:02.011626+00:00 done case C-0104 round=1 result=true
2026-06-13T21:32:02.130280+00:00 done case C-0105 round=1 result=true
2026-06-13T21:32:02.233052+00:00 done case C-0106 round=1 result=true
2026-06-13T21:32:02.342761+00:00 done case C-0107 round=1 result=true
2026-06-13T21:32:02.453429+00:00 done case C-0108 round=1 result=true
2026-06-13T21:32:02.566389+00:00 done case C-0109 round=1 result=true
2026-06-13T21:32:02.676782+00:00 done case C-0110 round=1 result=true
2026-06-13T21:32:02.788566+00:00 done case C-0111 round=1 result=true
2026-06-13T21:32:02.897840+00:00 done case C-0112 round=1 result=true
2026-06-13T21:32:03.879709+00:00 done case C-0113 round=1 result=true
2026-06-13T21:32:04.009118+00:00 done case C-0114 round=1 result=true
2026-06-13T21:32:04.110687+00:00 done case C-0115 round=1 result=true
2026-06-13T21:32:04.220125+00:00 done case C-0116 round=1 result=true
2026-06-13T21:32:04.322369+00:00 done case C-0117 round=1 result=true
2026-06-13T21:32:04.432914+00:00 done case C-0118 round=1 result=true
2026-06-13T21:32:04.553942+00:00 done case C-0119 round=1 result=true
2026-06-13T21:32:04.655476+00:00 done case C-0120 round=1 result=true
2026-06-13T21:32:04.763800+00:00 done case C-0121 round=1 result=true
2026-06-13T21:32:05.724245+00:00 done case C-0122 round=1 result=true
2026-06-13T21:32:05.831568+00:00 done case C-0123 round=1 result=true
2026-06-13T21:32:05.944596+00:00 done case C-0124 round=1 result=true
2026-06-13T21:32:06.054474+00:00 done case C-0125 round=1 result=true
2026-06-13T21:32:06.158121+00:00 done case C-0126 round=1 result=true
2026-06-13T21:32:06.276781+00:00 done case C-0127 round=1 result=true
2026-06-13T21:32:06.389768+00:00 done case C-0128 round=1 result=true
2026-06-13T21:32:06.497685+00:00 done case C-0129 round=1 result=true
2026-06-13T21:32:06.600079+00:00 done case C-0130 round=1 result=true
2026-06-13T21:32:06.708766+00:00 done case C-0131 round=1 result=true
2026-06-13T21:32:07.690180+00:00 done case C-0132 round=1 result=true
2026-06-13T21:32:07.809230+00:00 done case C-0133 round=1 result=true
2026-06-13T21:32:07.912210+00:00 done case C-0134 round=1 result=true
2026-06-13T21:32:08.021190+00:00 done case C-0135 round=1 result=true
2026-06-13T21:32:08.123231+00:00 done case C-0136 round=1 result=true
2026-06-13T21:32:08.231776+00:00 done case C-0137 round=1 result=true
2026-06-13T21:32:08.335324+00:00 done case C-0138 round=1 result=true
2026-06-13T21:32:08.456285+00:00 done case C-0139 round=1 result=true
2026-06-13T21:32:08.575970+00:00 done case C-0140 round=1 result=true
2026-06-13T21:32:09.537258+00:00 done case C-0141 round=1 result=true
2026-06-13T21:32:09.643073+00:00 done case C-0142 round=1 result=true
2026-06-13T21:32:09.745639+00:00 done case C-0143 round=1 result=true
2026-06-13T21:32:09.943814+00:00 done case C-0144 round=1 result=true
2026-06-13T21:32:10.063338+00:00 done case C-0145 round=1 result=true
2026-06-13T21:32:10.202089+00:00 done case C-0146 round=1 result=true
2026-06-13T21:32:10.331945+00:00 done case C-0147 round=1 result=true
2026-06-13T21:32:11.334457+00:00 done case C-0148 round=1 result=true
2026-06-13T21:32:11.466085+00:00 done case C-0149 round=1 result=true
2026-06-13T21:32:11.599535+00:00 done case C-0150 round=1 result=true
2026-06-13T21:32:11.732871+00:00 done case C-0151 round=1 result=true
2026-06-13T21:32:11.865680+00:00 done case C-0152 round=1 result=true
2026-06-13T21:32:12.001336+00:00 done case C-0153 round=1 result=true
2026-06-13T21:32:12.133270+00:00 done case C-0154 round=1 result=true
2026-06-13T21:32:12.267440+00:00 done case C-0155 round=1 result=true
2026-06-13T21:32:13.072462+00:00 done case C-0156 round=1 result=true
2026-06-13T21:32:13.199885+00:00 done case C-0157 round=1 result=true
2026-06-13T21:32:13.333305+00:00 done case C-0158 round=1 result=true
2026-06-13T21:32:13.466658+00:00 done case C-0159 round=1 result=true
2026-06-13T21:32:13.599601+00:00 done case C-0160 round=1 result=true
2026-06-13T21:32:13.733603+00:00 done case C-0161 round=1 result=true
2026-06-13T21:32:13.867326+00:00 done case C-0162 round=1 result=true
2026-06-13T21:32:14.910991+00:00 done case C-0163 round=1 result=true
2026-06-13T21:32:15.900013+00:00 done case C-0164 round=1 result=true
2026-06-13T21:32:16.034415+00:00 done case C-0165 round=1 result=true
2026-06-13T21:32:17.045995+00:00 done case C-0166 round=1 result=true
2026-06-13T21:32:18.044009+00:00 done case C-0167 round=1 result=true
2026-06-13T21:32:18.178528+00:00 done case C-0168 round=1 result=true
2026-06-13T21:32:19.188866+00:00 done case C-0169 round=1 result=true
2026-06-13T21:32:20.190125+00:00 done case C-0170 round=1 result=true
2026-06-13T21:32:20.323654+00:00 done case C-0171 round=1 result=true
2026-06-13T21:32:21.122836+00:00 done case C-0172 round=1 result=true
2026-06-13T21:32:22.147384+00:00 done case C-0173 round=1 result=true
2026-06-13T21:32:22.280168+00:00 done case C-0174 round=1 result=true
2026-06-13T21:32:22.411727+00:00 done case C-0175 round=1 result=true
2026-06-13T21:32:22.545160+00:00 done case C-0176 round=1 result=true
2026-06-13T21:32:22.680742+00:00 done case C-0177 round=1 result=true
2026-06-13T21:32:22.812584+00:00 done case C-0178 round=1 result=true
2026-06-13T21:32:22.956882+00:00 done case C-0179 round=1 result=true
2026-06-13T21:32:23.091044+00:00 done case C-0180 round=1 result=true
2026-06-13T21:32:24.068347+00:00 done case C-0181 round=1 result=true
2026-06-13T21:32:24.200728+00:00 done case C-0182 round=1 result=true
2026-06-13T21:32:24.334499+00:00 done case C-0183 round=1 result=true
2026-06-13T21:32:24.469044+00:00 done case C-0184 round=1 result=true
2026-06-13T21:32:24.602190+00:00 done case C-0185 round=1 result=true
2026-06-13T21:32:24.745556+00:00 done case C-0186 round=1 result=true
2026-06-13T21:32:24.879673+00:00 done case C-0187 round=1 result=true
2026-06-13T21:32:25.880111+00:00 done case C-0188 round=1 result=true
2026-06-13T21:32:26.013268+00:00 done case C-0189 round=1 result=true
2026-06-13T21:32:26.146549+00:00 done case C-0190 round=1 result=true
2026-06-13T21:32:26.279212+00:00 done case C-0191 round=1 result=true
2026-06-13T21:32:26.416372+00:00 done case C-0192 round=1 result=true
2026-06-13T21:32:26.546309+00:00 done case C-0193 round=1 result=true
2026-06-13T21:32:26.679755+00:00 done case C-0194 round=1 result=true
2026-06-13T21:32:27.669032+00:00 done case C-0195 round=1 result=true
2026-06-13T21:32:27.802029+00:00 done case C-0196 round=1 result=true
2026-06-13T21:32:27.935379+00:00 done case C-0197 round=1 result=true
2026-06-13T21:32:28.068755+00:00 done case C-0198 round=1 result=true
2026-06-13T21:32:28.201749+00:00 done case C-0199 round=1 result=true
2026-06-13T21:32:28.335154+00:00 done case C-0200 round=1 result=true
2026-06-13T21:32:28.469176+00:00 done case C-0201 round=1 result=true
2026-06-13T21:32:28.602794+00:00 done case C-0202 round=1 result=true
2026-06-13T21:32:29.601705+00:00 done case C-0203 round=1 result=true
2026-06-13T21:32:29.724666+00:00 done case C-0204 round=1 result=true
2026-06-13T21:32:29.859942+00:00 done case C-0205 round=1 result=true
2026-06-13T21:32:29.996582+00:00 done case C-0206 round=1 result=true
2026-06-13T21:32:30.134802+00:00 done case C-0207 round=1 result=true
2026-06-13T21:32:30.269144+00:00 done case C-0208 round=1 result=true
2026-06-13T21:32:30.404732+00:00 done case C-0209 round=1 result=true
2026-06-13T21:32:31.180512+00:00 done case C-0210 round=1 result=true
2026-06-13T21:32:31.313525+00:00 done case C-0211 round=1 result=true
2026-06-13T21:32:31.448007+00:00 done case C-0212 round=1 result=true
2026-06-13T21:32:31.582711+00:00 done case C-0213 round=1 result=true
2026-06-13T21:32:31.714091+00:00 done case C-0214 round=1 result=true
2026-06-13T21:32:31.846617+00:00 done case C-0215 round=1 result=true
2026-06-13T21:32:31.969268+00:00 done case C-0216 round=1 result=true
2026-06-13T21:32:32.091828+00:00 done case C-0217 round=1 result=true
2026-06-13T21:32:33.126171+00:00 done case C-0218 round=1 result=true
2026-06-13T21:32:34.092447+00:00 done case C-0219 round=1 result=true
2026-06-13T21:32:34.215314+00:00 done case C-0220 round=1 result=true
2026-06-13T21:32:35.215495+00:00 done case C-0221 round=1 result=true
2026-06-13T21:32:36.180665+00:00 done case C-0222 round=1 result=true
2026-06-13T21:32:36.302614+00:00 done case C-0223 round=1 result=true
2026-06-13T21:32:37.292953+00:00 done case C-0224 round=1 result=true
2026-06-13T21:32:38.026004+00:00 done case C-0225 round=1 result=true
2026-06-13T21:32:38.147285+00:00 done case C-0226 round=1 result=true
2026-06-13T21:32:39.170442+00:00 done case C-0227 round=1 result=true
2026-06-13T21:32:39.292250+00:00 done case C-0228 round=1 result=true
2026-06-13T21:32:39.415336+00:00 done case C-0229 round=1 result=true
2026-06-13T21:32:39.540864+00:00 done case C-0230 round=1 result=true
2026-06-13T21:32:39.659078+00:00 done case C-0231 round=1 result=true
2026-06-13T21:32:39.781471+00:00 done case C-0232 round=1 result=true
2026-06-13T21:32:39.904533+00:00 done case C-0233 round=1 result=true
2026-06-13T21:32:40.026129+00:00 done case C-0234 round=1 result=true
2026-06-13T21:32:41.017282+00:00 done case C-0235 round=1 result=true
2026-06-13T21:32:41.147889+00:00 done case C-0236 round=1 result=true
2026-06-13T21:32:41.269973+00:00 done case C-0237 round=1 result=true
2026-06-13T21:32:41.381101+00:00 done case C-0238 round=1 result=true
2026-06-13T21:32:41.504441+00:00 done case C-0239 round=1 result=true
2026-06-13T21:32:41.627072+00:00 done case C-0240 round=1 result=true
2026-06-13T21:32:41.748917+00:00 done case C-0241 round=1 result=true
2026-06-13T21:32:41.870903+00:00 done case C-0242 round=1 result=true
2026-06-13T21:32:41.993332+00:00 done case C-0243 round=1 result=true
2026-06-13T21:32:42.981401+00:00 done case C-0244 round=1 result=true
2026-06-13T21:32:43.093063+00:00 done case C-0245 round=1 result=true
2026-06-13T21:32:44.095447+00:00 done case C-0246 round=1 result=true
2026-06-13T21:32:45.095398+00:00 done case C-0247 round=1 result=true
2026-06-13T21:32:45.218016+00:00 done case C-0248 round=1 result=true
2026-06-13T21:32:46.204387+00:00 done case C-0249 round=1 result=true
2026-06-13T21:32:47.212734+00:00 done case C-0250 round=1 result=true
2026-06-13T21:32:47.326401+00:00 done case C-0251 round=1 result=true
2026-06-13T21:32:48.294507+00:00 done case C-0252 round=1 result=true
2026-06-13T21:32:49.278863+00:00 done case C-0253 round=1 result=true
2026-06-13T21:32:50.250540+00:00 done case C-0254 round=1 result=true
2026-06-13T21:32:50.373269+00:00 done case C-0255 round=1 result=true
2026-06-13T21:32:51.383242+00:00 done case C-0256 round=1 result=true
2026-06-13T21:32:52.383318+00:00 done case C-0257 round=1 result=true
2026-06-13T21:32:53.385808+00:00 done case C-0258 round=1 result=true
2026-06-13T21:32:54.383239+00:00 done case C-0259 round=1 result=true
2026-06-13T21:32:55.389225+00:00 done case C-0260 round=1 result=true
2026-06-13T21:32:56.383120+00:00 done case C-0261 round=1 result=true
2026-06-13T21:32:57.372691+00:00 done case C-0262 round=1 result=true
2026-06-13T21:32:58.142367+00:00 done case C-0263 round=1 result=true
2026-06-13T21:32:58.293799+00:00 done case C-0264 round=1 result=true
2026-06-13T21:32:58.405424+00:00 done case C-0265 round=1 result=true
2026-06-13T21:32:58.530911+00:00 done case C-0266 round=1 result=true
2026-06-13T21:32:58.656466+00:00 done case C-0267 round=1 result=true
2026-06-13T21:32:58.772725+00:00 done case C-0268 round=1 result=true
2026-06-13T21:32:58.893866+00:00 done case C-0269 round=1 result=true
2026-06-13T21:32:59.005218+00:00 done case C-0270 round=1 result=true
2026-06-13T21:32:59.127612+00:00 done case C-0271 round=1 result=true
2026-06-13T21:32:59.239790+00:00 done case C-0272 round=1 result=true
2026-06-13T21:32:59.363894+00:00 done case C-0273 round=1 result=true
2026-06-13T21:32:59.484575+00:00 done case C-0274 round=1 result=true
2026-06-13T21:32:59.607903+00:00 done case C-0275 round=1 result=true
2026-06-13T21:32:59.731454+00:00 done case C-0276 round=1 result=true
2026-06-13T21:32:59.851575+00:00 done case C-0277 round=1 result=true
2026-06-13T21:32:59.974397+00:00 done case C-0278 round=1 result=true
2026-06-13T21:33:00.105473+00:00 done case C-0279 round=1 result=true
2026-06-13T21:33:00.230070+00:00 done case C-0280 round=1 result=true
2026-06-13T21:33:00.350289+00:00 done case C-0281 round=1 result=true
2026-06-13T21:33:00.473522+00:00 done case C-0282 round=1 result=true
2026-06-13T21:33:00.593989+00:00 done case C-0283 round=1 result=true
2026-06-13T21:33:00.706209+00:00 done case C-0284 round=1 result=true
2026-06-13T21:33:00.827765+00:00 done case C-0285 round=1 result=true
2026-06-13T21:33:00.939519+00:00 done case C-0286 round=1 result=true
2026-06-13T21:33:01.060728+00:00 done case C-0287 round=1 result=true
2026-06-13T21:33:02.073956+00:00 done case C-0288 round=1 result=true
2026-06-13T21:33:02.194670+00:00 done case C-0289 round=1 result=true
2026-06-13T21:33:02.307727+00:00 done case C-0290 round=1 result=true
2026-06-13T21:33:02.427956+00:00 done case C-0291 round=1 result=true
2026-06-13T21:33:02.550128+00:00 done case C-0292 round=1 result=true
2026-06-13T21:33:02.672957+00:00 done case C-0293 round=1 result=true
2026-06-13T21:33:02.795939+00:00 done case C-0294 round=1 result=true
2026-06-13T21:33:02.917873+00:00 done case C-0295 round=1 result=true
2026-06-13T21:33:03.920200+00:00 done case C-0296 round=1 result=true
2026-06-13T21:33:04.040527+00:00 done case C-0297 round=1 result=true
2026-06-13T21:33:04.165030+00:00 done case C-0298 round=1 result=true
2026-06-13T21:33:04.295667+00:00 done case C-0299 round=1 result=true
2026-06-13T21:33:04.407398+00:00 done case C-0300 round=1 result=true
2026-06-13T21:33:04.530510+00:00 done case C-0301 round=1 result=true
2026-06-13T21:33:04.652991+00:00 done case C-0302 round=1 result=true
2026-06-13T21:33:04.776116+00:00 done case C-0303 round=1 result=true
2026-06-13T21:33:05.765467+00:00 done case C-0304 round=1 result=true
2026-06-13T21:33:05.896516+00:00 done case C-0305 round=1 result=true
2026-06-13T21:33:06.008148+00:00 done case C-0306 round=1 result=true
2026-06-13T21:33:06.128305+00:00 done case C-0307 round=1 result=true
2026-06-13T21:33:06.242385+00:00 done case C-0308 round=1 result=true
2026-06-13T21:33:06.363367+00:00 done case C-0309 round=1 result=true
2026-06-13T21:33:06.484328+00:00 done case C-0310 round=1 result=true
2026-06-13T21:33:06.611768+00:00 done case C-0311 round=1 result=true
2026-06-13T21:33:07.609253+00:00 done case C-0312 round=1 result=true
2026-06-13T21:33:07.729585+00:00 done case C-0313 round=1 result=true
2026-06-13T21:33:07.852559+00:00 done case C-0314 round=1 result=true
2026-06-13T21:33:07.972687+00:00 done case C-0315 round=1 result=true
2026-06-13T21:33:08.084943+00:00 done case C-0316 round=1 result=true
2026-06-13T21:33:08.195063+00:00 done case C-0317 round=1 result=true
2026-06-13T21:33:08.306046+00:00 done case C-0318 round=1 result=true
2026-06-13T21:33:08.430688+00:00 done case C-0319 round=1 result=true
2026-06-13T21:33:09.451899+00:00 done case C-0320 round=1 result=true
2026-06-13T21:33:09.562265+00:00 done case C-0321 round=1 result=true
2026-06-13T21:33:09.675230+00:00 done case C-0322 round=1 result=true
2026-06-13T21:33:09.798153+00:00 done case C-0323 round=1 result=true
2026-06-13T21:33:09.934001+00:00 done case C-0324 round=1 result=true
2026-06-13T21:33:10.076715+00:00 done case C-0325 round=1 result=true
2026-06-13T21:33:10.208622+00:00 done case C-0326 round=1 result=true
2026-06-13T21:33:10.339533+00:00 done case C-0327 round=1 result=true
2026-06-13T21:33:11.332558+00:00 done case C-0328 round=1 result=true
2026-06-13T21:33:11.464799+00:00 done case C-0329 round=1 result=true
2026-06-13T21:33:11.595836+00:00 done case C-0330 round=1 result=true
2026-06-13T21:33:11.730021+00:00 done case C-0331 round=1 result=true
2026-06-13T21:33:11.862323+00:00 done case C-0332 round=1 result=true
2026-06-13T21:33:11.986711+00:00 done case C-0333 round=1 result=true
2026-06-13T21:33:12.118391+00:00 done case C-0334 round=1 result=true
2026-06-13T21:33:12.239878+00:00 done case C-0335 round=1 result=true
2026-06-13T21:33:13.240887+00:00 done case C-0336 round=1 result=true
2026-06-13T21:33:13.365393+00:00 done case C-0337 round=1 result=true
2026-06-13T21:33:13.511153+00:00 done case C-0338 round=1 result=true
2026-06-13T21:33:13.652946+00:00 done case C-0339 round=1 result=true
2026-06-13T21:33:13.784968+00:00 done case C-0340 round=1 result=true
2026-06-13T21:33:13.906007+00:00 done case C-0341 round=1 result=true
2026-06-13T21:33:14.029842+00:00 done case C-0342 round=1 result=true
2026-06-13T21:33:15.009796+00:00 done case C-0343 round=1 result=true
2026-06-13T21:33:15.140357+00:00 done case C-0344 round=1 result=true
2026-06-13T21:33:15.278787+00:00 done case C-0345 round=1 result=true
2026-06-13T21:33:15.409628+00:00 done case C-0346 round=1 result=true
2026-06-13T21:33:15.562121+00:00 done case C-0347 round=1 result=true
2026-06-13T21:33:15.696189+00:00 done case C-0348 round=1 result=true
2026-06-13T21:33:15.830198+00:00 done case C-0349 round=1 result=true
2026-06-13T21:33:15.963230+00:00 done case C-0350 round=1 result=true
2026-06-13T21:33:16.974373+00:00 done case C-0351 round=1 result=true
2026-06-13T21:33:17.122906+00:00 done case C-0352 round=1 result=true
2026-06-13T21:33:17.263486+00:00 done case C-0353 round=1 result=true
2026-06-13T21:33:17.397937+00:00 done case C-0354 round=1 result=true
2026-06-13T21:33:17.540357+00:00 done case C-0355 round=1 result=true
2026-06-13T21:33:17.673782+00:00 done case C-0356 round=1 result=true
2026-06-13T21:33:17.807649+00:00 done case C-0357 round=1 result=true
2026-06-13T21:33:18.821696+00:00 done case C-0358 round=1 result=true
2026-06-13T21:33:18.963265+00:00 done case C-0359 round=1 result=true
2026-06-13T21:33:19.099436+00:00 done case C-0360 round=1 result=true
2026-06-13T21:33:19.244018+00:00 done case C-0361 round=1 result=true
2026-06-13T21:33:19.384692+00:00 done case C-0362 round=1 result=true
2026-06-13T21:33:19.531538+00:00 done case C-0363 round=1 result=true
2026-06-13T21:33:19.665101+00:00 done case C-0364 round=1 result=true
2026-06-13T21:33:20.697444+00:00 done case C-0365 round=1 result=true
2026-06-13T21:33:20.840922+00:00 done case C-0366 round=1 result=true
2026-06-13T21:33:20.977768+00:00 done case C-0367 round=1 result=true
2026-06-13T21:33:21.122843+00:00 done case C-0368 round=1 result=true
2026-06-13T21:33:21.254666+00:00 done case C-0369 round=1 result=true
2026-06-13T21:33:21.374244+00:00 done case C-0370 round=1 result=true
2026-06-13T21:33:21.496510+00:00 done case C-0371 round=1 result=true
2026-06-13T21:33:22.488474+00:00 done case C-0372 round=1 result=true
2026-06-13T21:33:22.609774+00:00 done case C-0373 round=1 result=true
2026-06-13T21:33:22.749174+00:00 done case C-0374 round=1 result=true
2026-06-13T21:33:22.888161+00:00 done case C-0375 round=1 result=true
2026-06-13T21:33:23.021330+00:00 done case C-0376 round=1 result=true
2026-06-13T21:33:23.152491+00:00 done case C-0377 round=1 result=true
2026-06-13T21:33:23.287619+00:00 done case C-0378 round=1 result=true
2026-06-13T21:33:24.288994+00:00 done case C-0379 round=1 result=true
2026-06-13T21:33:24.418071+00:00 done case C-0380 round=1 result=true
2026-06-13T21:33:24.541621+00:00 done case C-0381 round=1 result=true
2026-06-13T21:33:24.663495+00:00 done case C-0382 round=1 result=true
2026-06-13T21:33:24.786901+00:00 done case C-0383 round=1 result=true
2026-06-13T21:33:24.907267+00:00 done case C-0384 round=1 result=true
2026-06-13T21:33:25.041757+00:00 done case C-0385 round=1 result=true
2026-06-13T21:33:25.170200+00:00 done case C-0386 round=1 result=true
2026-06-13T21:33:26.163960+00:00 done case C-0387 round=1 result=true
2026-06-13T21:33:26.286688+00:00 done case C-0388 round=1 result=true
2026-06-13T21:33:26.407810+00:00 done case C-0389 round=1 result=true
2026-06-13T21:33:26.529888+00:00 done case C-0390 round=1 result=true
2026-06-13T21:33:26.652087+00:00 done case C-0391 round=1 result=true
2026-06-13T21:33:26.786756+00:00 done case C-0392 round=1 result=true
2026-06-13T21:33:26.910689+00:00 done case C-0393 round=1 result=true
2026-06-13T21:33:27.040844+00:00 done case C-0394 round=1 result=true
2026-06-13T21:33:28.030590+00:00 done case C-0395 round=1 result=true
2026-06-13T21:33:28.153420+00:00 done case C-0396 round=1 result=true
2026-06-13T21:33:28.290093+00:00 done case C-0397 round=1 result=true
2026-06-13T21:33:28.418922+00:00 done case C-0398 round=1 result=true
2026-06-13T21:33:28.563521+00:00 done case C-0399 round=1 result=true
2026-06-13T21:33:28.685096+00:00 done case C-0400 round=1 result=true
2026-06-13T21:33:28.808095+00:00 done case C-0401 round=1 result=true
2026-06-13T21:33:28.940830+00:00 done case C-0402 round=1 result=true
2026-06-13T21:33:29.930297+00:00 done case C-0403 round=1 result=true
2026-06-13T21:33:30.052177+00:00 done case C-0404 round=1 result=true
2026-06-13T21:33:30.189207+00:00 done case C-0405 round=1 result=true
2026-06-13T21:33:30.322660+00:00 done case C-0406 round=1 result=true
2026-06-13T21:33:30.456956+00:00 done case C-0407 round=1 result=true
2026-06-13T21:33:30.585396+00:00 done case C-0408 round=1 result=true
2026-06-13T21:33:30.714660+00:00 done case C-0409 round=1 result=true
2026-06-13T21:33:30.842885+00:00 done case C-0410 round=1 result=true
2026-06-13T21:33:31.842318+00:00 done case C-0411 round=1 result=true
2026-06-13T21:33:31.986192+00:00 done case C-0412 round=1 result=true
2026-06-13T21:33:32.108082+00:00 done case C-0413 round=1 result=true
2026-06-13T21:33:32.257780+00:00 done case C-0414 round=1 result=true
2026-06-13T21:33:32.385358+00:00 done case C-0415 round=1 result=true
2026-06-13T21:33:32.514385+00:00 done case C-0416 round=1 result=true
2026-06-13T21:33:32.645723+00:00 done case C-0417 round=1 result=true
2026-06-13T21:33:33.442538+00:00 done case C-0418 round=1 result=true
2026-06-13T21:33:33.602586+00:00 done case C-0419 round=1 result=true
2026-06-13T21:33:33.730252+00:00 done case C-0420 round=1 result=true
2026-06-13T21:33:33.854004+00:00 done case C-0421 round=1 result=true
2026-06-13T21:33:33.980366+00:00 done case C-0422 round=1 result=true
2026-06-13T21:33:34.114131+00:00 done case C-0423 round=1 result=true
2026-06-13T21:33:34.242417+00:00 done case C-0424 round=1 result=true
2026-06-13T21:33:34.386529+00:00 done case C-0425 round=1 result=true
2026-06-13T21:33:43.217693+00:00 done case C-0426 round=1 result=true
2026-06-13T21:33:50.944712+00:00 done case C-0427 round=1 result=true
2026-06-13T21:33:51.065595+00:00 done case C-0428 round=1 result=true
2026-06-13T21:33:52.065856+00:00 done case C-0429 round=1 result=true
2026-06-13T21:33:52.744794+00:00 done case C-0430 round=1 result=true
2026-06-13T21:33:52.871222+00:00 done case C-0431 round=1 result=true
2026-06-13T21:33:53.910623+00:00 done case C-0432 round=1 result=true
2026-06-13T21:33:54.031243+00:00 done case C-0433 round=1 result=true
2026-06-13T21:33:54.154464+00:00 done case C-0434 round=1 result=true
2026-06-13T21:33:54.275787+00:00 done case C-0435 round=1 result=true
2026-06-13T21:33:54.399038+00:00 done case C-0436 round=1 result=true
2026-06-13T21:33:54.521316+00:00 done case C-0437 round=1 result=true
2026-06-13T21:33:54.642723+00:00 done case C-0438 round=1 result=true
2026-06-13T21:33:54.776268+00:00 done case C-0439 round=1 result=true
2026-06-13T21:33:55.765410+00:00 done case C-0440 round=1 result=true
2026-06-13T21:33:55.887999+00:00 done case C-0441 round=1 result=true
2026-06-13T21:33:56.010570+00:00 done case C-0442 round=1 result=true
2026-06-13T21:33:56.132204+00:00 done case C-0443 round=1 result=true
2026-06-13T21:33:56.255004+00:00 done case C-0444 round=1 result=true
2026-06-13T21:33:56.377063+00:00 done case C-0445 round=1 result=true
2026-06-13T21:33:56.501863+00:00 done case C-0446 round=1 result=true
2026-06-13T21:33:56.639233+00:00 done case C-0447 round=1 result=true
2026-06-13T21:33:57.636193+00:00 done case C-0448 round=1 result=true
2026-06-13T21:33:57.765484+00:00 done case C-0449 round=1 result=true
2026-06-13T21:33:57.887899+00:00 done case C-0450 round=1 result=true
2026-06-13T21:33:58.012585+00:00 done case C-0451 round=1 result=true
2026-06-13T21:33:58.144579+00:00 done case C-0452 round=1 result=true
2026-06-13T21:33:58.269079+00:00 done case C-0453 round=1 result=true
2026-06-13T21:33:58.399683+00:00 done case C-0454 round=1 result=true
2026-06-13T21:33:58.523856+00:00 done case C-0455 round=1 result=true
2026-06-13T21:33:59.502289+00:00 done case C-0456 round=1 result=true
2026-06-13T21:33:59.639790+00:00 done case C-0457 round=1 result=true
2026-06-13T21:33:59.773593+00:00 done case C-0458 round=1 result=true
2026-06-13T21:33:59.910390+00:00 done case C-0459 round=1 result=true
2026-06-13T21:34:00.031506+00:00 done case C-0460 round=1 result=true
2026-06-13T21:34:00.164597+00:00 done case C-0461 round=1 result=true
2026-06-13T21:34:00.288760+00:00 done case C-0462 round=1 result=true
2026-06-13T21:34:01.256983+00:00 done case C-0463 round=1 result=true
2026-06-13T21:34:01.381063+00:00 done case C-0464 round=1 result=true
2026-06-13T21:34:01.513802+00:00 done case C-0465 round=1 result=true
2026-06-13T21:34:01.646135+00:00 done case C-0466 round=1 result=true
2026-06-13T21:34:01.765052+00:00 done case C-0467 round=1 result=true
2026-06-13T21:34:01.889466+00:00 done case C-0468 round=1 result=true
2026-06-13T21:34:02.013916+00:00 done case C-0469 round=1 result=true
2026-06-13T21:34:02.147817+00:00 done case C-0470 round=1 result=true
2026-06-13T21:34:02.900542+00:00 done case C-0471 round=1 result=true
2026-06-13T21:34:03.033161+00:00 done case C-0472 round=1 result=true
2026-06-13T21:34:03.154694+00:00 done case C-0473 round=1 result=true
2026-06-13T21:34:03.278265+00:00 done case C-0474 round=1 result=true
2026-06-13T21:34:03.409668+00:00 done case C-0475 round=1 result=true
2026-06-13T21:34:03.543406+00:00 done case C-0476 round=1 result=true
2026-06-13T21:34:03.667671+00:00 done case C-0477 round=1 result=true
2026-06-13T21:34:03.800790+00:00 done case C-0478 round=1 result=true
2026-06-13T21:34:04.846328+00:00 done case C-0479 round=1 result=true
2026-06-13T21:34:04.965330+00:00 done case C-0480 round=1 result=true
2026-06-13T21:34:05.094558+00:00 done case C-0481 round=1 result=true
2026-06-13T21:34:05.221745+00:00 done case C-0482 round=1 result=true
2026-06-13T21:34:05.347860+00:00 done case C-0483 round=1 result=true
2026-06-13T21:34:05.478931+00:00 done case C-0484 round=1 result=true
2026-06-13T21:34:05.609773+00:00 done case C-0485 round=1 result=true
2026-06-13T21:34:06.577311+00:00 done case C-0486 round=1 result=true
2026-06-13T21:34:06.718235+00:00 done case C-0487 round=1 result=true
2026-06-13T21:34:06.881857+00:00 done case C-0488 round=1 result=true
2026-06-13T21:34:07.011875+00:00 done case C-0489 round=1 result=true
2026-06-13T21:34:07.137663+00:00 done case C-0490 round=1 result=true
2026-06-13T21:34:07.270074+00:00 done case C-0491 round=1 result=true
2026-06-13T21:34:07.404979+00:00 done case C-0492 round=1 result=true
2026-06-13T21:34:07.532480+00:00 done case C-0493 round=1 result=true
2026-06-13T21:34:08.523401+00:00 done case C-0494 round=1 result=true
2026-06-13T21:34:08.643331+00:00 done case C-0495 round=1 result=true
2026-06-13T21:34:08.770950+00:00 done case C-0496 round=1 result=true
2026-06-13T21:34:08.902911+00:00 done case C-0497 round=1 result=true
2026-06-13T21:34:09.075277+00:00 done case C-0498 round=1 result=true
2026-06-13T21:34:09.214202+00:00 done case C-0499 round=1 result=true
2026-06-13T21:34:09.345593+00:00 done case C-0500 round=1 result=true
2026-06-13T21:34:10.312069+00:00 done case C-0501 round=1 result=true
2026-06-13T21:34:10.434773+00:00 done case C-0502 round=1 result=true
2026-06-13T21:34:10.554844+00:00 done case C-0503 round=1 result=true
2026-06-13T21:34:10.681114+00:00 done case C-0504 round=1 result=true
2026-06-13T21:34:10.818267+00:00 done case C-0505 round=1 result=true
2026-06-13T21:34:10.944799+00:00 done case C-0506 round=1 result=true
2026-06-13T21:34:11.069477+00:00 done case C-0507 round=1 result=true
2026-06-13T21:34:11.208567+00:00 done case C-0508 round=1 result=true
2026-06-13T21:34:12.218010+00:00 done case C-0509 round=1 result=true
2026-06-13T21:34:12.345319+00:00 done case C-0510 round=1 result=true
2026-06-13T21:34:12.469040+00:00 done case C-0511 round=1 result=true
2026-06-13T21:34:12.604536+00:00 done case C-0512 round=1 result=true
2026-06-13T21:34:12.734911+00:00 done case C-0513 round=1 result=true
2026-06-13T21:34:12.873314+00:00 done case C-0514 round=1 result=true
2026-06-13T21:34:13.001006+00:00 done case C-0515 round=1 result=true
2026-06-13T21:34:13.127198+00:00 done case C-0516 round=1 result=true
2026-06-13T21:34:13.889226+00:00 done case C-0517 round=1 result=true
2026-06-13T21:34:14.019689+00:00 done case C-0518 round=1 result=true
2026-06-13T21:34:14.166193+00:00 done case C-0519 round=1 result=true
2026-06-13T21:34:14.287688+00:00 done case C-0520 round=1 result=true
2026-06-13T21:34:14.420817+00:00 done case C-0521 round=1 result=true
2026-06-13T21:34:14.548813+00:00 done case C-0522 round=1 result=true
2026-06-13T21:34:14.679248+00:00 done case C-0523 round=1 result=true
2026-06-13T21:34:15.719199+00:00 done case C-0524 round=1 result=true
2026-06-13T21:34:15.859498+00:00 done case C-0525 round=1 result=true
2026-06-13T21:34:15.993783+00:00 done case C-0526 round=1 result=true
2026-06-13T21:34:16.125937+00:00 done case C-0527 round=1 result=true
2026-06-13T21:34:16.243391+00:00 done case C-0528 round=1 result=true
2026-06-13T21:34:16.371468+00:00 done case C-0529 round=1 result=true
2026-06-13T21:34:16.503744+00:00 done case C-0530 round=1 result=true
2026-06-13T21:34:16.633386+00:00 done case C-0531 round=1 result=true
2026-06-13T21:34:17.622142+00:00 done case C-0532 round=1 result=true
2026-06-13T21:34:17.744530+00:00 done case C-0533 round=1 result=true
2026-06-13T21:34:17.869772+00:00 done case C-0534 round=1 result=true
2026-06-13T21:34:17.990584+00:00 done case C-0535 round=1 result=true
2026-06-13T21:34:18.124700+00:00 done case C-0536 round=1 result=true
2026-06-13T21:34:18.248037+00:00 done case C-0537 round=1 result=true
2026-06-13T21:34:18.367126+00:00 done case C-0538 round=1 result=true
2026-06-13T21:34:18.503083+00:00 done case C-0539 round=1 result=true
2026-06-13T21:34:19.489521+00:00 done case C-0540 round=1 result=true
2026-06-13T21:34:19.616620+00:00 done case C-0541 round=1 result=true
2026-06-13T21:34:19.746140+00:00 done case C-0542 round=1 result=true
2026-06-13T21:34:19.866357+00:00 done case C-0543 round=1 result=true
2026-06-13T21:34:19.987839+00:00 done case C-0544 round=1 result=true
2026-06-13T21:34:20.114312+00:00 done case C-0545 round=1 result=true
2026-06-13T21:34:20.230830+00:00 done case C-0546 round=1 result=true
2026-06-13T21:34:20.355643+00:00 done case C-0547 round=1 result=true
2026-06-13T21:34:21.357667+00:00 done case C-0548 round=1 result=true
2026-06-13T21:34:21.484314+00:00 done case C-0549 round=1 result=true
2026-06-13T21:34:21.613178+00:00 done case C-0550 round=1 result=true
2026-06-13T21:34:21.739287+00:00 done case C-0551 round=1 result=true
2026-06-13T21:34:21.875317+00:00 done case C-0552 round=1 result=true
2026-06-13T21:34:22.005636+00:00 done case C-0553 round=1 result=true
2026-06-13T21:34:22.136495+00:00 done case C-0554 round=1 result=true
2026-06-13T21:34:23.144028+00:00 done case C-0555 round=1 result=true
2026-06-13T21:34:23.278595+00:00 done case C-0556 round=1 result=true
2026-06-13T21:34:24.293296+00:00 done case C-0557 round=1 result=true
2026-06-13T21:34:25.302502+00:00 done case C-0558 round=1 result=true
2026-06-13T21:34:26.336053+00:00 done case C-0559 round=1 result=true
2026-06-13T21:34:27.332927+00:00 done case C-0560 round=1 result=true
2026-06-13T21:34:27.470024+00:00 done case C-0561 round=1 result=true
2026-06-13T21:34:28.485595+00:00 done case C-0562 round=1 result=true
2026-06-13T21:34:29.306292+00:00 done case C-0563 round=1 result=true
2026-06-13T21:34:29.479630+00:00 done case C-0564 round=1 result=true
2026-06-13T21:34:29.627181+00:00 done case C-0565 round=1 result=true
2026-06-13T21:34:29.770472+00:00 done case C-0566 round=1 result=true
2026-06-13T21:34:29.902210+00:00 done case C-0567 round=1 result=true
2026-06-13T21:34:30.036053+00:00 done case C-0568 round=1 result=true
2026-06-13T21:34:30.179587+00:00 done case C-0569 round=1 result=true
2026-06-13T21:34:30.316444+00:00 done case C-0570 round=1 result=true
2026-06-13T21:34:30.450886+00:00 done case C-0571 round=1 result=true
2026-06-13T21:34:30.592979+00:00 done case C-0572 round=1 result=true
2026-06-13T21:34:30.738340+00:00 done case C-0573 round=1 result=true
2026-06-13T21:34:30.880024+00:00 done case C-0574 round=1 result=true
2026-06-13T21:34:31.016062+00:00 done case C-0575 round=1 result=true
2026-06-13T21:34:31.155085+00:00 done case C-0576 round=1 result=true
2026-06-13T21:34:31.289813+00:00 done case C-0577 round=1 result=true
2026-06-13T21:34:31.424718+00:00 done case C-0578 round=1 result=true
2026-06-13T21:34:31.542308+00:00 done function A1 round=2 result=true
2026-06-13T21:34:31.655897+00:00 done function A2 round=2 result=true
2026-06-13T21:34:31.769368+00:00 done function A3 round=2 result=true
2026-06-13T21:34:31.879620+00:00 done function A4 round=2 result=true
2026-06-13T21:34:32.003359+00:00 done function A5 round=2 result=true
2026-06-13T21:34:32.124441+00:00 done function A6 round=2 result=true
2026-06-13T21:34:32.246089+00:00 done function A7 round=2 result=true
2026-06-13T21:34:32.371604+00:00 done function A8 round=2 result=true
2026-06-13T21:34:32.494625+00:00 done function A9 round=2 result=true
2026-06-13T21:34:32.635524+00:00 done function T1 round=2 result=true
2026-06-13T21:34:32.759799+00:00 done function T2 round=2 result=true
2026-06-13T21:34:32.891774+00:00 done function T3 round=2 result=true
2026-06-13T21:34:33.016271+00:00 done function T4 round=2 result=true
2026-06-13T21:34:33.146537+00:00 done function T5 round=2 result=true
2026-06-13T21:34:33.280253+00:00 done function T6 round=2 result=true
2026-06-13T21:34:33.403171+00:00 done function T7 round=2 result=true
2026-06-13T21:34:33.524864+00:00 done function T8 round=2 result=true
2026-06-13T21:34:33.646638+00:00 done function T9 round=2 result=true
2026-06-13T21:34:33.769009+00:00 done function T10 round=2 result=true
2026-06-13T21:34:33.891978+00:00 done function T11 round=2 result=true
2026-06-13T21:34:34.029804+00:00 done function T12 round=2 result=true
2026-06-13T21:34:34.174369+00:00 done function T13 round=2 result=true
2026-06-13T21:34:34.302602+00:00 done function T14 round=2 result=true
2026-06-13T21:34:34.436898+00:00 done function T15 round=2 result=true
2026-06-13T21:34:34.579637+00:00 done function T16 round=2 result=true
2026-06-13T21:34:34.714086+00:00 done function T17 round=2 result=true
2026-06-13T21:34:34.847450+00:00 done function T18 round=2 result=true
2026-06-13T21:34:34.980588+00:00 done function T19 round=2 result=true
2026-06-13T21:34:35.113667+00:00 done function T20 round=2 result=true
2026-06-13T21:34:35.246601+00:00 done function T21 round=2 result=true
2026-06-13T21:34:35.380201+00:00 done function T22 round=2 result=true
2026-06-13T21:34:35.514489+00:00 done function T23 round=2 result=true
2026-06-13T21:34:35.647873+00:00 done function T24 round=2 result=true
2026-06-13T21:34:35.780364+00:00 done function T25 round=2 result=true
2026-06-13T21:34:35.913593+00:00 done function T26 round=2 result=true
2026-06-13T21:34:36.046969+00:00 done function T27 round=2 result=true
2026-06-13T21:34:36.180113+00:00 done function T28 round=2 result=true
2026-06-13T21:34:36.313231+00:00 done function T29 round=2 result=true
2026-06-13T21:34:36.446395+00:00 done function T30 round=2 result=true
2026-06-13T21:34:36.580377+00:00 done function T31 round=2 result=true
2026-06-13T21:34:36.724405+00:00 done function T32 round=2 result=true
2026-06-13T21:34:36.860194+00:00 done function T33 round=2 result=true
2026-06-13T21:34:36.992814+00:00 done function T34 round=2 result=true
2026-06-13T21:34:37.125234+00:00 done function T35 round=2 result=true
2026-06-13T21:34:37.258031+00:00 done function T36 round=2 result=true
2026-06-13T21:34:37.381272+00:00 done function T37 round=2 result=true
2026-06-13T21:34:37.513578+00:00 done function T38 round=2 result=true
2026-06-13T21:34:37.635247+00:00 done function T39 round=2 result=true
2026-06-13T21:34:37.758525+00:00 done function D1 round=2 result=true
2026-06-13T21:34:37.891324+00:00 done function D2 round=2 result=true
2026-06-13T21:34:38.025007+00:00 done function D3 round=2 result=true
2026-06-13T21:34:38.146168+00:00 done function D4 round=2 result=true
2026-06-13T21:34:38.280866+00:00 done function D5 round=2 result=true
2026-06-13T21:34:38.414322+00:00 done function D6 round=2 result=true
2026-06-13T21:34:39.460864+00:00 done function D7 round=2 result=true
2026-06-13T21:34:39.579959+00:00 done function D8 round=2 result=true
2026-06-13T21:34:39.713900+00:00 done function D9 round=2 result=true
2026-06-13T21:34:39.835369+00:00 done function D10 round=2 result=true
2026-06-13T21:34:39.959014+00:00 done function D11 round=2 result=true
2026-06-13T21:34:40.080068+00:00 done function D12 round=2 result=true
2026-06-13T21:34:40.202104+00:00 done function D13 round=2 result=true
2026-06-13T21:34:40.325521+00:00 done function D14 round=2 result=true
2026-06-13T21:34:41.313994+00:00 done function D15 round=2 result=true
2026-06-13T21:34:41.435729+00:00 done function D16 round=2 result=true
2026-06-13T21:34:41.558714+00:00 done function D17 round=2 result=true
2026-06-13T21:34:41.685317+00:00 done function D18 round=2 result=true
2026-06-13T21:34:41.808138+00:00 done function D19 round=2 result=true
2026-06-13T21:34:41.938558+00:00 done function D20 round=2 result=true
2026-06-13T21:34:42.073127+00:00 done function D21 round=2 result=true
2026-06-13T21:34:43.081325+00:00 done function D22 round=2 result=true
2026-06-13T21:34:43.203134+00:00 done function D23 round=2 result=true
2026-06-13T21:34:43.336826+00:00 done function D24 round=2 result=true
2026-06-13T21:34:43.461362+00:00 done function D25 round=2 result=true
2026-06-13T21:34:43.583766+00:00 done function D26 round=2 result=true
2026-06-13T21:34:43.715583+00:00 done function D27 round=2 result=true
2026-06-13T21:34:43.847815+00:00 done function D28 round=2 result=true
2026-06-13T21:34:43.971197+00:00 done function D29 round=2 result=true
2026-06-13T21:34:44.951039+00:00 done function D30 round=2 result=true
2026-06-13T21:34:45.068969+00:00 done function D31 round=2 result=true
2026-06-13T21:34:45.193868+00:00 done function D32 round=2 result=true
2026-06-13T21:34:45.314301+00:00 done function D33 round=2 result=true
2026-06-13T21:34:45.436838+00:00 done function D34 round=2 result=true
2026-06-13T21:34:45.562208+00:00 done function D35 round=2 result=true
2026-06-13T21:34:45.678654+00:00 done function D36 round=2 result=true
2026-06-13T21:34:45.802589+00:00 done function D37 round=2 result=true
2026-06-13T21:34:45.925852+00:00 done function D38 round=2 result=true
2026-06-13T21:34:46.660727+00:00 done function D39 round=2 result=true
2026-06-13T21:34:46.791822+00:00 done function D40 round=2 result=true
2026-06-13T21:34:46.916123+00:00 done function D41 round=2 result=true
2026-06-13T21:34:47.040422+00:00 done function D42 round=2 result=true
2026-06-13T21:34:47.170995+00:00 done function D43 round=2 result=true
2026-06-13T21:34:47.306163+00:00 done function D44 round=2 result=true
2026-06-13T21:34:47.429070+00:00 done function D45 round=2 result=true
2026-06-13T21:34:47.591989+00:00 done function D46 round=2 result=true
2026-06-13T21:34:47.719006+00:00 done function D47 round=2 result=true
2026-06-13T21:34:47.849306+00:00 done function D48 round=2 result=true
2026-06-13T21:34:47.967840+00:00 done function D49 round=2 result=true
2026-06-13T21:34:48.097666+00:00 done function D50 round=2 result=true
2026-06-13T21:34:48.231925+00:00 done function D51 round=2 result=true
2026-06-13T21:34:48.355860+00:00 done function D52 round=2 result=true
2026-06-13T21:34:48.481917+00:00 done function D53 round=2 result=true
2026-06-13T21:34:48.606724+00:00 done function D54 round=2 result=true
2026-06-13T21:34:48.727038+00:00 done function D55 round=2 result=true
2026-06-13T21:34:48.848550+00:00 done function D56 round=2 result=true
2026-06-13T21:34:48.969514+00:00 done function D57 round=2 result=true
2026-06-13T21:34:49.094165+00:00 done function D58 round=2 result=true
2026-06-13T21:34:49.213752+00:00 done function D59 round=2 result=true
2026-06-13T21:34:49.330958+00:00 done function D60 round=2 result=true
2026-06-13T21:34:49.475588+00:00 done function D61 round=2 result=true
2026-06-13T21:34:49.614532+00:00 done function D62 round=2 result=true
2026-06-13T21:34:49.749388+00:00 done function D63 round=2 result=true
2026-06-13T21:34:49.892235+00:00 done function D64 round=2 result=true
2026-06-13T21:34:50.032342+00:00 done function D65 round=2 result=true
2026-06-13T21:34:50.177045+00:00 done function D66 round=2 result=true
2026-06-13T21:34:50.318938+00:00 done function D67 round=2 result=true
2026-06-13T21:34:50.451467+00:00 done function D72 round=2 result=true
2026-06-13T21:34:50.587908+00:00 done function D73 round=2 result=true
2026-06-13T21:34:50.729274+00:00 done function D74 round=2 result=true
2026-06-13T21:34:50.869766+00:00 done function D75 round=2 result=true
2026-06-13T21:34:50.992661+00:00 done function D76 round=2 result=true
2026-06-13T21:34:51.128253+00:00 done function D77 round=2 result=true
2026-06-13T21:34:51.263910+00:00 done function D84 round=2 result=true
2026-06-13T21:34:51.393611+00:00 done function D85 round=2 result=true
2026-06-13T21:34:51.536984+00:00 done function D86 round=2 result=true
2026-06-13T21:34:51.668243+00:00 done function D87 round=2 result=true
2026-06-13T21:34:51.792098+00:00 done function D88 round=2 result=true
2026-06-13T21:34:51.922336+00:00 done function D89 round=2 result=true
2026-06-13T21:34:52.049464+00:00 done function D90 round=2 result=true
2026-06-13T21:34:52.186580+00:00 done function D91 round=2 result=true
2026-06-13T21:34:52.325468+00:00 done function D92 round=2 result=true
2026-06-13T21:34:52.472780+00:00 done function D93 round=2 result=true
2026-06-13T21:34:52.605084+00:00 done function D94 round=2 result=true
2026-06-13T21:34:52.740270+00:00 done function D95 round=2 result=true
2026-06-13T21:34:52.856662+00:00 done function D96 round=2 result=true
2026-06-13T21:34:52.976694+00:00 done function D97 round=2 result=true
2026-06-13T21:34:53.100919+00:00 done function D98 round=2 result=true
2026-06-13T21:34:53.226455+00:00 done function D99 round=2 result=true
2026-06-13T21:34:53.349787+00:00 done function D100 round=2 result=true
2026-06-13T21:34:53.469498+00:00 done function D101 round=2 result=true
2026-06-13T21:34:53.593446+00:00 done function D102 round=2 result=true
2026-06-13T21:34:53.713911+00:00 done function D103 round=2 result=true
2026-06-13T21:34:53.845804+00:00 done function D104 round=2 result=true
2026-06-13T21:34:53.969877+00:00 done function D105 round=2 result=true
2026-06-13T21:34:54.094279+00:00 done function D106 round=2 result=true
2026-06-13T21:34:54.210394+00:00 done function D107 round=2 result=true
2026-06-13T21:34:54.338016+00:00 done function D108 round=2 result=true
2026-06-13T21:34:54.463971+00:00 done function D109 round=2 result=true
2026-06-13T21:34:54.581100+00:00 done function D110 round=2 result=true
2026-06-13T21:34:54.705137+00:00 done function D111 round=2 result=true
2026-06-13T21:34:54.815988+00:00 done function D112 round=2 result=true
2026-06-13T21:34:54.937701+00:00 done function D113 round=2 result=true
2026-06-13T21:34:55.050228+00:00 done function D114 round=2 result=true
2026-06-13T21:34:55.157287+00:00 done function D115 round=2 result=true
2026-06-13T21:34:55.268906+00:00 done function D116 round=2 result=true
2026-06-13T21:34:55.381119+00:00 done function D117 round=2 result=true
2026-06-13T21:34:55.491730+00:00 done function D118 round=2 result=true
2026-06-13T21:34:55.609639+00:00 done function D119 round=2 result=true
2026-06-13T21:34:55.745945+00:00 done function D120 round=2 result=true
2026-06-13T21:34:55.861846+00:00 done function D121 round=2 result=true
2026-06-13T21:34:55.969160+00:00 done function D122 round=2 result=true
2026-06-13T21:34:56.087134+00:00 done function D123 round=2 result=true
2026-06-13T21:34:56.214613+00:00 done function D124 round=2 result=true
2026-06-13T21:34:56.321025+00:00 done function D125 round=2 result=true
2026-06-13T21:34:56.435174+00:00 done function D126 round=2 result=true
2026-06-13T21:34:56.543416+00:00 done function D127 round=2 result=true
2026-06-13T21:34:56.664365+00:00 done function D128 round=2 result=true
2026-06-13T21:34:56.776627+00:00 done function D129 round=2 result=true
2026-06-13T21:34:56.895348+00:00 done function D130 round=2 result=true
2026-06-13T21:34:57.004130+00:00 done function D131 round=2 result=true
2026-06-13T21:34:57.113899+00:00 done function D132 round=2 result=true
2026-06-13T21:34:57.223891+00:00 done function D133 round=2 result=true
2026-06-13T21:34:57.348305+00:00 done function D134 round=2 result=true
2026-06-13T21:34:57.471872+00:00 done function D135 round=2 result=true
2026-06-13T21:34:57.593348+00:00 done function D136 round=2 result=true
2026-06-13T21:34:57.719649+00:00 done function D137 round=2 result=true
2026-06-13T21:34:57.852978+00:00 done function D138 round=2 result=true
2026-06-13T21:34:57.970543+00:00 done function D139 round=2 result=true
2026-06-13T21:34:58.099979+00:00 done function D140 round=2 result=true
2026-06-13T21:34:58.225379+00:00 done function D141 round=2 result=true
2026-06-13T21:34:58.350149+00:00 done function D142 round=2 result=true
2026-06-13T21:34:58.471742+00:00 done function D143 round=2 result=true
2026-06-13T21:34:58.611153+00:00 done function D144 round=2 result=true
2026-06-13T21:34:58.734008+00:00 done function D145 round=2 result=true
2026-06-13T21:34:58.855961+00:00 done function D146 round=2 result=true
2026-06-13T21:34:58.986918+00:00 done function D147 round=2 result=true
2026-06-13T21:34:59.099124+00:00 done function D148 round=2 result=true
2026-06-13T21:34:59.219560+00:00 done function D149 round=2 result=true
2026-06-13T21:34:59.351607+00:00 done function D150 round=2 result=true
2026-06-13T21:34:59.466727+00:00 done function D151 round=2 result=true
2026-06-13T21:34:59.592976+00:00 done function D152 round=2 result=true
2026-06-13T21:34:59.715402+00:00 done function D153 round=2 result=true
2026-06-13T21:34:59.835337+00:00 done function D154 round=2 result=true
2026-06-13T21:34:59.963831+00:00 done function D155 round=2 result=true
2026-06-13T21:35:00.097165+00:00 done function D156 round=2 result=true
2026-06-13T21:35:00.214121+00:00 done function D157 round=2 result=true
2026-06-13T21:35:00.336091+00:00 done function D158 round=2 result=true
2026-06-13T21:35:00.457929+00:00 done function D159 round=2 result=true
2026-06-13T21:35:00.581585+00:00 done function D160 round=2 result=true
2026-06-13T21:35:00.713291+00:00 done function D161 round=2 result=true
2026-06-13T21:35:00.845463+00:00 done function D162 round=2 result=true
2026-06-13T21:35:00.958398+00:00 done function D163 round=2 result=true
2026-06-13T21:35:01.085678+00:00 done function D164 round=2 result=true
2026-06-13T21:35:01.207756+00:00 done function D165 round=2 result=true
2026-06-13T21:35:01.330154+00:00 done function D166 round=2 result=true
2026-06-13T21:35:01.459675+00:00 done function D167 round=2 result=true
2026-06-13T21:35:01.586068+00:00 done function D168 round=2 result=true
2026-06-13T21:35:01.708063+00:00 done function D169 round=2 result=true
2026-06-13T21:35:01.831118+00:00 done function D170 round=2 result=true
2026-06-13T21:35:01.949158+00:00 done function D171 round=2 result=true
2026-06-13T21:35:02.070978+00:00 done function D172 round=2 result=true
2026-06-13T21:35:02.195614+00:00 done function D173 round=2 result=true
2026-06-13T21:35:02.330209+00:00 done function D174 round=2 result=true
2026-06-13T21:35:02.448303+00:00 done function D175 round=2 result=true
2026-06-13T21:35:02.579095+00:00 done function D176 round=2 result=true
2026-06-13T21:35:02.700560+00:00 done function D177 round=2 result=true
2026-06-13T21:35:02.836317+00:00 done function D178 round=2 result=true
2026-06-13T21:35:02.973353+00:00 done function D179 round=2 result=true
2026-06-13T21:35:03.113906+00:00 done function D180 round=2 result=true
2026-06-13T21:35:03.253949+00:00 done function D181 round=2 result=true
2026-06-13T21:35:03.390846+00:00 done function D182 round=2 result=true
2026-06-13T21:35:03.525619+00:00 done function D183 round=2 result=true
2026-06-13T21:35:03.659908+00:00 done function D184 round=2 result=true
2026-06-13T21:35:03.790327+00:00 done function D185 round=2 result=true
2026-06-13T21:35:03.932067+00:00 done function D186 round=2 result=true
2026-06-13T21:35:04.078346+00:00 done function D187 round=2 result=true
2026-06-13T21:35:04.210835+00:00 done function D188 round=2 result=true
2026-06-13T21:35:04.346739+00:00 done function D189 round=2 result=true
2026-06-13T21:35:04.484626+00:00 done function D190 round=2 result=true
2026-06-13T21:35:04.615287+00:00 done function D191 round=2 result=true
2026-06-13T21:35:04.748516+00:00 done function D192 round=2 result=true
2026-06-13T21:35:04.883743+00:00 done function D193 round=2 result=true
2026-06-13T21:35:05.031141+00:00 done function D194 round=2 result=true
2026-06-13T21:35:05.158810+00:00 done function D195 round=2 result=true
2026-06-13T21:35:05.297050+00:00 done function D196 round=2 result=true
2026-06-13T21:35:05.429063+00:00 done function D197 round=2 result=true
2026-06-13T21:35:05.574663+00:00 done function D198 round=2 result=true
2026-06-13T21:35:05.707509+00:00 done function D199 round=2 result=true
2026-06-13T21:35:05.848027+00:00 done function D200 round=2 result=true
2026-06-13T21:35:05.972322+00:00 done function D201 round=2 result=true
2026-06-13T21:35:06.090207+00:00 done function D202 round=2 result=true
2026-06-13T21:35:06.214722+00:00 done function D203 round=2 result=true
2026-06-13T21:35:06.343095+00:00 done function D204 round=2 result=true
2026-06-13T21:35:06.456779+00:00 done function D205 round=2 result=true
2026-06-13T21:35:06.606619+00:00 done function D206 round=2 result=true
2026-06-13T21:35:06.752093+00:00 done function D207 round=2 result=true
2026-06-13T21:35:06.884909+00:00 done function D208 round=2 result=true
2026-06-13T21:35:07.023424+00:00 done function D209 round=2 result=true
2026-06-13T21:35:07.154158+00:00 done function D210 round=2 result=true
2026-06-13T21:35:07.285851+00:00 done function D211 round=2 result=true
2026-06-13T21:35:07.421260+00:00 done function D212 round=2 result=true
2026-06-13T21:35:07.555661+00:00 done function D213 round=2 result=true
2026-06-13T21:35:07.698998+00:00 done function D214 round=2 result=true
2026-06-13T21:35:07.832396+00:00 done function D215 round=2 result=true
2026-06-13T21:35:07.965378+00:00 done function D216 round=2 result=true
2026-06-13T21:35:08.099177+00:00 done function D217 round=2 result=true
2026-06-13T21:35:08.225670+00:00 done function D218 round=2 result=true
2026-06-13T21:35:08.367666+00:00 done function D219 round=2 result=true
2026-06-13T21:35:08.510098+00:00 done function D220 round=2 result=true
2026-06-13T21:35:08.638522+00:00 done function D221 round=2 result=true
2026-06-13T21:35:08.778425+00:00 done function D222 round=2 result=true
2026-06-13T21:35:08.902752+00:00 done function D223 round=2 result=true
2026-06-13T21:35:09.027400+00:00 done function D224 round=2 result=true
2026-06-13T21:35:09.164611+00:00 done function D225 round=2 result=true
2026-06-13T21:35:09.300105+00:00 done function D226 round=2 result=true
2026-06-13T21:35:09.434111+00:00 done function D227 round=2 result=true
2026-06-13T21:35:09.557966+00:00 done function D228 round=2 result=true
2026-06-13T21:35:09.697343+00:00 done function D229 round=2 result=true
2026-06-13T21:35:09.826081+00:00 done function D230 round=2 result=true
2026-06-13T21:35:09.959644+00:00 done function D231 round=2 result=true
2026-06-13T21:35:10.093274+00:00 done function D232 round=2 result=true
2026-06-13T21:35:10.229641+00:00 done function D233 round=2 result=true
2026-06-13T21:35:10.374310+00:00 done function D234 round=2 result=true
2026-06-13T21:35:10.503028+00:00 done function D235 round=2 result=true
2026-06-13T21:35:10.627857+00:00 done function D236 round=2 result=true
2026-06-13T21:35:10.763030+00:00 done function D237 round=2 result=true
2026-06-13T21:35:10.895730+00:00 done function D238 round=2 result=true
2026-06-13T21:35:11.039647+00:00 done function D239 round=2 result=true
2026-06-13T21:35:11.172866+00:00 done function D240 round=2 result=true
2026-06-13T21:35:11.319950+00:00 done function D241 round=2 result=true
2026-06-13T21:35:11.448995+00:00 done function D242 round=2 result=true
2026-06-13T21:35:11.583897+00:00 done function D243 round=2 result=true
2026-06-13T21:35:11.732840+00:00 done function D244 round=2 result=true
2026-06-13T21:35:11.862498+00:00 done function D245 round=2 result=true
2026-06-13T21:35:11.997643+00:00 done function D246 round=2 result=true
2026-06-13T21:35:12.137231+00:00 done function D247 round=2 result=true
2026-06-13T21:35:12.275881+00:00 done function D248 round=2 result=true
2026-06-13T21:35:12.404462+00:00 done function D249 round=2 result=true
2026-06-13T21:35:12.538425+00:00 done function D250 round=2 result=true
2026-06-13T21:35:12.670250+00:00 done function D251 round=2 result=true
2026-06-13T21:35:12.800652+00:00 done function D252 round=2 result=true
2026-06-13T21:35:12.927109+00:00 done function D253 round=2 result=true
2026-06-13T21:35:13.076619+00:00 done function D254 round=2 result=true
2026-06-13T21:35:13.210679+00:00 done function D255 round=2 result=true
2026-06-13T21:35:13.340068+00:00 done function D256 round=2 result=true
2026-06-13T21:35:13.473016+00:00 done function D257 round=2 result=true
2026-06-13T21:35:13.604859+00:00 done function D258 round=2 result=true
2026-06-13T21:35:13.739940+00:00 done function D259 round=2 result=true
2026-06-13T21:35:13.875810+00:00 done function D260 round=2 result=true
2026-06-13T21:35:14.016066+00:00 done function D261 round=2 result=true
2026-06-13T21:35:14.141372+00:00 done function D262 round=2 result=true
2026-06-13T21:35:14.274399+00:00 done function D263 round=2 result=true
2026-06-13T21:35:14.412634+00:00 done function D264 round=2 result=true
2026-06-13T21:35:14.542291+00:00 done function D265 round=2 result=true
2026-06-13T21:35:14.676712+00:00 done function D266 round=2 result=true
2026-06-13T21:35:14.820506+00:00 done function D267 round=2 result=true
2026-06-13T21:35:14.956439+00:00 done function D268 round=2 result=true
2026-06-13T21:35:15.084504+00:00 done function D269 round=2 result=true
2026-06-13T21:35:15.218330+00:00 done function D270 round=2 result=true
2026-06-13T21:35:15.351466+00:00 done function D271 round=2 result=true
2026-06-13T21:35:15.484672+00:00 done function D272 round=2 result=true
2026-06-13T21:35:15.621254+00:00 done function D273 round=2 result=true
2026-06-13T21:35:15.763029+00:00 done function D274 round=2 result=true
2026-06-13T21:35:15.897586+00:00 done function D275 round=2 result=true
2026-06-13T21:35:16.031603+00:00 done function D276 round=2 result=true
2026-06-13T21:35:16.164728+00:00 done function D277 round=2 result=true
2026-06-13T21:35:16.298034+00:00 done function D278 round=2 result=true
2026-06-13T21:35:16.444862+00:00 done function D279 round=2 result=true
2026-06-13T21:35:16.581138+00:00 done function D280 round=2 result=true
2026-06-13T21:35:16.740785+00:00 done function D281 round=2 result=true
2026-06-13T21:35:16.885915+00:00 done function D282 round=2 result=true
2026-06-13T21:35:17.003428+00:00 done function D283 round=2 result=true
2026-06-13T21:35:17.142083+00:00 done function D284 round=2 result=true
2026-06-13T21:35:17.273457+00:00 done function D285 round=2 result=true
2026-06-13T21:35:17.406969+00:00 done function D286 round=2 result=true
2026-06-13T21:35:17.543206+00:00 done function D287 round=2 result=true
2026-06-13T21:35:17.682862+00:00 done function D288 round=2 result=true
2026-06-13T21:35:17.815350+00:00 done function D289 round=2 result=true
2026-06-13T21:35:17.948747+00:00 done function D290 round=2 result=true
2026-06-13T21:35:18.074865+00:00 done function D291 round=2 result=true
2026-06-13T21:35:18.207909+00:00 done function D292 round=2 result=true
2026-06-13T21:35:18.336897+00:00 done function D293 round=2 result=true
2026-06-13T21:35:18.479649+00:00 done function D294 round=2 result=true
2026-06-13T21:35:18.613668+00:00 done function D295 round=2 result=true
2026-06-13T21:35:18.752461+00:00 done function D296 round=2 result=true
2026-06-13T21:35:19.760760+00:00 done function D297 round=2 result=true
2026-06-13T21:35:19.896116+00:00 done function D298 round=2 result=true
2026-06-13T21:35:20.026187+00:00 done function D299 round=2 result=true
2026-06-13T21:35:20.155400+00:00 done function D300 round=2 result=true
2026-06-13T21:35:20.296033+00:00 done function D301 round=2 result=true
2026-06-13T21:35:20.426039+00:00 done function D302 round=2 result=true
2026-06-13T21:35:20.558194+00:00 done function D303 round=2 result=true
2026-06-13T21:35:20.690869+00:00 done function D304 round=2 result=true
2026-06-13T21:35:21.672979+00:00 done function D305 round=2 result=true
2026-06-13T21:35:21.811089+00:00 done function D306 round=2 result=true
2026-06-13T21:35:21.938367+00:00 done function D307 round=2 result=true
2026-06-13T21:35:22.076867+00:00 done function D308 round=2 result=true
2026-06-13T21:35:22.207212+00:00 done function D309 round=2 result=true
2026-06-13T21:35:22.344218+00:00 done function D310 round=2 result=true
2026-06-13T21:35:22.474943+00:00 done function D311 round=2 result=true
2026-06-13T21:35:23.454503+00:00 done function D312 round=2 result=true
2026-06-13T21:35:23.583395+00:00 done function D313 round=2 result=true
2026-06-13T21:35:23.720421+00:00 done function D314 round=2 result=true
2026-06-13T21:35:23.855407+00:00 done function D315 round=2 result=true
2026-06-13T21:35:23.985861+00:00 done function D316 round=2 result=true
2026-06-13T21:35:24.118861+00:00 done function D317 round=2 result=true
2026-06-13T21:35:24.251348+00:00 done function D318 round=2 result=true
2026-06-13T21:35:24.396485+00:00 done function D319 round=2 result=true
2026-06-13T21:35:25.164033+00:00 done function D320 round=2 result=true
2026-06-13T21:35:25.298260+00:00 done function D321 round=2 result=true
2026-06-13T21:35:25.432867+00:00 done function D322 round=2 result=true
2026-06-13T21:35:25.566872+00:00 done function D323 round=2 result=true
2026-06-13T21:35:25.698634+00:00 done function D324 round=2 result=true
2026-06-13T21:35:25.831125+00:00 done function D325 round=2 result=true
2026-06-13T21:35:25.965335+00:00 done function D326 round=2 result=true
2026-06-13T21:35:29.501419+00:00 done function D327 round=2 result=true
2026-06-13T21:35:37.305266+00:00 done function D328 round=2 result=true
2026-06-13T21:35:46.118714+00:00 done function D329 round=2 result=true
2026-06-13T21:35:47.810863+00:00 done function D330 round=2 result=true
2026-06-13T21:35:48.798536+00:00 done function D331 round=2 result=true
2026-06-13T21:35:48.929265+00:00 done function D332 round=2 result=true
2026-06-13T21:35:49.929579+00:00 done function D333 round=2 result=true
2026-06-13T21:35:50.926733+00:00 done function D334 round=2 result=true
2026-06-13T21:35:51.063732+00:00 done function D335 round=2 result=true
2026-06-13T21:35:52.069451+00:00 done function D336 round=2 result=true
2026-06-13T21:35:53.078899+00:00 done function D337 round=2 result=true
2026-06-13T21:35:54.084331+00:00 done function D338 round=2 result=true
2026-06-13T21:35:54.222305+00:00 done function D339 round=2 result=true
2026-06-13T21:35:55.232401+00:00 done function D340 round=2 result=true
2026-06-13T21:35:56.226176+00:00 done function D341 round=2 result=true
2026-06-13T21:35:56.349335+00:00 done function D342 round=2 result=true
2026-06-13T21:35:57.357269+00:00 done function D343 round=2 result=true
2026-06-13T21:35:58.163576+00:00 done function D344 round=2 result=true
2026-06-13T21:35:58.295891+00:00 done function D345 round=2 result=true
2026-06-13T21:35:59.341194+00:00 done function D346 round=2 result=true
2026-06-13T21:35:59.446463+00:00 done function D347 round=2 result=true
2026-06-13T21:35:59.567505+00:00 done function D348 round=2 result=true
2026-06-13T21:35:59.695807+00:00 done function D349 round=2 result=true
2026-06-13T21:35:59.818535+00:00 done function D350 round=2 result=true
2026-06-13T21:35:59.941040+00:00 done function D351 round=2 result=true
2026-06-13T21:36:00.068527+00:00 done function D352 round=2 result=true
2026-06-13T21:36:00.196931+00:00 done function D353 round=2 result=true
2026-06-13T21:36:01.003435+00:00 done function D354 round=2 result=true
2026-06-13T21:36:01.141007+00:00 done function D355 round=2 result=true
2026-06-13T21:36:01.267738+00:00 done function D356 round=2 result=true
2026-06-13T21:36:01.401319+00:00 done function D357 round=2 result=true
2026-06-13T21:36:01.533003+00:00 done function D358 round=2 result=true
2026-06-13T21:36:01.663694+00:00 done function D359 round=2 result=true
2026-06-13T21:36:01.792625+00:00 done function D360 round=2 result=true
2026-06-13T21:36:01.964175+00:00 done function D361 round=2 result=true
2026-06-13T21:36:02.087973+00:00 done function D362 round=2 result=true
2026-06-13T21:36:02.221823+00:00 done function D363 round=2 result=true
2026-06-13T21:36:02.354293+00:00 done function D364 round=2 result=true
2026-06-13T21:36:02.486838+00:00 done function D365 round=2 result=true
2026-06-13T21:36:02.623570+00:00 done function D366 round=2 result=true
2026-06-13T21:36:02.754718+00:00 done function D367 round=2 result=true
2026-06-13T21:36:02.887752+00:00 done function D368 round=2 result=true
2026-06-13T21:36:03.021331+00:00 done function D369 round=2 result=true
2026-06-13T21:36:03.154499+00:00 done function D370 round=2 result=true
2026-06-13T21:36:03.287870+00:00 done function D371 round=2 result=true
2026-06-13T21:36:03.414607+00:00 done function D372 round=2 result=true
2026-06-13T21:36:03.546449+00:00 done function D373 round=2 result=true
2026-06-13T21:36:03.671080+00:00 done function D374 round=2 result=true
2026-06-13T21:36:03.801564+00:00 done function D375 round=2 result=true
2026-06-13T21:36:03.935472+00:00 done function D376 round=2 result=true
2026-06-13T21:36:04.067013+00:00 done function D377 round=2 result=true
2026-06-13T21:36:04.193929+00:00 done function D378 round=2 result=true
2026-06-13T21:36:04.318494+00:00 done function D379 round=2 result=true
2026-06-13T21:36:04.449407+00:00 done function D380 round=2 result=true
2026-06-13T21:36:04.573702+00:00 done function D381 round=2 result=true
2026-06-13T21:36:04.708258+00:00 done function D382 round=2 result=true
2026-06-13T21:36:04.841041+00:00 done function D383 round=2 result=true
2026-06-13T21:36:04.971826+00:00 done function D384 round=2 result=true
2026-06-13T21:36:05.094501+00:00 done function D385 round=2 result=true
2026-06-13T21:36:05.213293+00:00 done function D386 round=2 result=true
2026-06-13T21:36:05.339635+00:00 done function D387 round=2 result=true
2026-06-13T21:36:05.476860+00:00 done function D388 round=2 result=true
2026-06-13T21:36:05.606898+00:00 done function D389 round=2 result=true
2026-06-13T21:36:05.724909+00:00 done function D390 round=2 result=true
2026-06-13T21:36:05.860467+00:00 done function D391 round=2 result=true
2026-06-13T21:36:05.973777+00:00 done function D392 round=2 result=true
2026-06-13T21:36:06.105032+00:00 done function D393 round=2 result=true
2026-06-13T21:36:06.230546+00:00 done function D394 round=2 result=true
2026-06-13T21:36:06.366354+00:00 done function D395 round=2 result=true
2026-06-13T21:36:06.493774+00:00 done function D396 round=2 result=true
2026-06-13T21:36:06.619233+00:00 done function D397 round=2 result=true
2026-06-13T21:36:06.750298+00:00 done function D398 round=2 result=true
2026-06-13T21:36:06.884085+00:00 done function D399 round=2 result=true
2026-06-13T21:36:07.006415+00:00 done function D400 round=2 result=true
2026-06-13T21:36:07.144093+00:00 done function D401 round=2 result=true
2026-06-13T21:36:07.278481+00:00 done function D402 round=2 result=true
2026-06-13T21:36:07.413903+00:00 done function D403 round=2 result=true
2026-06-13T21:36:07.541692+00:00 done function D404 round=2 result=true
2026-06-13T21:36:07.674611+00:00 done function D405 round=2 result=true
2026-06-13T21:36:07.807735+00:00 done function D406 round=2 result=true
2026-06-13T21:36:07.938800+00:00 done function D407 round=2 result=true
2026-06-13T21:36:08.072565+00:00 done function D408 round=2 result=true
2026-06-13T21:36:08.193875+00:00 done function D409 round=2 result=true
2026-06-13T21:36:08.321358+00:00 done function D410 round=2 result=true
2026-06-13T21:36:08.451340+00:00 done function D411 round=2 result=true
2026-06-13T21:36:08.583170+00:00 done function D412 round=2 result=true
2026-06-13T21:36:08.708944+00:00 done function D413 round=2 result=true
2026-06-13T21:36:08.844166+00:00 done function D414 round=2 result=true
2026-06-13T21:36:08.978837+00:00 done function D415 round=2 result=true
2026-06-13T21:36:09.110452+00:00 done function D416 round=2 result=true
2026-06-13T21:36:09.245311+00:00 done function D417 round=2 result=true
2026-06-13T21:36:09.377973+00:00 done function D418 round=2 result=true
2026-06-13T21:36:09.510585+00:00 done function D419 round=2 result=true
2026-06-13T21:36:09.642021+00:00 done function D420 round=2 result=true
2026-06-13T21:36:09.772254+00:00 done function D421 round=2 result=true
2026-06-13T21:36:09.906200+00:00 done function D422 round=2 result=true
2026-06-13T21:36:10.035436+00:00 done function D423 round=2 result=true
2026-06-13T21:36:10.165726+00:00 done function D424 round=2 result=true
2026-06-13T21:36:10.294483+00:00 done function D463 round=2 result=true
2026-06-13T21:36:10.422994+00:00 done function D464 round=2 result=true
2026-06-13T21:36:10.558547+00:00 done function D465 round=2 result=true
2026-06-13T21:36:10.687749+00:00 done function D466 round=2 result=true
2026-06-13T21:36:10.817880+00:00 done function D467 round=2 result=true
2026-06-13T21:36:10.939783+00:00 done function D468 round=2 result=true
2026-06-13T21:36:11.062394+00:00 done function D469 round=2 result=true
2026-06-13T21:36:11.185042+00:00 done function D470 round=2 result=true
2026-06-13T21:36:11.318209+00:00 done case C-0001 round=2 result=true
2026-06-13T21:36:11.446916+00:00 done case C-0002 round=2 result=true
2026-06-13T21:36:11.576603+00:00 done case C-0003 round=2 result=true
2026-06-13T21:36:11.714256+00:00 done case C-0004 round=2 result=true
2026-06-13T21:36:11.857641+00:00 done case C-0005 round=2 result=true
2026-06-13T21:36:12.001523+00:00 done case C-0006 round=2 result=true
2026-06-13T21:36:12.151132+00:00 done case C-0007 round=2 result=true
2026-06-13T21:36:12.291777+00:00 done case C-0008 round=2 result=true
2026-06-13T21:36:12.437696+00:00 done case C-0009 round=2 result=true
2026-06-13T21:36:12.589436+00:00 done case C-0010 round=2 result=true
2026-06-13T21:36:12.729376+00:00 done case C-0011 round=2 result=true
2026-06-13T21:36:12.862283+00:00 done case C-0012 round=2 result=true
2026-06-13T21:36:13.013265+00:00 done case C-0013 round=2 result=true
2026-06-13T21:36:13.151257+00:00 done case C-0014 round=2 result=true
2026-06-13T21:36:13.290690+00:00 done case C-0015 round=2 result=true
2026-06-13T21:36:13.430291+00:00 done case C-0016 round=2 result=true
2026-06-13T21:36:13.563550+00:00 done case C-0017 round=2 result=true
2026-06-13T21:36:13.705999+00:00 done case C-0018 round=2 result=true
2026-06-13T21:36:13.857605+00:00 done case C-0019 round=2 result=true
2026-06-13T21:36:14.001537+00:00 done case C-0020 round=2 result=true
2026-06-13T21:36:14.140311+00:00 done case C-0021 round=2 result=true
2026-06-13T21:36:14.291566+00:00 done case C-0022 round=2 result=true
2026-06-13T21:36:14.446353+00:00 done case C-0023 round=2 result=true
2026-06-13T21:36:14.589404+00:00 done case C-0024 round=2 result=true
2026-06-13T21:36:14.724146+00:00 done case C-0025 round=2 result=true
2026-06-13T21:36:14.893954+00:00 done case C-0026 round=2 result=true
2026-06-13T21:36:15.047474+00:00 done case C-0027 round=2 result=true
2026-06-13T21:36:15.189843+00:00 done case C-0028 round=2 result=true
2026-06-13T21:36:15.334945+00:00 done case C-0029 round=2 result=true
2026-06-13T21:36:15.481315+00:00 done case C-0030 round=2 result=true
2026-06-13T21:36:15.625106+00:00 done case C-0031 round=2 result=true
2026-06-13T21:36:15.779199+00:00 done case C-0032 round=2 result=true
2026-06-13T21:36:15.922415+00:00 done case C-0033 round=2 result=true
2026-06-13T21:36:16.069542+00:00 done case C-0034 round=2 result=true
2026-06-13T21:36:16.215110+00:00 done case C-0035 round=2 result=true
2026-06-13T21:36:16.370636+00:00 done case C-0036 round=2 result=true
2026-06-13T21:36:16.513262+00:00 done case C-0037 round=2 result=true
2026-06-13T21:36:16.680530+00:00 done case C-0038 round=2 result=true
2026-06-13T21:36:16.846399+00:00 done case C-0039 round=2 result=true
2026-06-13T21:36:17.001751+00:00 done case C-0040 round=2 result=true
2026-06-13T21:36:17.157068+00:00 done case C-0041 round=2 result=true
2026-06-13T21:36:17.301409+00:00 done case C-0042 round=2 result=true
2026-06-13T21:36:17.445847+00:00 done case C-0043 round=2 result=true
2026-06-13T21:36:18.458077+00:00 done case C-0044 round=2 result=true
2026-06-13T21:36:18.623877+00:00 done case C-0045 round=2 result=true
2026-06-13T21:36:18.779202+00:00 done case C-0046 round=2 result=true
2026-06-13T21:36:18.922552+00:00 done case C-0047 round=2 result=true
2026-06-13T21:36:19.057452+00:00 done case C-0048 round=2 result=true
2026-06-13T21:36:19.213010+00:00 done case C-0049 round=2 result=true
2026-06-13T21:36:19.369327+00:00 done case C-0050 round=2 result=true
2026-06-13T21:36:20.412753+00:00 done case C-0051 round=2 result=true
2026-06-13T21:36:20.555854+00:00 done case C-0052 round=2 result=true
2026-06-13T21:36:20.701298+00:00 done case C-0053 round=2 result=true
2026-06-13T21:36:20.845841+00:00 done case C-0054 round=2 result=true
2026-06-13T21:36:21.001689+00:00 done case C-0055 round=2 result=true
2026-06-13T21:36:21.146375+00:00 done case C-0056 round=2 result=true
2026-06-13T21:36:22.145972+00:00 done case C-0057 round=2 result=true
2026-06-13T21:36:22.300646+00:00 done case C-0058 round=2 result=true
2026-06-13T21:36:22.448859+00:00 done case C-0059 round=2 result=true
2026-06-13T21:36:22.606519+00:00 done case C-0060 round=2 result=true
2026-06-13T21:36:22.757829+00:00 done case C-0061 round=2 result=true
2026-06-13T21:36:22.905168+00:00 done case C-0062 round=2 result=true
2026-06-13T21:36:23.050473+00:00 done case C-0063 round=2 result=true
2026-06-13T21:36:24.084100+00:00 done case C-0064 round=2 result=true
2026-06-13T21:36:24.223631+00:00 done case C-0065 round=2 result=true
2026-06-13T21:36:24.373010+00:00 done case C-0066 round=2 result=true
2026-06-13T21:36:24.513317+00:00 done case C-0067 round=2 result=true
2026-06-13T21:36:24.668486+00:00 done case C-0068 round=2 result=true
2026-06-13T21:36:24.814841+00:00 done case C-0069 round=2 result=true
2026-06-13T21:36:24.968826+00:00 done case C-0070 round=2 result=true
2026-06-13T21:36:25.969504+00:00 done case C-0071 round=2 result=true
2026-06-13T21:36:26.115475+00:00 done case C-0072 round=2 result=true
2026-06-13T21:36:26.258727+00:00 done case C-0073 round=2 result=true
2026-06-13T21:36:26.402809+00:00 done case C-0074 round=2 result=true
2026-06-13T21:36:26.557550+00:00 done case C-0075 round=2 result=true
2026-06-13T21:36:26.723903+00:00 done case C-0076 round=2 result=true
2026-06-13T21:36:27.747830+00:00 done case C-0077 round=2 result=true
2026-06-13T21:36:27.904101+00:00 done case C-0078 round=2 result=true
2026-06-13T21:36:28.059952+00:00 done case C-0079 round=2 result=true
2026-06-13T21:36:28.215006+00:00 done case C-0080 round=2 result=true
2026-06-13T21:36:28.368871+00:00 done case C-0081 round=2 result=true
2026-06-13T21:36:28.525115+00:00 done case C-0082 round=2 result=true
2026-06-13T21:36:28.695036+00:00 done case C-0083 round=2 result=true
2026-06-13T21:36:29.490653+00:00 done case C-0084 round=2 result=true
2026-06-13T21:36:29.647332+00:00 done case C-0085 round=2 result=true
2026-06-13T21:36:29.803424+00:00 done case C-0086 round=2 result=true
2026-06-13T21:36:29.957545+00:00 done case C-0087 round=2 result=true
2026-06-13T21:36:30.120619+00:00 done case C-0088 round=2 result=true
2026-06-13T21:36:30.281107+00:00 done case C-0089 round=2 result=true
2026-06-13T21:36:30.469213+00:00 done case C-0090 round=2 result=true
2026-06-13T21:36:30.623991+00:00 done case C-0091 round=2 result=true
2026-06-13T21:36:30.790303+00:00 done case C-0092 round=2 result=true
2026-06-13T21:36:30.957320+00:00 done case C-0093 round=2 result=true
2026-06-13T21:36:31.125947+00:00 done case C-0094 round=2 result=true
2026-06-13T21:36:31.302304+00:00 done case C-0095 round=2 result=true
2026-06-13T21:36:31.468929+00:00 done case C-0096 round=2 result=true
2026-06-13T21:36:31.629230+00:00 done case C-0097 round=2 result=true
2026-06-13T21:36:31.792545+00:00 done case C-0098 round=2 result=true
2026-06-13T21:36:31.970260+00:00 done case C-0099 round=2 result=true
2026-06-13T21:36:32.123748+00:00 done case C-0100 round=2 result=true
2026-06-13T21:36:32.302884+00:00 done case C-0101 round=2 result=true
2026-06-13T21:36:32.470039+00:00 done case C-0102 round=2 result=true
2026-06-13T21:36:33.526974+00:00 done case C-0103 round=2 result=true
2026-06-13T21:36:33.691199+00:00 done case C-0104 round=2 result=true
2026-06-13T21:36:33.851893+00:00 done case C-0105 round=2 result=true
2026-06-13T21:36:34.013461+00:00 done case C-0106 round=2 result=true
2026-06-13T21:36:34.179935+00:00 done case C-0107 round=2 result=true
2026-06-13T21:36:34.357468+00:00 done case C-0108 round=2 result=true
2026-06-13T21:36:35.380649+00:00 done case C-0109 round=2 result=true
2026-06-13T21:36:35.535028+00:00 done case C-0110 round=2 result=true
2026-06-13T21:36:35.702117+00:00 done case C-0111 round=2 result=true
2026-06-13T21:36:35.869186+00:00 done case C-0112 round=2 result=true
2026-06-13T21:36:36.034915+00:00 done case C-0113 round=2 result=true
2026-06-13T21:36:36.213371+00:00 done case C-0114 round=2 result=true
2026-06-13T21:36:37.258332+00:00 done case C-0115 round=2 result=true
2026-06-13T21:36:37.413237+00:00 done case C-0116 round=2 result=true
2026-06-13T21:36:37.569422+00:00 done case C-0117 round=2 result=true
2026-06-13T21:36:37.725612+00:00 done case C-0118 round=2 result=true
2026-06-13T21:36:37.890998+00:00 done case C-0119 round=2 result=true
2026-06-13T21:36:38.046664+00:00 done case C-0120 round=2 result=true
2026-06-13T21:36:39.091175+00:00 done case C-0121 round=2 result=true
2026-06-13T21:36:39.246328+00:00 done case C-0122 round=2 result=true
2026-06-13T21:36:39.403235+00:00 done case C-0123 round=2 result=true
2026-06-13T21:36:39.569030+00:00 done case C-0124 round=2 result=true
2026-06-13T21:36:39.735203+00:00 done case C-0125 round=2 result=true
2026-06-13T21:36:39.902993+00:00 done case C-0126 round=2 result=true
2026-06-13T21:36:40.925459+00:00 done case C-0127 round=2 result=true
2026-06-13T21:36:41.079553+00:00 done case C-0128 round=2 result=true
2026-06-13T21:36:41.234968+00:00 done case C-0129 round=2 result=true
2026-06-13T21:36:41.401992+00:00 done case C-0130 round=2 result=true
2026-06-13T21:36:41.558551+00:00 done case C-0131 round=2 result=true
2026-06-13T21:36:41.728311+00:00 done case C-0132 round=2 result=true
2026-06-13T21:36:41.890928+00:00 done case C-0133 round=2 result=true
2026-06-13T21:36:42.948053+00:00 done case C-0134 round=2 result=true
2026-06-13T21:36:43.114454+00:00 done case C-0135 round=2 result=true
2026-06-13T21:36:43.282104+00:00 done case C-0136 round=2 result=true
2026-06-13T21:36:43.450893+00:00 done case C-0137 round=2 result=true
2026-06-13T21:36:43.616116+00:00 done case C-0138 round=2 result=true
2026-06-13T21:36:43.789532+00:00 done case C-0139 round=2 result=true
2026-06-13T21:36:44.629480+00:00 done case C-0140 round=2 result=true
2026-06-13T21:36:44.772402+00:00 done case C-0141 round=2 result=true
2026-06-13T21:36:44.934932+00:00 done case C-0142 round=2 result=true
2026-06-13T21:36:45.099698+00:00 done case C-0143 round=2 result=true
2026-06-13T21:36:45.257421+00:00 done case C-0144 round=2 result=true
2026-06-13T21:36:45.413874+00:00 done case C-0145 round=2 result=true
2026-06-13T21:36:46.493922+00:00 done case C-0146 round=2 result=true
2026-06-13T21:36:47.539412+00:00 done case C-0147 round=2 result=true
2026-06-13T21:36:48.581422+00:00 done case C-0148 round=2 result=true
2026-06-13T21:36:49.601926+00:00 done case C-0149 round=2 result=true
2026-06-13T21:36:50.639023+00:00 done case C-0150 round=2 result=true
2026-06-13T21:36:51.673286+00:00 done case C-0151 round=2 result=true
2026-06-13T21:36:51.827642+00:00 done case C-0152 round=2 result=true
2026-06-13T21:36:52.857810+00:00 done case C-0153 round=2 result=true
2026-06-13T21:36:53.891922+00:00 done case C-0154 round=2 result=true
2026-06-13T21:36:54.902787+00:00 done case C-0155 round=2 result=true
2026-06-13T21:36:55.924676+00:00 done case C-0156 round=2 result=true
2026-06-13T21:36:56.091577+00:00 done case C-0157 round=2 result=true
2026-06-13T21:36:56.913288+00:00 done case C-0158 round=2 result=true
2026-06-13T21:36:57.957437+00:00 done case C-0159 round=2 result=true
2026-06-13T21:36:58.113158+00:00 done case C-0160 round=2 result=true
2026-06-13T21:36:58.268624+00:00 done case C-0161 round=2 result=true
2026-06-13T21:36:58.424073+00:00 done case C-0162 round=2 result=true
2026-06-13T21:36:58.585314+00:00 done case C-0163 round=2 result=true
2026-06-13T21:36:58.738603+00:00 done case C-0164 round=2 result=true
2026-06-13T21:36:59.748701+00:00 done case C-0165 round=2 result=true
2026-06-13T21:36:59.902657+00:00 done case C-0166 round=2 result=true
2026-06-13T21:37:00.057260+00:00 done case C-0167 round=2 result=true
2026-06-13T21:37:00.212497+00:00 done case C-0168 round=2 result=true
2026-06-13T21:37:00.357501+00:00 done case C-0169 round=2 result=true
2026-06-13T21:37:00.503747+00:00 done case C-0170 round=2 result=true
2026-06-13T21:37:00.656792+00:00 done case C-0171 round=2 result=true
2026-06-13T21:37:01.668995+00:00 done case C-0172 round=2 result=true
2026-06-13T21:37:01.828617+00:00 done case C-0173 round=2 result=true
2026-06-13T21:37:01.986002+00:00 done case C-0174 round=2 result=true
2026-06-13T21:37:02.138116+00:00 done case C-0175 round=2 result=true
2026-06-13T21:37:02.294578+00:00 done case C-0176 round=2 result=true
2026-06-13T21:37:02.452582+00:00 done case C-0177 round=2 result=true
2026-06-13T21:37:03.446595+00:00 done case C-0178 round=2 result=true
2026-06-13T21:37:03.608470+00:00 done case C-0179 round=2 result=true
2026-06-13T21:37:03.760570+00:00 done case C-0180 round=2 result=true
2026-06-13T21:37:03.916326+00:00 done case C-0181 round=2 result=true
2026-06-13T21:37:04.074484+00:00 done case C-0182 round=2 result=true
2026-06-13T21:37:04.224712+00:00 done case C-0183 round=2 result=true
2026-06-13T21:37:04.379409+00:00 done case C-0184 round=2 result=true
2026-06-13T21:37:05.392159+00:00 done case C-0185 round=2 result=true
2026-06-13T21:37:05.545832+00:00 done case C-0186 round=2 result=true
2026-06-13T21:37:05.691034+00:00 done case C-0187 round=2 result=true
2026-06-13T21:37:05.846593+00:00 done case C-0188 round=2 result=true
2026-06-13T21:37:06.001474+00:00 done case C-0189 round=2 result=true
2026-06-13T21:37:06.146661+00:00 done case C-0190 round=2 result=true
2026-06-13T21:37:06.937700+00:00 done case C-0191 round=2 result=true
2026-06-13T21:37:07.091399+00:00 done case C-0192 round=2 result=true
2026-06-13T21:37:07.249643+00:00 done case C-0193 round=2 result=true
2026-06-13T21:37:07.410358+00:00 done case C-0194 round=2 result=true
2026-06-13T21:37:07.559201+00:00 done case C-0195 round=2 result=true
2026-06-13T21:37:07.714088+00:00 done case C-0196 round=2 result=true
2026-06-13T21:37:07.869079+00:00 done case C-0197 round=2 result=true
2026-06-13T21:37:08.926269+00:00 done case C-0198 round=2 result=true
2026-06-13T21:37:09.958462+00:00 done case C-0199 round=2 result=true
2026-06-13T21:37:10.958913+00:00 done case C-0200 round=2 result=true
2026-06-13T21:37:11.989552+00:00 done case C-0201 round=2 result=true
2026-06-13T21:37:12.148065+00:00 done case C-0202 round=2 result=true
2026-06-13T21:37:13.148042+00:00 done case C-0203 round=2 result=true
2026-06-13T21:37:13.942725+00:00 done case C-0204 round=2 result=true
2026-06-13T21:37:14.968546+00:00 done case C-0205 round=2 result=true
2026-06-13T21:37:15.113769+00:00 done case C-0206 round=2 result=true
2026-06-13T21:37:15.270154+00:00 done case C-0207 round=2 result=true
2026-06-13T21:37:15.424609+00:00 done case C-0208 round=2 result=true
2026-06-13T21:37:15.579287+00:00 done case C-0209 round=2 result=true
2026-06-13T21:37:15.747092+00:00 done case C-0210 round=2 result=true
2026-06-13T21:37:15.912877+00:00 done case C-0211 round=2 result=true
2026-06-13T21:37:16.914478+00:00 done case C-0212 round=2 result=true
2026-06-13T21:37:17.080276+00:00 done case C-0213 round=2 result=true
2026-06-13T21:37:17.247506+00:00 done case C-0214 round=2 result=true
2026-06-13T21:37:17.413414+00:00 done case C-0215 round=2 result=true
2026-06-13T21:37:17.583990+00:00 done case C-0216 round=2 result=true
2026-06-13T21:37:17.746254+00:00 done case C-0217 round=2 result=true
2026-06-13T21:37:18.758124+00:00 done case C-0218 round=2 result=true
2026-06-13T21:37:18.917882+00:00 done case C-0219 round=2 result=true
2026-06-13T21:37:19.068326+00:00 done case C-0220 round=2 result=true
2026-06-13T21:37:19.213211+00:00 done case C-0221 round=2 result=true
2026-06-13T21:37:19.367982+00:00 done case C-0222 round=2 result=true
2026-06-13T21:37:19.520837+00:00 done case C-0223 round=2 result=true
2026-06-13T21:37:20.516512+00:00 done case C-0224 round=2 result=true
2026-06-13T21:37:20.667855+00:00 done case C-0225 round=2 result=true
2026-06-13T21:37:20.812263+00:00 done case C-0226 round=2 result=true
2026-06-13T21:37:20.967607+00:00 done case C-0227 round=2 result=true
2026-06-13T21:37:21.129088+00:00 done case C-0228 round=2 result=true
2026-06-13T21:37:21.301219+00:00 done case C-0229 round=2 result=true
2026-06-13T21:37:21.446773+00:00 done case C-0230 round=2 result=true
2026-06-13T21:37:22.436283+00:00 done case C-0231 round=2 result=true
2026-06-13T21:37:22.590034+00:00 done case C-0232 round=2 result=true
2026-06-13T21:37:22.747375+00:00 done case C-0233 round=2 result=true
2026-06-13T21:37:22.903172+00:00 done case C-0234 round=2 result=true
2026-06-13T21:37:23.057517+00:00 done case C-0235 round=2 result=true
2026-06-13T21:37:23.216244+00:00 done case C-0236 round=2 result=true
2026-06-13T21:37:23.787662+00:00 done case C-0237 round=2 result=true
2026-06-13T21:37:23.965817+00:00 done case C-0238 round=2 result=true
2026-06-13T21:37:24.115062+00:00 done case C-0239 round=2 result=true
2026-06-13T21:37:24.271216+00:00 done case C-0240 round=2 result=true
2026-06-13T21:37:24.426625+00:00 done case C-0241 round=2 result=true
2026-06-13T21:37:24.581358+00:00 done case C-0242 round=2 result=true
2026-06-13T21:37:25.600428+00:00 done case C-0243 round=2 result=true
2026-06-13T21:37:25.745104+00:00 done case C-0244 round=2 result=true
2026-06-13T21:37:26.769042+00:00 done case C-0245 round=2 result=true
2026-06-13T21:37:27.784072+00:00 done case C-0246 round=2 result=true
2026-06-13T21:37:28.582854+00:00 done case C-0247 round=2 result=true
2026-06-13T21:37:29.637917+00:00 done case C-0248 round=2 result=true
2026-06-13T21:37:29.803788+00:00 done case C-0249 round=2 result=true
2026-06-13T21:37:30.840018+00:00 done case C-0250 round=2 result=true
2026-06-13T21:37:31.568159+00:00 done case C-0251 round=2 result=true
2026-06-13T21:37:32.593196+00:00 done case C-0252 round=2 result=true
2026-06-13T21:37:32.747110+00:00 done case C-0253 round=2 result=true
2026-06-13T21:37:32.903643+00:00 done case C-0254 round=2 result=true
2026-06-13T21:37:33.067320+00:00 done case C-0255 round=2 result=true
2026-06-13T21:37:33.215547+00:00 done case C-0256 round=2 result=true
2026-06-13T21:37:33.364680+00:00 done case C-0257 round=2 result=true
2026-06-13T21:37:33.515236+00:00 done case C-0258 round=2 result=true
2026-06-13T21:37:34.304281+00:00 done case C-0259 round=2 result=true
2026-06-13T21:37:34.469650+00:00 done case C-0260 round=2 result=true
2026-06-13T21:37:34.611807+00:00 done case C-0261 round=2 result=true
2026-06-13T21:37:34.769484+00:00 done case C-0262 round=2 result=true
2026-06-13T21:37:34.923967+00:00 done case C-0263 round=2 result=true
2026-06-13T21:37:35.081809+00:00 done case C-0264 round=2 result=true
2026-06-13T21:37:35.280433+00:00 done case C-0265 round=2 result=true
2026-06-13T21:37:35.427712+00:00 done case C-0266 round=2 result=true
2026-06-13T21:37:35.576924+00:00 done case C-0267 round=2 result=true
2026-06-13T21:37:35.736231+00:00 done case C-0268 round=2 result=true
2026-06-13T21:37:35.892335+00:00 done case C-0269 round=2 result=true
2026-06-13T21:37:36.052579+00:00 done case C-0270 round=2 result=true
2026-06-13T21:37:36.200277+00:00 done case C-0271 round=2 result=true
2026-06-13T21:37:36.345302+00:00 done case C-0272 round=2 result=true
2026-06-13T21:37:36.493317+00:00 done case C-0273 round=2 result=true
2026-06-13T21:37:36.658051+00:00 done case C-0274 round=2 result=true
2026-06-13T21:37:36.805293+00:00 done case C-0275 round=2 result=true
2026-06-13T21:37:36.974763+00:00 done case C-0276 round=2 result=true
2026-06-13T21:37:37.127762+00:00 done case C-0277 round=2 result=true
2026-06-13T21:37:37.285347+00:00 done case C-0278 round=2 result=true
2026-06-13T21:37:37.440079+00:00 done case C-0279 round=2 result=true
2026-06-13T21:37:37.599868+00:00 done case C-0280 round=2 result=true
2026-06-13T21:37:37.749181+00:00 done case C-0281 round=2 result=true
2026-06-13T21:37:37.901485+00:00 done case C-0282 round=2 result=true
2026-06-13T21:37:38.047805+00:00 done case C-0283 round=2 result=true
2026-06-13T21:37:38.189844+00:00 done case C-0284 round=2 result=true
2026-06-13T21:37:38.339056+00:00 done case C-0285 round=2 result=true
2026-06-13T21:37:38.496459+00:00 done case C-0286 round=2 result=true
2026-06-13T21:37:38.646254+00:00 done case C-0287 round=2 result=true
2026-06-13T21:37:38.791159+00:00 done case C-0288 round=2 result=true
2026-06-13T21:37:38.947816+00:00 done case C-0289 round=2 result=true
2026-06-13T21:37:39.092829+00:00 done case C-0290 round=2 result=true
2026-06-13T21:37:39.245649+00:00 done case C-0291 round=2 result=true
2026-06-13T21:37:39.393844+00:00 done case C-0292 round=2 result=true
2026-06-13T21:37:39.545538+00:00 done case C-0293 round=2 result=true
2026-06-13T21:37:39.692887+00:00 done case C-0294 round=2 result=true
2026-06-13T21:37:39.845664+00:00 done case C-0295 round=2 result=true
2026-06-13T21:37:40.868348+00:00 done case C-0296 round=2 result=true
2026-06-13T21:37:41.020287+00:00 done case C-0297 round=2 result=true
2026-06-13T21:37:41.173278+00:00 done case C-0298 round=2 result=true
2026-06-13T21:37:41.319757+00:00 done case C-0299 round=2 result=true
2026-06-13T21:37:41.469093+00:00 done case C-0300 round=2 result=true
2026-06-13T21:37:41.624872+00:00 done case C-0301 round=2 result=true
2026-06-13T21:37:41.781504+00:00 done case C-0302 round=2 result=true
2026-06-13T21:37:42.820073+00:00 done case C-0303 round=2 result=true
2026-06-13T21:37:42.969319+00:00 done case C-0304 round=2 result=true
2026-06-13T21:37:43.126211+00:00 done case C-0305 round=2 result=true
2026-06-13T21:37:43.279506+00:00 done case C-0306 round=2 result=true
2026-06-13T21:37:43.435287+00:00 done case C-0307 round=2 result=true
2026-06-13T21:37:43.578884+00:00 done case C-0308 round=2 result=true
2026-06-13T21:37:44.572759+00:00 done case C-0309 round=2 result=true
2026-06-13T21:37:44.728781+00:00 done case C-0310 round=2 result=true
2026-06-13T21:37:44.883394+00:00 done case C-0311 round=2 result=true
2026-06-13T21:37:45.037074+00:00 done case C-0312 round=2 result=true
2026-06-13T21:37:45.191419+00:00 done case C-0313 round=2 result=true
2026-06-13T21:37:45.340863+00:00 done case C-0314 round=2 result=true
2026-06-13T21:37:45.492002+00:00 done case C-0315 round=2 result=true
2026-06-13T21:37:46.487918+00:00 done case C-0316 round=2 result=true
2026-06-13T21:37:46.643134+00:00 done case C-0317 round=2 result=true
2026-06-13T21:37:46.789466+00:00 done case C-0318 round=2 result=true
2026-06-13T21:37:46.952760+00:00 done case C-0319 round=2 result=true
2026-06-13T21:37:47.113922+00:00 done case C-0320 round=2 result=true
2026-06-13T21:37:47.249511+00:00 done case C-0321 round=2 result=true
2026-06-13T21:37:48.238965+00:00 done case C-0322 round=2 result=true
2026-06-13T21:37:48.416056+00:00 done case C-0323 round=2 result=true
2026-06-13T21:37:48.564768+00:00 done case C-0324 round=2 result=true
2026-06-13T21:37:48.715720+00:00 done case C-0325 round=2 result=true
2026-06-13T21:37:48.849059+00:00 done case C-0326 round=2 result=true
2026-06-13T21:37:48.982362+00:00 done case C-0327 round=2 result=true
2026-06-13T21:37:49.120036+00:00 done case C-0328 round=2 result=true
2026-06-13T21:37:50.107766+00:00 done case C-0329 round=2 result=true
2026-06-13T21:37:50.252619+00:00 done case C-0330 round=2 result=true
2026-06-13T21:37:50.395416+00:00 done case C-0331 round=2 result=true
2026-06-13T21:37:50.548840+00:00 done case C-0332 round=2 result=true
2026-06-13T21:37:50.693198+00:00 done case C-0333 round=2 result=true
2026-06-13T21:37:50.830727+00:00 done case C-0334 round=2 result=true
2026-06-13T21:37:50.978771+00:00 done case C-0335 round=2 result=true
2026-06-13T21:37:51.962682+00:00 done case C-0336 round=2 result=true
2026-06-13T21:37:52.125773+00:00 done case C-0337 round=2 result=true
2026-06-13T21:37:52.292701+00:00 done case C-0338 round=2 result=true
2026-06-13T21:37:52.454585+00:00 done case C-0339 round=2 result=true
2026-06-13T21:37:52.604996+00:00 done case C-0340 round=2 result=true
2026-06-13T21:37:52.758661+00:00 done case C-0341 round=2 result=true
2026-06-13T21:37:53.548989+00:00 done case C-0342 round=2 result=true
2026-06-13T21:37:53.693685+00:00 done case C-0343 round=2 result=true
2026-06-13T21:37:53.839286+00:00 done case C-0344 round=2 result=true
2026-06-13T21:37:53.992510+00:00 done case C-0345 round=2 result=true
2026-06-13T21:37:54.138390+00:00 done case C-0346 round=2 result=true
2026-06-13T21:37:54.281913+00:00 done case C-0347 round=2 result=true
2026-06-13T21:37:54.426227+00:00 done case C-0348 round=2 result=true
2026-06-13T21:37:55.443356+00:00 done case C-0349 round=2 result=true
2026-06-13T21:37:55.594006+00:00 done case C-0350 round=2 result=true
2026-06-13T21:37:56.598701+00:00 done case C-0351 round=2 result=true
2026-06-13T21:37:57.640050+00:00 done case C-0352 round=2 result=true
2026-06-13T21:37:58.649519+00:00 done case C-0353 round=2 result=true
2026-06-13T21:37:59.673362+00:00 done case C-0354 round=2 result=true
2026-06-13T21:38:00.498308+00:00 done case C-0355 round=2 result=true
2026-06-13T21:38:01.594220+00:00 done case C-0356 round=2 result=true
2026-06-13T21:38:01.773290+00:00 done case C-0357 round=2 result=true
2026-06-13T21:38:01.926673+00:00 done case C-0358 round=2 result=true
2026-06-13T21:38:02.088177+00:00 done case C-0359 round=2 result=true
2026-06-13T21:38:02.244376+00:00 done case C-0360 round=2 result=true
2026-06-13T21:38:02.397487+00:00 done case C-0361 round=2 result=true
2026-06-13T21:38:02.552695+00:00 done case C-0362 round=2 result=true
2026-06-13T21:38:03.577516+00:00 done case C-0363 round=2 result=true
2026-06-13T21:38:03.732528+00:00 done case C-0364 round=2 result=true
2026-06-13T21:38:03.891640+00:00 done case C-0365 round=2 result=true
2026-06-13T21:38:04.037870+00:00 done case C-0366 round=2 result=true
2026-06-13T21:38:04.190155+00:00 done case C-0367 round=2 result=true
2026-06-13T21:38:04.337748+00:00 done case C-0368 round=2 result=true
2026-06-13T21:38:05.357592+00:00 done case C-0369 round=2 result=true
2026-06-13T21:38:05.508538+00:00 done case C-0370 round=2 result=true
2026-06-13T21:38:05.666632+00:00 done case C-0371 round=2 result=true
2026-06-13T21:38:05.812807+00:00 done case C-0372 round=2 result=true
2026-06-13T21:38:05.958993+00:00 done case C-0373 round=2 result=true
2026-06-13T21:38:06.102908+00:00 done case C-0374 round=2 result=true
2026-06-13T21:38:06.255408+00:00 done case C-0375 round=2 result=true
2026-06-13T21:38:07.280895+00:00 done case C-0376 round=2 result=true
2026-06-13T21:38:07.434583+00:00 done case C-0377 round=2 result=true
2026-06-13T21:38:07.577738+00:00 done case C-0378 round=2 result=true
2026-06-13T21:38:07.745195+00:00 done case C-0379 round=2 result=true
2026-06-13T21:38:07.888727+00:00 done case C-0380 round=2 result=true
2026-06-13T21:38:08.037053+00:00 done case C-0381 round=2 result=true
2026-06-13T21:38:09.055647+00:00 done case C-0382 round=2 result=true
2026-06-13T21:38:09.189541+00:00 done case C-0383 round=2 result=true
2026-06-13T21:38:09.333383+00:00 done case C-0384 round=2 result=true
2026-06-13T21:38:09.489504+00:00 done case C-0385 round=2 result=true
2026-06-13T21:38:09.635890+00:00 done case C-0386 round=2 result=true
2026-06-13T21:38:09.778683+00:00 done case C-0387 round=2 result=true
2026-06-13T21:38:09.922886+00:00 done case C-0388 round=2 result=true
2026-06-13T21:38:10.934034+00:00 done case C-0389 round=2 result=true
2026-06-13T21:38:11.078348+00:00 done case C-0390 round=2 result=true
2026-06-13T21:38:11.235866+00:00 done case C-0391 round=2 result=true
2026-06-13T21:38:11.399480+00:00 done case C-0392 round=2 result=true
2026-06-13T21:38:12.411695+00:00 done case C-0393 round=2 result=true
2026-06-13T21:38:13.434643+00:00 done case C-0394 round=2 result=true
2026-06-13T21:38:14.234511+00:00 done case C-0395 round=2 result=true
2026-06-13T21:38:14.378058+00:00 done case C-0396 round=2 result=true
2026-06-13T21:38:15.423037+00:00 done case C-0397 round=2 result=true
2026-06-13T21:38:16.004822+00:00 done case C-0398 round=2 result=true
2026-06-13T21:38:16.167814+00:00 done case C-0399 round=2 result=true
2026-06-13T21:38:17.155188+00:00 done case C-0400 round=2 result=true
2026-06-13T21:38:17.300073+00:00 done case C-0401 round=2 result=true
2026-06-13T21:38:17.435719+00:00 done case C-0402 round=2 result=true
2026-06-13T21:38:17.577619+00:00 done case C-0403 round=2 result=true
2026-06-13T21:38:17.724152+00:00 done case C-0404 round=2 result=true
2026-06-13T21:38:17.883539+00:00 done case C-0405 round=2 result=true
2026-06-13T21:38:18.034079+00:00 done case C-0406 round=2 result=true
2026-06-13T21:38:19.021837+00:00 done case C-0407 round=2 result=true
2026-06-13T21:38:19.168542+00:00 done case C-0408 round=2 result=true
2026-06-13T21:38:19.312317+00:00 done case C-0409 round=2 result=true
2026-06-13T21:38:19.457398+00:00 done case C-0410 round=2 result=true
2026-06-13T21:38:19.601173+00:00 done case C-0411 round=2 result=true
2026-06-13T21:38:19.758529+00:00 done case C-0412 round=2 result=true
2026-06-13T21:38:19.917331+00:00 done case C-0413 round=2 result=true
2026-06-13T21:38:20.912710+00:00 done case C-0414 round=2 result=true
2026-06-13T21:38:21.072900+00:00 done case C-0415 round=2 result=true
2026-06-13T21:38:21.223388+00:00 done case C-0416 round=2 result=true
2026-06-13T21:38:21.377885+00:00 done case C-0417 round=2 result=true
2026-06-13T21:38:21.528329+00:00 done case C-0418 round=2 result=true
2026-06-13T21:38:21.690239+00:00 done case C-0419 round=2 result=true
2026-06-13T21:38:21.838012+00:00 done case C-0420 round=2 result=true
2026-06-13T21:38:22.837770+00:00 done case C-0421 round=2 result=true
2026-06-13T21:38:22.994665+00:00 done case C-0422 round=2 result=true
2026-06-13T21:38:23.155257+00:00 done case C-0423 round=2 result=true
2026-06-13T21:38:23.304570+00:00 done case C-0424 round=2 result=true
2026-06-13T21:38:23.467248+00:00 done case C-0425 round=2 result=true
2026-06-13T21:38:23.615565+00:00 done case C-0426 round=2 result=true
2026-06-13T21:38:24.405530+00:00 done case C-0427 round=2 result=true
2026-06-13T21:38:24.566632+00:00 done case C-0428 round=2 result=true
2026-06-13T21:38:24.712043+00:00 done case C-0429 round=2 result=true
2026-06-13T21:38:24.856664+00:00 done case C-0430 round=2 result=true
2026-06-13T21:38:25.004976+00:00 done case C-0431 round=2 result=true
2026-06-13T21:38:25.173099+00:00 done case C-0432 round=2 result=true
2026-06-13T21:38:25.323919+00:00 done case C-0433 round=2 result=true
2026-06-13T21:38:25.505199+00:00 done case C-0434 round=2 result=true
2026-06-13T21:38:25.663083+00:00 done case C-0435 round=2 result=true
2026-06-13T21:38:25.815277+00:00 done case C-0436 round=2 result=true
2026-06-13T21:38:25.974590+00:00 done case C-0437 round=2 result=true
2026-06-13T21:38:26.154456+00:00 done case C-0438 round=2 result=true
2026-06-13T21:38:26.335639+00:00 done case C-0439 round=2 result=true
2026-06-13T21:38:26.514865+00:00 done case C-0440 round=2 result=true
2026-06-13T21:38:26.682731+00:00 done case C-0441 round=2 result=true
2026-06-13T21:38:26.848895+00:00 done case C-0442 round=2 result=true
2026-06-13T21:38:27.020341+00:00 done case C-0443 round=2 result=true
2026-06-13T21:38:27.178974+00:00 done case C-0444 round=2 result=true
2026-06-13T21:38:27.345845+00:00 done case C-0445 round=2 result=true
2026-06-13T21:38:27.502137+00:00 done case C-0446 round=2 result=true
2026-06-13T21:38:27.656028+00:00 done case C-0447 round=2 result=true
2026-06-13T21:38:27.824192+00:00 done case C-0448 round=2 result=true
2026-06-13T21:38:27.980156+00:00 done case C-0449 round=2 result=true
2026-06-13T21:38:28.146363+00:00 done case C-0450 round=2 result=true
2026-06-13T21:38:28.301271+00:00 done case C-0451 round=2 result=true
2026-06-13T21:38:28.470681+00:00 done case C-0452 round=2 result=true
2026-06-13T21:38:28.633705+00:00 done case C-0453 round=2 result=true
2026-06-13T21:38:29.701512+00:00 done case C-0454 round=2 result=true
2026-06-13T21:38:29.857527+00:00 done case C-0455 round=2 result=true
2026-06-13T21:38:30.025103+00:00 done case C-0456 round=2 result=true
2026-06-13T21:38:30.183992+00:00 done case C-0457 round=2 result=true
2026-06-13T21:38:30.346604+00:00 done case C-0458 round=2 result=true
2026-06-13T21:38:30.513065+00:00 done case C-0459 round=2 result=true
2026-06-13T21:38:31.533274+00:00 done case C-0460 round=2 result=true
2026-06-13T21:38:31.684847+00:00 done case C-0461 round=2 result=true
2026-06-13T21:38:31.837537+00:00 done case C-0462 round=2 result=true
2026-06-13T21:38:31.986516+00:00 done case C-0463 round=2 result=true
2026-06-13T21:38:32.145758+00:00 done case C-0464 round=2 result=true
2026-06-13T21:38:32.317466+00:00 done case C-0465 round=2 result=true
2026-06-13T21:38:33.361635+00:00 done case C-0466 round=2 result=true
2026-06-13T21:38:33.529305+00:00 done case C-0467 round=2 result=true
2026-06-13T21:38:33.687029+00:00 done case C-0468 round=2 result=true
2026-06-13T21:38:33.850154+00:00 done case C-0469 round=2 result=true
2026-06-13T21:38:34.012535+00:00 done case C-0470 round=2 result=true
2026-06-13T21:38:34.172194+00:00 done case C-0471 round=2 result=true
2026-06-13T21:38:35.202807+00:00 done case C-0472 round=2 result=true
2026-06-13T21:38:35.357487+00:00 done case C-0473 round=2 result=true
2026-06-13T21:38:35.514625+00:00 done case C-0474 round=2 result=true
2026-06-13T21:38:35.659483+00:00 done case C-0475 round=2 result=true
2026-06-13T21:38:35.820266+00:00 done case C-0476 round=2 result=true
2026-06-13T21:38:35.980994+00:00 done case C-0477 round=2 result=true
2026-06-13T21:38:37.003296+00:00 done case C-0478 round=2 result=true
2026-06-13T21:38:37.177977+00:00 done case C-0479 round=2 result=true
2026-06-13T21:38:37.336597+00:00 done case C-0480 round=2 result=true
2026-06-13T21:38:37.496978+00:00 done case C-0481 round=2 result=true
2026-06-13T21:38:37.664704+00:00 done case C-0482 round=2 result=true
2026-06-13T21:38:37.837605+00:00 done case C-0483 round=2 result=true
2026-06-13T21:38:37.994219+00:00 done case C-0484 round=2 result=true
2026-06-13T21:38:39.043285+00:00 done case C-0485 round=2 result=true
2026-06-13T21:38:39.214045+00:00 done case C-0486 round=2 result=true
2026-06-13T21:38:39.374675+00:00 done case C-0487 round=2 result=true
2026-06-13T21:38:39.549016+00:00 done case C-0488 round=2 result=true
2026-06-13T21:38:39.714575+00:00 done case C-0489 round=2 result=true
2026-06-13T21:38:39.870834+00:00 done case C-0490 round=2 result=true
2026-06-13T21:38:40.902435+00:00 done case C-0491 round=2 result=true
2026-06-13T21:38:41.075505+00:00 done case C-0492 round=2 result=true
2026-06-13T21:38:41.242296+00:00 done case C-0493 round=2 result=true
2026-06-13T21:38:41.406582+00:00 done case C-0494 round=2 result=true
2026-06-13T21:38:41.574355+00:00 done case C-0495 round=2 result=true
2026-06-13T21:38:41.737734+00:00 done case C-0496 round=2 result=true
2026-06-13T21:38:42.763806+00:00 done case C-0497 round=2 result=true
2026-06-13T21:38:42.932505+00:00 done case C-0498 round=2 result=true
2026-06-13T21:38:43.101174+00:00 done case C-0499 round=2 result=true
2026-06-13T21:38:43.261379+00:00 done case C-0500 round=2 result=true
2026-06-13T21:38:43.430817+00:00 done case C-0501 round=2 result=true
2026-06-13T21:38:43.593817+00:00 done case C-0502 round=2 result=true
2026-06-13T21:38:44.425725+00:00 done case C-0503 round=2 result=true
2026-06-13T21:38:44.593232+00:00 done case C-0504 round=2 result=true
2026-06-13T21:38:44.770586+00:00 done case C-0505 round=2 result=true
2026-06-13T21:38:44.925592+00:00 done case C-0506 round=2 result=true
2026-06-13T21:38:45.081628+00:00 done case C-0507 round=2 result=true
2026-06-13T21:38:45.242305+00:00 done case C-0508 round=2 result=true
2026-06-13T21:38:46.338126+00:00 done case C-0509 round=2 result=true
2026-06-13T21:38:46.506534+00:00 done case C-0510 round=2 result=true
2026-06-13T21:38:46.667627+00:00 done case C-0511 round=2 result=true
2026-06-13T21:38:46.842041+00:00 done case C-0512 round=2 result=true
2026-06-13T21:38:46.999382+00:00 done case C-0513 round=2 result=true
2026-06-13T21:38:47.164956+00:00 done case C-0514 round=2 result=true
2026-06-13T21:38:48.174372+00:00 done case C-0515 round=2 result=true
2026-06-13T21:38:48.337433+00:00 done case C-0516 round=2 result=true
2026-06-13T21:38:48.490257+00:00 done case C-0517 round=2 result=true
2026-06-13T21:38:48.648902+00:00 done case C-0518 round=2 result=true
2026-06-13T21:38:48.824945+00:00 done case C-0519 round=2 result=true
2026-06-13T21:38:48.978065+00:00 done case C-0520 round=2 result=true
2026-06-13T21:38:50.006630+00:00 done case C-0521 round=2 result=true
2026-06-13T21:38:50.138625+00:00 done case C-0522 round=2 result=true
2026-06-13T21:38:50.289989+00:00 done case C-0523 round=2 result=true
2026-06-13T21:38:50.444478+00:00 done case C-0524 round=2 result=true
2026-06-13T21:38:50.605747+00:00 done case C-0525 round=2 result=true
2026-06-13T21:38:50.751756+00:00 done case C-0526 round=2 result=true
2026-06-13T21:38:51.422780+00:00 done case C-0527 round=2 result=true
2026-06-13T21:38:51.569063+00:00 done case C-0528 round=2 result=true
2026-06-13T21:38:51.722636+00:00 done case C-0529 round=2 result=true
2026-06-13T21:38:51.889111+00:00 done case C-0530 round=2 result=true
2026-06-13T21:38:52.044443+00:00 done case C-0531 round=2 result=true
2026-06-13T21:38:52.211313+00:00 done case C-0532 round=2 result=true
2026-06-13T21:38:52.357776+00:00 done case C-0533 round=2 result=true
2026-06-13T21:38:52.545817+00:00 done case C-0534 round=2 result=true
2026-06-13T21:38:52.699934+00:00 done case C-0535 round=2 result=true
2026-06-13T21:38:52.857309+00:00 done case C-0536 round=2 result=true
2026-06-13T21:38:53.010900+00:00 done case C-0537 round=2 result=true
2026-06-13T21:38:53.156417+00:00 done case C-0538 round=2 result=true
2026-06-13T21:38:53.333067+00:00 done case C-0539 round=2 result=true
2026-06-13T21:38:53.488924+00:00 done case C-0540 round=2 result=true
2026-06-13T21:38:53.644543+00:00 done case C-0541 round=2 result=true
2026-06-13T21:38:53.799500+00:00 done case C-0542 round=2 result=true
2026-06-13T21:38:53.944536+00:00 done case C-0543 round=2 result=true
2026-06-13T21:38:54.096210+00:00 done case C-0544 round=2 result=true
2026-06-13T21:38:54.244328+00:00 done case C-0545 round=2 result=true
2026-06-13T21:38:54.399796+00:00 done case C-0546 round=2 result=true
2026-06-13T21:38:54.556039+00:00 done case C-0547 round=2 result=true
2026-06-13T21:38:54.710782+00:00 done case C-0548 round=2 result=true
2026-06-13T21:38:54.856645+00:00 done case C-0549 round=2 result=true
2026-06-13T21:38:55.011625+00:00 done case C-0550 round=2 result=true
2026-06-13T21:38:55.166748+00:00 done case C-0551 round=2 result=true
2026-06-13T21:38:55.334028+00:00 done case C-0552 round=2 result=true
2026-06-13T21:38:55.489956+00:00 done case C-0553 round=2 result=true
2026-06-13T21:38:55.644197+00:00 done case C-0554 round=2 result=true
2026-06-13T21:38:55.800168+00:00 done case C-0555 round=2 result=true
2026-06-13T21:38:55.956630+00:00 done case C-0556 round=2 result=true
2026-06-13T21:38:56.110713+00:00 done case C-0557 round=2 result=true
2026-06-13T21:38:56.266684+00:00 done case C-0558 round=2 result=true
2026-06-13T21:38:56.444497+00:00 done case C-0559 round=2 result=true
2026-06-13T21:38:56.589001+00:00 done case C-0560 round=2 result=true
2026-06-13T21:38:56.743930+00:00 done case C-0561 round=2 result=true
2026-06-13T21:38:56.899686+00:00 done case C-0562 round=2 result=true
2026-06-13T21:38:57.056081+00:00 done case C-0563 round=2 result=true
2026-06-13T21:38:57.210887+00:00 done case C-0564 round=2 result=true
2026-06-13T21:38:57.366634+00:00 done case C-0565 round=2 result=true
2026-06-13T21:38:57.522179+00:00 done case C-0566 round=2 result=true
2026-06-13T21:38:57.690620+00:00 done case C-0567 round=2 result=true
2026-06-13T21:38:57.847671+00:00 done case C-0568 round=2 result=true
2026-06-13T21:38:57.999681+00:00 done case C-0569 round=2 result=true
2026-06-13T21:38:58.155634+00:00 done case C-0570 round=2 result=true
2026-06-13T21:38:58.315086+00:00 done case C-0571 round=2 result=true
2026-06-13T21:38:58.478463+00:00 done case C-0572 round=2 result=true
2026-06-13T21:38:58.634231+00:00 done case C-0573 round=2 result=true
2026-06-13T21:38:58.791184+00:00 done case C-0574 round=2 result=true
2026-06-13T21:38:58.949331+00:00 done case C-0575 round=2 result=true
2026-06-13T21:38:59.115550+00:00 done case C-0576 round=2 result=true
2026-06-13T21:38:59.267126+00:00 done case C-0577 round=2 result=true
2026-06-13T21:38:59.422118+00:00 done case C-0578 round=2 result=true
