canonical_id,primary_identity,mathematical_maturity,external_evidence_maturity,final_disposition,reviewer_state,source_anchor_count,parent_count,child_count
A0,UNRESOLVED_IDENTITY,M0,E0,QUARANTINE_UNTIL_DEFINED,TASK99_MACHINE_TRIAGED_EXPLICIT_QUARANTINE,18,0,0
A01,UNRESOLVED_IDENTITY,M0,E0,QUARANTINE_UNTIL_DEFINED,TASK99_MACHINE_TRIAGED_EXPLICIT_QUARANTINE,13,0,0
A02,UNRESOLVED_IDENTITY,M0,E0,QUARANTINE_UNTIL_DEFINED,TASK99_MACHINE_TRIAGED_EXPLICIT_QUARANTINE,13,0,0
A03,UNRESOLVED_IDENTITY,M0,E0,QUARANTINE_UNTIL_DEFINED,TASK99_MACHINE_TRIAGED_EXPLICIT_QUARANTINE,13,0,0
A04,UNRESOLVED_IDENTITY,M0,E0,QUARANTINE_UNTIL_DEFINED,TASK99_MACHINE_TRIAGED_EXPLICIT_QUARANTINE,13,0,0
A05,UNRESOLVED_IDENTITY,M0,E0,QUARANTINE_UNTIL_DEFINED,TASK99_MACHINE_TRIAGED_EXPLICIT_QUARANTINE,13,0,0
A06,UNRESOLVED_IDENTITY,M0,E0,QUARANTINE_UNTIL_DEFINED,TASK99_MACHINE_TRIAGED_EXPLICIT_QUARANTINE,13,0,0
A08,UNRESOLVED_IDENTITY,M0,E0,QUARANTINE_UNTIL_DEFINED,TASK99_MACHINE_TRIAGED_EXPLICIT_QUARANTINE,15,0,0
A09,UNRESOLVED_IDENTITY,M0,E0,QUARANTINE_UNTIL_DEFINED,TASK99_MACHINE_TRIAGED_EXPLICIT_QUARANTINE,13,0,0
A1,GATE_OR_CLASSIFIER,M1,E0,QUARANTINE_UNTIL_DEFINED,TASK99_REPOSITORY_EVIDENCE_ADJUDICATED,80,2,10
A10,UNRESOLVED_IDENTITY,M0,E0,QUARANTINE_UNTIL_DEFINED,TASK99_MACHINE_TRIAGED_EXPLICIT_QUARANTINE,28,0,1
A100,UNRESOLVED_IDENTITY,M0,E0,QUARANTINE_UNTIL_DEFINED,TASK99_MACHINE_TRIAGED_EXPLICIT_QUARANTINE,17,0,0
A11,UNRESOLVED_IDENTITY,M0,E0,QUARANTINE_UNTIL_DEFINED,TASK99_MACHINE_TRIAGED_EXPLICIT_QUARANTINE,13,0,1
A12,UNRESOLVED_IDENTITY,M0,E0,QUARANTINE_UNTIL_DEFINED,TASK99_MACHINE_TRIAGED_EXPLICIT_QUARANTINE,13,0,1
A13,UNRESOLVED_IDENTITY,M0,E0,QUARANTINE_UNTIL_DEFINED,TASK99_MACHINE_TRIAGED_EXPLICIT_QUARANTINE,11,0,1
A14,UNRESOLVED_IDENTITY,M0,E0,QUARANTINE_UNTIL_DEFINED,TASK99_MACHINE_TRIAGED_EXPLICIT_QUARANTINE,2,0,0
A15,UNRESOLVED_IDENTITY,M0,E0,QUARANTINE_UNTIL_DEFINED,TASK99_MACHINE_TRIAGED_EXPLICIT_QUARANTINE,18,0,1
A2,SCORING_OR_INDEX_FUNCTION,M1,E0,QUARANTINE_UNTIL_DEFINED,TASK99_REPOSITORY_EVIDENCE_ADJUDICATED,57,3,4
A2603,UNRESOLVED_IDENTITY,M0,E0,QUARANTINE_UNTIL_DEFINED,TASK99_MACHINE_TRIAGED_EXPLICIT_QUARANTINE,1,0,0
A2626,UNRESOLVED_IDENTITY,M0,E0,QUARANTINE_UNTIL_DEFINED,TASK99_MACHINE_TRIAGED_EXPLICIT_QUARANTINE,1,0,0
A3,RELATION_OR_CONSTRAINT,M1,E0,QUARANTINE_UNTIL_DEFINED,TASK99_REPOSITORY_EVIDENCE_ADJUDICATED,58,2,10
A4,PARAMETRIC_MATHEMATICAL_MODEL,M1,E0,QUARANTINE_UNTIL_DEFINED,TASK99_REPOSITORY_EVIDENCE_ADJUDICATED,55,3,1
A5,SCORING_OR_INDEX_FUNCTION,M1,E0,QUARANTINE_UNTIL_DEFINED,TASK99_REPOSITORY_EVIDENCE_ADJUDICATED,96,3,34
A5000010988,UNRESOLVED_IDENTITY,M0,E0,QUARANTINE_UNTIL_DEFINED,TASK99_MACHINE_TRIAGED_EXPLICIT_QUARANTINE,1,0,0
A5000265174,UNRESOLVED_IDENTITY,M0,E0,QUARANTINE_UNTIL_DEFINED,TASK99_MACHINE_TRIAGED_EXPLICIT_QUARANTINE,1,0,0
A5000265513,UNRESOLVED_IDENTITY,M0,E0,QUARANTINE_UNTIL_DEFINED,TASK99_MACHINE_TRIAGED_EXPLICIT_QUARANTINE,1,0,0
A5000334658,UNRESOLVED_IDENTITY,M0,E0,QUARANTINE_UNTIL_DEFINED,TASK99_MACHINE_TRIAGED_EXPLICIT_QUARANTINE,1,0,0
A5000648368,UNRESOLVED_IDENTITY,M0,E0,QUARANTINE_UNTIL_DEFINED,TASK99_MACHINE_TRIAGED_EXPLICIT_QUARANTINE,1,0,0
A5001211242,UNRESOLVED_IDENTITY,M0,E0,QUARANTINE_UNTIL_DEFINED,TASK99_MACHINE_TRIAGED_EXPLICIT_QUARANTINE,1,0,0
A5001316926,UNRESOLVED_IDENTITY,M0,E0,QUARANTINE_UNTIL_DEFINED,TASK99_MACHINE_TRIAGED_EXPLICIT_QUARANTINE,1,0,0
A5001430505,UNRESOLVED_IDENTITY,M0,E0,QUARANTINE_UNTIL_DEFINED,TASK99_MACHINE_TRIAGED_EXPLICIT_QUARANTINE,1,0,0
A5002195215,UNRESOLVED_IDENTITY,M0,E0,QUARANTINE_UNTIL_DEFINED,TASK99_MACHINE_TRIAGED_EXPLICIT_QUARANTINE,1,0,0
A5002455613,UNRESOLVED_IDENTITY,M0,E0,QUARANTINE_UNTIL_DEFINED,TASK99_MACHINE_TRIAGED_EXPLICIT_QUARANTINE,1,0,0
A5002608001,UNRESOLVED_IDENTITY,M0,E0,QUARANTINE_UNTIL_DEFINED,TASK99_MACHINE_TRIAGED_EXPLICIT_QUARANTINE,1,0,0
A5002878668,UNRESOLVED_IDENTITY,M0,E0,QUARANTINE_UNTIL_DEFINED,TASK99_MACHINE_TRIAGED_EXPLICIT_QUARANTINE,1,0,0
A5003431160,UNRESOLVED_IDENTITY,M0,E0,QUARANTINE_UNTIL_DEFINED,TASK99_MACHINE_TRIAGED_EXPLICIT_QUARANTINE,1,0,0
A5003514440,UNRESOLVED_IDENTITY,M0,E0,QUARANTINE_UNTIL_DEFINED,TASK99_MACHINE_TRIAGED_EXPLICIT_QUARANTINE,1,0,0
A5003671390,UNRESOLVED_IDENTITY,M0,E0,QUARANTINE_UNTIL_DEFINED,TASK99_MACHINE_TRIAGED_EXPLICIT_QUARANTINE,1,0,0
A5003694829,UNRESOLVED_IDENTITY,M0,E0,QUARANTINE_UNTIL_DEFINED,TASK99_MACHINE_TRIAGED_EXPLICIT_QUARANTINE,1,0,0
A5004024979,UNRESOLVED_IDENTITY,M0,E0,QUARANTINE_UNTIL_DEFINED,TASK99_MACHINE_TRIAGED_EXPLICIT_QUARANTINE,1,0,0
A5004821708,UNRESOLVED_IDENTITY,M0,E0,QUARANTINE_UNTIL_DEFINED,TASK99_MACHINE_TRIAGED_EXPLICIT_QUARANTINE,1,0,0
A5005067818,UNRESOLVED_IDENTITY,M0,E0,QUARANTINE_UNTIL_DEFINED,TASK99_MACHINE_TRIAGED_EXPLICIT_QUARANTINE,1,0,0
A5005083784,UNRESOLVED_IDENTITY,M0,E0,QUARANTINE_UNTIL_DEFINED,TASK99_MACHINE_TRIAGED_EXPLICIT_QUARANTINE,1,0,0
A5005265336,UNRESOLVED_IDENTITY,M0,E0,QUARANTINE_UNTIL_DEFINED,TASK99_MACHINE_TRIAGED_EXPLICIT_QUARANTINE,1,0,0
A5005438899,UNRESOLVED_IDENTITY,M0,E0,QUARANTINE_UNTIL_DEFINED,TASK99_MACHINE_TRIAGED_EXPLICIT_QUARANTINE,1,0,0
A5006016644,UNRESOLVED_IDENTITY,M0,E0,QUARANTINE_UNTIL_DEFINED,TASK99_MACHINE_TRIAGED_EXPLICIT_QUARANTINE,1,0,0
A5006872667,UNRESOLVED_IDENTITY,M0,E0,QUARANTINE_UNTIL_DEFINED,TASK99_MACHINE_TRIAGED_EXPLICIT_QUARANTINE,1,0,0
A5007368382,UNRESOLVED_IDENTITY,M0,E0,QUARANTINE_UNTIL_DEFINED,TASK99_MACHINE_TRIAGED_EXPLICIT_QUARANTINE,1,0,0
A5007698196,UNRESOLVED_IDENTITY,M0,E0,QUARANTINE_UNTIL_DEFINED,TASK99_MACHINE_TRIAGED_EXPLICIT_QUARANTINE,1,0,0
A5007788537,UNRESOLVED_IDENTITY,M0,E0,QUARANTINE_UNTIL_DEFINED,TASK99_MACHINE_TRIAGED_EXPLICIT_QUARANTINE,1,0,0
A5007876743,UNRESOLVED_IDENTITY,M0,E0,QUARANTINE_UNTIL_DEFINED,TASK99_MACHINE_TRIAGED_EXPLICIT_QUARANTINE,1,0,0
A5008073872,UNRESOLVED_IDENTITY,M0,E0,QUARANTINE_UNTIL_DEFINED,TASK99_MACHINE_TRIAGED_EXPLICIT_QUARANTINE,1,0,0
A5008162777,UNRESOLVED_IDENTITY,M0,E0,QUARANTINE_UNTIL_DEFINED,TASK99_MACHINE_TRIAGED_EXPLICIT_QUARANTINE,1,0,0
A5008188662,UNRESOLVED_IDENTITY,M0,E0,QUARANTINE_UNTIL_DEFINED,TASK99_MACHINE_TRIAGED_EXPLICIT_QUARANTINE,1,0,0
A5008281495,UNRESOLVED_IDENTITY,M0,E0,QUARANTINE_UNTIL_DEFINED,TASK99_MACHINE_TRIAGED_EXPLICIT_QUARANTINE,1,0,0
A5008496579,UNRESOLVED_IDENTITY,M0,E0,QUARANTINE_UNTIL_DEFINED,TASK99_MACHINE_TRIAGED_EXPLICIT_QUARANTINE,1,0,0
A5008608420,UNRESOLVED_IDENTITY,M0,E0,QUARANTINE_UNTIL_DEFINED,TASK99_MACHINE_TRIAGED_EXPLICIT_QUARANTINE,1,0,0
A5008717328,UNRESOLVED_IDENTITY,M0,E0,QUARANTINE_UNTIL_DEFINED,TASK99_MACHINE_TRIAGED_EXPLICIT_QUARANTINE,1,0,0
A5008919649,UNRESOLVED_IDENTITY,M0,E0,QUARANTINE_UNTIL_DEFINED,TASK99_MACHINE_TRIAGED_EXPLICIT_QUARANTINE,1,0,0
A5009474972,UNRESOLVED_IDENTITY,M0,E0,QUARANTINE_UNTIL_DEFINED,TASK99_MACHINE_TRIAGED_EXPLICIT_QUARANTINE,1,0,0
A5009956728,UNRESOLVED_IDENTITY,M0,E0,QUARANTINE_UNTIL_DEFINED,TASK99_MACHINE_TRIAGED_EXPLICIT_QUARANTINE,1,0,0
A5010240307,UNRESOLVED_IDENTITY,M0,E0,QUARANTINE_UNTIL_DEFINED,TASK99_MACHINE_TRIAGED_EXPLICIT_QUARANTINE,3,0,0
A5010245958,UNRESOLVED_IDENTITY,M0,E0,QUARANTINE_UNTIL_DEFINED,TASK99_MACHINE_TRIAGED_EXPLICIT_QUARANTINE,1,0,0
A5010252250,UNRESOLVED_IDENTITY,M0,E0,QUARANTINE_UNTIL_DEFINED,TASK99_MACHINE_TRIAGED_EXPLICIT_QUARANTINE,1,0,0
A5010433852,UNRESOLVED_IDENTITY,M0,E0,QUARANTINE_UNTIL_DEFINED,TASK99_MACHINE_TRIAGED_EXPLICIT_QUARANTINE,1,0,0
A5010513629,UNRESOLVED_IDENTITY,M0,E0,QUARANTINE_UNTIL_DEFINED,TASK99_MACHINE_TRIAGED_EXPLICIT_QUARANTINE,1,0,0
A5010661076,UNRESOLVED_IDENTITY,M0,E0,QUARANTINE_UNTIL_DEFINED,TASK99_MACHINE_TRIAGED_EXPLICIT_QUARANTINE,1,0,0
A5011785766,UNRESOLVED_IDENTITY,M0,E0,QUARANTINE_UNTIL_DEFINED,TASK99_MACHINE_TRIAGED_EXPLICIT_QUARANTINE,1,0,0
A5011935398,UNRESOLVED_IDENTITY,M0,E0,QUARANTINE_UNTIL_DEFINED,TASK99_MACHINE_TRIAGED_EXPLICIT_QUARANTINE,1,0,0
A5012347190,UNRESOLVED_IDENTITY,M0,E0,QUARANTINE_UNTIL_DEFINED,TASK99_MACHINE_TRIAGED_EXPLICIT_QUARANTINE,1,0,0
A5013240360,UNRESOLVED_IDENTITY,M0,E0,QUARANTINE_UNTIL_DEFINED,TASK99_MACHINE_TRIAGED_EXPLICIT_QUARANTINE,1,0,0
A5013310126,UNRESOLVED_IDENTITY,M0,E0,QUARANTINE_UNTIL_DEFINED,TASK99_MACHINE_TRIAGED_EXPLICIT_QUARANTINE,1,0,0
A5013374235,UNRESOLVED_IDENTITY,M0,E0,QUARANTINE_UNTIL_DEFINED,TASK99_MACHINE_TRIAGED_EXPLICIT_QUARANTINE,1,0,0
A5013465508,UNRESOLVED_IDENTITY,M0,E0,QUARANTINE_UNTIL_DEFINED,TASK99_MACHINE_TRIAGED_EXPLICIT_QUARANTINE,1,0,0
A5014111625,UNRESOLVED_IDENTITY,M0,E0,QUARANTINE_UNTIL_DEFINED,TASK99_MACHINE_TRIAGED_EXPLICIT_QUARANTINE,1,0,0
A5014291440,UNRESOLVED_IDENTITY,M0,E0,QUARANTINE_UNTIL_DEFINED,TASK99_MACHINE_TRIAGED_EXPLICIT_QUARANTINE,1,0,0
A5014444194,UNRESOLVED_IDENTITY,M0,E0,QUARANTINE_UNTIL_DEFINED,TASK99_MACHINE_TRIAGED_EXPLICIT_QUARANTINE,1,0,0
A5014586460,UNRESOLVED_IDENTITY,M0,E0,QUARANTINE_UNTIL_DEFINED,TASK99_MACHINE_TRIAGED_EXPLICIT_QUARANTINE,1,0,0
A5015004728,UNRESOLVED_IDENTITY,M0,E0,QUARANTINE_UNTIL_DEFINED,TASK99_MACHINE_TRIAGED_EXPLICIT_QUARANTINE,1,0,0
A5015269440,UNRESOLVED_IDENTITY,M0,E0,QUARANTINE_UNTIL_DEFINED,TASK99_MACHINE_TRIAGED_EXPLICIT_QUARANTINE,1,0,0
A5015565298,UNRESOLVED_IDENTITY,M0,E0,QUARANTINE_UNTIL_DEFINED,TASK99_MACHINE_TRIAGED_EXPLICIT_QUARANTINE,1,0,0
A5015602441,UNRESOLVED_IDENTITY,M0,E0,QUARANTINE_UNTIL_DEFINED,TASK99_MACHINE_TRIAGED_EXPLICIT_QUARANTINE,1,0,0
A5015923637,UNRESOLVED_IDENTITY,M0,E0,QUARANTINE_UNTIL_DEFINED,TASK99_MACHINE_TRIAGED_EXPLICIT_QUARANTINE,1,0,0
A5016073136,UNRESOLVED_IDENTITY,M0,E0,QUARANTINE_UNTIL_DEFINED,TASK99_MACHINE_TRIAGED_EXPLICIT_QUARANTINE,1,0,0
A5016549016,UNRESOLVED_IDENTITY,M0,E0,QUARANTINE_UNTIL_DEFINED,TASK99_MACHINE_TRIAGED_EXPLICIT_QUARANTINE,1,0,0
A5016675696,UNRESOLVED_IDENTITY,M0,E0,QUARANTINE_UNTIL_DEFINED,TASK99_MACHINE_TRIAGED_EXPLICIT_QUARANTINE,1,0,0
A5017455603,UNRESOLVED_IDENTITY,M0,E0,QUARANTINE_UNTIL_DEFINED,TASK99_MACHINE_TRIAGED_EXPLICIT_QUARANTINE,1,0,0
A5017651148,UNRESOLVED_IDENTITY,M0,E0,QUARANTINE_UNTIL_DEFINED,TASK99_MACHINE_TRIAGED_EXPLICIT_QUARANTINE,1,0,0
A5017927480,UNRESOLVED_IDENTITY,M0,E0,QUARANTINE_UNTIL_DEFINED,TASK99_MACHINE_TRIAGED_EXPLICIT_QUARANTINE,1,0,0
A5018493892,UNRESOLVED_IDENTITY,M0,E0,QUARANTINE_UNTIL_DEFINED,TASK99_MACHINE_TRIAGED_EXPLICIT_QUARANTINE,1,0,0
A5018589859,UNRESOLVED_IDENTITY,M0,E0,QUARANTINE_UNTIL_DEFINED,TASK99_MACHINE_TRIAGED_EXPLICIT_QUARANTINE,1,0,0
A5018720209,UNRESOLVED_IDENTITY,M0,E0,QUARANTINE_UNTIL_DEFINED,TASK99_MACHINE_TRIAGED_EXPLICIT_QUARANTINE,1,0,0
A5018751874,UNRESOLVED_IDENTITY,M0,E0,QUARANTINE_UNTIL_DEFINED,TASK99_MACHINE_TRIAGED_EXPLICIT_QUARANTINE,1,0,0
A5018920734,UNRESOLVED_IDENTITY,M0,E0,QUARANTINE_UNTIL_DEFINED,TASK99_MACHINE_TRIAGED_EXPLICIT_QUARANTINE,1,0,0
A5019046853,UNRESOLVED_IDENTITY,M0,E0,QUARANTINE_UNTIL_DEFINED,TASK99_MACHINE_TRIAGED_EXPLICIT_QUARANTINE,2,0,0
A5019177719,UNRESOLVED_IDENTITY,M0,E0,QUARANTINE_UNTIL_DEFINED,TASK99_MACHINE_TRIAGED_EXPLICIT_QUARANTINE,1,0,0
A5019238856,UNRESOLVED_IDENTITY,M0,E0,QUARANTINE_UNTIL_DEFINED,TASK99_MACHINE_TRIAGED_EXPLICIT_QUARANTINE,1,0,0
A5020264172,UNRESOLVED_IDENTITY,M0,E0,QUARANTINE_UNTIL_DEFINED,TASK99_MACHINE_TRIAGED_EXPLICIT_QUARANTINE,1,0,0
A5020549833,UNRESOLVED_IDENTITY,M0,E0,QUARANTINE_UNTIL_DEFINED,TASK99_MACHINE_TRIAGED_EXPLICIT_QUARANTINE,1,0,0
A5020605903,UNRESOLVED_IDENTITY,M0,E0,QUARANTINE_UNTIL_DEFINED,TASK99_MACHINE_TRIAGED_EXPLICIT_QUARANTINE,1,0,0
A5020724877,UNRESOLVED_IDENTITY,M0,E0,QUARANTINE_UNTIL_DEFINED,TASK99_MACHINE_TRIAGED_EXPLICIT_QUARANTINE,1,0,0
A5020753959,UNRESOLVED_IDENTITY,M0,E0,QUARANTINE_UNTIL_DEFINED,TASK99_MACHINE_TRIAGED_EXPLICIT_QUARANTINE,1,0,0
A5021278005,UNRESOLVED_IDENTITY,M0,E0,QUARANTINE_UNTIL_DEFINED,TASK99_MACHINE_TRIAGED_EXPLICIT_QUARANTINE,1,0,0
A5021309751,UNRESOLVED_IDENTITY,M0,E0,QUARANTINE_UNTIL_DEFINED,TASK99_MACHINE_TRIAGED_EXPLICIT_QUARANTINE,1,0,0
A5021335693,UNRESOLVED_IDENTITY,M0,E0,QUARANTINE_UNTIL_DEFINED,TASK99_MACHINE_TRIAGED_EXPLICIT_QUARANTINE,1,0,0
A5021390822,UNRESOLVED_IDENTITY,M0,E0,QUARANTINE_UNTIL_DEFINED,TASK99_MACHINE_TRIAGED_EXPLICIT_QUARANTINE,1,0,0
A5021702524,UNRESOLVED_IDENTITY,M0,E0,QUARANTINE_UNTIL_DEFINED,TASK99_MACHINE_TRIAGED_EXPLICIT_QUARANTINE,1,0,0
A5022495789,UNRESOLVED_IDENTITY,M0,E0,QUARANTINE_UNTIL_DEFINED,TASK99_MACHINE_TRIAGED_EXPLICIT_QUARANTINE,1,0,0
A5022860483,UNRESOLVED_IDENTITY,M0,E0,QUARANTINE_UNTIL_DEFINED,TASK99_MACHINE_TRIAGED_EXPLICIT_QUARANTINE,1,0,0
A5023790580,UNRESOLVED_IDENTITY,M0,E0,QUARANTINE_UNTIL_DEFINED,TASK99_MACHINE_TRIAGED_EXPLICIT_QUARANTINE,1,0,0
A5023849961,UNRESOLVED_IDENTITY,M0,E0,QUARANTINE_UNTIL_DEFINED,TASK99_MACHINE_TRIAGED_EXPLICIT_QUARANTINE,1,0,0
A5024008062,UNRESOLVED_IDENTITY,M0,E0,QUARANTINE_UNTIL_DEFINED,TASK99_MACHINE_TRIAGED_EXPLICIT_QUARANTINE,1,0,0
A5024192143,UNRESOLVED_IDENTITY,M0,E0,QUARANTINE_UNTIL_DEFINED,TASK99_MACHINE_TRIAGED_EXPLICIT_QUARANTINE,1,0,0
A5024419493,UNRESOLVED_IDENTITY,M0,E0,QUARANTINE_UNTIL_DEFINED,TASK99_MACHINE_TRIAGED_EXPLICIT_QUARANTINE,1,0,0
A5024452784,UNRESOLVED_IDENTITY,M0,E0,QUARANTINE_UNTIL_DEFINED,TASK99_MACHINE_TRIAGED_EXPLICIT_QUARANTINE,1,0,0
A5024592892,UNRESOLVED_IDENTITY,M0,E0,QUARANTINE_UNTIL_DEFINED,TASK99_MACHINE_TRIAGED_EXPLICIT_QUARANTINE,1,0,0
A5024676571,UNRESOLVED_IDENTITY,M0,E0,QUARANTINE_UNTIL_DEFINED,TASK99_MACHINE_TRIAGED_EXPLICIT_QUARANTINE,1,0,0
A5025065309,UNRESOLVED_IDENTITY,M0,E0,QUARANTINE_UNTIL_DEFINED,TASK99_MACHINE_TRIAGED_EXPLICIT_QUARANTINE,1,0,0
A5025182273,UNRESOLVED_IDENTITY,M0,E0,QUARANTINE_UNTIL_DEFINED,TASK99_MACHINE_TRIAGED_EXPLICIT_QUARANTINE,1,0,0
A5025621306,UNRESOLVED_IDENTITY,M0,E0,QUARANTINE_UNTIL_DEFINED,TASK99_MACHINE_TRIAGED_EXPLICIT_QUARANTINE,1,0,0
A5025905494,UNRESOLVED_IDENTITY,M0,E0,QUARANTINE_UNTIL_DEFINED,TASK99_MACHINE_TRIAGED_EXPLICIT_QUARANTINE,1,0,0
A5025940525,UNRESOLVED_IDENTITY,M0,E0,QUARANTINE_UNTIL_DEFINED,TASK99_MACHINE_TRIAGED_EXPLICIT_QUARANTINE,1,0,0
A5026171189,UNRESOLVED_IDENTITY,M0,E0,QUARANTINE_UNTIL_DEFINED,TASK99_MACHINE_TRIAGED_EXPLICIT_QUARANTINE,1,0,0
A5026886705,UNRESOLVED_IDENTITY,M0,E0,QUARANTINE_UNTIL_DEFINED,TASK99_MACHINE_TRIAGED_EXPLICIT_QUARANTINE,1,0,0
A5027169734,UNRESOLVED_IDENTITY,M0,E0,QUARANTINE_UNTIL_DEFINED,TASK99_MACHINE_TRIAGED_EXPLICIT_QUARANTINE,1,0,0
A5027185097,UNRESOLVED_IDENTITY,M0,E0,QUARANTINE_UNTIL_DEFINED,TASK99_MACHINE_TRIAGED_EXPLICIT_QUARANTINE,1,0,0
A5027539987,UNRESOLVED_IDENTITY,M0,E0,QUARANTINE_UNTIL_DEFINED,TASK99_MACHINE_TRIAGED_EXPLICIT_QUARANTINE,1,0,0
A5027686371,UNRESOLVED_IDENTITY,M0,E0,QUARANTINE_UNTIL_DEFINED,TASK99_MACHINE_TRIAGED_EXPLICIT_QUARANTINE,1,0,0
A5027800178,UNRESOLVED_IDENTITY,M0,E0,QUARANTINE_UNTIL_DEFINED,TASK99_MACHINE_TRIAGED_EXPLICIT_QUARANTINE,1,0,0
A5027850521,UNRESOLVED_IDENTITY,M0,E0,QUARANTINE_UNTIL_DEFINED,TASK99_MACHINE_TRIAGED_EXPLICIT_QUARANTINE,1,0,0
A5028241496,UNRESOLVED_IDENTITY,M0,E0,QUARANTINE_UNTIL_DEFINED,TASK99_MACHINE_TRIAGED_EXPLICIT_QUARANTINE,1,0,0
A5029100305,UNRESOLVED_IDENTITY,M0,E0,QUARANTINE_UNTIL_DEFINED,TASK99_MACHINE_TRIAGED_EXPLICIT_QUARANTINE,1,0,0
A5029301165,UNRESOLVED_IDENTITY,M0,E0,QUARANTINE_UNTIL_DEFINED,TASK99_MACHINE_TRIAGED_EXPLICIT_QUARANTINE,1,0,0
A5029505552,UNRESOLVED_IDENTITY,M0,E0,QUARANTINE_UNTIL_DEFINED,TASK99_MACHINE_TRIAGED_EXPLICIT_QUARANTINE,1,0,0
A5029788536,UNRESOLVED_IDENTITY,M0,E0,QUARANTINE_UNTIL_DEFINED,TASK99_MACHINE_TRIAGED_EXPLICIT_QUARANTINE,2,0,0
A5031648851,UNRESOLVED_IDENTITY,M0,E0,QUARANTINE_UNTIL_DEFINED,TASK99_MACHINE_TRIAGED_EXPLICIT_QUARANTINE,1,0,0
A5031786731,UNRESOLVED_IDENTITY,M0,E0,QUARANTINE_UNTIL_DEFINED,TASK99_MACHINE_TRIAGED_EXPLICIT_QUARANTINE,1,0,0
A5031842891,UNRESOLVED_IDENTITY,M0,E0,QUARANTINE_UNTIL_DEFINED,TASK99_MACHINE_TRIAGED_EXPLICIT_QUARANTINE,1,0,0
A5032411845,UNRESOLVED_IDENTITY,M0,E0,QUARANTINE_UNTIL_DEFINED,TASK99_MACHINE_TRIAGED_EXPLICIT_QUARANTINE,1,0,0
A5033095281,UNRESOLVED_IDENTITY,M0,E0,QUARANTINE_UNTIL_DEFINED,TASK99_MACHINE_TRIAGED_EXPLICIT_QUARANTINE,1,0,0
A5033102678,UNRESOLVED_IDENTITY,M0,E0,QUARANTINE_UNTIL_DEFINED,TASK99_MACHINE_TRIAGED_EXPLICIT_QUARANTINE,1,0,0
A5033291050,UNRESOLVED_IDENTITY,M0,E0,QUARANTINE_UNTIL_DEFINED,TASK99_MACHINE_TRIAGED_EXPLICIT_QUARANTINE,1,0,0
A5033434512,UNRESOLVED_IDENTITY,M0,E0,QUARANTINE_UNTIL_DEFINED,TASK99_MACHINE_TRIAGED_EXPLICIT_QUARANTINE,1,0,0
A5033570072,UNRESOLVED_IDENTITY,M0,E0,QUARANTINE_UNTIL_DEFINED,TASK99_MACHINE_TRIAGED_EXPLICIT_QUARANTINE,1,0,0
A5033765447,UNRESOLVED_IDENTITY,M0,E0,QUARANTINE_UNTIL_DEFINED,TASK99_MACHINE_TRIAGED_EXPLICIT_QUARANTINE,1,0,0
A5034039087,UNRESOLVED_IDENTITY,M0,E0,QUARANTINE_UNTIL_DEFINED,TASK99_MACHINE_TRIAGED_EXPLICIT_QUARANTINE,3,0,0
A5034131200,UNRESOLVED_IDENTITY,M0,E0,QUARANTINE_UNTIL_DEFINED,TASK99_MACHINE_TRIAGED_EXPLICIT_QUARANTINE,1,0,0
A5034298963,UNRESOLVED_IDENTITY,M0,E0,QUARANTINE_UNTIL_DEFINED,TASK99_MACHINE_TRIAGED_EXPLICIT_QUARANTINE,1,0,0
A5034310136,UNRESOLVED_IDENTITY,M0,E0,QUARANTINE_UNTIL_DEFINED,TASK99_MACHINE_TRIAGED_EXPLICIT_QUARANTINE,1,0,0
A5034334189,UNRESOLVED_IDENTITY,M0,E0,QUARANTINE_UNTIL_DEFINED,TASK99_MACHINE_TRIAGED_EXPLICIT_QUARANTINE,1,0,0
A5034555443,UNRESOLVED_IDENTITY,M0,E0,QUARANTINE_UNTIL_DEFINED,TASK99_MACHINE_TRIAGED_EXPLICIT_QUARANTINE,1,0,0
A5034759778,UNRESOLVED_IDENTITY,M0,E0,QUARANTINE_UNTIL_DEFINED,TASK99_MACHINE_TRIAGED_EXPLICIT_QUARANTINE,1,0,0
A5034790624,UNRESOLVED_IDENTITY,M0,E0,QUARANTINE_UNTIL_DEFINED,TASK99_MACHINE_TRIAGED_EXPLICIT_QUARANTINE,1,0,0
A5034801064,UNRESOLVED_IDENTITY,M0,E0,QUARANTINE_UNTIL_DEFINED,TASK99_MACHINE_TRIAGED_EXPLICIT_QUARANTINE,1,0,0
A5035644810,UNRESOLVED_IDENTITY,M0,E0,QUARANTINE_UNTIL_DEFINED,TASK99_MACHINE_TRIAGED_EXPLICIT_QUARANTINE,1,0,0
A5035961675,UNRESOLVED_IDENTITY,M0,E0,QUARANTINE_UNTIL_DEFINED,TASK99_MACHINE_TRIAGED_EXPLICIT_QUARANTINE,1,0,0
A5036246275,UNRESOLVED_IDENTITY,M0,E0,QUARANTINE_UNTIL_DEFINED,TASK99_MACHINE_TRIAGED_EXPLICIT_QUARANTINE,1,0,0
A5036392548,UNRESOLVED_IDENTITY,M0,E0,QUARANTINE_UNTIL_DEFINED,TASK99_MACHINE_TRIAGED_EXPLICIT_QUARANTINE,1,0,0
A5036566464,UNRESOLVED_IDENTITY,M0,E0,QUARANTINE_UNTIL_DEFINED,TASK99_MACHINE_TRIAGED_EXPLICIT_QUARANTINE,1,0,0
A5036639813,UNRESOLVED_IDENTITY,M0,E0,QUARANTINE_UNTIL_DEFINED,TASK99_MACHINE_TRIAGED_EXPLICIT_QUARANTINE,1,0,0
A5037168621,UNRESOLVED_IDENTITY,M0,E0,QUARANTINE_UNTIL_DEFINED,TASK99_MACHINE_TRIAGED_EXPLICIT_QUARANTINE,1,0,0
A5037487445,UNRESOLVED_IDENTITY,M0,E0,QUARANTINE_UNTIL_DEFINED,TASK99_MACHINE_TRIAGED_EXPLICIT_QUARANTINE,1,0,0
A5037891485,UNRESOLVED_IDENTITY,M0,E0,QUARANTINE_UNTIL_DEFINED,TASK99_MACHINE_TRIAGED_EXPLICIT_QUARANTINE,1,0,0
A5037898063,UNRESOLVED_IDENTITY,M0,E0,QUARANTINE_UNTIL_DEFINED,TASK99_MACHINE_TRIAGED_EXPLICIT_QUARANTINE,1,0,0
A5038046583,UNRESOLVED_IDENTITY,M0,E0,QUARANTINE_UNTIL_DEFINED,TASK99_MACHINE_TRIAGED_EXPLICIT_QUARANTINE,1,0,0
A5038078845,UNRESOLVED_IDENTITY,M0,E0,QUARANTINE_UNTIL_DEFINED,TASK99_MACHINE_TRIAGED_EXPLICIT_QUARANTINE,1,0,0
A5038341302,UNRESOLVED_IDENTITY,M0,E0,QUARANTINE_UNTIL_DEFINED,TASK99_MACHINE_TRIAGED_EXPLICIT_QUARANTINE,1,0,0
A5038905194,UNRESOLVED_IDENTITY,M0,E0,QUARANTINE_UNTIL_DEFINED,TASK99_MACHINE_TRIAGED_EXPLICIT_QUARANTINE,1,0,0
A5039730029,UNRESOLVED_IDENTITY,M0,E0,QUARANTINE_UNTIL_DEFINED,TASK99_MACHINE_TRIAGED_EXPLICIT_QUARANTINE,1,0,0
A5039755220,UNRESOLVED_IDENTITY,M0,E0,QUARANTINE_UNTIL_DEFINED,TASK99_MACHINE_TRIAGED_EXPLICIT_QUARANTINE,1,0,0
A5040370658,UNRESOLVED_IDENTITY,M0,E0,QUARANTINE_UNTIL_DEFINED,TASK99_MACHINE_TRIAGED_EXPLICIT_QUARANTINE,1,0,0
A5040492868,UNRESOLVED_IDENTITY,M0,E0,QUARANTINE_UNTIL_DEFINED,TASK99_MACHINE_TRIAGED_EXPLICIT_QUARANTINE,1,0,0
A5040630661,UNRESOLVED_IDENTITY,M0,E0,QUARANTINE_UNTIL_DEFINED,TASK99_MACHINE_TRIAGED_EXPLICIT_QUARANTINE,1,0,0
A5040649545,UNRESOLVED_IDENTITY,M0,E0,QUARANTINE_UNTIL_DEFINED,TASK99_MACHINE_TRIAGED_EXPLICIT_QUARANTINE,1,0,0
A5040982598,UNRESOLVED_IDENTITY,M0,E0,QUARANTINE_UNTIL_DEFINED,TASK99_MACHINE_TRIAGED_EXPLICIT_QUARANTINE,1,0,0
A5041331059,UNRESOLVED_IDENTITY,M0,E0,QUARANTINE_UNTIL_DEFINED,TASK99_MACHINE_TRIAGED_EXPLICIT_QUARANTINE,1,0,0
A5041977617,UNRESOLVED_IDENTITY,M0,E0,QUARANTINE_UNTIL_DEFINED,TASK99_MACHINE_TRIAGED_EXPLICIT_QUARANTINE,1,0,0
A5042294787,UNRESOLVED_IDENTITY,M0,E0,QUARANTINE_UNTIL_DEFINED,TASK99_MACHINE_TRIAGED_EXPLICIT_QUARANTINE,1,0,0
A5042921349,UNRESOLVED_IDENTITY,M0,E0,QUARANTINE_UNTIL_DEFINED,TASK99_MACHINE_TRIAGED_EXPLICIT_QUARANTINE,1,0,0
A5042976775,UNRESOLVED_IDENTITY,M0,E0,QUARANTINE_UNTIL_DEFINED,TASK99_MACHINE_TRIAGED_EXPLICIT_QUARANTINE,1,0,0
A5043002211,UNRESOLVED_IDENTITY,M0,E0,QUARANTINE_UNTIL_DEFINED,TASK99_MACHINE_TRIAGED_EXPLICIT_QUARANTINE,1,0,0
A5043277261,UNRESOLVED_IDENTITY,M0,E0,QUARANTINE_UNTIL_DEFINED,TASK99_MACHINE_TRIAGED_EXPLICIT_QUARANTINE,1,0,0
A5043277354,UNRESOLVED_IDENTITY,M0,E0,QUARANTINE_UNTIL_DEFINED,TASK99_MACHINE_TRIAGED_EXPLICIT_QUARANTINE,1,0,0
A5043368242,UNRESOLVED_IDENTITY,M0,E0,QUARANTINE_UNTIL_DEFINED,TASK99_MACHINE_TRIAGED_EXPLICIT_QUARANTINE,1,0,0
A5043681532,UNRESOLVED_IDENTITY,M0,E0,QUARANTINE_UNTIL_DEFINED,TASK99_MACHINE_TRIAGED_EXPLICIT_QUARANTINE,1,0,0
A5043890972,UNRESOLVED_IDENTITY,M0,E0,QUARANTINE_UNTIL_DEFINED,TASK99_MACHINE_TRIAGED_EXPLICIT_QUARANTINE,1,0,0
A5043995720,UNRESOLVED_IDENTITY,M0,E0,QUARANTINE_UNTIL_DEFINED,TASK99_MACHINE_TRIAGED_EXPLICIT_QUARANTINE,1,0,0
A5045054843,UNRESOLVED_IDENTITY,M0,E0,QUARANTINE_UNTIL_DEFINED,TASK99_MACHINE_TRIAGED_EXPLICIT_QUARANTINE,3,0,0
A5045081171,UNRESOLVED_IDENTITY,M0,E0,QUARANTINE_UNTIL_DEFINED,TASK99_MACHINE_TRIAGED_EXPLICIT_QUARANTINE,1,0,0
A5045974436,UNRESOLVED_IDENTITY,M0,E0,QUARANTINE_UNTIL_DEFINED,TASK99_MACHINE_TRIAGED_EXPLICIT_QUARANTINE,1,0,0
A5046187244,UNRESOLVED_IDENTITY,M0,E0,QUARANTINE_UNTIL_DEFINED,TASK99_MACHINE_TRIAGED_EXPLICIT_QUARANTINE,1,0,0
A5046573331,UNRESOLVED_IDENTITY,M0,E0,QUARANTINE_UNTIL_DEFINED,TASK99_MACHINE_TRIAGED_EXPLICIT_QUARANTINE,1,0,0
A5046780990,UNRESOLVED_IDENTITY,M0,E0,QUARANTINE_UNTIL_DEFINED,TASK99_MACHINE_TRIAGED_EXPLICIT_QUARANTINE,1,0,0
A5046893591,UNRESOLVED_IDENTITY,M0,E0,QUARANTINE_UNTIL_DEFINED,TASK99_MACHINE_TRIAGED_EXPLICIT_QUARANTINE,1,0,0
A5048153913,UNRESOLVED_IDENTITY,M0,E0,QUARANTINE_UNTIL_DEFINED,TASK99_MACHINE_TRIAGED_EXPLICIT_QUARANTINE,1,0,0
A5048203434,UNRESOLVED_IDENTITY,M0,E0,QUARANTINE_UNTIL_DEFINED,TASK99_MACHINE_TRIAGED_EXPLICIT_QUARANTINE,1,0,0
A5048296639,UNRESOLVED_IDENTITY,M0,E0,QUARANTINE_UNTIL_DEFINED,TASK99_MACHINE_TRIAGED_EXPLICIT_QUARANTINE,1,0,0
A5048540879,UNRESOLVED_IDENTITY,M0,E0,QUARANTINE_UNTIL_DEFINED,TASK99_MACHINE_TRIAGED_EXPLICIT_QUARANTINE,1,0,0
A5048681554,UNRESOLVED_IDENTITY,M0,E0,QUARANTINE_UNTIL_DEFINED,TASK99_MACHINE_TRIAGED_EXPLICIT_QUARANTINE,1,0,0
A5048746887,UNRESOLVED_IDENTITY,M0,E0,QUARANTINE_UNTIL_DEFINED,TASK99_MACHINE_TRIAGED_EXPLICIT_QUARANTINE,1,0,0
A5049217362,UNRESOLVED_IDENTITY,M0,E0,QUARANTINE_UNTIL_DEFINED,TASK99_MACHINE_TRIAGED_EXPLICIT_QUARANTINE,1,0,0
A5049483847,UNRESOLVED_IDENTITY,M0,E0,QUARANTINE_UNTIL_DEFINED,TASK99_MACHINE_TRIAGED_EXPLICIT_QUARANTINE,1,0,0
A5049602140,UNRESOLVED_IDENTITY,M0,E0,QUARANTINE_UNTIL_DEFINED,TASK99_MACHINE_TRIAGED_EXPLICIT_QUARANTINE,1,0,0
A5050184772,UNRESOLVED_IDENTITY,M0,E0,QUARANTINE_UNTIL_DEFINED,TASK99_MACHINE_TRIAGED_EXPLICIT_QUARANTINE,1,0,0
A5050214964,UNRESOLVED_IDENTITY,M0,E0,QUARANTINE_UNTIL_DEFINED,TASK99_MACHINE_TRIAGED_EXPLICIT_QUARANTINE,2,0,0
A5050224974,UNRESOLVED_IDENTITY,M0,E0,QUARANTINE_UNTIL_DEFINED,TASK99_MACHINE_TRIAGED_EXPLICIT_QUARANTINE,1,0,0
A5050350654,UNRESOLVED_IDENTITY,M0,E0,QUARANTINE_UNTIL_DEFINED,TASK99_MACHINE_TRIAGED_EXPLICIT_QUARANTINE,1,0,0
A5050636888,UNRESOLVED_IDENTITY,M0,E0,QUARANTINE_UNTIL_DEFINED,TASK99_MACHINE_TRIAGED_EXPLICIT_QUARANTINE,1,0,0
A5051341728,UNRESOLVED_IDENTITY,M0,E0,QUARANTINE_UNTIL_DEFINED,TASK99_MACHINE_TRIAGED_EXPLICIT_QUARANTINE,1,0,0
A5051404063,UNRESOLVED_IDENTITY,M0,E0,QUARANTINE_UNTIL_DEFINED,TASK99_MACHINE_TRIAGED_EXPLICIT_QUARANTINE,1,0,0
A5051438092,UNRESOLVED_IDENTITY,M0,E0,QUARANTINE_UNTIL_DEFINED,TASK99_MACHINE_TRIAGED_EXPLICIT_QUARANTINE,1,0,0
A5051790406,UNRESOLVED_IDENTITY,M0,E0,QUARANTINE_UNTIL_DEFINED,TASK99_MACHINE_TRIAGED_EXPLICIT_QUARANTINE,1,0,0
A5052320745,UNRESOLVED_IDENTITY,M0,E0,QUARANTINE_UNTIL_DEFINED,TASK99_MACHINE_TRIAGED_EXPLICIT_QUARANTINE,1,0,0
A5052706549,UNRESOLVED_IDENTITY,M0,E0,QUARANTINE_UNTIL_DEFINED,TASK99_MACHINE_TRIAGED_EXPLICIT_QUARANTINE,1,0,0
A5052920399,UNRESOLVED_IDENTITY,M0,E0,QUARANTINE_UNTIL_DEFINED,TASK99_MACHINE_TRIAGED_EXPLICIT_QUARANTINE,1,0,0
A5052924379,UNRESOLVED_IDENTITY,M0,E0,QUARANTINE_UNTIL_DEFINED,TASK99_MACHINE_TRIAGED_EXPLICIT_QUARANTINE,1,0,0
A5053506026,UNRESOLVED_IDENTITY,M0,E0,QUARANTINE_UNTIL_DEFINED,TASK99_MACHINE_TRIAGED_EXPLICIT_QUARANTINE,1,0,0
A5053700390,UNRESOLVED_IDENTITY,M0,E0,QUARANTINE_UNTIL_DEFINED,TASK99_MACHINE_TRIAGED_EXPLICIT_QUARANTINE,1,0,0
A5054085947,UNRESOLVED_IDENTITY,M0,E0,QUARANTINE_UNTIL_DEFINED,TASK99_MACHINE_TRIAGED_EXPLICIT_QUARANTINE,1,0,0
A5054676766,UNRESOLVED_IDENTITY,M0,E0,QUARANTINE_UNTIL_DEFINED,TASK99_MACHINE_TRIAGED_EXPLICIT_QUARANTINE,1,0,0
A5054718946,UNRESOLVED_IDENTITY,M0,E0,QUARANTINE_UNTIL_DEFINED,TASK99_MACHINE_TRIAGED_EXPLICIT_QUARANTINE,1,0,0
A5054802858,UNRESOLVED_IDENTITY,M0,E0,QUARANTINE_UNTIL_DEFINED,TASK99_MACHINE_TRIAGED_EXPLICIT_QUARANTINE,1,0,0
A5055316417,UNRESOLVED_IDENTITY,M0,E0,QUARANTINE_UNTIL_DEFINED,TASK99_MACHINE_TRIAGED_EXPLICIT_QUARANTINE,1,0,0
A5055724940,UNRESOLVED_IDENTITY,M0,E0,QUARANTINE_UNTIL_DEFINED,TASK99_MACHINE_TRIAGED_EXPLICIT_QUARANTINE,1,0,0
A5056040703,UNRESOLVED_IDENTITY,M0,E0,QUARANTINE_UNTIL_DEFINED,TASK99_MACHINE_TRIAGED_EXPLICIT_QUARANTINE,1,0,0
A5056324053,UNRESOLVED_IDENTITY,M0,E0,QUARANTINE_UNTIL_DEFINED,TASK99_MACHINE_TRIAGED_EXPLICIT_QUARANTINE,1,0,0
A5056712523,UNRESOLVED_IDENTITY,M0,E0,QUARANTINE_UNTIL_DEFINED,TASK99_MACHINE_TRIAGED_EXPLICIT_QUARANTINE,1,0,0
A5056854008,UNRESOLVED_IDENTITY,M0,E0,QUARANTINE_UNTIL_DEFINED,TASK99_MACHINE_TRIAGED_EXPLICIT_QUARANTINE,1,0,0
A5057708902,UNRESOLVED_IDENTITY,M0,E0,QUARANTINE_UNTIL_DEFINED,TASK99_MACHINE_TRIAGED_EXPLICIT_QUARANTINE,1,0,0
A5057823090,UNRESOLVED_IDENTITY,M0,E0,QUARANTINE_UNTIL_DEFINED,TASK99_MACHINE_TRIAGED_EXPLICIT_QUARANTINE,1,0,0
A5058317211,UNRESOLVED_IDENTITY,M0,E0,QUARANTINE_UNTIL_DEFINED,TASK99_MACHINE_TRIAGED_EXPLICIT_QUARANTINE,3,0,0
A5058543819,UNRESOLVED_IDENTITY,M0,E0,QUARANTINE_UNTIL_DEFINED,TASK99_MACHINE_TRIAGED_EXPLICIT_QUARANTINE,1,0,0
A5058662841,UNRESOLVED_IDENTITY,M0,E0,QUARANTINE_UNTIL_DEFINED,TASK99_MACHINE_TRIAGED_EXPLICIT_QUARANTINE,1,0,0
A5059008211,UNRESOLVED_IDENTITY,M0,E0,QUARANTINE_UNTIL_DEFINED,TASK99_MACHINE_TRIAGED_EXPLICIT_QUARANTINE,1,0,0
A5059785745,UNRESOLVED_IDENTITY,M0,E0,QUARANTINE_UNTIL_DEFINED,TASK99_MACHINE_TRIAGED_EXPLICIT_QUARANTINE,1,0,0
A5060322756,UNRESOLVED_IDENTITY,M0,E0,QUARANTINE_UNTIL_DEFINED,TASK99_MACHINE_TRIAGED_EXPLICIT_QUARANTINE,1,0,0
A5060448079,UNRESOLVED_IDENTITY,M0,E0,QUARANTINE_UNTIL_DEFINED,TASK99_MACHINE_TRIAGED_EXPLICIT_QUARANTINE,1,0,0
A5060574653,UNRESOLVED_IDENTITY,M0,E0,QUARANTINE_UNTIL_DEFINED,TASK99_MACHINE_TRIAGED_EXPLICIT_QUARANTINE,1,0,0
A5060667008,UNRESOLVED_IDENTITY,M0,E0,QUARANTINE_UNTIL_DEFINED,TASK99_MACHINE_TRIAGED_EXPLICIT_QUARANTINE,1,0,0
A5060716664,UNRESOLVED_IDENTITY,M0,E0,QUARANTINE_UNTIL_DEFINED,TASK99_MACHINE_TRIAGED_EXPLICIT_QUARANTINE,1,0,0
A5060928161,UNRESOLVED_IDENTITY,M0,E0,QUARANTINE_UNTIL_DEFINED,TASK99_MACHINE_TRIAGED_EXPLICIT_QUARANTINE,1,0,0
A5061251386,UNRESOLVED_IDENTITY,M0,E0,QUARANTINE_UNTIL_DEFINED,TASK99_MACHINE_TRIAGED_EXPLICIT_QUARANTINE,1,0,0
A5061336502,UNRESOLVED_IDENTITY,M0,E0,QUARANTINE_UNTIL_DEFINED,TASK99_MACHINE_TRIAGED_EXPLICIT_QUARANTINE,1,0,0
A5061592066,UNRESOLVED_IDENTITY,M0,E0,QUARANTINE_UNTIL_DEFINED,TASK99_MACHINE_TRIAGED_EXPLICIT_QUARANTINE,1,0,0
A5061597162,UNRESOLVED_IDENTITY,M0,E0,QUARANTINE_UNTIL_DEFINED,TASK99_MACHINE_TRIAGED_EXPLICIT_QUARANTINE,1,0,0
A5061765954,UNRESOLVED_IDENTITY,M0,E0,QUARANTINE_UNTIL_DEFINED,TASK99_MACHINE_TRIAGED_EXPLICIT_QUARANTINE,1,0,0
A5062243522,UNRESOLVED_IDENTITY,M0,E0,QUARANTINE_UNTIL_DEFINED,TASK99_MACHINE_TRIAGED_EXPLICIT_QUARANTINE,1,0,0
A5062599716,UNRESOLVED_IDENTITY,M0,E0,QUARANTINE_UNTIL_DEFINED,TASK99_MACHINE_TRIAGED_EXPLICIT_QUARANTINE,1,0,0
A5062875334,UNRESOLVED_IDENTITY,M0,E0,QUARANTINE_UNTIL_DEFINED,TASK99_MACHINE_TRIAGED_EXPLICIT_QUARANTINE,1,0,0
A5063047597,UNRESOLVED_IDENTITY,M0,E0,QUARANTINE_UNTIL_DEFINED,TASK99_MACHINE_TRIAGED_EXPLICIT_QUARANTINE,1,0,0
A5063112241,UNRESOLVED_IDENTITY,M0,E0,QUARANTINE_UNTIL_DEFINED,TASK99_MACHINE_TRIAGED_EXPLICIT_QUARANTINE,1,0,0
A5063956336,UNRESOLVED_IDENTITY,M0,E0,QUARANTINE_UNTIL_DEFINED,TASK99_MACHINE_TRIAGED_EXPLICIT_QUARANTINE,1,0,0
A5064659779,UNRESOLVED_IDENTITY,M0,E0,QUARANTINE_UNTIL_DEFINED,TASK99_MACHINE_TRIAGED_EXPLICIT_QUARANTINE,1,0,0
A5064785636,UNRESOLVED_IDENTITY,M0,E0,QUARANTINE_UNTIL_DEFINED,TASK99_MACHINE_TRIAGED_EXPLICIT_QUARANTINE,1,0,0
A5064827852,UNRESOLVED_IDENTITY,M0,E0,QUARANTINE_UNTIL_DEFINED,TASK99_MACHINE_TRIAGED_EXPLICIT_QUARANTINE,1,0,0
A5065424905,UNRESOLVED_IDENTITY,M0,E0,QUARANTINE_UNTIL_DEFINED,TASK99_MACHINE_TRIAGED_EXPLICIT_QUARANTINE,1,0,0
A5065734284,UNRESOLVED_IDENTITY,M0,E0,QUARANTINE_UNTIL_DEFINED,TASK99_MACHINE_TRIAGED_EXPLICIT_QUARANTINE,1,0,0
A5065795188,UNRESOLVED_IDENTITY,M0,E0,QUARANTINE_UNTIL_DEFINED,TASK99_MACHINE_TRIAGED_EXPLICIT_QUARANTINE,1,0,0
A5065818881,UNRESOLVED_IDENTITY,M0,E0,QUARANTINE_UNTIL_DEFINED,TASK99_MACHINE_TRIAGED_EXPLICIT_QUARANTINE,1,0,0
A5066039394,UNRESOLVED_IDENTITY,M0,E0,QUARANTINE_UNTIL_DEFINED,TASK99_MACHINE_TRIAGED_EXPLICIT_QUARANTINE,1,0,0
A5066057430,UNRESOLVED_IDENTITY,M0,E0,QUARANTINE_UNTIL_DEFINED,TASK99_MACHINE_TRIAGED_EXPLICIT_QUARANTINE,1,0,0
A5066565862,UNRESOLVED_IDENTITY,M0,E0,QUARANTINE_UNTIL_DEFINED,TASK99_MACHINE_TRIAGED_EXPLICIT_QUARANTINE,1,0,0
A5066742621,UNRESOLVED_IDENTITY,M0,E0,QUARANTINE_UNTIL_DEFINED,TASK99_MACHINE_TRIAGED_EXPLICIT_QUARANTINE,1,0,0
A5067133778,UNRESOLVED_IDENTITY,M0,E0,QUARANTINE_UNTIL_DEFINED,TASK99_MACHINE_TRIAGED_EXPLICIT_QUARANTINE,1,0,0
A5067151460,UNRESOLVED_IDENTITY,M0,E0,QUARANTINE_UNTIL_DEFINED,TASK99_MACHINE_TRIAGED_EXPLICIT_QUARANTINE,1,0,0
A5067326635,UNRESOLVED_IDENTITY,M0,E0,QUARANTINE_UNTIL_DEFINED,TASK99_MACHINE_TRIAGED_EXPLICIT_QUARANTINE,1,0,0
A5067462501,UNRESOLVED_IDENTITY,M0,E0,QUARANTINE_UNTIL_DEFINED,TASK99_MACHINE_TRIAGED_EXPLICIT_QUARANTINE,1,0,0
A5067727660,UNRESOLVED_IDENTITY,M0,E0,QUARANTINE_UNTIL_DEFINED,TASK99_MACHINE_TRIAGED_EXPLICIT_QUARANTINE,1,0,0
A5068111324,UNRESOLVED_IDENTITY,M0,E0,QUARANTINE_UNTIL_DEFINED,TASK99_MACHINE_TRIAGED_EXPLICIT_QUARANTINE,1,0,0
A5068169485,UNRESOLVED_IDENTITY,M0,E0,QUARANTINE_UNTIL_DEFINED,TASK99_MACHINE_TRIAGED_EXPLICIT_QUARANTINE,1,0,0
A5068383641,UNRESOLVED_IDENTITY,M0,E0,QUARANTINE_UNTIL_DEFINED,TASK99_MACHINE_TRIAGED_EXPLICIT_QUARANTINE,1,0,0
A5068815228,UNRESOLVED_IDENTITY,M0,E0,QUARANTINE_UNTIL_DEFINED,TASK99_MACHINE_TRIAGED_EXPLICIT_QUARANTINE,1,0,0
A5069087058,UNRESOLVED_IDENTITY,M0,E0,QUARANTINE_UNTIL_DEFINED,TASK99_MACHINE_TRIAGED_EXPLICIT_QUARANTINE,1,0,0
A5069509790,UNRESOLVED_IDENTITY,M0,E0,QUARANTINE_UNTIL_DEFINED,TASK99_MACHINE_TRIAGED_EXPLICIT_QUARANTINE,1,0,0
A5069554617,UNRESOLVED_IDENTITY,M0,E0,QUARANTINE_UNTIL_DEFINED,TASK99_MACHINE_TRIAGED_EXPLICIT_QUARANTINE,1,0,0
A5069703265,UNRESOLVED_IDENTITY,M0,E0,QUARANTINE_UNTIL_DEFINED,TASK99_MACHINE_TRIAGED_EXPLICIT_QUARANTINE,1,0,0
A5070186420,UNRESOLVED_IDENTITY,M0,E0,QUARANTINE_UNTIL_DEFINED,TASK99_MACHINE_TRIAGED_EXPLICIT_QUARANTINE,1,0,0
A5070446713,UNRESOLVED_IDENTITY,M0,E0,QUARANTINE_UNTIL_DEFINED,TASK99_MACHINE_TRIAGED_EXPLICIT_QUARANTINE,1,0,0
A5071289544,UNRESOLVED_IDENTITY,M0,E0,QUARANTINE_UNTIL_DEFINED,TASK99_MACHINE_TRIAGED_EXPLICIT_QUARANTINE,1,0,0
A5071503687,UNRESOLVED_IDENTITY,M0,E0,QUARANTINE_UNTIL_DEFINED,TASK99_MACHINE_TRIAGED_EXPLICIT_QUARANTINE,1,0,0
A5071572173,UNRESOLVED_IDENTITY,M0,E0,QUARANTINE_UNTIL_DEFINED,TASK99_MACHINE_TRIAGED_EXPLICIT_QUARANTINE,1,0,0
A5071765665,UNRESOLVED_IDENTITY,M0,E0,QUARANTINE_UNTIL_DEFINED,TASK99_MACHINE_TRIAGED_EXPLICIT_QUARANTINE,1,0,0
A5072012344,UNRESOLVED_IDENTITY,M0,E0,QUARANTINE_UNTIL_DEFINED,TASK99_MACHINE_TRIAGED_EXPLICIT_QUARANTINE,1,0,0
A5072253763,UNRESOLVED_IDENTITY,M0,E0,QUARANTINE_UNTIL_DEFINED,TASK99_MACHINE_TRIAGED_EXPLICIT_QUARANTINE,1,0,0
A5072505714,UNRESOLVED_IDENTITY,M0,E0,QUARANTINE_UNTIL_DEFINED,TASK99_MACHINE_TRIAGED_EXPLICIT_QUARANTINE,1,0,0
A5073055080,UNRESOLVED_IDENTITY,M0,E0,QUARANTINE_UNTIL_DEFINED,TASK99_MACHINE_TRIAGED_EXPLICIT_QUARANTINE,1,0,0
A5073126169,UNRESOLVED_IDENTITY,M0,E0,QUARANTINE_UNTIL_DEFINED,TASK99_MACHINE_TRIAGED_EXPLICIT_QUARANTINE,1,0,0
A5073185426,UNRESOLVED_IDENTITY,M0,E0,QUARANTINE_UNTIL_DEFINED,TASK99_MACHINE_TRIAGED_EXPLICIT_QUARANTINE,1,0,0
A5073223730,UNRESOLVED_IDENTITY,M0,E0,QUARANTINE_UNTIL_DEFINED,TASK99_MACHINE_TRIAGED_EXPLICIT_QUARANTINE,1,0,0
A5073404100,UNRESOLVED_IDENTITY,M0,E0,QUARANTINE_UNTIL_DEFINED,TASK99_MACHINE_TRIAGED_EXPLICIT_QUARANTINE,1,0,0
A5073851165,UNRESOLVED_IDENTITY,M0,E0,QUARANTINE_UNTIL_DEFINED,TASK99_MACHINE_TRIAGED_EXPLICIT_QUARANTINE,1,0,0
A5074114053,UNRESOLVED_IDENTITY,M0,E0,QUARANTINE_UNTIL_DEFINED,TASK99_MACHINE_TRIAGED_EXPLICIT_QUARANTINE,1,0,0
A5074294896,UNRESOLVED_IDENTITY,M0,E0,QUARANTINE_UNTIL_DEFINED,TASK99_MACHINE_TRIAGED_EXPLICIT_QUARANTINE,1,0,0
A5074307768,UNRESOLVED_IDENTITY,M0,E0,QUARANTINE_UNTIL_DEFINED,TASK99_MACHINE_TRIAGED_EXPLICIT_QUARANTINE,1,0,0
A5074705173,UNRESOLVED_IDENTITY,M0,E0,QUARANTINE_UNTIL_DEFINED,TASK99_MACHINE_TRIAGED_EXPLICIT_QUARANTINE,3,0,0
A5074733625,UNRESOLVED_IDENTITY,M0,E0,QUARANTINE_UNTIL_DEFINED,TASK99_MACHINE_TRIAGED_EXPLICIT_QUARANTINE,1,0,0
A5075013363,UNRESOLVED_IDENTITY,M0,E0,QUARANTINE_UNTIL_DEFINED,TASK99_MACHINE_TRIAGED_EXPLICIT_QUARANTINE,1,0,0
A5075769472,UNRESOLVED_IDENTITY,M0,E0,QUARANTINE_UNTIL_DEFINED,TASK99_MACHINE_TRIAGED_EXPLICIT_QUARANTINE,1,0,0
A5076491283,UNRESOLVED_IDENTITY,M0,E0,QUARANTINE_UNTIL_DEFINED,TASK99_MACHINE_TRIAGED_EXPLICIT_QUARANTINE,1,0,0
A5076876024,UNRESOLVED_IDENTITY,M0,E0,QUARANTINE_UNTIL_DEFINED,TASK99_MACHINE_TRIAGED_EXPLICIT_QUARANTINE,1,0,0
A5076925759,UNRESOLVED_IDENTITY,M0,E0,QUARANTINE_UNTIL_DEFINED,TASK99_MACHINE_TRIAGED_EXPLICIT_QUARANTINE,1,0,0
A5078583012,UNRESOLVED_IDENTITY,M0,E0,QUARANTINE_UNTIL_DEFINED,TASK99_MACHINE_TRIAGED_EXPLICIT_QUARANTINE,1,0,0
A5078948418,UNRESOLVED_IDENTITY,M0,E0,QUARANTINE_UNTIL_DEFINED,TASK99_MACHINE_TRIAGED_EXPLICIT_QUARANTINE,1,0,0
A5079275693,UNRESOLVED_IDENTITY,M0,E0,QUARANTINE_UNTIL_DEFINED,TASK99_MACHINE_TRIAGED_EXPLICIT_QUARANTINE,1,0,0
A5079396226,UNRESOLVED_IDENTITY,M0,E0,QUARANTINE_UNTIL_DEFINED,TASK99_MACHINE_TRIAGED_EXPLICIT_QUARANTINE,1,0,0
A5079613090,UNRESOLVED_IDENTITY,M0,E0,QUARANTINE_UNTIL_DEFINED,TASK99_MACHINE_TRIAGED_EXPLICIT_QUARANTINE,1,0,0
A5079863455,UNRESOLVED_IDENTITY,M0,E0,QUARANTINE_UNTIL_DEFINED,TASK99_MACHINE_TRIAGED_EXPLICIT_QUARANTINE,1,0,0
A5080191351,UNRESOLVED_IDENTITY,M0,E0,QUARANTINE_UNTIL_DEFINED,TASK99_MACHINE_TRIAGED_EXPLICIT_QUARANTINE,1,0,0
A5081975988,UNRESOLVED_IDENTITY,M0,E0,QUARANTINE_UNTIL_DEFINED,TASK99_MACHINE_TRIAGED_EXPLICIT_QUARANTINE,1,0,0
A5082109923,UNRESOLVED_IDENTITY,M0,E0,QUARANTINE_UNTIL_DEFINED,TASK99_MACHINE_TRIAGED_EXPLICIT_QUARANTINE,1,0,0
A5082253957,UNRESOLVED_IDENTITY,M0,E0,QUARANTINE_UNTIL_DEFINED,TASK99_MACHINE_TRIAGED_EXPLICIT_QUARANTINE,1,0,0
A5082456527,UNRESOLVED_IDENTITY,M0,E0,QUARANTINE_UNTIL_DEFINED,TASK99_MACHINE_TRIAGED_EXPLICIT_QUARANTINE,1,0,0
A5082717327,UNRESOLVED_IDENTITY,M0,E0,QUARANTINE_UNTIL_DEFINED,TASK99_MACHINE_TRIAGED_EXPLICIT_QUARANTINE,1,0,0
A5083539852,UNRESOLVED_IDENTITY,M0,E0,QUARANTINE_UNTIL_DEFINED,TASK99_MACHINE_TRIAGED_EXPLICIT_QUARANTINE,1,0,0
A5083971005,UNRESOLVED_IDENTITY,M0,E0,QUARANTINE_UNTIL_DEFINED,TASK99_MACHINE_TRIAGED_EXPLICIT_QUARANTINE,1,0,0
A5084087215,UNRESOLVED_IDENTITY,M0,E0,QUARANTINE_UNTIL_DEFINED,TASK99_MACHINE_TRIAGED_EXPLICIT_QUARANTINE,1,0,0
A5084189341,UNRESOLVED_IDENTITY,M0,E0,QUARANTINE_UNTIL_DEFINED,TASK99_MACHINE_TRIAGED_EXPLICIT_QUARANTINE,1,0,0
A5084563434,UNRESOLVED_IDENTITY,M0,E0,QUARANTINE_UNTIL_DEFINED,TASK99_MACHINE_TRIAGED_EXPLICIT_QUARANTINE,1,0,0
A5084977467,UNRESOLVED_IDENTITY,M0,E0,QUARANTINE_UNTIL_DEFINED,TASK99_MACHINE_TRIAGED_EXPLICIT_QUARANTINE,1,0,0
A5085497041,UNRESOLVED_IDENTITY,M0,E0,QUARANTINE_UNTIL_DEFINED,TASK99_MACHINE_TRIAGED_EXPLICIT_QUARANTINE,1,0,0
A5085568566,UNRESOLVED_IDENTITY,M0,E0,QUARANTINE_UNTIL_DEFINED,TASK99_MACHINE_TRIAGED_EXPLICIT_QUARANTINE,1,0,0
A5085634802,UNRESOLVED_IDENTITY,M0,E0,QUARANTINE_UNTIL_DEFINED,TASK99_MACHINE_TRIAGED_EXPLICIT_QUARANTINE,1,0,0
A5085750767,UNRESOLVED_IDENTITY,M0,E0,QUARANTINE_UNTIL_DEFINED,TASK99_MACHINE_TRIAGED_EXPLICIT_QUARANTINE,1,0,0
A5085781387,UNRESOLVED_IDENTITY,M0,E0,QUARANTINE_UNTIL_DEFINED,TASK99_MACHINE_TRIAGED_EXPLICIT_QUARANTINE,1,0,0
A5086073834,UNRESOLVED_IDENTITY,M0,E0,QUARANTINE_UNTIL_DEFINED,TASK99_MACHINE_TRIAGED_EXPLICIT_QUARANTINE,1,0,0
A5086410623,UNRESOLVED_IDENTITY,M0,E0,QUARANTINE_UNTIL_DEFINED,TASK99_MACHINE_TRIAGED_EXPLICIT_QUARANTINE,1,0,0
A5086493258,UNRESOLVED_IDENTITY,M0,E0,QUARANTINE_UNTIL_DEFINED,TASK99_MACHINE_TRIAGED_EXPLICIT_QUARANTINE,1,0,0
A5086655105,UNRESOLVED_IDENTITY,M0,E0,QUARANTINE_UNTIL_DEFINED,TASK99_MACHINE_TRIAGED_EXPLICIT_QUARANTINE,1,0,0
A5086890169,UNRESOLVED_IDENTITY,M0,E0,QUARANTINE_UNTIL_DEFINED,TASK99_MACHINE_TRIAGED_EXPLICIT_QUARANTINE,1,0,0
A5086970490,UNRESOLVED_IDENTITY,M0,E0,QUARANTINE_UNTIL_DEFINED,TASK99_MACHINE_TRIAGED_EXPLICIT_QUARANTINE,1,0,0
A5087016011,UNRESOLVED_IDENTITY,M0,E0,QUARANTINE_UNTIL_DEFINED,TASK99_MACHINE_TRIAGED_EXPLICIT_QUARANTINE,1,0,0
A5087199658,UNRESOLVED_IDENTITY,M0,E0,QUARANTINE_UNTIL_DEFINED,TASK99_MACHINE_TRIAGED_EXPLICIT_QUARANTINE,1,0,0
A5087538878,UNRESOLVED_IDENTITY,M0,E0,QUARANTINE_UNTIL_DEFINED,TASK99_MACHINE_TRIAGED_EXPLICIT_QUARANTINE,1,0,0
A5087633176,UNRESOLVED_IDENTITY,M0,E0,QUARANTINE_UNTIL_DEFINED,TASK99_MACHINE_TRIAGED_EXPLICIT_QUARANTINE,1,0,0
A5087993757,UNRESOLVED_IDENTITY,M0,E0,QUARANTINE_UNTIL_DEFINED,TASK99_MACHINE_TRIAGED_EXPLICIT_QUARANTINE,1,0,0
A5088237213,UNRESOLVED_IDENTITY,M0,E0,QUARANTINE_UNTIL_DEFINED,TASK99_MACHINE_TRIAGED_EXPLICIT_QUARANTINE,1,0,0
A5088394271,UNRESOLVED_IDENTITY,M0,E0,QUARANTINE_UNTIL_DEFINED,TASK99_MACHINE_TRIAGED_EXPLICIT_QUARANTINE,2,0,0
A5089025224,UNRESOLVED_IDENTITY,M0,E0,QUARANTINE_UNTIL_DEFINED,TASK99_MACHINE_TRIAGED_EXPLICIT_QUARANTINE,1,0,0
A5089142551,UNRESOLVED_IDENTITY,M0,E0,QUARANTINE_UNTIL_DEFINED,TASK99_MACHINE_TRIAGED_EXPLICIT_QUARANTINE,1,0,0
A5089493027,UNRESOLVED_IDENTITY,M0,E0,QUARANTINE_UNTIL_DEFINED,TASK99_MACHINE_TRIAGED_EXPLICIT_QUARANTINE,1,0,0
A5090224756,UNRESOLVED_IDENTITY,M0,E0,QUARANTINE_UNTIL_DEFINED,TASK99_MACHINE_TRIAGED_EXPLICIT_QUARANTINE,1,0,0
A5090589044,UNRESOLVED_IDENTITY,M0,E0,QUARANTINE_UNTIL_DEFINED,TASK99_MACHINE_TRIAGED_EXPLICIT_QUARANTINE,1,0,0
A5090811532,UNRESOLVED_IDENTITY,M0,E0,QUARANTINE_UNTIL_DEFINED,TASK99_MACHINE_TRIAGED_EXPLICIT_QUARANTINE,2,0,0
A5090996360,UNRESOLVED_IDENTITY,M0,E0,QUARANTINE_UNTIL_DEFINED,TASK99_MACHINE_TRIAGED_EXPLICIT_QUARANTINE,1,0,0
A5091555441,UNRESOLVED_IDENTITY,M0,E0,QUARANTINE_UNTIL_DEFINED,TASK99_MACHINE_TRIAGED_EXPLICIT_QUARANTINE,1,0,0
A5093283606,UNRESOLVED_IDENTITY,M0,E0,QUARANTINE_UNTIL_DEFINED,TASK99_MACHINE_TRIAGED_EXPLICIT_QUARANTINE,1,0,0
A5094117373,UNRESOLVED_IDENTITY,M0,E0,QUARANTINE_UNTIL_DEFINED,TASK99_MACHINE_TRIAGED_EXPLICIT_QUARANTINE,1,0,0
A5094263064,UNRESOLVED_IDENTITY,M0,E0,QUARANTINE_UNTIL_DEFINED,TASK99_MACHINE_TRIAGED_EXPLICIT_QUARANTINE,1,0,0
A5094263065,UNRESOLVED_IDENTITY,M0,E0,QUARANTINE_UNTIL_DEFINED,TASK99_MACHINE_TRIAGED_EXPLICIT_QUARANTINE,1,0,0
A5094268199,UNRESOLVED_IDENTITY,M0,E0,QUARANTINE_UNTIL_DEFINED,TASK99_MACHINE_TRIAGED_EXPLICIT_QUARANTINE,1,0,0
A5097187206,UNRESOLVED_IDENTITY,M0,E0,QUARANTINE_UNTIL_DEFINED,TASK99_MACHINE_TRIAGED_EXPLICIT_QUARANTINE,1,0,0
A5100320049,UNRESOLVED_IDENTITY,M0,E0,QUARANTINE_UNTIL_DEFINED,TASK99_MACHINE_TRIAGED_EXPLICIT_QUARANTINE,1,0,0
A5100367608,UNRESOLVED_IDENTITY,M0,E0,QUARANTINE_UNTIL_DEFINED,TASK99_MACHINE_TRIAGED_EXPLICIT_QUARANTINE,1,0,0
A5100372605,UNRESOLVED_IDENTITY,M0,E0,QUARANTINE_UNTIL_DEFINED,TASK99_MACHINE_TRIAGED_EXPLICIT_QUARANTINE,1,0,0
A5100397276,UNRESOLVED_IDENTITY,M0,E0,QUARANTINE_UNTIL_DEFINED,TASK99_MACHINE_TRIAGED_EXPLICIT_QUARANTINE,1,0,0
A5100415850,UNRESOLVED_IDENTITY,M0,E0,QUARANTINE_UNTIL_DEFINED,TASK99_MACHINE_TRIAGED_EXPLICIT_QUARANTINE,1,0,0
A5100435314,UNRESOLVED_IDENTITY,M0,E0,QUARANTINE_UNTIL_DEFINED,TASK99_MACHINE_TRIAGED_EXPLICIT_QUARANTINE,1,0,0
A5100701866,UNRESOLVED_IDENTITY,M0,E0,QUARANTINE_UNTIL_DEFINED,TASK99_MACHINE_TRIAGED_EXPLICIT_QUARANTINE,1,0,0
A5101649890,UNRESOLVED_IDENTITY,M0,E0,QUARANTINE_UNTIL_DEFINED,TASK99_MACHINE_TRIAGED_EXPLICIT_QUARANTINE,1,0,0
A5101692794,UNRESOLVED_IDENTITY,M0,E0,QUARANTINE_UNTIL_DEFINED,TASK99_MACHINE_TRIAGED_EXPLICIT_QUARANTINE,1,0,0
A5101698803,UNRESOLVED_IDENTITY,M0,E0,QUARANTINE_UNTIL_DEFINED,TASK99_MACHINE_TRIAGED_EXPLICIT_QUARANTINE,1,0,0
A5101786060,UNRESOLVED_IDENTITY,M0,E0,QUARANTINE_UNTIL_DEFINED,TASK99_MACHINE_TRIAGED_EXPLICIT_QUARANTINE,1,0,0
A5102019010,UNRESOLVED_IDENTITY,M0,E0,QUARANTINE_UNTIL_DEFINED,TASK99_MACHINE_TRIAGED_EXPLICIT_QUARANTINE,1,0,0
A5102425079,UNRESOLVED_IDENTITY,M0,E0,QUARANTINE_UNTIL_DEFINED,TASK99_MACHINE_TRIAGED_EXPLICIT_QUARANTINE,1,0,0
A5102707175,UNRESOLVED_IDENTITY,M0,E0,QUARANTINE_UNTIL_DEFINED,TASK99_MACHINE_TRIAGED_EXPLICIT_QUARANTINE,1,0,0
A5103065979,UNRESOLVED_IDENTITY,M0,E0,QUARANTINE_UNTIL_DEFINED,TASK99_MACHINE_TRIAGED_EXPLICIT_QUARANTINE,1,0,0
A5103103878,UNRESOLVED_IDENTITY,M0,E0,QUARANTINE_UNTIL_DEFINED,TASK99_MACHINE_TRIAGED_EXPLICIT_QUARANTINE,1,0,0
A5103189887,UNRESOLVED_IDENTITY,M0,E0,QUARANTINE_UNTIL_DEFINED,TASK99_MACHINE_TRIAGED_EXPLICIT_QUARANTINE,2,0,0
A5103451020,UNRESOLVED_IDENTITY,M0,E0,QUARANTINE_UNTIL_DEFINED,TASK99_MACHINE_TRIAGED_EXPLICIT_QUARANTINE,1,0,0
A5104946959,UNRESOLVED_IDENTITY,M0,E0,QUARANTINE_UNTIL_DEFINED,TASK99_MACHINE_TRIAGED_EXPLICIT_QUARANTINE,1,0,0
A5107428944,UNRESOLVED_IDENTITY,M0,E0,QUARANTINE_UNTIL_DEFINED,TASK99_MACHINE_TRIAGED_EXPLICIT_QUARANTINE,1,0,0
A5107553545,UNRESOLVED_IDENTITY,M0,E0,QUARANTINE_UNTIL_DEFINED,TASK99_MACHINE_TRIAGED_EXPLICIT_QUARANTINE,1,0,0
A5108208924,UNRESOLVED_IDENTITY,M0,E0,QUARANTINE_UNTIL_DEFINED,TASK99_MACHINE_TRIAGED_EXPLICIT_QUARANTINE,2,0,0
A5109179609,UNRESOLVED_IDENTITY,M0,E0,QUARANTINE_UNTIL_DEFINED,TASK99_MACHINE_TRIAGED_EXPLICIT_QUARANTINE,1,0,0
A5109848625,UNRESOLVED_IDENTITY,M0,E0,QUARANTINE_UNTIL_DEFINED,TASK99_MACHINE_TRIAGED_EXPLICIT_QUARANTINE,1,0,0
A5109860041,UNRESOLVED_IDENTITY,M0,E0,QUARANTINE_UNTIL_DEFINED,TASK99_MACHINE_TRIAGED_EXPLICIT_QUARANTINE,1,0,0
A5109937093,UNRESOLVED_IDENTITY,M0,E0,QUARANTINE_UNTIL_DEFINED,TASK99_MACHINE_TRIAGED_EXPLICIT_QUARANTINE,1,0,0
A5109982687,UNRESOLVED_IDENTITY,M0,E0,QUARANTINE_UNTIL_DEFINED,TASK99_MACHINE_TRIAGED_EXPLICIT_QUARANTINE,1,0,0
A5110161513,UNRESOLVED_IDENTITY,M0,E0,QUARANTINE_UNTIL_DEFINED,TASK99_MACHINE_TRIAGED_EXPLICIT_QUARANTINE,3,0,0
A5110407899,UNRESOLVED_IDENTITY,M0,E0,QUARANTINE_UNTIL_DEFINED,TASK99_MACHINE_TRIAGED_EXPLICIT_QUARANTINE,1,0,0
A5110613341,UNRESOLVED_IDENTITY,M0,E0,QUARANTINE_UNTIL_DEFINED,TASK99_MACHINE_TRIAGED_EXPLICIT_QUARANTINE,1,0,0
A5110689129,UNRESOLVED_IDENTITY,M0,E0,QUARANTINE_UNTIL_DEFINED,TASK99_MACHINE_TRIAGED_EXPLICIT_QUARANTINE,1,0,0
A5110738906,UNRESOLVED_IDENTITY,M0,E0,QUARANTINE_UNTIL_DEFINED,TASK99_MACHINE_TRIAGED_EXPLICIT_QUARANTINE,1,0,0
A5111077206,UNRESOLVED_IDENTITY,M0,E0,QUARANTINE_UNTIL_DEFINED,TASK99_MACHINE_TRIAGED_EXPLICIT_QUARANTINE,1,0,0
A5111418782,UNRESOLVED_IDENTITY,M0,E0,QUARANTINE_UNTIL_DEFINED,TASK99_MACHINE_TRIAGED_EXPLICIT_QUARANTINE,2,0,0
A5111755089,UNRESOLVED_IDENTITY,M0,E0,QUARANTINE_UNTIL_DEFINED,TASK99_MACHINE_TRIAGED_EXPLICIT_QUARANTINE,1,0,0
A5111905601,UNRESOLVED_IDENTITY,M0,E0,QUARANTINE_UNTIL_DEFINED,TASK99_MACHINE_TRIAGED_EXPLICIT_QUARANTINE,1,0,0
A5112009724,UNRESOLVED_IDENTITY,M0,E0,QUARANTINE_UNTIL_DEFINED,TASK99_MACHINE_TRIAGED_EXPLICIT_QUARANTINE,1,0,0
A5112688751,UNRESOLVED_IDENTITY,M0,E0,QUARANTINE_UNTIL_DEFINED,TASK99_MACHINE_TRIAGED_EXPLICIT_QUARANTINE,1,0,0
A5112834721,UNRESOLVED_IDENTITY,M0,E0,QUARANTINE_UNTIL_DEFINED,TASK99_MACHINE_TRIAGED_EXPLICIT_QUARANTINE,1,0,0
A5113602156,UNRESOLVED_IDENTITY,M0,E0,QUARANTINE_UNTIL_DEFINED,TASK99_MACHINE_TRIAGED_EXPLICIT_QUARANTINE,1,0,0
A5113931380,UNRESOLVED_IDENTITY,M0,E0,QUARANTINE_UNTIL_DEFINED,TASK99_MACHINE_TRIAGED_EXPLICIT_QUARANTINE,1,0,0
A5114727944,UNRESOLVED_IDENTITY,M0,E0,QUARANTINE_UNTIL_DEFINED,TASK99_MACHINE_TRIAGED_EXPLICIT_QUARANTINE,1,0,0
A5115022843,UNRESOLVED_IDENTITY,M0,E0,QUARANTINE_UNTIL_DEFINED,TASK99_MACHINE_TRIAGED_EXPLICIT_QUARANTINE,1,0,0
A5119013751,UNRESOLVED_IDENTITY,M0,E0,QUARANTINE_UNTIL_DEFINED,TASK99_MACHINE_TRIAGED_EXPLICIT_QUARANTINE,1,0,0
A5120294612,UNRESOLVED_IDENTITY,M0,E0,QUARANTINE_UNTIL_DEFINED,TASK99_MACHINE_TRIAGED_EXPLICIT_QUARANTINE,1,0,0
A5120628061,UNRESOLVED_IDENTITY,M0,E0,QUARANTINE_UNTIL_DEFINED,TASK99_MACHINE_TRIAGED_EXPLICIT_QUARANTINE,1,0,0
A5120895883,UNRESOLVED_IDENTITY,M0,E0,QUARANTINE_UNTIL_DEFINED,TASK99_MACHINE_TRIAGED_EXPLICIT_QUARANTINE,1,0,0
A5121767954,UNRESOLVED_IDENTITY,M0,E0,QUARANTINE_UNTIL_DEFINED,TASK99_MACHINE_TRIAGED_EXPLICIT_QUARANTINE,1,0,0
A5121850258,UNRESOLVED_IDENTITY,M0,E0,QUARANTINE_UNTIL_DEFINED,TASK99_MACHINE_TRIAGED_EXPLICIT_QUARANTINE,1,0,0
A5123890179,UNRESOLVED_IDENTITY,M0,E0,QUARANTINE_UNTIL_DEFINED,TASK99_MACHINE_TRIAGED_EXPLICIT_QUARANTINE,1,0,0
A5125105800,UNRESOLVED_IDENTITY,M0,E0,QUARANTINE_UNTIL_DEFINED,TASK99_MACHINE_TRIAGED_EXPLICIT_QUARANTINE,1,0,0
A5125257263,UNRESOLVED_IDENTITY,M0,E0,QUARANTINE_UNTIL_DEFINED,TASK99_MACHINE_TRIAGED_EXPLICIT_QUARANTINE,1,0,0
A5125266347,UNRESOLVED_IDENTITY,M0,E0,QUARANTINE_UNTIL_DEFINED,TASK99_MACHINE_TRIAGED_EXPLICIT_QUARANTINE,1,0,0
A5125275403,UNRESOLVED_IDENTITY,M0,E0,QUARANTINE_UNTIL_DEFINED,TASK99_MACHINE_TRIAGED_EXPLICIT_QUARANTINE,1,0,0
A5125277928,UNRESOLVED_IDENTITY,M0,E0,QUARANTINE_UNTIL_DEFINED,TASK99_MACHINE_TRIAGED_EXPLICIT_QUARANTINE,1,0,0
A5132561910,UNRESOLVED_IDENTITY,M0,E0,QUARANTINE_UNTIL_DEFINED,TASK99_MACHINE_TRIAGED_EXPLICIT_QUARANTINE,1,0,0
A5132569607,UNRESOLVED_IDENTITY,M0,E0,QUARANTINE_UNTIL_DEFINED,TASK99_MACHINE_TRIAGED_EXPLICIT_QUARANTINE,1,0,0
A5132578434,UNRESOLVED_IDENTITY,M0,E0,QUARANTINE_UNTIL_DEFINED,TASK99_MACHINE_TRIAGED_EXPLICIT_QUARANTINE,1,0,0
A5132599331,UNRESOLVED_IDENTITY,M0,E0,QUARANTINE_UNTIL_DEFINED,TASK99_MACHINE_TRIAGED_EXPLICIT_QUARANTINE,1,0,0
A5132607827,UNRESOLVED_IDENTITY,M0,E0,QUARANTINE_UNTIL_DEFINED,TASK99_MACHINE_TRIAGED_EXPLICIT_QUARANTINE,1,0,0
A5132629775,UNRESOLVED_IDENTITY,M0,E0,QUARANTINE_UNTIL_DEFINED,TASK99_MACHINE_TRIAGED_EXPLICIT_QUARANTINE,1,0,0
A5132642072,UNRESOLVED_IDENTITY,M0,E0,QUARANTINE_UNTIL_DEFINED,TASK99_MACHINE_TRIAGED_EXPLICIT_QUARANTINE,1,0,0
A5132655801,UNRESOLVED_IDENTITY,M0,E0,QUARANTINE_UNTIL_DEFINED,TASK99_MACHINE_TRIAGED_EXPLICIT_QUARANTINE,1,0,0
A5132666075,UNRESOLVED_IDENTITY,M0,E0,QUARANTINE_UNTIL_DEFINED,TASK99_MACHINE_TRIAGED_EXPLICIT_QUARANTINE,1,0,0
A5132670421,UNRESOLVED_IDENTITY,M0,E0,QUARANTINE_UNTIL_DEFINED,TASK99_MACHINE_TRIAGED_EXPLICIT_QUARANTINE,1,0,0
A5132672081,UNRESOLVED_IDENTITY,M0,E0,QUARANTINE_UNTIL_DEFINED,TASK99_MACHINE_TRIAGED_EXPLICIT_QUARANTINE,1,0,0
A5132680118,UNRESOLVED_IDENTITY,M0,E0,QUARANTINE_UNTIL_DEFINED,TASK99_MACHINE_TRIAGED_EXPLICIT_QUARANTINE,1,0,0
A5132681639,UNRESOLVED_IDENTITY,M0,E0,QUARANTINE_UNTIL_DEFINED,TASK99_MACHINE_TRIAGED_EXPLICIT_QUARANTINE,1,0,0
A5132688156,UNRESOLVED_IDENTITY,M0,E0,QUARANTINE_UNTIL_DEFINED,TASK99_MACHINE_TRIAGED_EXPLICIT_QUARANTINE,1,0,0
A5132698370,UNRESOLVED_IDENTITY,M0,E0,QUARANTINE_UNTIL_DEFINED,TASK99_MACHINE_TRIAGED_EXPLICIT_QUARANTINE,1,0,0
A5132698501,UNRESOLVED_IDENTITY,M0,E0,QUARANTINE_UNTIL_DEFINED,TASK99_MACHINE_TRIAGED_EXPLICIT_QUARANTINE,1,0,0
A5132707138,UNRESOLVED_IDENTITY,M0,E0,QUARANTINE_UNTIL_DEFINED,TASK99_MACHINE_TRIAGED_EXPLICIT_QUARANTINE,1,0,0
A5132729318,UNRESOLVED_IDENTITY,M0,E0,QUARANTINE_UNTIL_DEFINED,TASK99_MACHINE_TRIAGED_EXPLICIT_QUARANTINE,1,0,0
A5139587943,UNRESOLVED_IDENTITY,M0,E0,QUARANTINE_UNTIL_DEFINED,TASK99_MACHINE_TRIAGED_EXPLICIT_QUARANTINE,1,0,0
A6,PARAMETRIC_MATHEMATICAL_MODEL,M1,E0,QUARANTINE_UNTIL_DEFINED,TASK99_REPOSITORY_EVIDENCE_ADJUDICATED,100,3,7
A7,SCORING_OR_INDEX_FUNCTION,M1,E0,QUARANTINE_UNTIL_DEFINED,TASK99_REPOSITORY_EVIDENCE_ADJUDICATED,94,3,6
A8,GATE_OR_CLASSIFIER,M1,E0,QUARANTINE_UNTIL_DEFINED,TASK99_REPOSITORY_EVIDENCE_ADJUDICATED,72,2,14
A9,PARAMETRIC_MATHEMATICAL_MODEL,M1,E0,QUARANTINE_UNTIL_DEFINED,TASK99_REPOSITORY_EVIDENCE_ADJUDICATED,87,4,34
D0,UNRESOLVED_IDENTITY,M0,E0,QUARANTINE_UNTIL_DEFINED,TASK99_MACHINE_TRIAGED_EXPLICIT_QUARANTINE,1,0,0
D000068598,UNRESOLVED_IDENTITY,M0,E0,QUARANTINE_UNTIL_DEFINED,TASK99_MACHINE_TRIAGED_EXPLICIT_QUARANTINE,2,0,0
D000069550,UNRESOLVED_IDENTITY,M0,E0,QUARANTINE_UNTIL_DEFINED,TASK99_MACHINE_TRIAGED_EXPLICIT_QUARANTINE,1,0,0
D000096962,UNRESOLVED_IDENTITY,M0,E0,QUARANTINE_UNTIL_DEFINED,TASK99_MACHINE_TRIAGED_EXPLICIT_QUARANTINE,1,0,0
D000293,UNRESOLVED_IDENTITY,M0,E0,QUARANTINE_UNTIL_DEFINED,TASK99_MACHINE_TRIAGED_EXPLICIT_QUARANTINE,1,0,0
D000397,UNRESOLVED_IDENTITY,M0,E0,QUARANTINE_UNTIL_DEFINED,TASK99_MACHINE_TRIAGED_EXPLICIT_QUARANTINE,1,0,0
D000465,UNRESOLVED_IDENTITY,M0,E0,QUARANTINE_UNTIL_DEFINED,TASK99_MACHINE_TRIAGED_EXPLICIT_QUARANTINE,1,0,0
D000818,UNRESOLVED_IDENTITY,M0,E0,QUARANTINE_UNTIL_DEFINED,TASK99_MACHINE_TRIAGED_EXPLICIT_QUARANTINE,4,0,0
D001,UNRESOLVED_IDENTITY,M0,E0,QUARANTINE_UNTIL_DEFINED,TASK99_MACHINE_TRIAGED_EXPLICIT_QUARANTINE,1,0,0
D001249,UNRESOLVED_IDENTITY,M0,E0,QUARANTINE_UNTIL_DEFINED,TASK99_MACHINE_TRIAGED_EXPLICIT_QUARANTINE,1,0,0
D001492,UNRESOLVED_IDENTITY,M0,E0,QUARANTINE_UNTIL_DEFINED,TASK99_MACHINE_TRIAGED_EXPLICIT_QUARANTINE,1,0,0
D001525,UNRESOLVED_IDENTITY,M0,E0,QUARANTINE_UNTIL_DEFINED,TASK99_MACHINE_TRIAGED_EXPLICIT_QUARANTINE,1,0,0
D001695,UNRESOLVED_IDENTITY,M0,E0,QUARANTINE_UNTIL_DEFINED,TASK99_MACHINE_TRIAGED_EXPLICIT_QUARANTINE,1,0,0
D001803,UNRESOLVED_IDENTITY,M0,E0,QUARANTINE_UNTIL_DEFINED,TASK99_MACHINE_TRIAGED_EXPLICIT_QUARANTINE,1,0,0
D002,UNRESOLVED_IDENTITY,M0,E0,QUARANTINE_UNTIL_DEFINED,TASK99_MACHINE_TRIAGED_EXPLICIT_QUARANTINE,1,0,0
D002450,UNRESOLVED_IDENTITY,M0,E0,QUARANTINE_UNTIL_DEFINED,TASK99_MACHINE_TRIAGED_EXPLICIT_QUARANTINE,2,0,0
D002465,UNRESOLVED_IDENTITY,M0,E0,QUARANTINE_UNTIL_DEFINED,TASK99_MACHINE_TRIAGED_EXPLICIT_QUARANTINE,2,0,0
D002468,UNRESOLVED_IDENTITY,M0,E0,QUARANTINE_UNTIL_DEFINED,TASK99_MACHINE_TRIAGED_EXPLICIT_QUARANTINE,2,0,0
D002734,UNRESOLVED_IDENTITY,M0,E0,QUARANTINE_UNTIL_DEFINED,TASK99_MACHINE_TRIAGED_EXPLICIT_QUARANTINE,1,0,0
D002980,UNRESOLVED_IDENTITY,M0,E0,QUARANTINE_UNTIL_DEFINED,TASK99_MACHINE_TRIAGED_EXPLICIT_QUARANTINE,2,0,0
D003,UNRESOLVED_IDENTITY,M0,E0,QUARANTINE_UNTIL_DEFINED,TASK99_MACHINE_TRIAGED_EXPLICIT_QUARANTINE,1,0,0
D003198,UNRESOLVED_IDENTITY,M0,E0,QUARANTINE_UNTIL_DEFINED,TASK99_MACHINE_TRIAGED_EXPLICIT_QUARANTINE,1,0,0
D003657,UNRESOLVED_IDENTITY,M0,E0,QUARANTINE_UNTIL_DEFINED,TASK99_MACHINE_TRIAGED_EXPLICIT_QUARANTINE,1,0,0
D004,UNRESOLVED_IDENTITY,M0,E0,QUARANTINE_UNTIL_DEFINED,TASK99_MACHINE_TRIAGED_EXPLICIT_QUARANTINE,1,0,0
D004058,UNRESOLVED_IDENTITY,M0,E0,QUARANTINE_UNTIL_DEFINED,TASK99_MACHINE_TRIAGED_EXPLICIT_QUARANTINE,1,0,0
D004463,UNRESOLVED_IDENTITY,M0,E0,QUARANTINE_UNTIL_DEFINED,TASK99_MACHINE_TRIAGED_EXPLICIT_QUARANTINE,2,0,0
D004777,UNRESOLVED_IDENTITY,M0,E0,QUARANTINE_UNTIL_DEFINED,TASK99_MACHINE_TRIAGED_EXPLICIT_QUARANTINE,1,0,0
D004781,UNRESOLVED_IDENTITY,M0,E0,QUARANTINE_UNTIL_DEFINED,TASK99_MACHINE_TRIAGED_EXPLICIT_QUARANTINE,1,0,0
D004784,UNRESOLVED_IDENTITY,M0,E0,QUARANTINE_UNTIL_DEFINED,TASK99_MACHINE_TRIAGED_EXPLICIT_QUARANTINE,1,0,0
D004812,UNRESOLVED_IDENTITY,M0,E0,QUARANTINE_UNTIL_DEFINED,TASK99_MACHINE_TRIAGED_EXPLICIT_QUARANTINE,1,0,0
D005,UNRESOLVED_IDENTITY,M0,E0,QUARANTINE_UNTIL_DEFINED,TASK99_MACHINE_TRIAGED_EXPLICIT_QUARANTINE,1,0,0
D005068,UNRESOLVED_IDENTITY,M0,E0,QUARANTINE_UNTIL_DEFINED,TASK99_MACHINE_TRIAGED_EXPLICIT_QUARANTINE,2,0,0
D005399,UNRESOLVED_IDENTITY,M0,E0,QUARANTINE_UNTIL_DEFINED,TASK99_MACHINE_TRIAGED_EXPLICIT_QUARANTINE,1,0,0
D005544,UNRESOLVED_IDENTITY,M0,E0,QUARANTINE_UNTIL_DEFINED,TASK99_MACHINE_TRIAGED_EXPLICIT_QUARANTINE,2,0,0
D005618,UNRESOLVED_IDENTITY,M0,E0,QUARANTINE_UNTIL_DEFINED,TASK99_MACHINE_TRIAGED_EXPLICIT_QUARANTINE,1,0,0
D005793,UNRESOLVED_IDENTITY,M0,E0,QUARANTINE_UNTIL_DEFINED,TASK99_MACHINE_TRIAGED_EXPLICIT_QUARANTINE,1,0,0
D005844,UNRESOLVED_IDENTITY,M0,E0,QUARANTINE_UNTIL_DEFINED,TASK99_MACHINE_TRIAGED_EXPLICIT_QUARANTINE,1,0,0
D006,UNRESOLVED_IDENTITY,M0,E0,QUARANTINE_UNTIL_DEFINED,TASK99_MACHINE_TRIAGED_EXPLICIT_QUARANTINE,1,0,0
D006677,UNRESOLVED_IDENTITY,M0,E0,QUARANTINE_UNTIL_DEFINED,TASK99_MACHINE_TRIAGED_EXPLICIT_QUARANTINE,1,0,0
D006801,UNRESOLVED_IDENTITY,M0,E0,QUARANTINE_UNTIL_DEFINED,TASK99_MACHINE_TRIAGED_EXPLICIT_QUARANTINE,9,0,0
D007,UNRESOLVED_IDENTITY,M0,E0,QUARANTINE_UNTIL_DEFINED,TASK99_MACHINE_TRIAGED_EXPLICIT_QUARANTINE,1,0,0
D008433,UNRESOLVED_IDENTITY,M0,E0,QUARANTINE_UNTIL_DEFINED,TASK99_MACHINE_TRIAGED_EXPLICIT_QUARANTINE,2,0,0
D008954,UNRESOLVED_IDENTITY,M0,E0,QUARANTINE_UNTIL_DEFINED,TASK99_MACHINE_TRIAGED_EXPLICIT_QUARANTINE,5,0,0
D008960,UNRESOLVED_IDENTITY,M0,E0,QUARANTINE_UNTIL_DEFINED,TASK99_MACHINE_TRIAGED_EXPLICIT_QUARANTINE,1,0,0
D008962,UNRESOLVED_IDENTITY,M0,E0,QUARANTINE_UNTIL_DEFINED,TASK99_MACHINE_TRIAGED_EXPLICIT_QUARANTINE,5,0,0
D009792,UNRESOLVED_IDENTITY,M0,E0,QUARANTINE_UNTIL_DEFINED,TASK99_MACHINE_TRIAGED_EXPLICIT_QUARANTINE,1,0,0
D01,UNRESOLVED_IDENTITY,M0,E0,QUARANTINE_UNTIL_DEFINED,TASK99_MACHINE_TRIAGED_EXPLICIT_QUARANTINE,2,0,0
D010506,UNRESOLVED_IDENTITY,M0,E0,QUARANTINE_UNTIL_DEFINED,TASK99_MACHINE_TRIAGED_EXPLICIT_QUARANTINE,2,0,0
D010507,UNRESOLVED_IDENTITY,M0,E0,QUARANTINE_UNTIL_DEFINED,TASK99_MACHINE_TRIAGED_EXPLICIT_QUARANTINE,1,0,0
D010554,UNRESOLVED_IDENTITY,M0,E0,QUARANTINE_UNTIL_DEFINED,TASK99_MACHINE_TRIAGED_EXPLICIT_QUARANTINE,1,0,0
D010684,UNRESOLVED_IDENTITY,M0,E0,QUARANTINE_UNTIL_DEFINED,TASK99_MACHINE_TRIAGED_EXPLICIT_QUARANTINE,1,0,0
D010839,UNRESOLVED_IDENTITY,M0,E0,QUARANTINE_UNTIL_DEFINED,TASK99_MACHINE_TRIAGED_EXPLICIT_QUARANTINE,1,0,0
D011157,UNRESOLVED_IDENTITY,M0,E0,QUARANTINE_UNTIL_DEFINED,TASK99_MACHINE_TRIAGED_EXPLICIT_QUARANTINE,1,0,0
D011336,UNRESOLVED_IDENTITY,M0,E0,QUARANTINE_UNTIL_DEFINED,TASK99_MACHINE_TRIAGED_EXPLICIT_QUARANTINE,1,0,0
D011582,UNRESOLVED_IDENTITY,M0,E0,QUARANTINE_UNTIL_DEFINED,TASK99_MACHINE_TRIAGED_EXPLICIT_QUARANTINE,1,0,0
D011584,UNRESOLVED_IDENTITY,M0,E0,QUARANTINE_UNTIL_DEFINED,TASK99_MACHINE_TRIAGED_EXPLICIT_QUARANTINE,1,0,0
D011586,UNRESOLVED_IDENTITY,M0,E0,QUARANTINE_UNTIL_DEFINED,TASK99_MACHINE_TRIAGED_EXPLICIT_QUARANTINE,1,0,0
D011594,UNRESOLVED_IDENTITY,M0,E0,QUARANTINE_UNTIL_DEFINED,TASK99_MACHINE_TRIAGED_EXPLICIT_QUARANTINE,1,0,0
D011643,UNRESOLVED_IDENTITY,M0,E0,QUARANTINE_UNTIL_DEFINED,TASK99_MACHINE_TRIAGED_EXPLICIT_QUARANTINE,1,0,0
D012106,UNRESOLVED_IDENTITY,M0,E0,QUARANTINE_UNTIL_DEFINED,TASK99_MACHINE_TRIAGED_EXPLICIT_QUARANTINE,1,0,0
D012107,UNRESOLVED_IDENTITY,M0,E0,QUARANTINE_UNTIL_DEFINED,TASK99_MACHINE_TRIAGED_EXPLICIT_QUARANTINE,2,0,0
D012640,UNRESOLVED_IDENTITY,M0,E0,QUARANTINE_UNTIL_DEFINED,TASK99_MACHINE_TRIAGED_EXPLICIT_QUARANTINE,1,0,0
D012942,UNRESOLVED_IDENTITY,M0,E0,QUARANTINE_UNTIL_DEFINED,TASK99_MACHINE_TRIAGED_EXPLICIT_QUARANTINE,1,0,0
D013223,UNRESOLVED_IDENTITY,M0,E0,QUARANTINE_UNTIL_DEFINED,TASK99_MACHINE_TRIAGED_EXPLICIT_QUARANTINE,1,0,0
D013269,UNRESOLVED_IDENTITY,M0,E0,QUARANTINE_UNTIL_DEFINED,TASK99_MACHINE_TRIAGED_EXPLICIT_QUARANTINE,1,0,0
D013598,UNRESOLVED_IDENTITY,M0,E0,QUARANTINE_UNTIL_DEFINED,TASK99_MACHINE_TRIAGED_EXPLICIT_QUARANTINE,1,0,0
D013997,UNRESOLVED_IDENTITY,M0,E0,QUARANTINE_UNTIL_DEFINED,TASK99_MACHINE_TRIAGED_EXPLICIT_QUARANTINE,2,0,0
D015048,UNRESOLVED_IDENTITY,M0,E0,QUARANTINE_UNTIL_DEFINED,TASK99_MACHINE_TRIAGED_EXPLICIT_QUARANTINE,1,0,0
D015203,UNRESOLVED_IDENTITY,M0,E0,QUARANTINE_UNTIL_DEFINED,TASK99_MACHINE_TRIAGED_EXPLICIT_QUARANTINE,4,0,0
D015233,UNRESOLVED_IDENTITY,M0,E0,QUARANTINE_UNTIL_DEFINED,TASK99_MACHINE_TRIAGED_EXPLICIT_QUARANTINE,2,0,0
D015415,UNRESOLVED_IDENTITY,M0,E0,QUARANTINE_UNTIL_DEFINED,TASK99_MACHINE_TRIAGED_EXPLICIT_QUARANTINE,1,0,0
D015982,UNRESOLVED_IDENTITY,M0,E0,QUARANTINE_UNTIL_DEFINED,TASK99_MACHINE_TRIAGED_EXPLICIT_QUARANTINE,1,0,0
D015984,UNRESOLVED_IDENTITY,M0,E0,QUARANTINE_UNTIL_DEFINED,TASK99_MACHINE_TRIAGED_EXPLICIT_QUARANTINE,2,0,0
D016001,UNRESOLVED_IDENTITY,M0,E0,QUARANTINE_UNTIL_DEFINED,TASK99_MACHINE_TRIAGED_EXPLICIT_QUARANTINE,1,0,0
D017594,UNRESOLVED_IDENTITY,M0,E0,QUARANTINE_UNTIL_DEFINED,TASK99_MACHINE_TRIAGED_EXPLICIT_QUARANTINE,1,0,0
D017711,UNRESOLVED_IDENTITY,M0,E0,QUARANTINE_UNTIL_DEFINED,TASK99_MACHINE_TRIAGED_EXPLICIT_QUARANTINE,1,0,0
D017752,UNRESOLVED_IDENTITY,M0,E0,QUARANTINE_UNTIL_DEFINED,TASK99_MACHINE_TRIAGED_EXPLICIT_QUARANTINE,1,0,0
D017753,UNRESOLVED_IDENTITY,M0,E0,QUARANTINE_UNTIL_DEFINED,TASK99_MACHINE_TRIAGED_EXPLICIT_QUARANTINE,2,0,0
D018533,UNRESOLVED_IDENTITY,M0,E0,QUARANTINE_UNTIL_DEFINED,TASK99_MACHINE_TRIAGED_EXPLICIT_QUARANTINE,1,0,0
D018803,UNRESOLVED_IDENTITY,M0,E0,QUARANTINE_UNTIL_DEFINED,TASK99_MACHINE_TRIAGED_EXPLICIT_QUARANTINE,1,0,0
D019317,UNRESOLVED_IDENTITY,M0,E0,QUARANTINE_UNTIL_DEFINED,TASK99_MACHINE_TRIAGED_EXPLICIT_QUARANTINE,1,0,0
D019359,UNRESOLVED_IDENTITY,M0,E0,QUARANTINE_UNTIL_DEFINED,TASK99_MACHINE_TRIAGED_EXPLICIT_QUARANTINE,1,0,0
D019521,UNRESOLVED_IDENTITY,M0,E0,QUARANTINE_UNTIL_DEFINED,TASK99_MACHINE_TRIAGED_EXPLICIT_QUARANTINE,2,0,0
D02,UNRESOLVED_IDENTITY,M0,E0,QUARANTINE_UNTIL_DEFINED,TASK99_MACHINE_TRIAGED_EXPLICIT_QUARANTINE,2,0,0
D020387,UNRESOLVED_IDENTITY,M0,E0,QUARANTINE_UNTIL_DEFINED,TASK99_MACHINE_TRIAGED_EXPLICIT_QUARANTINE,1,0,0
D03,UNRESOLVED_IDENTITY,M0,E0,QUARANTINE_UNTIL_DEFINED,TASK99_MACHINE_TRIAGED_EXPLICIT_QUARANTINE,3,0,0
D033181,UNRESOLVED_IDENTITY,M0,E0,QUARANTINE_UNTIL_DEFINED,TASK99_MACHINE_TRIAGED_EXPLICIT_QUARANTINE,1,0,0
D035841,UNRESOLVED_IDENTITY,M0,E0,QUARANTINE_UNTIL_DEFINED,TASK99_MACHINE_TRIAGED_EXPLICIT_QUARANTINE,1,0,0
D035843,UNRESOLVED_IDENTITY,M0,E0,QUARANTINE_UNTIL_DEFINED,TASK99_MACHINE_TRIAGED_EXPLICIT_QUARANTINE,1,0,0
D04,UNRESOLVED_IDENTITY,M0,E0,QUARANTINE_UNTIL_DEFINED,TASK99_MACHINE_TRIAGED_EXPLICIT_QUARANTINE,3,0,0
D049490,UNRESOLVED_IDENTITY,M0,E0,QUARANTINE_UNTIL_DEFINED,TASK99_MACHINE_TRIAGED_EXPLICIT_QUARANTINE,2,0,0
D049690,UNRESOLVED_IDENTITY,M0,E0,QUARANTINE_UNTIL_DEFINED,TASK99_MACHINE_TRIAGED_EXPLICIT_QUARANTINE,1,0,0
D05,UNRESOLVED_IDENTITY,M0,E0,QUARANTINE_UNTIL_DEFINED,TASK99_MACHINE_TRIAGED_EXPLICIT_QUARANTINE,2,0,0
D053476,UNRESOLVED_IDENTITY,M0,E0,QUARANTINE_UNTIL_DEFINED,TASK99_MACHINE_TRIAGED_EXPLICIT_QUARANTINE,1,0,0
D057286,UNRESOLVED_IDENTITY,M0,E0,QUARANTINE_UNTIL_DEFINED,TASK99_MACHINE_TRIAGED_EXPLICIT_QUARANTINE,1,0,0
D06,UNRESOLVED_IDENTITY,M0,E0,QUARANTINE_UNTIL_DEFINED,TASK99_MACHINE_TRIAGED_EXPLICIT_QUARANTINE,1,0,0
D060106,UNRESOLVED_IDENTITY,M0,E0,QUARANTINE_UNTIL_DEFINED,TASK99_MACHINE_TRIAGED_EXPLICIT_QUARANTINE,2,0,0
D064887,UNRESOLVED_IDENTITY,M0,E0,QUARANTINE_UNTIL_DEFINED,TASK99_MACHINE_TRIAGED_EXPLICIT_QUARANTINE,1,0,0
D066264,UNRESOLVED_IDENTITY,M0,E0,QUARANTINE_UNTIL_DEFINED,TASK99_MACHINE_TRIAGED_EXPLICIT_QUARANTINE,1,0,0
D07,UNRESOLVED_IDENTITY,M0,E0,QUARANTINE_UNTIL_DEFINED,TASK99_MACHINE_TRIAGED_EXPLICIT_QUARANTINE,1,0,0
D08,UNRESOLVED_IDENTITY,M0,E0,QUARANTINE_UNTIL_DEFINED,TASK99_MACHINE_TRIAGED_EXPLICIT_QUARANTINE,4,0,0
D09,UNRESOLVED_IDENTITY,M0,E0,QUARANTINE_UNTIL_DEFINED,TASK99_MACHINE_TRIAGED_EXPLICIT_QUARANTINE,1,0,0
D1,SCORING_OR_INDEX_FUNCTION,M1,E0,QUARANTINE_UNTIL_DEFINED,TASK99_REPOSITORY_EVIDENCE_ADJUDICATED,154,3,94
D10,RELATION_OR_CONSTRAINT,M1,E0,QUARANTINE_UNTIL_DEFINED,TASK99_REPOSITORY_EVIDENCE_ADJUDICATED,30,2,1
D100,RELATION_OR_CONSTRAINT,M1,E0,QUARANTINE_UNTIL_DEFINED,TASK99_REPOSITORY_EVIDENCE_ADJUDICATED,35,2,0
D101,RELATION_OR_CONSTRAINT,M1,E0,QUARANTINE_UNTIL_DEFINED,TASK99_REPOSITORY_EVIDENCE_ADJUDICATED,25,2,1
D102,PARAMETRIC_MATHEMATICAL_MODEL,M1,E0,QUARANTINE_UNTIL_DEFINED,TASK99_REPOSITORY_EVIDENCE_ADJUDICATED,26,2,0
D103,RELATION_OR_CONSTRAINT,M1,E0,QUARANTINE_UNTIL_DEFINED,TASK99_REPOSITORY_EVIDENCE_ADJUDICATED,23,2,0
D104,RELATION_OR_CONSTRAINT,M1,E0,QUARANTINE_UNTIL_DEFINED,TASK99_REPOSITORY_EVIDENCE_ADJUDICATED,23,2,0
D105,RELATION_OR_CONSTRAINT,M1,E0,QUARANTINE_UNTIL_DEFINED,TASK99_REPOSITORY_EVIDENCE_ADJUDICATED,23,2,0
D106,ALGORITHM_OR_WORKFLOW,M1,E0,QUARANTINE_UNTIL_DEFINED,TASK99_REPOSITORY_EVIDENCE_ADJUDICATED,23,2,0
D107,CONJECTURE_OR_RESEARCH_CANDIDATE,M1,E0,DOWNGRADE_TO_PENDING,TASK99_REPOSITORY_EVIDENCE_ADJUDICATED,69,2,0
D108,SCORING_OR_INDEX_FUNCTION,M1,E0,QUARANTINE_UNTIL_DEFINED,TASK99_REPOSITORY_EVIDENCE_ADJUDICATED,28,5,0
D109,HEURISTIC,M1,E0,QUARANTINE_UNTIL_DEFINED,TASK99_REPOSITORY_EVIDENCE_ADJUDICATED,35,2,0
D11,CONJECTURE_OR_RESEARCH_CANDIDATE,M1,E0,DOWNGRADE_TO_PENDING,TASK99_REPOSITORY_EVIDENCE_ADJUDICATED,40,2,0
D110,ALGORITHM_OR_WORKFLOW,M1,E0,QUARANTINE_UNTIL_DEFINED,TASK99_REPOSITORY_EVIDENCE_ADJUDICATED,34,2,0
D111,RELATION_OR_CONSTRAINT,M1,E0,QUARANTINE_UNTIL_DEFINED,TASK99_REPOSITORY_EVIDENCE_ADJUDICATED,43,2,0
D112,ALGORITHM_OR_WORKFLOW,M1,E0,QUARANTINE_UNTIL_DEFINED,TASK99_REPOSITORY_EVIDENCE_ADJUDICATED,35,2,0
D113,RELATION_OR_CONSTRAINT,M1,E0,QUARANTINE_UNTIL_DEFINED,TASK99_REPOSITORY_EVIDENCE_ADJUDICATED,33,2,0
D114,CONJECTURE_OR_RESEARCH_CANDIDATE,M1,E0,DOWNGRADE_TO_CONJECTURE,TASK99_REPOSITORY_EVIDENCE_ADJUDICATED,67,2,0
D115,CONJECTURE_OR_RESEARCH_CANDIDATE,M1,E0,DOWNGRADE_TO_CONJECTURE,TASK99_REPOSITORY_EVIDENCE_ADJUDICATED,41,2,0
D116,PARAMETRIC_MATHEMATICAL_MODEL,M1,E0,QUARANTINE_UNTIL_DEFINED,TASK99_REPOSITORY_EVIDENCE_ADJUDICATED,42,2,0
D117,PARAMETRIC_MATHEMATICAL_MODEL,M1,E0,QUARANTINE_UNTIL_DEFINED,TASK99_REPOSITORY_EVIDENCE_ADJUDICATED,33,2,1
D118,ALGORITHM_OR_WORKFLOW,M1,E0,QUARANTINE_UNTIL_DEFINED,TASK99_REPOSITORY_EVIDENCE_ADJUDICATED,48,2,0
D119,ALGORITHM_OR_WORKFLOW,M1,E0,QUARANTINE_UNTIL_DEFINED,TASK99_REPOSITORY_EVIDENCE_ADJUDICATED,34,2,0
D12,ALGORITHM_OR_WORKFLOW,M1,E0,QUARANTINE_UNTIL_DEFINED,TASK99_REPOSITORY_EVIDENCE_ADJUDICATED,29,2,1
D120,RELATION_OR_CONSTRAINT,M1,E0,QUARANTINE_UNTIL_DEFINED,TASK99_REPOSITORY_EVIDENCE_ADJUDICATED,42,2,0
D121,RELATION_OR_CONSTRAINT,M1,E0,QUARANTINE_UNTIL_DEFINED,TASK99_REPOSITORY_EVIDENCE_ADJUDICATED,39,2,1
D122,ALGORITHM_OR_WORKFLOW,M1,E0,QUARANTINE_UNTIL_DEFINED,TASK99_REPOSITORY_EVIDENCE_ADJUDICATED,25,2,0
D123,SCORING_OR_INDEX_FUNCTION,M1,E0,QUARANTINE_UNTIL_DEFINED,TASK99_REPOSITORY_EVIDENCE_ADJUDICATED,54,6,5
D124,ALGORITHM_OR_WORKFLOW,M1,E0,QUARANTINE_UNTIL_DEFINED,TASK99_REPOSITORY_EVIDENCE_ADJUDICATED,48,2,1
D125,PARAMETRIC_MATHEMATICAL_MODEL,M1,E0,QUARANTINE_UNTIL_DEFINED,TASK99_REPOSITORY_EVIDENCE_ADJUDICATED,36,2,0
D126,PARAMETRIC_MATHEMATICAL_MODEL,M1,E0,QUARANTINE_UNTIL_DEFINED,TASK99_REPOSITORY_EVIDENCE_ADJUDICATED,47,2,0
D127,STRUCTURAL_METAPHOR,M1,E1,KEEP_AS_STRUCTURAL_METAPHOR,TASK98_HUMAN_ADJUDICATION_RECONFIRMED,91,2,1
D128,ALGORITHM_OR_WORKFLOW,M1,E0,QUARANTINE_UNTIL_DEFINED,TASK99_REPOSITORY_EVIDENCE_ADJUDICATED,42,3,0
D129,ALGORITHM_OR_WORKFLOW,M1,E0,QUARANTINE_UNTIL_DEFINED,TASK99_REPOSITORY_EVIDENCE_ADJUDICATED,34,2,0
D13,SCORING_OR_INDEX_FUNCTION,M1,E0,QUARANTINE_UNTIL_DEFINED,TASK99_REPOSITORY_EVIDENCE_ADJUDICATED,28,3,0
D130,SCORING_OR_INDEX_FUNCTION,M1,E0,QUARANTINE_UNTIL_DEFINED,TASK99_REPOSITORY_EVIDENCE_ADJUDICATED,32,2,0
D131,CONJECTURE_OR_RESEARCH_CANDIDATE,M1,E0,DOWNGRADE_TO_PENDING,TASK99_REPOSITORY_EVIDENCE_ADJUDICATED,35,2,0
D132,CONJECTURE_OR_RESEARCH_CANDIDATE,M1,E0,DOWNGRADE_TO_PENDING,TASK99_REPOSITORY_EVIDENCE_ADJUDICATED,35,2,0
D133,CONJECTURE_OR_RESEARCH_CANDIDATE,M1,E0,DOWNGRADE_TO_PENDING,TASK99_REPOSITORY_EVIDENCE_ADJUDICATED,43,5,5
D134,HEURISTIC,M1,E0,QUARANTINE_UNTIL_DEFINED,TASK99_REPOSITORY_EVIDENCE_ADJUDICATED,37,2,0
D135,HEURISTIC,M1,E0,QUARANTINE_UNTIL_DEFINED,TASK99_REPOSITORY_EVIDENCE_ADJUDICATED,47,5,5
D136,HEURISTIC,M1,E0,QUARANTINE_UNTIL_DEFINED,TASK99_REPOSITORY_EVIDENCE_ADJUDICATED,38,2,0
D137,HEURISTIC,M1,E0,QUARANTINE_UNTIL_DEFINED,TASK99_REPOSITORY_EVIDENCE_ADJUDICATED,41,2,0
D138,SCORING_OR_INDEX_FUNCTION,M1,E0,QUARANTINE_UNTIL_DEFINED,TASK99_REPOSITORY_EVIDENCE_ADJUDICATED,24,2,0
D139,ALGORITHM_OR_WORKFLOW,M1,E0,QUARANTINE_UNTIL_DEFINED,TASK99_REPOSITORY_EVIDENCE_ADJUDICATED,35,6,0
D14,PARAMETRIC_MATHEMATICAL_MODEL,M1,E0,QUARANTINE_UNTIL_DEFINED,TASK99_REPOSITORY_EVIDENCE_ADJUDICATED,22,2,0
D140,ALGORITHM_OR_WORKFLOW,M1,E0,QUARANTINE_UNTIL_DEFINED,TASK99_REPOSITORY_EVIDENCE_ADJUDICATED,28,2,0
D141,RELATION_OR_CONSTRAINT,M1,E0,QUARANTINE_UNTIL_DEFINED,TASK99_REPOSITORY_EVIDENCE_ADJUDICATED,46,2,1
D142,SCORING_OR_INDEX_FUNCTION,M1,E0,QUARANTINE_UNTIL_DEFINED,TASK99_REPOSITORY_EVIDENCE_ADJUDICATED,36,5,5
D143,CONJECTURE_OR_RESEARCH_CANDIDATE,M1,E0,DOWNGRADE_TO_PENDING,TASK99_REPOSITORY_EVIDENCE_ADJUDICATED,23,2,0
D144,CONJECTURE_OR_RESEARCH_CANDIDATE,M1,E0,DOWNGRADE_TO_PENDING,TASK99_REPOSITORY_EVIDENCE_ADJUDICATED,28,2,0
D145,CONJECTURE_OR_RESEARCH_CANDIDATE,M1,E0,DOWNGRADE_TO_PENDING,TASK99_REPOSITORY_EVIDENCE_ADJUDICATED,27,2,0
D146,ALGORITHM_OR_WORKFLOW,M1,E0,QUARANTINE_UNTIL_DEFINED,TASK99_REPOSITORY_EVIDENCE_ADJUDICATED,25,3,0
D147,ALGORITHM_OR_WORKFLOW,M1,E0,QUARANTINE_UNTIL_DEFINED,TASK99_REPOSITORY_EVIDENCE_ADJUDICATED,28,2,1
D148,SCORING_OR_INDEX_FUNCTION,M1,E0,QUARANTINE_UNTIL_DEFINED,TASK99_REPOSITORY_EVIDENCE_ADJUDICATED,26,2,0
D149,CONJECTURE_OR_RESEARCH_CANDIDATE,M1,E0,DOWNGRADE_TO_CONJECTURE,TASK99_REPOSITORY_EVIDENCE_ADJUDICATED,43,3,0
D15,ALGORITHM_OR_WORKFLOW,M1,E0,QUARANTINE_UNTIL_DEFINED,TASK99_REPOSITORY_EVIDENCE_ADJUDICATED,24,2,0
D150,CONJECTURE_OR_RESEARCH_CANDIDATE,M1,E0,DOWNGRADE_TO_CONJECTURE,TASK99_REPOSITORY_EVIDENCE_ADJUDICATED,40,2,0
D151,SCORING_OR_INDEX_FUNCTION,M1,E0,QUARANTINE_UNTIL_DEFINED,TASK99_REPOSITORY_EVIDENCE_ADJUDICATED,22,2,0
D152,RELATION_OR_CONSTRAINT,M1,E0,QUARANTINE_UNTIL_DEFINED,TASK99_REPOSITORY_EVIDENCE_ADJUDICATED,29,2,0
D153,RELATION_OR_CONSTRAINT,M1,E0,QUARANTINE_UNTIL_DEFINED,TASK99_REPOSITORY_EVIDENCE_ADJUDICATED,25,2,0
D154,CONJECTURE_OR_RESEARCH_CANDIDATE,M1,E0,DOWNGRADE_TO_PENDING,TASK99_REPOSITORY_EVIDENCE_ADJUDICATED,22,2,0
D155,SCORING_OR_INDEX_FUNCTION,M1,E0,QUARANTINE_UNTIL_DEFINED,TASK99_REPOSITORY_EVIDENCE_ADJUDICATED,22,2,0
D156,PARAMETRIC_MATHEMATICAL_MODEL,M1,E0,QUARANTINE_UNTIL_DEFINED,TASK99_REPOSITORY_EVIDENCE_ADJUDICATED,26,2,0
D157,PARAMETRIC_MATHEMATICAL_MODEL,M1,E0,QUARANTINE_UNTIL_DEFINED,TASK99_REPOSITORY_EVIDENCE_ADJUDICATED,26,2,0
D158,PARAMETRIC_MATHEMATICAL_MODEL,M1,E0,QUARANTINE_UNTIL_DEFINED,TASK99_REPOSITORY_EVIDENCE_ADJUDICATED,71,3,0
D159,PARAMETRIC_MATHEMATICAL_MODEL,M1,E0,QUARANTINE_UNTIL_DEFINED,TASK99_REPOSITORY_EVIDENCE_ADJUDICATED,36,2,0
D16,GATE_OR_CLASSIFIER,M1,E0,QUARANTINE_UNTIL_DEFINED,TASK99_REPOSITORY_EVIDENCE_ADJUDICATED,26,2,0
D160,CONJECTURE_OR_RESEARCH_CANDIDATE,M1,E0,DOWNGRADE_TO_PENDING,TASK99_REPOSITORY_EVIDENCE_ADJUDICATED,53,2,0
D161,CONJECTURE_OR_RESEARCH_CANDIDATE,M1,E0,DOWNGRADE_TO_PENDING,TASK99_REPOSITORY_EVIDENCE_ADJUDICATED,40,2,0
D162,HEURISTIC,M1,E0,QUARANTINE_UNTIL_DEFINED,TASK99_REPOSITORY_EVIDENCE_ADJUDICATED,37,2,0
D163,CONJECTURE_OR_RESEARCH_CANDIDATE,M1,E0,DOWNGRADE_TO_PENDING,TASK99_REPOSITORY_EVIDENCE_ADJUDICATED,34,2,0
D164,CONJECTURE_OR_RESEARCH_CANDIDATE,M1,E0,DOWNGRADE_TO_PENDING,TASK99_REPOSITORY_EVIDENCE_ADJUDICATED,42,2,0
D165,CONJECTURE_OR_RESEARCH_CANDIDATE,M1,E0,DOWNGRADE_TO_PENDING,TASK99_REPOSITORY_EVIDENCE_ADJUDICATED,31,2,0
D166,CONJECTURE_OR_RESEARCH_CANDIDATE,M1,E0,DOWNGRADE_TO_PENDING,TASK99_REPOSITORY_EVIDENCE_ADJUDICATED,31,2,0
D167,CONJECTURE_OR_RESEARCH_CANDIDATE,M1,E0,DOWNGRADE_TO_PENDING,TASK99_REPOSITORY_EVIDENCE_ADJUDICATED,30,2,0
D168,CONJECTURE_OR_RESEARCH_CANDIDATE,M1,E0,DOWNGRADE_TO_PENDING,TASK99_REPOSITORY_EVIDENCE_ADJUDICATED,30,2,0
D169,SCORING_OR_INDEX_FUNCTION,M1,E0,QUARANTINE_UNTIL_DEFINED,TASK99_REPOSITORY_EVIDENCE_ADJUDICATED,39,2,1
D17,RELATION_OR_CONSTRAINT,M1,E0,QUARANTINE_UNTIL_DEFINED,TASK99_REPOSITORY_EVIDENCE_ADJUDICATED,23,2,0
D170,HEURISTIC,M1,E0,QUARANTINE_UNTIL_DEFINED,TASK99_REPOSITORY_EVIDENCE_ADJUDICATED,37,2,0
D171,RELATION_OR_CONSTRAINT,M1,E0,QUARANTINE_UNTIL_DEFINED,TASK99_REPOSITORY_EVIDENCE_ADJUDICATED,25,2,0
D172,GATE_OR_CLASSIFIER,M1,E0,QUARANTINE_UNTIL_DEFINED,TASK99_REPOSITORY_EVIDENCE_ADJUDICATED,29,2,0
D173,RELATION_OR_CONSTRAINT,M1,E0,QUARANTINE_UNTIL_DEFINED,TASK99_REPOSITORY_EVIDENCE_ADJUDICATED,40,2,0
D174,ALGORITHM_OR_WORKFLOW,M1,E0,QUARANTINE_UNTIL_DEFINED,TASK99_REPOSITORY_EVIDENCE_ADJUDICATED,23,2,0
D175,ALGORITHM_OR_WORKFLOW,M1,E0,QUARANTINE_UNTIL_DEFINED,TASK99_REPOSITORY_EVIDENCE_ADJUDICATED,28,2,0
D176,RELATION_OR_CONSTRAINT,M1,E0,QUARANTINE_UNTIL_DEFINED,TASK99_REPOSITORY_EVIDENCE_ADJUDICATED,33,4,0
D177,RELATION_OR_CONSTRAINT,M1,E0,QUARANTINE_UNTIL_DEFINED,TASK99_REPOSITORY_EVIDENCE_ADJUDICATED,40,2,1
D178,RELATION_OR_CONSTRAINT,M1,E0,QUARANTINE_UNTIL_DEFINED,TASK99_REPOSITORY_EVIDENCE_ADJUDICATED,33,2,0
D179,PARAMETRIC_MATHEMATICAL_MODEL,M1,E0,QUARANTINE_UNTIL_DEFINED,TASK99_REPOSITORY_EVIDENCE_ADJUDICATED,36,2,1
D18,CONJECTURE_OR_RESEARCH_CANDIDATE,M1,E0,DOWNGRADE_TO_PENDING,TASK99_REPOSITORY_EVIDENCE_ADJUDICATED,22,2,0
D180,CONJECTURE_OR_RESEARCH_CANDIDATE,M1,E0,DOWNGRADE_TO_PENDING,TASK99_REPOSITORY_EVIDENCE_ADJUDICATED,118,1,89
D181,HEURISTIC,M1,E0,QUARANTINE_UNTIL_DEFINED,TASK99_REPOSITORY_EVIDENCE_ADJUDICATED,127,3,89
D182,PARAMETRIC_MATHEMATICAL_MODEL,M4,E0,KEEP_AS_TOY_MODEL,TASK98_HUMAN_ADJUDICATION_RECONFIRMED,61,4,1
D183,RELATION_OR_CONSTRAINT,M3,E0,REWRITE_AND_RETEST,TASK98_HUMAN_ADJUDICATION_RECONFIRMED,54,4,2
D184,PARAMETRIC_MATHEMATICAL_MODEL,M4,E1,KEEP_AS_TOY_MODEL,TASK98_HUMAN_ADJUDICATION_RECONFIRMED,45,4,0
D185,STRUCTURAL_METAPHOR,M1,E1,KEEP_AS_STRUCTURAL_METAPHOR,TASK98_HUMAN_ADJUDICATION_RECONFIRMED,42,6,0
D186,STRUCTURAL_METAPHOR,M0,E1,KEEP_AS_STRUCTURAL_METAPHOR,TASK98_HUMAN_ADJUDICATION_RECONFIRMED,40,4,0
D187,STRUCTURAL_METAPHOR,M1,E1,KEEP_AS_STRUCTURAL_METAPHOR,TASK98_HUMAN_ADJUDICATION_RECONFIRMED,39,4,0
D188,INVALID_OR_PSEUDO_FUNCTION,M1,E0,REJECT_AS_INVALID,TASK98_HUMAN_ADJUDICATION_RECONFIRMED,39,4,0
D189,CONJECTURE_OR_RESEARCH_CANDIDATE,M1,E0,DOWNGRADE_TO_CONJECTURE,TASK98_HUMAN_ADJUDICATION_RECONFIRMED,40,5,0
D19,ALGORITHM_OR_WORKFLOW,M1,E0,QUARANTINE_UNTIL_DEFINED,TASK99_REPOSITORY_EVIDENCE_ADJUDICATED,21,2,0
D190,CONJECTURE_OR_RESEARCH_CANDIDATE,M1,E0,DOWNGRADE_TO_CONJECTURE,TASK98_HUMAN_ADJUDICATION_RECONFIRMED,57,4,0
D191,PARAMETRIC_MATHEMATICAL_MODEL,M1,E0,QUARANTINE_UNTIL_DEFINED,TASK99_REPOSITORY_EVIDENCE_ADJUDICATED,35,4,0
D192,PARAMETRIC_MATHEMATICAL_MODEL,M1,E0,QUARANTINE_UNTIL_DEFINED,TASK99_REPOSITORY_EVIDENCE_ADJUDICATED,30,4,0
D193,PARAMETRIC_MATHEMATICAL_MODEL,M1,E0,QUARANTINE_UNTIL_DEFINED,TASK99_REPOSITORY_EVIDENCE_ADJUDICATED,33,4,0
D194,PARAMETRIC_MATHEMATICAL_MODEL,M1,E0,QUARANTINE_UNTIL_DEFINED,TASK99_REPOSITORY_EVIDENCE_ADJUDICATED,34,4,1
D195,PARAMETRIC_MATHEMATICAL_MODEL,M1,E0,QUARANTINE_UNTIL_DEFINED,TASK99_REPOSITORY_EVIDENCE_ADJUDICATED,35,4,1
D196,SCORING_OR_INDEX_FUNCTION,M1,E0,QUARANTINE_UNTIL_DEFINED,TASK99_REPOSITORY_EVIDENCE_ADJUDICATED,31,4,0
D197,SCORING_OR_INDEX_FUNCTION,M1,E0,QUARANTINE_UNTIL_DEFINED,TASK99_REPOSITORY_EVIDENCE_ADJUDICATED,32,4,1
D198,SCORING_OR_INDEX_FUNCTION,M1,E0,QUARANTINE_UNTIL_DEFINED,TASK99_REPOSITORY_EVIDENCE_ADJUDICATED,32,4,1
D199,ALGORITHM_OR_WORKFLOW,M1,E0,QUARANTINE_UNTIL_DEFINED,TASK99_REPOSITORY_EVIDENCE_ADJUDICATED,31,4,0
D2,RELATION_OR_CONSTRAINT,M1,E0,QUARANTINE_UNTIL_DEFINED,TASK99_REPOSITORY_EVIDENCE_ADJUDICATED,41,4,0
D20,RELATION_OR_CONSTRAINT,M1,E0,QUARANTINE_UNTIL_DEFINED,TASK99_REPOSITORY_EVIDENCE_ADJUDICATED,26,2,0
D200,SCORING_OR_INDEX_FUNCTION,M1,E0,QUARANTINE_UNTIL_DEFINED,TASK99_REPOSITORY_EVIDENCE_ADJUDICATED,30,4,0
D201,SCORING_OR_INDEX_FUNCTION,M1,E0,QUARANTINE_UNTIL_DEFINED,TASK99_REPOSITORY_EVIDENCE_ADJUDICATED,30,4,0
D202,SCORING_OR_INDEX_FUNCTION,M1,E0,QUARANTINE_UNTIL_DEFINED,TASK99_REPOSITORY_EVIDENCE_ADJUDICATED,30,4,0
D203,RELATION_OR_CONSTRAINT,M1,E0,QUARANTINE_UNTIL_DEFINED,TASK99_REPOSITORY_EVIDENCE_ADJUDICATED,31,4,0
D204,RELATION_OR_CONSTRAINT,M1,E0,QUARANTINE_UNTIL_DEFINED,TASK99_REPOSITORY_EVIDENCE_ADJUDICATED,30,4,0
D205,CONJECTURE_OR_RESEARCH_CANDIDATE,M1,E0,DOWNGRADE_TO_CONJECTURE,TASK99_REPOSITORY_EVIDENCE_ADJUDICATED,31,4,0
D206,PARAMETRIC_MATHEMATICAL_MODEL,M1,E0,QUARANTINE_UNTIL_DEFINED,TASK99_REPOSITORY_EVIDENCE_ADJUDICATED,32,4,1
D207,CONJECTURE_OR_RESEARCH_CANDIDATE,M1,E0,DOWNGRADE_TO_PENDING,TASK99_REPOSITORY_EVIDENCE_ADJUDICATED,30,4,0
D208,SCORING_OR_INDEX_FUNCTION,M1,E0,QUARANTINE_UNTIL_DEFINED,TASK99_REPOSITORY_EVIDENCE_ADJUDICATED,31,4,0
D209,SCORING_OR_INDEX_FUNCTION,M1,E0,QUARANTINE_UNTIL_DEFINED,TASK99_REPOSITORY_EVIDENCE_ADJUDICATED,30,4,0
D21,SCORING_OR_INDEX_FUNCTION,M1,E0,QUARANTINE_UNTIL_DEFINED,TASK99_REPOSITORY_EVIDENCE_ADJUDICATED,23,2,0
D210,SCORING_OR_INDEX_FUNCTION,M1,E0,QUARANTINE_UNTIL_DEFINED,TASK99_REPOSITORY_EVIDENCE_ADJUDICATED,32,4,0
D211,SCORING_OR_INDEX_FUNCTION,M1,E0,QUARANTINE_UNTIL_DEFINED,TASK99_REPOSITORY_EVIDENCE_ADJUDICATED,114,3,80
D212,CONJECTURE_OR_RESEARCH_CANDIDATE,M1,E0,DOWNGRADE_TO_PENDING,TASK99_REPOSITORY_EVIDENCE_ADJUDICATED,30,4,0
D213,SCORING_OR_INDEX_FUNCTION,M1,E0,QUARANTINE_UNTIL_DEFINED,TASK99_REPOSITORY_EVIDENCE_ADJUDICATED,30,4,0
D214,SCORING_OR_INDEX_FUNCTION,M1,E0,QUARANTINE_UNTIL_DEFINED,TASK99_REPOSITORY_EVIDENCE_ADJUDICATED,29,4,0
D215,SCORING_OR_INDEX_FUNCTION,M1,E0,QUARANTINE_UNTIL_DEFINED,TASK99_REPOSITORY_EVIDENCE_ADJUDICATED,29,4,0
D216,RELATION_OR_CONSTRAINT,M1,E0,QUARANTINE_UNTIL_DEFINED,TASK99_REPOSITORY_EVIDENCE_ADJUDICATED,21,2,0
D217,GATE_OR_CLASSIFIER,M1,E0,QUARANTINE_UNTIL_DEFINED,TASK99_REPOSITORY_EVIDENCE_ADJUDICATED,29,4,0
D218,CONJECTURE_OR_RESEARCH_CANDIDATE,M1,E0,DOWNGRADE_TO_CONJECTURE,TASK99_REPOSITORY_EVIDENCE_ADJUDICATED,33,4,0
D219,CONJECTURE_OR_RESEARCH_CANDIDATE,M1,E0,DOWNGRADE_TO_CONJECTURE,TASK99_REPOSITORY_EVIDENCE_ADJUDICATED,30,4,0
D22,RELATION_OR_CONSTRAINT,M1,E0,QUARANTINE_UNTIL_DEFINED,TASK99_REPOSITORY_EVIDENCE_ADJUDICATED,23,2,0
D220,CONJECTURE_OR_RESEARCH_CANDIDATE,M1,E0,DOWNGRADE_TO_CONJECTURE,TASK99_REPOSITORY_EVIDENCE_ADJUDICATED,123,2,82
D221,RELATION_OR_CONSTRAINT,M1,E0,QUARANTINE_UNTIL_DEFINED,TASK99_REPOSITORY_EVIDENCE_ADJUDICATED,31,3,1
D222,RELATION_OR_CONSTRAINT,M1,E0,QUARANTINE_UNTIL_DEFINED,TASK99_REPOSITORY_EVIDENCE_ADJUDICATED,30,2,4
D223,CONJECTURE_OR_RESEARCH_CANDIDATE,M1,E0,DOWNGRADE_TO_CONJECTURE,TASK99_REPOSITORY_EVIDENCE_ADJUDICATED,36,4,0
D224,RELATION_OR_CONSTRAINT,M1,E0,QUARANTINE_UNTIL_DEFINED,TASK99_REPOSITORY_EVIDENCE_ADJUDICATED,44,2,4
D225,CONJECTURE_OR_RESEARCH_CANDIDATE,M1,E0,DOWNGRADE_TO_CONJECTURE,TASK99_REPOSITORY_EVIDENCE_ADJUDICATED,36,4,0
D226,SCORING_OR_INDEX_FUNCTION,M1,E0,QUARANTINE_UNTIL_DEFINED,TASK99_REPOSITORY_EVIDENCE_ADJUDICATED,30,6,0
D227,RELATION_OR_CONSTRAINT,M1,E0,QUARANTINE_UNTIL_DEFINED,TASK99_REPOSITORY_EVIDENCE_ADJUDICATED,33,5,1
D228,RELATION_OR_CONSTRAINT,M1,E0,QUARANTINE_UNTIL_DEFINED,TASK99_REPOSITORY_EVIDENCE_ADJUDICATED,39,4,0
D229,ALGORITHM_OR_WORKFLOW,M1,E0,QUARANTINE_UNTIL_DEFINED,TASK99_REPOSITORY_EVIDENCE_ADJUDICATED,34,7,0
D23,SCORING_OR_INDEX_FUNCTION,M1,E0,QUARANTINE_UNTIL_DEFINED,TASK99_REPOSITORY_EVIDENCE_ADJUDICATED,34,3,0
D230,CONJECTURE_OR_RESEARCH_CANDIDATE,M1,E0,DOWNGRADE_TO_CONJECTURE,TASK99_REPOSITORY_EVIDENCE_ADJUDICATED,39,5,7
D231,CONJECTURE_OR_RESEARCH_CANDIDATE,M1,E0,DOWNGRADE_TO_CONJECTURE,TASK99_REPOSITORY_EVIDENCE_ADJUDICATED,37,6,0
D232,ALGORITHM_OR_WORKFLOW,M1,E0,QUARANTINE_UNTIL_DEFINED,TASK99_REPOSITORY_EVIDENCE_ADJUDICATED,34,5,5
D233,CONJECTURE_OR_RESEARCH_CANDIDATE,M1,E0,DOWNGRADE_TO_CONJECTURE,TASK99_REPOSITORY_EVIDENCE_ADJUDICATED,31,4,1
D234,CONJECTURE_OR_RESEARCH_CANDIDATE,M1,E0,DOWNGRADE_TO_CONJECTURE,TASK99_REPOSITORY_EVIDENCE_ADJUDICATED,33,4,1
D235,CONJECTURE_OR_RESEARCH_CANDIDATE,M1,E0,DOWNGRADE_TO_CONJECTURE,TASK99_REPOSITORY_EVIDENCE_ADJUDICATED,31,5,0
D236,CONJECTURE_OR_RESEARCH_CANDIDATE,M1,E0,DOWNGRADE_TO_CONJECTURE,TASK99_REPOSITORY_EVIDENCE_ADJUDICATED,30,2,0
D237,PARAMETRIC_MATHEMATICAL_MODEL,M1,E0,QUARANTINE_UNTIL_DEFINED,TASK99_REPOSITORY_EVIDENCE_ADJUDICATED,31,5,1
D238,CONJECTURE_OR_RESEARCH_CANDIDATE,M1,E0,DOWNGRADE_TO_CONJECTURE,TASK99_REPOSITORY_EVIDENCE_ADJUDICATED,33,4,0
D239,CONJECTURE_OR_RESEARCH_CANDIDATE,M1,E0,DOWNGRADE_TO_CONJECTURE,TASK99_REPOSITORY_EVIDENCE_ADJUDICATED,36,4,1
D24,CONJECTURE_OR_RESEARCH_CANDIDATE,M1,E0,DOWNGRADE_TO_PENDING,TASK99_REPOSITORY_EVIDENCE_ADJUDICATED,25,4,0
D240,CONJECTURE_OR_RESEARCH_CANDIDATE,M1,E0,DOWNGRADE_TO_CONJECTURE,TASK99_REPOSITORY_EVIDENCE_ADJUDICATED,33,4,0
D241,PARAMETRIC_MATHEMATICAL_MODEL,M1,E0,QUARANTINE_UNTIL_DEFINED,TASK99_REPOSITORY_EVIDENCE_ADJUDICATED,32,4,0
D242,HEURISTIC,M1,E0,QUARANTINE_UNTIL_DEFINED,TASK99_REPOSITORY_EVIDENCE_ADJUDICATED,34,4,0
D243,RELATION_OR_CONSTRAINT,M1,E0,QUARANTINE_UNTIL_DEFINED,TASK99_REPOSITORY_EVIDENCE_ADJUDICATED,33,4,0
D244,GATE_OR_CLASSIFIER,M1,E0,QUARANTINE_UNTIL_DEFINED,TASK99_REPOSITORY_EVIDENCE_ADJUDICATED,48,5,1
D245,PARAMETRIC_MATHEMATICAL_MODEL,M1,E0,QUARANTINE_UNTIL_DEFINED,TASK99_REPOSITORY_EVIDENCE_ADJUDICATED,40,5,1
D246,CONJECTURE_OR_RESEARCH_CANDIDATE,M1,E0,DOWNGRADE_TO_CONJECTURE,TASK99_REPOSITORY_EVIDENCE_ADJUDICATED,31,4,0
D247,ALGORITHM_OR_WORKFLOW,M1,E0,QUARANTINE_UNTIL_DEFINED,TASK99_REPOSITORY_EVIDENCE_ADJUDICATED,29,4,0
D248,ALGORITHM_OR_WORKFLOW,M1,E0,QUARANTINE_UNTIL_DEFINED,TASK99_REPOSITORY_EVIDENCE_ADJUDICATED,29,4,0
D249,HEURISTIC,M1,E0,QUARANTINE_UNTIL_DEFINED,TASK99_REPOSITORY_EVIDENCE_ADJUDICATED,30,4,0
D25,PARAMETRIC_MATHEMATICAL_MODEL,M1,E0,QUARANTINE_UNTIL_DEFINED,TASK99_REPOSITORY_EVIDENCE_ADJUDICATED,26,3,0
D250,HEURISTIC,M1,E0,QUARANTINE_UNTIL_DEFINED,TASK99_REPOSITORY_EVIDENCE_ADJUDICATED,29,4,0
D251,RELATION_OR_CONSTRAINT,M1,E0,QUARANTINE_UNTIL_DEFINED,TASK99_REPOSITORY_EVIDENCE_ADJUDICATED,29,4,0
D252,PARAMETRIC_MATHEMATICAL_MODEL,M1,E0,QUARANTINE_UNTIL_DEFINED,TASK99_REPOSITORY_EVIDENCE_ADJUDICATED,29,5,0
D253,RELATION_OR_CONSTRAINT,M1,E0,QUARANTINE_UNTIL_DEFINED,TASK99_REPOSITORY_EVIDENCE_ADJUDICATED,32,4,1
D254,RELATION_OR_CONSTRAINT,M1,E0,QUARANTINE_UNTIL_DEFINED,TASK99_REPOSITORY_EVIDENCE_ADJUDICATED,37,4,1
D255,SCORING_OR_INDEX_FUNCTION,M1,E0,QUARANTINE_UNTIL_DEFINED,TASK99_REPOSITORY_EVIDENCE_ADJUDICATED,22,2,0
D256,RELATION_OR_CONSTRAINT,M1,E0,QUARANTINE_UNTIL_DEFINED,TASK99_REPOSITORY_EVIDENCE_ADJUDICATED,29,4,0
D257,SCORING_OR_INDEX_FUNCTION,M1,E0,QUARANTINE_UNTIL_DEFINED,TASK99_REPOSITORY_EVIDENCE_ADJUDICATED,21,2,0
D258,ALGORITHM_OR_WORKFLOW,M1,E0,QUARANTINE_UNTIL_DEFINED,TASK99_REPOSITORY_EVIDENCE_ADJUDICATED,30,4,1
D259,ALGORITHM_OR_WORKFLOW,M1,E0,QUARANTINE_UNTIL_DEFINED,TASK99_REPOSITORY_EVIDENCE_ADJUDICATED,29,5,0
D26,ALGORITHM_OR_WORKFLOW,M1,E0,QUARANTINE_UNTIL_DEFINED,TASK99_REPOSITORY_EVIDENCE_ADJUDICATED,22,2,0
D260,SCORING_OR_INDEX_FUNCTION,M4,E0,KEEP_AS_TESTED_INDEX_OR_CLASSIFIER,TASK98_HUMAN_ADJUDICATION_RECONFIRMED,76,4,0
D261,SCORING_OR_INDEX_FUNCTION,M1,E0,QUARANTINE_UNTIL_DEFINED,TASK99_REPOSITORY_EVIDENCE_ADJUDICATED,32,4,0
D262,SCORING_OR_INDEX_FUNCTION,M1,E0,QUARANTINE_UNTIL_DEFINED,TASK99_REPOSITORY_EVIDENCE_ADJUDICATED,31,4,0
D263,ALGORITHM_OR_WORKFLOW,M1,E0,QUARANTINE_UNTIL_DEFINED,TASK99_REPOSITORY_EVIDENCE_ADJUDICATED,29,4,0
D264,ALGORITHM_OR_WORKFLOW,M1,E0,QUARANTINE_UNTIL_DEFINED,TASK99_REPOSITORY_EVIDENCE_ADJUDICATED,31,4,0
D265,ALGORITHM_OR_WORKFLOW,M1,E0,QUARANTINE_UNTIL_DEFINED,TASK99_REPOSITORY_EVIDENCE_ADJUDICATED,29,4,0
D266,RELATION_OR_CONSTRAINT,M1,E0,QUARANTINE_UNTIL_DEFINED,TASK99_REPOSITORY_EVIDENCE_ADJUDICATED,30,4,1
D267,SCORING_OR_INDEX_FUNCTION,M1,E0,QUARANTINE_UNTIL_DEFINED,TASK99_REPOSITORY_EVIDENCE_ADJUDICATED,29,4,0
D268,RELATION_OR_CONSTRAINT,M1,E0,QUARANTINE_UNTIL_DEFINED,TASK99_REPOSITORY_EVIDENCE_ADJUDICATED,29,4,0
D269,RELATION_OR_CONSTRAINT,M1,E0,QUARANTINE_UNTIL_DEFINED,TASK99_REPOSITORY_EVIDENCE_ADJUDICATED,29,4,0
D27,ALGORITHM_OR_WORKFLOW,M1,E0,QUARANTINE_UNTIL_DEFINED,TASK99_REPOSITORY_EVIDENCE_ADJUDICATED,22,2,0
D270,RELATION_OR_CONSTRAINT,M1,E0,QUARANTINE_UNTIL_DEFINED,TASK99_REPOSITORY_EVIDENCE_ADJUDICATED,124,3,89
D271,SCORING_OR_INDEX_FUNCTION,M1,E0,QUARANTINE_UNTIL_DEFINED,TASK99_REPOSITORY_EVIDENCE_ADJUDICATED,114,1,89
D272,RELATION_OR_CONSTRAINT,M1,E0,QUARANTINE_UNTIL_DEFINED,TASK99_REPOSITORY_EVIDENCE_ADJUDICATED,21,2,0
D273,PARAMETRIC_MATHEMATICAL_MODEL,M1,E0,QUARANTINE_UNTIL_DEFINED,TASK99_REPOSITORY_EVIDENCE_ADJUDICATED,24,3,0
D274,ALGORITHM_OR_WORKFLOW,M1,E0,QUARANTINE_UNTIL_DEFINED,TASK99_REPOSITORY_EVIDENCE_ADJUDICATED,25,2,2
D275,ALGORITHM_OR_WORKFLOW,M1,E0,QUARANTINE_UNTIL_DEFINED,TASK99_REPOSITORY_EVIDENCE_ADJUDICATED,21,2,0
D276,SCORING_OR_INDEX_FUNCTION,M1,E0,QUARANTINE_UNTIL_DEFINED,TASK99_REPOSITORY_EVIDENCE_ADJUDICATED,21,2,0
D277,RELATION_OR_CONSTRAINT,M1,E0,QUARANTINE_UNTIL_DEFINED,TASK99_REPOSITORY_EVIDENCE_ADJUDICATED,23,2,0
D278,RELATION_OR_CONSTRAINT,M1,E0,QUARANTINE_UNTIL_DEFINED,TASK99_REPOSITORY_EVIDENCE_ADJUDICATED,21,2,0
D279,RELATION_OR_CONSTRAINT,M1,E0,QUARANTINE_UNTIL_DEFINED,TASK99_REPOSITORY_EVIDENCE_ADJUDICATED,25,2,0
D28,CONJECTURE_OR_RESEARCH_CANDIDATE,M1,E0,DOWNGRADE_TO_PENDING,TASK99_REPOSITORY_EVIDENCE_ADJUDICATED,22,2,0
D280,HEURISTIC,M1,E0,QUARANTINE_UNTIL_DEFINED,TASK99_REPOSITORY_EVIDENCE_ADJUDICATED,28,2,1
D281,ALGORITHM_OR_WORKFLOW,M1,E0,QUARANTINE_UNTIL_DEFINED,TASK99_REPOSITORY_EVIDENCE_ADJUDICATED,21,2,0
D282,RELATION_OR_CONSTRAINT,M1,E0,QUARANTINE_UNTIL_DEFINED,TASK99_REPOSITORY_EVIDENCE_ADJUDICATED,21,2,0
D283,RELATION_OR_CONSTRAINT,M1,E0,QUARANTINE_UNTIL_DEFINED,TASK99_REPOSITORY_EVIDENCE_ADJUDICATED,34,2,1
D284,CONJECTURE_OR_RESEARCH_CANDIDATE,M1,E0,DOWNGRADE_TO_PENDING,TASK99_REPOSITORY_EVIDENCE_ADJUDICATED,21,2,0
D285,RELATION_OR_CONSTRAINT,M1,E0,QUARANTINE_UNTIL_DEFINED,TASK99_REPOSITORY_EVIDENCE_ADJUDICATED,24,2,0
D286,PARAMETRIC_MATHEMATICAL_MODEL,M1,E0,QUARANTINE_UNTIL_DEFINED,TASK99_REPOSITORY_EVIDENCE_ADJUDICATED,21,2,0
D287,RELATION_OR_CONSTRAINT,M1,E0,QUARANTINE_UNTIL_DEFINED,TASK99_REPOSITORY_EVIDENCE_ADJUDICATED,21,2,0
D288,SCORING_OR_INDEX_FUNCTION,M1,E0,QUARANTINE_UNTIL_DEFINED,TASK99_REPOSITORY_EVIDENCE_ADJUDICATED,24,2,0
D289,ALGORITHM_OR_WORKFLOW,M1,E0,QUARANTINE_UNTIL_DEFINED,TASK99_REPOSITORY_EVIDENCE_ADJUDICATED,97,2,71
D29,RELATION_OR_CONSTRAINT,M1,E0,QUARANTINE_UNTIL_DEFINED,TASK99_REPOSITORY_EVIDENCE_ADJUDICATED,25,2,0
D290,GATE_OR_CLASSIFIER,M1,E0,QUARANTINE_UNTIL_DEFINED,TASK99_REPOSITORY_EVIDENCE_ADJUDICATED,103,3,70
D291,RELATION_OR_CONSTRAINT,M1,E0,QUARANTINE_UNTIL_DEFINED,TASK99_REPOSITORY_EVIDENCE_ADJUDICATED,29,4,0
D292,SCORING_OR_INDEX_FUNCTION,M1,E0,QUARANTINE_UNTIL_DEFINED,TASK99_REPOSITORY_EVIDENCE_ADJUDICATED,35,4,0
D293,ALGORITHM_OR_WORKFLOW,M1,E0,QUARANTINE_UNTIL_DEFINED,TASK99_REPOSITORY_EVIDENCE_ADJUDICATED,31,4,0
D294,SCORING_OR_INDEX_FUNCTION,M1,E0,QUARANTINE_UNTIL_DEFINED,TASK99_REPOSITORY_EVIDENCE_ADJUDICATED,32,4,0
D295,ALGORITHM_OR_WORKFLOW,M1,E0,QUARANTINE_UNTIL_DEFINED,TASK99_REPOSITORY_EVIDENCE_ADJUDICATED,40,4,0
D296,RELATION_OR_CONSTRAINT,M1,E0,QUARANTINE_UNTIL_DEFINED,TASK99_REPOSITORY_EVIDENCE_ADJUDICATED,32,4,0
D297,RELATION_OR_CONSTRAINT,M1,E0,QUARANTINE_UNTIL_DEFINED,TASK99_REPOSITORY_EVIDENCE_ADJUDICATED,32,4,0
D298,PARAMETRIC_MATHEMATICAL_MODEL,M1,E0,QUARANTINE_UNTIL_DEFINED,TASK99_REPOSITORY_EVIDENCE_ADJUDICATED,30,4,0
D299,RELATION_OR_CONSTRAINT,M1,E0,QUARANTINE_UNTIL_DEFINED,TASK99_REPOSITORY_EVIDENCE_ADJUDICATED,32,4,1
D3,ALGORITHM_OR_WORKFLOW,M1,E0,QUARANTINE_UNTIL_DEFINED,TASK99_REPOSITORY_EVIDENCE_ADJUDICATED,29,3,0
D30,ALGORITHM_OR_WORKFLOW,M1,E0,QUARANTINE_UNTIL_DEFINED,TASK99_REPOSITORY_EVIDENCE_ADJUDICATED,24,2,0
D300,RELATION_OR_CONSTRAINT,M1,E0,QUARANTINE_UNTIL_DEFINED,TASK99_REPOSITORY_EVIDENCE_ADJUDICATED,31,4,0
D301,ALGORITHM_OR_WORKFLOW,M1,E0,QUARANTINE_UNTIL_DEFINED,TASK99_REPOSITORY_EVIDENCE_ADJUDICATED,36,4,0
D302,RELATION_OR_CONSTRAINT,M1,E0,QUARANTINE_UNTIL_DEFINED,TASK99_REPOSITORY_EVIDENCE_ADJUDICATED,32,4,0
D303,ALGORITHM_OR_WORKFLOW,M1,E0,QUARANTINE_UNTIL_DEFINED,TASK99_REPOSITORY_EVIDENCE_ADJUDICATED,21,4,0
D304,RELATION_OR_CONSTRAINT,M1,E0,QUARANTINE_UNTIL_DEFINED,TASK99_REPOSITORY_EVIDENCE_ADJUDICATED,31,5,0
D305,HEURISTIC,M1,E0,QUARANTINE_UNTIL_DEFINED,TASK99_REPOSITORY_EVIDENCE_ADJUDICATED,24,4,0
D306,GATE_OR_CLASSIFIER,M1,E0,QUARANTINE_UNTIL_DEFINED,TASK99_REPOSITORY_EVIDENCE_ADJUDICATED,33,4,2
D307,RELATION_OR_CONSTRAINT,M1,E0,QUARANTINE_UNTIL_DEFINED,TASK99_REPOSITORY_EVIDENCE_ADJUDICATED,29,4,1
D308,CONJECTURE_OR_RESEARCH_CANDIDATE,M1,E0,DOWNGRADE_TO_PENDING,TASK99_REPOSITORY_EVIDENCE_ADJUDICATED,34,4,0
D309,RELATION_OR_CONSTRAINT,M1,E0,QUARANTINE_UNTIL_DEFINED,TASK99_REPOSITORY_EVIDENCE_ADJUDICATED,33,4,3
D31,ALGORITHM_OR_WORKFLOW,M1,E0,QUARANTINE_UNTIL_DEFINED,TASK99_REPOSITORY_EVIDENCE_ADJUDICATED,22,2,0
D310,RELATION_OR_CONSTRAINT,M1,E0,QUARANTINE_UNTIL_DEFINED,TASK99_REPOSITORY_EVIDENCE_ADJUDICATED,24,4,1
D311,RELATION_OR_CONSTRAINT,M1,E0,QUARANTINE_UNTIL_DEFINED,TASK99_REPOSITORY_EVIDENCE_ADJUDICATED,26,6,0
D312,ALGORITHM_OR_WORKFLOW,M1,E0,QUARANTINE_UNTIL_DEFINED,TASK99_REPOSITORY_EVIDENCE_ADJUDICATED,32,5,2
D313,GATE_OR_CLASSIFIER,M1,E0,QUARANTINE_UNTIL_DEFINED,TASK99_REPOSITORY_EVIDENCE_ADJUDICATED,31,6,0
D314,SCORING_OR_INDEX_FUNCTION,M1,E0,QUARANTINE_UNTIL_DEFINED,TASK99_REPOSITORY_EVIDENCE_ADJUDICATED,32,4,0
D315,CONJECTURE_OR_RESEARCH_CANDIDATE,M1,E0,DOWNGRADE_TO_PENDING,TASK99_REPOSITORY_EVIDENCE_ADJUDICATED,32,4,1
D316,ALGORITHM_OR_WORKFLOW,M1,E0,QUARANTINE_UNTIL_DEFINED,TASK99_REPOSITORY_EVIDENCE_ADJUDICATED,37,4,0
D317,RELATION_OR_CONSTRAINT,M1,E0,QUARANTINE_UNTIL_DEFINED,TASK99_REPOSITORY_EVIDENCE_ADJUDICATED,31,5,0
D318,RELATION_OR_CONSTRAINT,M1,E0,QUARANTINE_UNTIL_DEFINED,TASK99_REPOSITORY_EVIDENCE_ADJUDICATED,30,4,0
D319,RELATION_OR_CONSTRAINT,M1,E0,QUARANTINE_UNTIL_DEFINED,TASK99_REPOSITORY_EVIDENCE_ADJUDICATED,31,4,0
D32,PARAMETRIC_MATHEMATICAL_MODEL,M1,E0,QUARANTINE_UNTIL_DEFINED,TASK99_REPOSITORY_EVIDENCE_ADJUDICATED,22,3,0
D320,RELATION_OR_CONSTRAINT,M1,E0,QUARANTINE_UNTIL_DEFINED,TASK99_REPOSITORY_EVIDENCE_ADJUDICATED,30,4,0
D321,ALGORITHM_OR_WORKFLOW,M1,E0,QUARANTINE_UNTIL_DEFINED,TASK99_REPOSITORY_EVIDENCE_ADJUDICATED,29,4,0
D322,RELATION_OR_CONSTRAINT,M1,E0,QUARANTINE_UNTIL_DEFINED,TASK99_REPOSITORY_EVIDENCE_ADJUDICATED,33,4,0
D323,SCORING_OR_INDEX_FUNCTION,M1,E0,QUARANTINE_UNTIL_DEFINED,TASK99_REPOSITORY_EVIDENCE_ADJUDICATED,32,4,0
D324,RELATION_OR_CONSTRAINT,M1,E0,QUARANTINE_UNTIL_DEFINED,TASK99_REPOSITORY_EVIDENCE_ADJUDICATED,31,4,1
D325,CONJECTURE_OR_RESEARCH_CANDIDATE,M1,E0,DOWNGRADE_TO_PENDING,TASK99_REPOSITORY_EVIDENCE_ADJUDICATED,29,4,0
D326,ALGORITHM_OR_WORKFLOW,M1,E0,QUARANTINE_UNTIL_DEFINED,TASK99_REPOSITORY_EVIDENCE_ADJUDICATED,35,4,0
D327,RELATION_OR_CONSTRAINT,M1,E0,QUARANTINE_UNTIL_DEFINED,TASK99_REPOSITORY_EVIDENCE_ADJUDICATED,30,4,0
D328,CONJECTURE_OR_RESEARCH_CANDIDATE,M1,E0,DOWNGRADE_TO_PENDING,TASK99_REPOSITORY_EVIDENCE_ADJUDICATED,25,4,0
D329,RELATION_OR_CONSTRAINT,M1,E0,QUARANTINE_UNTIL_DEFINED,TASK99_REPOSITORY_EVIDENCE_ADJUDICATED,31,5,0
D33,ALGORITHM_OR_WORKFLOW,M1,E0,QUARANTINE_UNTIL_DEFINED,TASK99_REPOSITORY_EVIDENCE_ADJUDICATED,28,2,0
D330,RELATION_OR_CONSTRAINT,M1,E0,QUARANTINE_UNTIL_DEFINED,TASK99_REPOSITORY_EVIDENCE_ADJUDICATED,34,5,1
D331,RELATION_OR_CONSTRAINT,M1,E0,QUARANTINE_UNTIL_DEFINED,TASK99_REPOSITORY_EVIDENCE_ADJUDICATED,25,9,0
D332,RELATION_OR_CONSTRAINT,M1,E0,QUARANTINE_UNTIL_DEFINED,TASK99_REPOSITORY_EVIDENCE_ADJUDICATED,27,5,0
D333,RELATION_OR_CONSTRAINT,M1,E0,QUARANTINE_UNTIL_DEFINED,TASK99_REPOSITORY_EVIDENCE_ADJUDICATED,21,4,0
D334,RELATION_OR_CONSTRAINT,M1,E0,QUARANTINE_UNTIL_DEFINED,TASK99_REPOSITORY_EVIDENCE_ADJUDICATED,32,4,1
D335,RELATION_OR_CONSTRAINT,M1,E0,QUARANTINE_UNTIL_DEFINED,TASK99_REPOSITORY_EVIDENCE_ADJUDICATED,29,5,0
D336,CONJECTURE_OR_RESEARCH_CANDIDATE,M1,E0,DOWNGRADE_TO_PENDING,TASK99_REPOSITORY_EVIDENCE_ADJUDICATED,31,4,0
D337,SCORING_OR_INDEX_FUNCTION,M1,E0,QUARANTINE_UNTIL_DEFINED,TASK99_REPOSITORY_EVIDENCE_ADJUDICATED,33,4,1
D338,RELATION_OR_CONSTRAINT,M1,E0,QUARANTINE_UNTIL_DEFINED,TASK99_REPOSITORY_EVIDENCE_ADJUDICATED,30,4,0
D339,RELATION_OR_CONSTRAINT,M1,E0,QUARANTINE_UNTIL_DEFINED,TASK99_REPOSITORY_EVIDENCE_ADJUDICATED,34,4,1
D34,CONJECTURE_OR_RESEARCH_CANDIDATE,M1,E0,DOWNGRADE_TO_CONJECTURE,TASK99_REPOSITORY_EVIDENCE_ADJUDICATED,37,2,0
D340,ALGORITHM_OR_WORKFLOW,M1,E0,QUARANTINE_UNTIL_DEFINED,TASK99_REPOSITORY_EVIDENCE_ADJUDICATED,32,4,1
D341,RELATION_OR_CONSTRAINT,M1,E0,QUARANTINE_UNTIL_DEFINED,TASK99_REPOSITORY_EVIDENCE_ADJUDICATED,21,4,0
D342,SCORING_OR_INDEX_FUNCTION,M1,E0,QUARANTINE_UNTIL_DEFINED,TASK99_REPOSITORY_EVIDENCE_ADJUDICATED,35,5,1
D343,CONJECTURE_OR_RESEARCH_CANDIDATE,M1,E0,DOWNGRADE_TO_PENDING,TASK99_REPOSITORY_EVIDENCE_ADJUDICATED,31,4,0
D344,CONJECTURE_OR_RESEARCH_CANDIDATE,M1,E0,DOWNGRADE_TO_PENDING,TASK99_REPOSITORY_EVIDENCE_ADJUDICATED,31,4,0
D345,RELATION_OR_CONSTRAINT,M1,E0,QUARANTINE_UNTIL_DEFINED,TASK99_REPOSITORY_EVIDENCE_ADJUDICATED,21,4,0
D346,RELATION_OR_CONSTRAINT,M1,E0,QUARANTINE_UNTIL_DEFINED,TASK99_REPOSITORY_EVIDENCE_ADJUDICATED,30,4,0
D347,RELATION_OR_CONSTRAINT,M1,E0,QUARANTINE_UNTIL_DEFINED,TASK99_REPOSITORY_EVIDENCE_ADJUDICATED,31,4,0
D348,SCORING_OR_INDEX_FUNCTION,M1,E0,QUARANTINE_UNTIL_DEFINED,TASK99_REPOSITORY_EVIDENCE_ADJUDICATED,32,4,0
D349,RELATION_OR_CONSTRAINT,M1,E0,QUARANTINE_UNTIL_DEFINED,TASK99_REPOSITORY_EVIDENCE_ADJUDICATED,30,4,0
D35,RELATION_OR_CONSTRAINT,M1,E0,QUARANTINE_UNTIL_DEFINED,TASK99_REPOSITORY_EVIDENCE_ADJUDICATED,22,2,0
D350,RELATION_OR_CONSTRAINT,M1,E0,QUARANTINE_UNTIL_DEFINED,TASK99_REPOSITORY_EVIDENCE_ADJUDICATED,33,4,1
D351,CONJECTURE_OR_RESEARCH_CANDIDATE,M1,E0,DOWNGRADE_TO_PENDING,TASK99_REPOSITORY_EVIDENCE_ADJUDICATED,26,9,0
D352,SCORING_OR_INDEX_FUNCTION,M1,E0,QUARANTINE_UNTIL_DEFINED,TASK99_REPOSITORY_EVIDENCE_ADJUDICATED,32,5,1
D353,RELATION_OR_CONSTRAINT,M1,E0,QUARANTINE_UNTIL_DEFINED,TASK99_REPOSITORY_EVIDENCE_ADJUDICATED,22,4,0
D354,ALGORITHM_OR_WORKFLOW,M1,E0,QUARANTINE_UNTIL_DEFINED,TASK99_REPOSITORY_EVIDENCE_ADJUDICATED,31,4,0
D355,CONJECTURE_OR_RESEARCH_CANDIDATE,M1,E0,DOWNGRADE_TO_PENDING,TASK99_REPOSITORY_EVIDENCE_ADJUDICATED,33,4,1
D356,CONJECTURE_OR_RESEARCH_CANDIDATE,M1,E0,DOWNGRADE_TO_PENDING,TASK99_REPOSITORY_EVIDENCE_ADJUDICATED,34,4,0
D357,CONJECTURE_OR_RESEARCH_CANDIDATE,M1,E0,DOWNGRADE_TO_PENDING,TASK99_REPOSITORY_EVIDENCE_ADJUDICATED,33,4,1
D358,CONJECTURE_OR_RESEARCH_CANDIDATE,M1,E0,DOWNGRADE_TO_PENDING,TASK99_REPOSITORY_EVIDENCE_ADJUDICATED,31,4,0
D359,RELATION_OR_CONSTRAINT,M1,E0,QUARANTINE_UNTIL_DEFINED,TASK99_REPOSITORY_EVIDENCE_ADJUDICATED,31,4,0
D36,HEURISTIC,M1,E0,QUARANTINE_UNTIL_DEFINED,TASK99_REPOSITORY_EVIDENCE_ADJUDICATED,39,2,0
D360,RELATION_OR_CONSTRAINT,M1,E0,QUARANTINE_UNTIL_DEFINED,TASK99_REPOSITORY_EVIDENCE_ADJUDICATED,122,4,89
D361,RELATION_OR_CONSTRAINT,M1,E0,QUARANTINE_UNTIL_DEFINED,TASK99_REPOSITORY_EVIDENCE_ADJUDICATED,94,3,63
D362,RELATION_OR_CONSTRAINT,M1,E0,QUARANTINE_UNTIL_DEFINED,TASK99_REPOSITORY_EVIDENCE_ADJUDICATED,29,4,0
D363,RELATION_OR_CONSTRAINT,M1,E0,QUARANTINE_UNTIL_DEFINED,TASK99_REPOSITORY_EVIDENCE_ADJUDICATED,33,4,1
D364,RELATION_OR_CONSTRAINT,M1,E0,QUARANTINE_UNTIL_DEFINED,TASK99_REPOSITORY_EVIDENCE_ADJUDICATED,42,4,0
D365,RELATION_OR_CONSTRAINT,M1,E0,QUARANTINE_UNTIL_DEFINED,TASK99_REPOSITORY_EVIDENCE_ADJUDICATED,32,4,0
D366,SCORING_OR_INDEX_FUNCTION,M1,E0,QUARANTINE_UNTIL_DEFINED,TASK99_REPOSITORY_EVIDENCE_ADJUDICATED,29,4,0
D367,RELATION_OR_CONSTRAINT,M1,E0,QUARANTINE_UNTIL_DEFINED,TASK99_REPOSITORY_EVIDENCE_ADJUDICATED,29,4,0
D368,CONJECTURE_OR_RESEARCH_CANDIDATE,M1,E0,DOWNGRADE_TO_PENDING,TASK99_REPOSITORY_EVIDENCE_ADJUDICATED,29,4,0
D369,RELATION_OR_CONSTRAINT,M1,E0,QUARANTINE_UNTIL_DEFINED,TASK99_REPOSITORY_EVIDENCE_ADJUDICATED,29,4,0
D37,RELATION_OR_CONSTRAINT,M1,E0,QUARANTINE_UNTIL_DEFINED,TASK99_REPOSITORY_EVIDENCE_ADJUDICATED,22,3,0
D370,RELATION_OR_CONSTRAINT,M1,E0,QUARANTINE_UNTIL_DEFINED,TASK99_REPOSITORY_EVIDENCE_ADJUDICATED,32,4,1
D371,RELATION_OR_CONSTRAINT,M1,E0,QUARANTINE_UNTIL_DEFINED,TASK99_REPOSITORY_EVIDENCE_ADJUDICATED,29,4,0
D372,RELATION_OR_CONSTRAINT,M1,E0,QUARANTINE_UNTIL_DEFINED,TASK99_REPOSITORY_EVIDENCE_ADJUDICATED,30,4,0
D373,RELATION_OR_CONSTRAINT,M1,E0,QUARANTINE_UNTIL_DEFINED,TASK99_REPOSITORY_EVIDENCE_ADJUDICATED,29,4,0
D374,SCORING_OR_INDEX_FUNCTION,M1,E0,QUARANTINE_UNTIL_DEFINED,TASK99_REPOSITORY_EVIDENCE_ADJUDICATED,30,4,0
D375,HEURISTIC,M1,E0,QUARANTINE_UNTIL_DEFINED,TASK99_REPOSITORY_EVIDENCE_ADJUDICATED,29,4,0
D376,RELATION_OR_CONSTRAINT,M1,E0,QUARANTINE_UNTIL_DEFINED,TASK99_REPOSITORY_EVIDENCE_ADJUDICATED,30,4,0
D377,RELATION_OR_CONSTRAINT,M1,E0,QUARANTINE_UNTIL_DEFINED,TASK99_REPOSITORY_EVIDENCE_ADJUDICATED,29,4,0
D378,RELATION_OR_CONSTRAINT,M1,E0,QUARANTINE_UNTIL_DEFINED,TASK99_REPOSITORY_EVIDENCE_ADJUDICATED,32,4,0
D379,SCORING_OR_INDEX_FUNCTION,M1,E0,QUARANTINE_UNTIL_DEFINED,TASK99_REPOSITORY_EVIDENCE_ADJUDICATED,30,4,1
D38,ALGORITHM_OR_WORKFLOW,M1,E0,QUARANTINE_UNTIL_DEFINED,TASK99_REPOSITORY_EVIDENCE_ADJUDICATED,22,4,0
D380,RELATION_OR_CONSTRAINT,M1,E0,QUARANTINE_UNTIL_DEFINED,TASK99_REPOSITORY_EVIDENCE_ADJUDICATED,30,4,0
D381,RELATION_OR_CONSTRAINT,M1,E0,QUARANTINE_UNTIL_DEFINED,TASK99_REPOSITORY_EVIDENCE_ADJUDICATED,29,4,0
D382,RELATION_OR_CONSTRAINT,M1,E0,QUARANTINE_UNTIL_DEFINED,TASK99_REPOSITORY_EVIDENCE_ADJUDICATED,30,4,0
D383,SCORING_OR_INDEX_FUNCTION,M1,E0,QUARANTINE_UNTIL_DEFINED,TASK99_REPOSITORY_EVIDENCE_ADJUDICATED,29,4,0
D384,RELATION_OR_CONSTRAINT,M1,E0,QUARANTINE_UNTIL_DEFINED,TASK99_REPOSITORY_EVIDENCE_ADJUDICATED,31,4,0
D385,RELATION_OR_CONSTRAINT,M1,E0,QUARANTINE_UNTIL_DEFINED,TASK99_REPOSITORY_EVIDENCE_ADJUDICATED,29,4,0
D386,RELATION_OR_CONSTRAINT,M1,E0,QUARANTINE_UNTIL_DEFINED,TASK99_REPOSITORY_EVIDENCE_ADJUDICATED,32,4,0
D387,RELATION_OR_CONSTRAINT,M1,E0,QUARANTINE_UNTIL_DEFINED,TASK99_REPOSITORY_EVIDENCE_ADJUDICATED,31,4,0
D388,RELATION_OR_CONSTRAINT,M1,E0,QUARANTINE_UNTIL_DEFINED,TASK99_REPOSITORY_EVIDENCE_ADJUDICATED,31,4,0
D389,CONJECTURE_OR_RESEARCH_CANDIDATE,M1,E0,DOWNGRADE_TO_PENDING,TASK99_REPOSITORY_EVIDENCE_ADJUDICATED,30,4,0
D39,RELATION_OR_CONSTRAINT,M1,E0,QUARANTINE_UNTIL_DEFINED,TASK99_REPOSITORY_EVIDENCE_ADJUDICATED,37,2,13
D390,RELATION_OR_CONSTRAINT,M1,E0,QUARANTINE_UNTIL_DEFINED,TASK99_REPOSITORY_EVIDENCE_ADJUDICATED,29,4,0
D391,SCORING_OR_INDEX_FUNCTION,M1,E0,QUARANTINE_UNTIL_DEFINED,TASK99_REPOSITORY_EVIDENCE_ADJUDICATED,29,4,0
D392,RELATION_OR_CONSTRAINT,M1,E0,QUARANTINE_UNTIL_DEFINED,TASK99_REPOSITORY_EVIDENCE_ADJUDICATED,29,4,0
D393,RELATION_OR_CONSTRAINT,M1,E0,QUARANTINE_UNTIL_DEFINED,TASK99_REPOSITORY_EVIDENCE_ADJUDICATED,30,6,0
D394,RELATION_OR_CONSTRAINT,M1,E0,QUARANTINE_UNTIL_DEFINED,TASK99_REPOSITORY_EVIDENCE_ADJUDICATED,30,4,1
D395,RELATION_OR_CONSTRAINT,M1,E0,QUARANTINE_UNTIL_DEFINED,TASK99_REPOSITORY_EVIDENCE_ADJUDICATED,30,4,0
D396,CONJECTURE_OR_RESEARCH_CANDIDATE,M1,E0,DOWNGRADE_TO_PENDING,TASK99_REPOSITORY_EVIDENCE_ADJUDICATED,29,4,0
D397,CONJECTURE_OR_RESEARCH_CANDIDATE,M1,E0,DOWNGRADE_TO_CONJECTURE,TASK99_REPOSITORY_EVIDENCE_ADJUDICATED,30,4,0
D398,RELATION_OR_CONSTRAINT,M1,E0,QUARANTINE_UNTIL_DEFINED,TASK99_REPOSITORY_EVIDENCE_ADJUDICATED,29,4,0
D399,ALGORITHM_OR_WORKFLOW,M1,E0,QUARANTINE_UNTIL_DEFINED,TASK99_REPOSITORY_EVIDENCE_ADJUDICATED,29,4,0
D4,RELATION_OR_CONSTRAINT,M1,E0,QUARANTINE_UNTIL_DEFINED,TASK99_REPOSITORY_EVIDENCE_ADJUDICATED,28,2,0
D40,SCORING_OR_INDEX_FUNCTION,M1,E0,QUARANTINE_UNTIL_DEFINED,TASK99_REPOSITORY_EVIDENCE_ADJUDICATED,31,2,0
D400,RELATION_OR_CONSTRAINT,M1,E0,QUARANTINE_UNTIL_DEFINED,TASK99_REPOSITORY_EVIDENCE_ADJUDICATED,34,4,0
D401,RELATION_OR_CONSTRAINT,M1,E0,QUARANTINE_UNTIL_DEFINED,TASK99_REPOSITORY_EVIDENCE_ADJUDICATED,30,4,0
D402,RELATION_OR_CONSTRAINT,M1,E0,QUARANTINE_UNTIL_DEFINED,TASK99_REPOSITORY_EVIDENCE_ADJUDICATED,29,4,0
D403,ALGORITHM_OR_WORKFLOW,M1,E0,QUARANTINE_UNTIL_DEFINED,TASK99_REPOSITORY_EVIDENCE_ADJUDICATED,29,4,0
D404,RELATION_OR_CONSTRAINT,M1,E0,QUARANTINE_UNTIL_DEFINED,TASK99_REPOSITORY_EVIDENCE_ADJUDICATED,29,4,0
D405,SCORING_OR_INDEX_FUNCTION,M1,E0,QUARANTINE_UNTIL_DEFINED,TASK99_REPOSITORY_EVIDENCE_ADJUDICATED,29,4,0
D406,RELATION_OR_CONSTRAINT,M1,E0,QUARANTINE_UNTIL_DEFINED,TASK99_REPOSITORY_EVIDENCE_ADJUDICATED,29,4,0
D407,RELATION_OR_CONSTRAINT,M1,E0,QUARANTINE_UNTIL_DEFINED,TASK99_REPOSITORY_EVIDENCE_ADJUDICATED,29,4,0
D408,RELATION_OR_CONSTRAINT,M1,E0,QUARANTINE_UNTIL_DEFINED,TASK99_REPOSITORY_EVIDENCE_ADJUDICATED,29,5,0
D409,RELATION_OR_CONSTRAINT,M1,E0,QUARANTINE_UNTIL_DEFINED,TASK99_REPOSITORY_EVIDENCE_ADJUDICATED,29,4,0
D41,ALGORITHM_OR_WORKFLOW,M1,E0,QUARANTINE_UNTIL_DEFINED,TASK99_REPOSITORY_EVIDENCE_ADJUDICATED,34,2,0
D410,RELATION_OR_CONSTRAINT,M1,E0,QUARANTINE_UNTIL_DEFINED,TASK99_REPOSITORY_EVIDENCE_ADJUDICATED,30,4,0
D411,HEURISTIC,M1,E0,QUARANTINE_UNTIL_DEFINED,TASK99_REPOSITORY_EVIDENCE_ADJUDICATED,29,4,0
D412,RELATION_OR_CONSTRAINT,M1,E0,QUARANTINE_UNTIL_DEFINED,TASK99_REPOSITORY_EVIDENCE_ADJUDICATED,31,4,0
D413,CONJECTURE_OR_RESEARCH_CANDIDATE,M1,E0,DOWNGRADE_TO_PENDING,TASK99_REPOSITORY_EVIDENCE_ADJUDICATED,29,4,0
D414,RELATION_OR_CONSTRAINT,M1,E0,QUARANTINE_UNTIL_DEFINED,TASK99_REPOSITORY_EVIDENCE_ADJUDICATED,32,4,0
D415,SCORING_OR_INDEX_FUNCTION,M1,E0,QUARANTINE_UNTIL_DEFINED,TASK99_REPOSITORY_EVIDENCE_ADJUDICATED,29,4,0
D416,CONJECTURE_OR_RESEARCH_CANDIDATE,M1,E0,DOWNGRADE_TO_CONJECTURE,TASK99_REPOSITORY_EVIDENCE_ADJUDICATED,30,4,0
D417,SCORING_OR_INDEX_FUNCTION,M1,E0,QUARANTINE_UNTIL_DEFINED,TASK99_REPOSITORY_EVIDENCE_ADJUDICATED,29,4,0
D418,RELATION_OR_CONSTRAINT,M1,E0,QUARANTINE_UNTIL_DEFINED,TASK99_REPOSITORY_EVIDENCE_ADJUDICATED,32,4,0
D419,CONJECTURE_OR_RESEARCH_CANDIDATE,M1,E0,DOWNGRADE_TO_PENDING,TASK99_REPOSITORY_EVIDENCE_ADJUDICATED,31,5,0
D42,RELATION_OR_CONSTRAINT,M1,E0,QUARANTINE_UNTIL_DEFINED,TASK99_REPOSITORY_EVIDENCE_ADJUDICATED,29,2,0
D420,RELATION_OR_CONSTRAINT,M1,E0,QUARANTINE_UNTIL_DEFINED,TASK99_REPOSITORY_EVIDENCE_ADJUDICATED,29,4,0
D421,SCORING_OR_INDEX_FUNCTION,M1,E0,QUARANTINE_UNTIL_DEFINED,TASK99_REPOSITORY_EVIDENCE_ADJUDICATED,29,4,0
D422,CONJECTURE_OR_RESEARCH_CANDIDATE,M1,E0,DOWNGRADE_TO_PENDING,TASK99_REPOSITORY_EVIDENCE_ADJUDICATED,29,4,0
D423,RELATION_OR_CONSTRAINT,M1,E0,QUARANTINE_UNTIL_DEFINED,TASK99_REPOSITORY_EVIDENCE_ADJUDICATED,41,4,0
D424,CONJECTURE_OR_RESEARCH_CANDIDATE,M1,E0,DOWNGRADE_TO_CONJECTURE,TASK99_REPOSITORY_EVIDENCE_ADJUDICATED,30,4,0
D43,SCORING_OR_INDEX_FUNCTION,M1,E0,QUARANTINE_UNTIL_DEFINED,TASK99_REPOSITORY_EVIDENCE_ADJUDICATED,32,2,0
D430,UNRESOLVED_IDENTITY,M0,E0,QUARANTINE_UNTIL_DEFINED,TASK99_MACHINE_TRIAGED_EXPLICIT_QUARANTINE,74,0,64
D431,UNRESOLVED_IDENTITY,M0,E0,QUARANTINE_UNTIL_DEFINED,TASK99_MACHINE_TRIAGED_EXPLICIT_QUARANTINE,72,0,64
D44,RELATION_OR_CONSTRAINT,M1,E0,QUARANTINE_UNTIL_DEFINED,TASK99_REPOSITORY_EVIDENCE_ADJUDICATED,30,2,0
D45,GATE_OR_CLASSIFIER,M1,E0,QUARANTINE_UNTIL_DEFINED,TASK99_REPOSITORY_EVIDENCE_ADJUDICATED,30,2,0
D450,UNRESOLVED_IDENTITY,M0,E0,QUARANTINE_UNTIL_DEFINED,TASK99_MACHINE_TRIAGED_EXPLICIT_QUARANTINE,73,0,64
D451,UNRESOLVED_IDENTITY,M0,E0,QUARANTINE_UNTIL_DEFINED,TASK99_MACHINE_TRIAGED_EXPLICIT_QUARANTINE,85,0,77
D46,PARAMETRIC_MATHEMATICAL_MODEL,M1,E0,QUARANTINE_UNTIL_DEFINED,TASK99_REPOSITORY_EVIDENCE_ADJUDICATED,30,2,0
D463,RELATION_OR_CONSTRAINT,M1,E0,QUARANTINE_UNTIL_DEFINED,TASK99_REPOSITORY_EVIDENCE_ADJUDICATED,34,2,1
D464,ALGORITHM_OR_WORKFLOW,M1,E0,QUARANTINE_UNTIL_DEFINED,TASK99_REPOSITORY_EVIDENCE_ADJUDICATED,28,2,3
D465,RELATION_OR_CONSTRAINT,M1,E0,QUARANTINE_UNTIL_DEFINED,TASK99_REPOSITORY_EVIDENCE_ADJUDICATED,25,3,1
D466,ALGORITHM_OR_WORKFLOW,M1,E0,QUARANTINE_UNTIL_DEFINED,TASK99_REPOSITORY_EVIDENCE_ADJUDICATED,24,3,0
D467,SCORING_OR_INDEX_FUNCTION,M1,E0,QUARANTINE_UNTIL_DEFINED,TASK99_REPOSITORY_EVIDENCE_ADJUDICATED,39,3,3
D468,RELATION_OR_CONSTRAINT,M1,E0,QUARANTINE_UNTIL_DEFINED,TASK99_REPOSITORY_EVIDENCE_ADJUDICATED,29,3,1
D469,RELATION_OR_CONSTRAINT,M1,E0,QUARANTINE_UNTIL_DEFINED,TASK99_REPOSITORY_EVIDENCE_ADJUDICATED,29,3,1
D47,ALGORITHM_OR_WORKFLOW,M1,E0,QUARANTINE_UNTIL_DEFINED,TASK99_REPOSITORY_EVIDENCE_ADJUDICATED,37,3,0
D470,RELATION_OR_CONSTRAINT,M1,E0,QUARANTINE_UNTIL_DEFINED,TASK99_REPOSITORY_EVIDENCE_ADJUDICATED,23,3,0
D471,SCORING_OR_INDEX_FUNCTION,M1,E0,QUARANTINE_UNTIL_DEFINED,TASK99_REPOSITORY_EVIDENCE_ADJUDICATED,31,3,0
D472,RELATION_OR_CONSTRAINT,M1,E0,QUARANTINE_UNTIL_DEFINED,TASK99_REPOSITORY_EVIDENCE_ADJUDICATED,30,4,0
D473,RELATION_OR_CONSTRAINT,M1,E0,QUARANTINE_UNTIL_DEFINED,TASK99_REPOSITORY_EVIDENCE_ADJUDICATED,31,4,0
D474,RELATION_OR_CONSTRAINT,M1,E0,QUARANTINE_UNTIL_DEFINED,TASK99_REPOSITORY_EVIDENCE_ADJUDICATED,29,3,0
D475,PARAMETRIC_MATHEMATICAL_MODEL,M1,E0,QUARANTINE_UNTIL_DEFINED,TASK99_REPOSITORY_EVIDENCE_ADJUDICATED,29,2,0
D476,RELATION_OR_CONSTRAINT,M1,E0,QUARANTINE_UNTIL_DEFINED,TASK99_REPOSITORY_EVIDENCE_ADJUDICATED,77,2,35
D477,CONJECTURE_OR_RESEARCH_CANDIDATE,M1,E0,DOWNGRADE_TO_PENDING,TASK99_REPOSITORY_EVIDENCE_ADJUDICATED,68,2,35
D478,CONJECTURE_OR_RESEARCH_CANDIDATE,M1,E0,DOWNGRADE_TO_PENDING,TASK99_REPOSITORY_EVIDENCE_ADJUDICATED,66,2,35
D479,RELATION_OR_CONSTRAINT,M1,E0,QUARANTINE_UNTIL_DEFINED,TASK99_REPOSITORY_EVIDENCE_ADJUDICATED,60,2,35
D48,ALGORITHM_OR_WORKFLOW,M1,E0,QUARANTINE_UNTIL_DEFINED,TASK99_REPOSITORY_EVIDENCE_ADJUDICATED,30,2,0
D480,RELATION_OR_CONSTRAINT,M1,E0,QUARANTINE_UNTIL_DEFINED,TASK99_REPOSITORY_EVIDENCE_ADJUDICATED,77,2,35
D481,RELATION_OR_CONSTRAINT,M1,E0,QUARANTINE_UNTIL_DEFINED,TASK99_REPOSITORY_EVIDENCE_ADJUDICATED,60,9,0
D482,ALGORITHM_OR_WORKFLOW,M1,E0,QUARANTINE_UNTIL_DEFINED,TASK99_REPOSITORY_EVIDENCE_ADJUDICATED,30,9,0
D483,PARAMETRIC_MATHEMATICAL_MODEL,M1,E0,QUARANTINE_UNTIL_DEFINED,TASK99_REPOSITORY_EVIDENCE_ADJUDICATED,29,9,0
D484,RELATION_OR_CONSTRAINT,M1,E0,QUARANTINE_UNTIL_DEFINED,TASK99_REPOSITORY_EVIDENCE_ADJUDICATED,29,9,0
D485,ALGORITHM_OR_WORKFLOW,M1,E0,QUARANTINE_UNTIL_DEFINED,TASK99_REPOSITORY_EVIDENCE_ADJUDICATED,29,9,0
D486,RELATION_OR_CONSTRAINT,M1,E0,QUARANTINE_UNTIL_DEFINED,TASK99_REPOSITORY_EVIDENCE_ADJUDICATED,29,9,0
D487,RELATION_OR_CONSTRAINT,M1,E0,QUARANTINE_UNTIL_DEFINED,TASK99_REPOSITORY_EVIDENCE_ADJUDICATED,29,9,0
D488,PARAMETRIC_MATHEMATICAL_MODEL,M1,E0,QUARANTINE_UNTIL_DEFINED,TASK99_REPOSITORY_EVIDENCE_ADJUDICATED,32,9,0
D489,SCORING_OR_INDEX_FUNCTION,M1,E0,QUARANTINE_UNTIL_DEFINED,TASK99_REPOSITORY_EVIDENCE_ADJUDICATED,21,9,0
D49,PARAMETRIC_MATHEMATICAL_MODEL,M1,E0,QUARANTINE_UNTIL_DEFINED,TASK99_REPOSITORY_EVIDENCE_ADJUDICATED,35,2,1
D490,RELATION_OR_CONSTRAINT,M1,E0,QUARANTINE_UNTIL_DEFINED,TASK99_REPOSITORY_EVIDENCE_ADJUDICATED,29,9,0
D491,RELATION_OR_CONSTRAINT,M1,E0,QUARANTINE_UNTIL_DEFINED,TASK99_REPOSITORY_EVIDENCE_ADJUDICATED,29,9,0
D492,SCORING_OR_INDEX_FUNCTION,M1,E0,QUARANTINE_UNTIL_DEFINED,TASK99_REPOSITORY_EVIDENCE_ADJUDICATED,32,9,0
D493,RELATION_OR_CONSTRAINT,M1,E0,QUARANTINE_UNTIL_DEFINED,TASK99_REPOSITORY_EVIDENCE_ADJUDICATED,31,9,0
D494,RELATION_OR_CONSTRAINT,M1,E0,QUARANTINE_UNTIL_DEFINED,TASK99_REPOSITORY_EVIDENCE_ADJUDICATED,32,9,0
D495,RELATION_OR_CONSTRAINT,M1,E0,QUARANTINE_UNTIL_DEFINED,TASK99_REPOSITORY_EVIDENCE_ADJUDICATED,32,9,0
D496,RELATION_OR_CONSTRAINT,M1,E0,QUARANTINE_UNTIL_DEFINED,TASK99_REPOSITORY_EVIDENCE_ADJUDICATED,24,9,0
D497,ALGORITHM_OR_WORKFLOW,M1,E0,QUARANTINE_UNTIL_DEFINED,TASK99_REPOSITORY_EVIDENCE_ADJUDICATED,29,9,0
D498,ALGORITHM_OR_WORKFLOW,M1,E0,QUARANTINE_UNTIL_DEFINED,TASK99_REPOSITORY_EVIDENCE_ADJUDICATED,21,9,0
D499,ALGORITHM_OR_WORKFLOW,M1,E0,QUARANTINE_UNTIL_DEFINED,TASK99_REPOSITORY_EVIDENCE_ADJUDICATED,25,9,0
D5,ALGORITHM_OR_WORKFLOW,M1,E0,QUARANTINE_UNTIL_DEFINED,TASK99_REPOSITORY_EVIDENCE_ADJUDICATED,29,2,0
D50,SCORING_OR_INDEX_FUNCTION,M1,E0,QUARANTINE_UNTIL_DEFINED,TASK99_REPOSITORY_EVIDENCE_ADJUDICATED,33,2,0
D500,RELATION_OR_CONSTRAINT,M1,E0,QUARANTINE_UNTIL_DEFINED,TASK99_REPOSITORY_EVIDENCE_ADJUDICATED,30,9,0
D501,RELATION_OR_CONSTRAINT,M1,E0,QUARANTINE_UNTIL_DEFINED,TASK99_REPOSITORY_EVIDENCE_ADJUDICATED,30,9,0
D502,RELATION_OR_CONSTRAINT,M1,E0,QUARANTINE_UNTIL_DEFINED,TASK99_REPOSITORY_EVIDENCE_ADJUDICATED,32,9,0
D503,RELATION_OR_CONSTRAINT,M1,E0,QUARANTINE_UNTIL_DEFINED,TASK99_REPOSITORY_EVIDENCE_ADJUDICATED,29,9,0
D504,RELATION_OR_CONSTRAINT,M1,E0,QUARANTINE_UNTIL_DEFINED,TASK99_REPOSITORY_EVIDENCE_ADJUDICATED,29,9,0
D505,RELATION_OR_CONSTRAINT,M1,E0,QUARANTINE_UNTIL_DEFINED,TASK99_REPOSITORY_EVIDENCE_ADJUDICATED,29,9,0
D506,PARAMETRIC_MATHEMATICAL_MODEL,M1,E0,QUARANTINE_UNTIL_DEFINED,TASK99_REPOSITORY_EVIDENCE_ADJUDICATED,32,9,0
D507,RELATION_OR_CONSTRAINT,M1,E0,QUARANTINE_UNTIL_DEFINED,TASK99_REPOSITORY_EVIDENCE_ADJUDICATED,31,9,0
D508,RELATION_OR_CONSTRAINT,M1,E0,QUARANTINE_UNTIL_DEFINED,TASK99_REPOSITORY_EVIDENCE_ADJUDICATED,31,9,0
D509,RELATION_OR_CONSTRAINT,M1,E0,QUARANTINE_UNTIL_DEFINED,TASK99_REPOSITORY_EVIDENCE_ADJUDICATED,31,9,0
D51,RELATION_OR_CONSTRAINT,M1,E0,QUARANTINE_UNTIL_DEFINED,TASK99_REPOSITORY_EVIDENCE_ADJUDICATED,30,2,0
D510,ALGORITHM_OR_WORKFLOW,M1,E0,QUARANTINE_UNTIL_DEFINED,TASK99_REPOSITORY_EVIDENCE_ADJUDICATED,23,9,0
D511,RELATION_OR_CONSTRAINT,M1,E0,QUARANTINE_UNTIL_DEFINED,TASK99_REPOSITORY_EVIDENCE_ADJUDICATED,62,9,0
D512,RELATION_OR_CONSTRAINT,M1,E0,QUARANTINE_UNTIL_DEFINED,TASK99_REPOSITORY_EVIDENCE_ADJUDICATED,30,9,0
D513,RELATION_OR_CONSTRAINT,M1,E0,QUARANTINE_UNTIL_DEFINED,TASK99_REPOSITORY_EVIDENCE_ADJUDICATED,31,9,0
D514,RELATION_OR_CONSTRAINT,M1,E0,QUARANTINE_UNTIL_DEFINED,TASK99_REPOSITORY_EVIDENCE_ADJUDICATED,31,9,0
D515,RELATION_OR_CONSTRAINT,M1,E0,QUARANTINE_UNTIL_DEFINED,TASK99_REPOSITORY_EVIDENCE_ADJUDICATED,30,9,0
D516,RELATION_OR_CONSTRAINT,M1,E0,QUARANTINE_UNTIL_DEFINED,TASK99_REPOSITORY_EVIDENCE_ADJUDICATED,36,4,0
D517,RELATION_OR_CONSTRAINT,M1,E0,QUARANTINE_UNTIL_DEFINED,TASK99_REPOSITORY_EVIDENCE_ADJUDICATED,38,5,0
D518,RELATION_OR_CONSTRAINT,M1,E0,QUARANTINE_UNTIL_DEFINED,TASK99_REPOSITORY_EVIDENCE_ADJUDICATED,39,5,0
D519,SCORING_OR_INDEX_FUNCTION,M1,E0,QUARANTINE_UNTIL_DEFINED,TASK99_REPOSITORY_EVIDENCE_ADJUDICATED,34,5,0
D52,RELATION_OR_CONSTRAINT,M1,E0,QUARANTINE_UNTIL_DEFINED,TASK99_REPOSITORY_EVIDENCE_ADJUDICATED,30,2,0
D520,ALGORITHM_OR_WORKFLOW,M1,E0,QUARANTINE_UNTIL_DEFINED,TASK99_REPOSITORY_EVIDENCE_ADJUDICATED,23,5,0
D522,RELATION_OR_CONSTRAINT,M1,E0,QUARANTINE_UNTIL_DEFINED,TASK99_REPOSITORY_EVIDENCE_ADJUDICATED,31,3,0
D523,RELATION_OR_CONSTRAINT,M1,E0,QUARANTINE_UNTIL_DEFINED,TASK99_REPOSITORY_EVIDENCE_ADJUDICATED,32,3,0
D524,RELATION_OR_CONSTRAINT,M1,E0,QUARANTINE_UNTIL_DEFINED,TASK99_REPOSITORY_EVIDENCE_ADJUDICATED,31,3,0
D525,CONJECTURE_OR_RESEARCH_CANDIDATE,M1,E0,DOWNGRADE_TO_PENDING,TASK99_REPOSITORY_EVIDENCE_ADJUDICATED,31,3,0
D526,RELATION_OR_CONSTRAINT,M1,E0,QUARANTINE_UNTIL_DEFINED,TASK99_REPOSITORY_EVIDENCE_ADJUDICATED,33,3,0
D527,RELATION_OR_CONSTRAINT,M1,E0,QUARANTINE_UNTIL_DEFINED,TASK99_REPOSITORY_EVIDENCE_ADJUDICATED,31,3,0
D528,RELATION_OR_CONSTRAINT,M1,E0,QUARANTINE_UNTIL_DEFINED,TASK99_REPOSITORY_EVIDENCE_ADJUDICATED,30,3,0
D529,RELATION_OR_CONSTRAINT,M1,E0,QUARANTINE_UNTIL_DEFINED,TASK99_REPOSITORY_EVIDENCE_ADJUDICATED,30,3,0
D53,RELATION_OR_CONSTRAINT,M1,E0,QUARANTINE_UNTIL_DEFINED,TASK99_REPOSITORY_EVIDENCE_ADJUDICATED,39,2,1
D530,RELATION_OR_CONSTRAINT,M1,E0,QUARANTINE_UNTIL_DEFINED,TASK99_REPOSITORY_EVIDENCE_ADJUDICATED,30,4,0
D531,RELATION_OR_CONSTRAINT,M1,E0,QUARANTINE_UNTIL_DEFINED,TASK99_REPOSITORY_EVIDENCE_ADJUDICATED,31,4,0
D532,GATE_OR_CLASSIFIER,M1,E0,QUARANTINE_UNTIL_DEFINED,TASK99_REPOSITORY_EVIDENCE_ADJUDICATED,31,3,0
D533,RELATION_OR_CONSTRAINT,M1,E0,QUARANTINE_UNTIL_DEFINED,TASK99_REPOSITORY_EVIDENCE_ADJUDICATED,31,3,0
D534,RELATION_OR_CONSTRAINT,M1,E0,QUARANTINE_UNTIL_DEFINED,TASK99_REPOSITORY_EVIDENCE_ADJUDICATED,30,4,0
D535,RELATION_OR_CONSTRAINT,M1,E0,QUARANTINE_UNTIL_DEFINED,TASK99_REPOSITORY_EVIDENCE_ADJUDICATED,30,3,0
D536,RELATION_OR_CONSTRAINT,M1,E0,QUARANTINE_UNTIL_DEFINED,TASK99_REPOSITORY_EVIDENCE_ADJUDICATED,21,4,0
D537,RELATION_OR_CONSTRAINT,M1,E0,QUARANTINE_UNTIL_DEFINED,TASK99_REPOSITORY_EVIDENCE_ADJUDICATED,21,4,0
D538,PARAMETRIC_MATHEMATICAL_MODEL,M1,E0,QUARANTINE_UNTIL_DEFINED,TASK99_REPOSITORY_EVIDENCE_ADJUDICATED,29,4,0
D539,RELATION_OR_CONSTRAINT,M1,E0,QUARANTINE_UNTIL_DEFINED,TASK99_REPOSITORY_EVIDENCE_ADJUDICATED,21,4,0
D54,CONJECTURE_OR_RESEARCH_CANDIDATE,M1,E0,DOWNGRADE_TO_PENDING,TASK99_REPOSITORY_EVIDENCE_ADJUDICATED,31,2,0
D540,RELATION_OR_CONSTRAINT,M1,E0,QUARANTINE_UNTIL_DEFINED,TASK99_REPOSITORY_EVIDENCE_ADJUDICATED,29,4,0
D541,PARAMETRIC_MATHEMATICAL_MODEL,M1,E0,QUARANTINE_UNTIL_DEFINED,TASK99_REPOSITORY_EVIDENCE_ADJUDICATED,102,2,77
D542,PARAMETRIC_MATHEMATICAL_MODEL,M1,E0,QUARANTINE_UNTIL_DEFINED,TASK99_REPOSITORY_EVIDENCE_ADJUDICATED,22,2,0
D543,PARAMETRIC_MATHEMATICAL_MODEL,M1,E0,QUARANTINE_UNTIL_DEFINED,TASK99_REPOSITORY_EVIDENCE_ADJUDICATED,24,2,2
D544,RELATION_OR_CONSTRAINT,M1,E0,QUARANTINE_UNTIL_DEFINED,TASK99_REPOSITORY_EVIDENCE_ADJUDICATED,22,4,0
D545,PARAMETRIC_MATHEMATICAL_MODEL,M1,E0,QUARANTINE_UNTIL_DEFINED,TASK99_REPOSITORY_EVIDENCE_ADJUDICATED,22,1,0
D546,PARAMETRIC_MATHEMATICAL_MODEL,M1,E0,QUARANTINE_UNTIL_DEFINED,TASK99_REPOSITORY_EVIDENCE_ADJUDICATED,22,1,0
D547,ALGORITHM_OR_WORKFLOW,M1,E0,QUARANTINE_UNTIL_DEFINED,TASK99_REPOSITORY_EVIDENCE_ADJUDICATED,22,1,0
D548,PARAMETRIC_MATHEMATICAL_MODEL,M1,E0,QUARANTINE_UNTIL_DEFINED,TASK99_REPOSITORY_EVIDENCE_ADJUDICATED,22,2,0
D549,CONJECTURE_OR_RESEARCH_CANDIDATE,M1,E0,DOWNGRADE_TO_PENDING,TASK99_REPOSITORY_EVIDENCE_ADJUDICATED,22,2,0
D55,CONJECTURE_OR_RESEARCH_CANDIDATE,M1,E0,DOWNGRADE_TO_PENDING,TASK99_REPOSITORY_EVIDENCE_ADJUDICATED,30,2,0
D550,PARAMETRIC_MATHEMATICAL_MODEL,M1,E0,QUARANTINE_UNTIL_DEFINED,TASK99_REPOSITORY_EVIDENCE_ADJUDICATED,23,3,0
D551,ALGORITHM_OR_WORKFLOW,M1,E0,QUARANTINE_UNTIL_DEFINED,TASK99_REPOSITORY_EVIDENCE_ADJUDICATED,23,1,0
D552,RELATION_OR_CONSTRAINT,M1,E0,QUARANTINE_UNTIL_DEFINED,TASK99_REPOSITORY_EVIDENCE_ADJUDICATED,22,0,0
D553,ALGORITHM_OR_WORKFLOW,M1,E0,QUARANTINE_UNTIL_DEFINED,TASK99_REPOSITORY_EVIDENCE_ADJUDICATED,22,1,0
D554,ALGORITHM_OR_WORKFLOW,M1,E0,QUARANTINE_UNTIL_DEFINED,TASK99_REPOSITORY_EVIDENCE_ADJUDICATED,22,1,0
D555,PARAMETRIC_MATHEMATICAL_MODEL,M1,E0,QUARANTINE_UNTIL_DEFINED,TASK99_REPOSITORY_EVIDENCE_ADJUDICATED,22,3,0
D556,PARAMETRIC_MATHEMATICAL_MODEL,M1,E0,QUARANTINE_UNTIL_DEFINED,TASK99_REPOSITORY_EVIDENCE_ADJUDICATED,22,3,0
D557,ALGORITHM_OR_WORKFLOW,M1,E0,QUARANTINE_UNTIL_DEFINED,TASK99_REPOSITORY_EVIDENCE_ADJUDICATED,22,2,0
D558,PARAMETRIC_MATHEMATICAL_MODEL,M1,E0,QUARANTINE_UNTIL_DEFINED,TASK99_REPOSITORY_EVIDENCE_ADJUDICATED,23,0,1
D559,PARAMETRIC_MATHEMATICAL_MODEL,M1,E0,QUARANTINE_UNTIL_DEFINED,TASK99_REPOSITORY_EVIDENCE_ADJUDICATED,22,3,0
D56,HEURISTIC,M1,E0,QUARANTINE_UNTIL_DEFINED,TASK99_REPOSITORY_EVIDENCE_ADJUDICATED,29,2,0
D560,PARAMETRIC_MATHEMATICAL_MODEL,M1,E0,QUARANTINE_UNTIL_DEFINED,TASK99_REPOSITORY_EVIDENCE_ADJUDICATED,23,3,0
D561,PARAMETRIC_MATHEMATICAL_MODEL,M1,E0,QUARANTINE_UNTIL_DEFINED,TASK99_REPOSITORY_EVIDENCE_ADJUDICATED,23,2,0
D562,RELATION_OR_CONSTRAINT,M1,E0,QUARANTINE_UNTIL_DEFINED,TASK99_REPOSITORY_EVIDENCE_ADJUDICATED,22,0,0
D563,PARAMETRIC_MATHEMATICAL_MODEL,M1,E0,QUARANTINE_UNTIL_DEFINED,TASK99_REPOSITORY_EVIDENCE_ADJUDICATED,22,0,0
D564,CONJECTURE_OR_RESEARCH_CANDIDATE,M1,E0,DOWNGRADE_TO_PENDING,TASK99_REPOSITORY_EVIDENCE_ADJUDICATED,22,0,0
D565,CONJECTURE_OR_RESEARCH_CANDIDATE,M1,E0,DOWNGRADE_TO_PENDING,TASK99_REPOSITORY_EVIDENCE_ADJUDICATED,22,0,0
D57,RELATION_OR_CONSTRAINT,M1,E0,QUARANTINE_UNTIL_DEFINED,TASK99_REPOSITORY_EVIDENCE_ADJUDICATED,31,2,0
D570,UNRESOLVED_IDENTITY,M0,E0,QUARANTINE_UNTIL_DEFINED,TASK99_MACHINE_TRIAGED_EXPLICIT_QUARANTINE,1,0,0
D571,CONJECTURE_OR_RESEARCH_CANDIDATE,M1,E0,DOWNGRADE_TO_PENDING,TASK99_REPOSITORY_EVIDENCE_ADJUDICATED,27,0,0
D572,HEURISTIC,M1,E0,QUARANTINE_UNTIL_DEFINED,TASK99_REPOSITORY_EVIDENCE_ADJUDICATED,26,0,0
D573,CONJECTURE_OR_RESEARCH_CANDIDATE,M1,E0,DOWNGRADE_TO_PENDING,TASK99_REPOSITORY_EVIDENCE_ADJUDICATED,33,0,0
D574,CONJECTURE_OR_RESEARCH_CANDIDATE,M1,E0,DOWNGRADE_TO_PENDING,TASK99_REPOSITORY_EVIDENCE_ADJUDICATED,26,0,0
D575,HEURISTIC,M1,E0,QUARANTINE_UNTIL_DEFINED,TASK99_REPOSITORY_EVIDENCE_ADJUDICATED,26,0,0
D576,PARAMETRIC_MATHEMATICAL_MODEL,M1,E0,QUARANTINE_UNTIL_DEFINED,TASK99_REPOSITORY_EVIDENCE_ADJUDICATED,27,0,0
D577,CONJECTURE_OR_RESEARCH_CANDIDATE,M1,E0,DOWNGRADE_TO_PENDING,TASK99_REPOSITORY_EVIDENCE_ADJUDICATED,27,0,0
D578,CONJECTURE_OR_RESEARCH_CANDIDATE,M1,E0,DOWNGRADE_TO_PENDING,TASK99_REPOSITORY_EVIDENCE_ADJUDICATED,27,0,0
D579,CONJECTURE_OR_RESEARCH_CANDIDATE,M1,E0,DOWNGRADE_TO_PENDING,TASK99_REPOSITORY_EVIDENCE_ADJUDICATED,27,0,0
D58,RELATION_OR_CONSTRAINT,M1,E0,QUARANTINE_UNTIL_DEFINED,TASK99_REPOSITORY_EVIDENCE_ADJUDICATED,29,2,0
D580,CONJECTURE_OR_RESEARCH_CANDIDATE,M1,E0,DOWNGRADE_TO_PENDING,TASK99_REPOSITORY_EVIDENCE_ADJUDICATED,28,0,0
D581,CONJECTURE_OR_RESEARCH_CANDIDATE,M1,E0,DOWNGRADE_TO_PENDING,TASK99_REPOSITORY_EVIDENCE_ADJUDICATED,28,0,0
D582,CONJECTURE_OR_RESEARCH_CANDIDATE,M1,E0,DOWNGRADE_TO_PENDING,TASK99_REPOSITORY_EVIDENCE_ADJUDICATED,27,0,0
D583,PARAMETRIC_MATHEMATICAL_MODEL,M1,E0,QUARANTINE_UNTIL_DEFINED,TASK99_REPOSITORY_EVIDENCE_ADJUDICATED,42,0,0
D584,CONJECTURE_OR_RESEARCH_CANDIDATE,M1,E0,DOWNGRADE_TO_PENDING,TASK99_REPOSITORY_EVIDENCE_ADJUDICATED,27,0,0
D585,PARAMETRIC_MATHEMATICAL_MODEL,M1,E0,QUARANTINE_UNTIL_DEFINED,TASK99_REPOSITORY_EVIDENCE_ADJUDICATED,28,0,0
D586,CONJECTURE_OR_RESEARCH_CANDIDATE,M1,E0,DOWNGRADE_TO_PENDING,TASK99_REPOSITORY_EVIDENCE_ADJUDICATED,28,0,0
D587,CONJECTURE_OR_RESEARCH_CANDIDATE,M1,E0,DOWNGRADE_TO_PENDING,TASK99_REPOSITORY_EVIDENCE_ADJUDICATED,25,0,0
D588,CONJECTURE_OR_RESEARCH_CANDIDATE,M1,E0,DOWNGRADE_TO_PENDING,TASK99_REPOSITORY_EVIDENCE_ADJUDICATED,24,0,0
D589,RELATION_OR_CONSTRAINT,M1,E0,QUARANTINE_UNTIL_DEFINED,TASK99_REPOSITORY_EVIDENCE_ADJUDICATED,28,0,0
D59,ALGORITHM_OR_WORKFLOW,M1,E0,QUARANTINE_UNTIL_DEFINED,TASK99_REPOSITORY_EVIDENCE_ADJUDICATED,31,2,0
D590,CONJECTURE_OR_RESEARCH_CANDIDATE,M1,E0,DOWNGRADE_TO_PENDING,TASK99_REPOSITORY_EVIDENCE_ADJUDICATED,27,0,0
D591,CONJECTURE_OR_RESEARCH_CANDIDATE,M1,E0,DOWNGRADE_TO_PENDING,TASK99_REPOSITORY_EVIDENCE_ADJUDICATED,26,0,0
D592,CONJECTURE_OR_RESEARCH_CANDIDATE,M1,E0,DOWNGRADE_TO_PENDING,TASK99_REPOSITORY_EVIDENCE_ADJUDICATED,25,0,0
D593,CONJECTURE_OR_RESEARCH_CANDIDATE,M1,E0,DOWNGRADE_TO_PENDING,TASK99_REPOSITORY_EVIDENCE_ADJUDICATED,25,0,0
D594,SCORING_OR_INDEX_FUNCTION,M1,E0,QUARANTINE_UNTIL_DEFINED,TASK99_REPOSITORY_EVIDENCE_ADJUDICATED,22,0,0
D595,RELATION_OR_CONSTRAINT,M1,E0,QUARANTINE_UNTIL_DEFINED,TASK99_REPOSITORY_EVIDENCE_ADJUDICATED,52,1,1
D596,RELATION_OR_CONSTRAINT,M1,E0,QUARANTINE_UNTIL_DEFINED,TASK99_REPOSITORY_EVIDENCE_ADJUDICATED,34,0,0
D597,SCORING_OR_INDEX_FUNCTION,M1,E0,QUARANTINE_UNTIL_DEFINED,TASK99_REPOSITORY_EVIDENCE_ADJUDICATED,62,1,2
D598,CONJECTURE_OR_RESEARCH_CANDIDATE,M1,E0,DOWNGRADE_TO_PENDING,TASK99_REPOSITORY_EVIDENCE_ADJUDICATED,54,0,1
D599,RELATION_OR_CONSTRAINT,M1,E0,QUARANTINE_UNTIL_DEFINED,TASK99_REPOSITORY_EVIDENCE_ADJUDICATED,35,2,0
D6,ALGORITHM_OR_WORKFLOW,M1,E0,QUARANTINE_UNTIL_DEFINED,TASK99_REPOSITORY_EVIDENCE_ADJUDICATED,23,2,0
D60,RELATION_OR_CONSTRAINT,M1,E0,QUARANTINE_UNTIL_DEFINED,TASK99_REPOSITORY_EVIDENCE_ADJUDICATED,33,2,0
D600,HEURISTIC,M1,E0,QUARANTINE_UNTIL_DEFINED,TASK99_REPOSITORY_EVIDENCE_ADJUDICATED,46,4,1
D601,CONJECTURE_OR_RESEARCH_CANDIDATE,M1,E0,DOWNGRADE_TO_PENDING,TASK99_REPOSITORY_EVIDENCE_ADJUDICATED,43,4,0
D602,CONJECTURE_OR_RESEARCH_CANDIDATE,M1,E0,DOWNGRADE_TO_PENDING,TASK99_REPOSITORY_EVIDENCE_ADJUDICATED,55,8,1
D603,CONJECTURE_OR_RESEARCH_CANDIDATE,M1,E0,DOWNGRADE_TO_PENDING,TASK99_REPOSITORY_EVIDENCE_ADJUDICATED,29,3,0
D604,CONJECTURE_OR_RESEARCH_CANDIDATE,M1,E0,DOWNGRADE_TO_PENDING,TASK99_REPOSITORY_EVIDENCE_ADJUDICATED,30,2,0
D61,RELATION_OR_CONSTRAINT,M1,E0,QUARANTINE_UNTIL_DEFINED,TASK99_REPOSITORY_EVIDENCE_ADJUDICATED,33,2,0
D62,RELATION_OR_CONSTRAINT,M1,E0,QUARANTINE_UNTIL_DEFINED,TASK99_REPOSITORY_EVIDENCE_ADJUDICATED,39,2,0
D63,GATE_OR_CLASSIFIER,M1,E0,QUARANTINE_UNTIL_DEFINED,TASK99_REPOSITORY_EVIDENCE_ADJUDICATED,34,2,0
D64,RELATION_OR_CONSTRAINT,M1,E0,QUARANTINE_UNTIL_DEFINED,TASK99_REPOSITORY_EVIDENCE_ADJUDICATED,35,2,0
D65,RELATION_OR_CONSTRAINT,M1,E0,QUARANTINE_UNTIL_DEFINED,TASK99_REPOSITORY_EVIDENCE_ADJUDICATED,38,2,0
D66,RELATION_OR_CONSTRAINT,M1,E0,QUARANTINE_UNTIL_DEFINED,TASK99_REPOSITORY_EVIDENCE_ADJUDICATED,45,2,1
D67,RELATION_OR_CONSTRAINT,M1,E0,QUARANTINE_UNTIL_DEFINED,TASK99_REPOSITORY_EVIDENCE_ADJUDICATED,41,2,0
D68,UNRESOLVED_IDENTITY,M0,E0,QUARANTINE_UNTIL_DEFINED,TASK99_MACHINE_TRIAGED_EXPLICIT_QUARANTINE,6,0,0
D69,UNRESOLVED_IDENTITY,M0,E0,QUARANTINE_UNTIL_DEFINED,TASK99_MACHINE_TRIAGED_EXPLICIT_QUARANTINE,9,0,0
D7,RELATION_OR_CONSTRAINT,M1,E0,QUARANTINE_UNTIL_DEFINED,TASK99_REPOSITORY_EVIDENCE_ADJUDICATED,27,3,0
D70,UNRESOLVED_IDENTITY,M0,E0,QUARANTINE_UNTIL_DEFINED,TASK99_MACHINE_TRIAGED_EXPLICIT_QUARANTINE,7,0,0
D71,UNRESOLVED_IDENTITY,M0,E0,QUARANTINE_UNTIL_DEFINED,TASK99_MACHINE_TRIAGED_EXPLICIT_QUARANTINE,10,0,0
D72,ALGORITHM_OR_WORKFLOW,M1,E0,QUARANTINE_UNTIL_DEFINED,TASK99_REPOSITORY_EVIDENCE_ADJUDICATED,39,2,0
D73,RELATION_OR_CONSTRAINT,M1,E0,QUARANTINE_UNTIL_DEFINED,TASK99_REPOSITORY_EVIDENCE_ADJUDICATED,38,2,0
D74,CONJECTURE_OR_RESEARCH_CANDIDATE,M1,E0,DOWNGRADE_TO_PENDING,TASK99_REPOSITORY_EVIDENCE_ADJUDICATED,27,2,0
D75,CONJECTURE_OR_RESEARCH_CANDIDATE,M1,E0,DOWNGRADE_TO_PENDING,TASK99_REPOSITORY_EVIDENCE_ADJUDICATED,26,2,0
D76,CONJECTURE_OR_RESEARCH_CANDIDATE,M1,E0,DOWNGRADE_TO_PENDING,TASK99_REPOSITORY_EVIDENCE_ADJUDICATED,29,2,0
D77,ALGORITHM_OR_WORKFLOW,M1,E0,QUARANTINE_UNTIL_DEFINED,TASK99_REPOSITORY_EVIDENCE_ADJUDICATED,31,2,0
D78,UNRESOLVED_IDENTITY,M0,E0,QUARANTINE_UNTIL_DEFINED,TASK99_MACHINE_TRIAGED_EXPLICIT_QUARANTINE,11,0,0
D79,UNRESOLVED_IDENTITY,M0,E0,QUARANTINE_UNTIL_DEFINED,TASK99_MACHINE_TRIAGED_EXPLICIT_QUARANTINE,5,0,0
D8,RELATION_OR_CONSTRAINT,M1,E0,QUARANTINE_UNTIL_DEFINED,TASK99_REPOSITORY_EVIDENCE_ADJUDICATED,28,2,0
D80,UNRESOLVED_IDENTITY,M0,E0,QUARANTINE_UNTIL_DEFINED,TASK99_MACHINE_TRIAGED_EXPLICIT_QUARANTINE,5,0,0
D83,UNRESOLVED_IDENTITY,M0,E0,QUARANTINE_UNTIL_DEFINED,TASK99_MACHINE_TRIAGED_EXPLICIT_QUARANTINE,2,0,0
D84,HEURISTIC,M1,E0,QUARANTINE_UNTIL_DEFINED,TASK99_REPOSITORY_EVIDENCE_ADJUDICATED,33,2,0
D85,ALGORITHM_OR_WORKFLOW,M1,E0,QUARANTINE_UNTIL_DEFINED,TASK99_REPOSITORY_EVIDENCE_ADJUDICATED,35,2,0
D86,PARAMETRIC_MATHEMATICAL_MODEL,M1,E0,QUARANTINE_UNTIL_DEFINED,TASK99_REPOSITORY_EVIDENCE_ADJUDICATED,32,2,0
D87,ALGORITHM_OR_WORKFLOW,M1,E0,QUARANTINE_UNTIL_DEFINED,TASK99_REPOSITORY_EVIDENCE_ADJUDICATED,35,3,0
D88,ALGORITHM_OR_WORKFLOW,M1,E0,QUARANTINE_UNTIL_DEFINED,TASK99_REPOSITORY_EVIDENCE_ADJUDICATED,26,2,0
D89,SCORING_OR_INDEX_FUNCTION,M1,E0,QUARANTINE_UNTIL_DEFINED,TASK99_REPOSITORY_EVIDENCE_ADJUDICATED,31,2,0
D9,RELATION_OR_CONSTRAINT,M1,E0,QUARANTINE_UNTIL_DEFINED,TASK99_REPOSITORY_EVIDENCE_ADJUDICATED,25,2,0
D90,CONJECTURE_OR_RESEARCH_CANDIDATE,M1,E0,DOWNGRADE_TO_CONJECTURE,TASK99_REPOSITORY_EVIDENCE_ADJUDICATED,128,5,80
D91,CONJECTURE_OR_RESEARCH_CANDIDATE,M1,E0,DOWNGRADE_TO_CONJECTURE,TASK99_REPOSITORY_EVIDENCE_ADJUDICATED,131,1,89
D92,SCORING_OR_INDEX_FUNCTION,M1,E0,QUARANTINE_UNTIL_DEFINED,TASK99_REPOSITORY_EVIDENCE_ADJUDICATED,42,2,0
D93,RELATION_OR_CONSTRAINT,M1,E0,QUARANTINE_UNTIL_DEFINED,TASK99_REPOSITORY_EVIDENCE_ADJUDICATED,27,2,0
D94,RELATION_OR_CONSTRAINT,M1,E0,QUARANTINE_UNTIL_DEFINED,TASK99_REPOSITORY_EVIDENCE_ADJUDICATED,32,2,0
D95,SCORING_OR_INDEX_FUNCTION,M1,E0,QUARANTINE_UNTIL_DEFINED,TASK99_REPOSITORY_EVIDENCE_ADJUDICATED,30,2,0
D96,CONJECTURE_OR_RESEARCH_CANDIDATE,M1,E0,DOWNGRADE_TO_CONJECTURE,TASK99_REPOSITORY_EVIDENCE_ADJUDICATED,23,2,0
D97,CONJECTURE_OR_RESEARCH_CANDIDATE,M1,E0,DOWNGRADE_TO_CONJECTURE,TASK99_REPOSITORY_EVIDENCE_ADJUDICATED,24,2,0
D98,RELATION_OR_CONSTRAINT,M1,E0,QUARANTINE_UNTIL_DEFINED,TASK99_REPOSITORY_EVIDENCE_ADJUDICATED,31,2,0
D99,CONJECTURE_OR_RESEARCH_CANDIDATE,M1,E0,DOWNGRADE_TO_PENDING,TASK99_REPOSITORY_EVIDENCE_ADJUDICATED,22,2,0
IMPLICIT-000F30B6CFE66C18,UNRESOLVED_IDENTITY,M0,E0,QUARANTINE_UNTIL_DEFINED,TASK99_MACHINE_TRIAGED_EXPLICIT_QUARANTINE,1,0,0
IMPLICIT-00194156962B4F6E,UNRESOLVED_IDENTITY,M0,E0,QUARANTINE_UNTIL_DEFINED,TASK99_MACHINE_TRIAGED_EXPLICIT_QUARANTINE,1,0,0
IMPLICIT-001A56A0D7E4C3D6,UNRESOLVED_IDENTITY,M0,E0,QUARANTINE_UNTIL_DEFINED,TASK99_MACHINE_TRIAGED_EXPLICIT_QUARANTINE,1,0,0
IMPLICIT-0026301F130FD562,UNRESOLVED_IDENTITY,M0,E0,QUARANTINE_UNTIL_DEFINED,TASK99_MACHINE_TRIAGED_EXPLICIT_QUARANTINE,1,0,0
IMPLICIT-002A36F0DFF2B2AE,UNRESOLVED_IDENTITY,M0,E0,QUARANTINE_UNTIL_DEFINED,TASK99_MACHINE_TRIAGED_EXPLICIT_QUARANTINE,1,0,0
IMPLICIT-002D048E4DB06D67,UNRESOLVED_IDENTITY,M0,E0,QUARANTINE_UNTIL_DEFINED,TASK99_MACHINE_TRIAGED_EXPLICIT_QUARANTINE,1,0,0
IMPLICIT-002DC279F57E47F5,UNRESOLVED_IDENTITY,M0,E0,QUARANTINE_UNTIL_DEFINED,TASK99_MACHINE_TRIAGED_EXPLICIT_QUARANTINE,1,0,0
IMPLICIT-003191F281FA43ED,UNRESOLVED_IDENTITY,M0,E0,QUARANTINE_UNTIL_DEFINED,TASK99_MACHINE_TRIAGED_EXPLICIT_QUARANTINE,1,0,0
IMPLICIT-00387CE94AFB016B,UNRESOLVED_IDENTITY,M0,E0,QUARANTINE_UNTIL_DEFINED,TASK99_MACHINE_TRIAGED_EXPLICIT_QUARANTINE,1,0,0
IMPLICIT-003E23FA42321148,UNRESOLVED_IDENTITY,M0,E0,QUARANTINE_UNTIL_DEFINED,TASK99_MACHINE_TRIAGED_EXPLICIT_QUARANTINE,1,0,0
IMPLICIT-0045EBBE4CDE85DA,UNRESOLVED_IDENTITY,M0,E0,QUARANTINE_UNTIL_DEFINED,TASK99_MACHINE_TRIAGED_EXPLICIT_QUARANTINE,1,0,0
IMPLICIT-004F80C40DD95D7E,UNRESOLVED_IDENTITY,M0,E0,QUARANTINE_UNTIL_DEFINED,TASK99_MACHINE_TRIAGED_EXPLICIT_QUARANTINE,1,0,0
IMPLICIT-0054266B263C4A81,UNRESOLVED_IDENTITY,M0,E0,QUARANTINE_UNTIL_DEFINED,TASK99_MACHINE_TRIAGED_EXPLICIT_QUARANTINE,1,0,0
IMPLICIT-0055E72A57F1A7D9,UNRESOLVED_IDENTITY,M0,E0,QUARANTINE_UNTIL_DEFINED,TASK99_MACHINE_TRIAGED_EXPLICIT_QUARANTINE,1,0,0
IMPLICIT-005B257BCCE1EC9D,ALGORITHM_OR_WORKFLOW,M2,E0,KEEP_AS_ALGORITHM,TASK99_REPOSITORY_EVIDENCE_ADJUDICATED,1,0,0
IMPLICIT-006E83309FF50E81,UNRESOLVED_IDENTITY,M0,E0,QUARANTINE_UNTIL_DEFINED,TASK99_MACHINE_TRIAGED_EXPLICIT_QUARANTINE,1,0,0
IMPLICIT-006F03978554BA99,UNRESOLVED_IDENTITY,M0,E0,QUARANTINE_UNTIL_DEFINED,TASK99_MACHINE_TRIAGED_EXPLICIT_QUARANTINE,1,0,0
IMPLICIT-009FCF90EEE6A43D,UNRESOLVED_IDENTITY,M0,E0,QUARANTINE_UNTIL_DEFINED,TASK99_MACHINE_TRIAGED_EXPLICIT_QUARANTINE,1,0,0
IMPLICIT-00AA541A8EFD6F61,UNRESOLVED_IDENTITY,M0,E0,QUARANTINE_UNTIL_DEFINED,TASK99_MACHINE_TRIAGED_EXPLICIT_QUARANTINE,1,0,0
IMPLICIT-00B5623C48EFD409,ALGORITHM_OR_WORKFLOW,M1,E0,KEEP_AS_ALGORITHM,TASK99_REPOSITORY_EVIDENCE_ADJUDICATED,1,0,0
IMPLICIT-00B936301892F1DB,UNRESOLVED_IDENTITY,M0,E0,QUARANTINE_UNTIL_DEFINED,TASK99_MACHINE_TRIAGED_EXPLICIT_QUARANTINE,1,0,0
IMPLICIT-00C4D2DCDFD1AB55,UNRESOLVED_IDENTITY,M0,E0,QUARANTINE_UNTIL_DEFINED,TASK99_MACHINE_TRIAGED_EXPLICIT_QUARANTINE,1,0,0
IMPLICIT-00D96CE5B9038B25,ALGORITHM_OR_WORKFLOW,M1,E0,KEEP_AS_ALGORITHM,TASK99_REPOSITORY_EVIDENCE_ADJUDICATED,1,0,0
IMPLICIT-00E894CA5C4CF12B,UNRESOLVED_IDENTITY,M0,E0,QUARANTINE_UNTIL_DEFINED,TASK99_MACHINE_TRIAGED_EXPLICIT_QUARANTINE,1,0,0
IMPLICIT-00F61C8282029100,UNRESOLVED_IDENTITY,M0,E0,QUARANTINE_UNTIL_DEFINED,TASK99_MACHINE_TRIAGED_EXPLICIT_QUARANTINE,1,0,0
IMPLICIT-0108EB9EF3536B10,UNRESOLVED_IDENTITY,M0,E0,QUARANTINE_UNTIL_DEFINED,TASK99_MACHINE_TRIAGED_EXPLICIT_QUARANTINE,1,0,0
IMPLICIT-010D3211A07E2A2E,UNRESOLVED_IDENTITY,M0,E0,QUARANTINE_UNTIL_DEFINED,TASK99_MACHINE_TRIAGED_EXPLICIT_QUARANTINE,1,0,0
IMPLICIT-011CCDA9C2DEA979,ALGORITHM_OR_WORKFLOW,M2,E0,KEEP_AS_ALGORITHM,TASK99_REPOSITORY_EVIDENCE_ADJUDICATED,1,0,0
IMPLICIT-0128E75DC66C23AB,UNRESOLVED_IDENTITY,M0,E0,QUARANTINE_UNTIL_DEFINED,TASK99_MACHINE_TRIAGED_EXPLICIT_QUARANTINE,1,0,0
IMPLICIT-0129810237994A27,UNRESOLVED_IDENTITY,M0,E0,QUARANTINE_UNTIL_DEFINED,TASK99_MACHINE_TRIAGED_EXPLICIT_QUARANTINE,1,0,0
IMPLICIT-012C19499265A4A2,ALGORITHM_OR_WORKFLOW,M2,E0,KEEP_AS_ALGORITHM,TASK99_REPOSITORY_EVIDENCE_ADJUDICATED,1,0,0
IMPLICIT-013CA6D739929829,UNRESOLVED_IDENTITY,M0,E0,QUARANTINE_UNTIL_DEFINED,TASK99_MACHINE_TRIAGED_EXPLICIT_QUARANTINE,1,0,0
IMPLICIT-014BDB98F6515924,UNRESOLVED_IDENTITY,M0,E0,QUARANTINE_UNTIL_DEFINED,TASK99_MACHINE_TRIAGED_EXPLICIT_QUARANTINE,1,0,0
IMPLICIT-015963A312D58F7A,UNRESOLVED_IDENTITY,M0,E0,QUARANTINE_UNTIL_DEFINED,TASK99_MACHINE_TRIAGED_EXPLICIT_QUARANTINE,1,0,0
IMPLICIT-0160CFA61ED7E142,UNRESOLVED_IDENTITY,M0,E0,QUARANTINE_UNTIL_DEFINED,TASK99_MACHINE_TRIAGED_EXPLICIT_QUARANTINE,1,0,0
IMPLICIT-016581D245F5D097,UNRESOLVED_IDENTITY,M0,E0,QUARANTINE_UNTIL_DEFINED,TASK99_MACHINE_TRIAGED_EXPLICIT_QUARANTINE,1,0,0
IMPLICIT-016AC7BD6CAA9354,UNRESOLVED_IDENTITY,M0,E0,QUARANTINE_UNTIL_DEFINED,TASK99_MACHINE_TRIAGED_EXPLICIT_QUARANTINE,1,0,0
IMPLICIT-018B133BD8D431B6,ALGORITHM_OR_WORKFLOW,M2,E0,KEEP_AS_ALGORITHM,TASK99_REPOSITORY_EVIDENCE_ADJUDICATED,1,0,0
IMPLICIT-0190D7322BD38D40,UNRESOLVED_IDENTITY,M0,E0,QUARANTINE_UNTIL_DEFINED,TASK99_MACHINE_TRIAGED_EXPLICIT_QUARANTINE,1,0,0
IMPLICIT-01986F28BB2CE1E0,UNRESOLVED_IDENTITY,M0,E0,QUARANTINE_UNTIL_DEFINED,TASK99_MACHINE_TRIAGED_EXPLICIT_QUARANTINE,1,0,0
IMPLICIT-0198CFC2215AB617,UNRESOLVED_IDENTITY,M0,E0,QUARANTINE_UNTIL_DEFINED,TASK99_MACHINE_TRIAGED_EXPLICIT_QUARANTINE,1,0,0
IMPLICIT-019E8BB7FDAB8C06,UNRESOLVED_IDENTITY,M0,E0,QUARANTINE_UNTIL_DEFINED,TASK99_MACHINE_TRIAGED_EXPLICIT_QUARANTINE,1,0,0
IMPLICIT-01A68BE7B609791D,UNRESOLVED_IDENTITY,M0,E0,QUARANTINE_UNTIL_DEFINED,TASK99_MACHINE_TRIAGED_EXPLICIT_QUARANTINE,1,0,0
IMPLICIT-01D59134E4EFA537,UNRESOLVED_IDENTITY,M0,E0,QUARANTINE_UNTIL_DEFINED,TASK99_MACHINE_TRIAGED_EXPLICIT_QUARANTINE,1,0,0
IMPLICIT-01E84B21408175B8,UNRESOLVED_IDENTITY,M0,E0,QUARANTINE_UNTIL_DEFINED,TASK99_MACHINE_TRIAGED_EXPLICIT_QUARANTINE,1,0,0
IMPLICIT-01F9C6178B3E29FC,ALGORITHM_OR_WORKFLOW,M2,E0,KEEP_AS_ALGORITHM,TASK99_REPOSITORY_EVIDENCE_ADJUDICATED,1,0,0
IMPLICIT-01FE492F3DFD2927,UNRESOLVED_IDENTITY,M0,E0,QUARANTINE_UNTIL_DEFINED,TASK99_MACHINE_TRIAGED_EXPLICIT_QUARANTINE,1,0,0
IMPLICIT-0213803255815761,UNRESOLVED_IDENTITY,M0,E0,QUARANTINE_UNTIL_DEFINED,TASK99_MACHINE_TRIAGED_EXPLICIT_QUARANTINE,1,0,0
IMPLICIT-021FEA94B1F2D811,ALGORITHM_OR_WORKFLOW,M1,E0,KEEP_AS_ALGORITHM,TASK99_REPOSITORY_EVIDENCE_ADJUDICATED,1,0,0
IMPLICIT-023EB811D9839610,ALGORITHM_OR_WORKFLOW,M2,E0,KEEP_AS_ALGORITHM,TASK99_REPOSITORY_EVIDENCE_ADJUDICATED,1,0,0
IMPLICIT-024FF2408702AB2C,ALGORITHM_OR_WORKFLOW,M2,E0,KEEP_AS_ALGORITHM,TASK99_REPOSITORY_EVIDENCE_ADJUDICATED,1,0,0
IMPLICIT-026D7CE30BDE2D6C,UNRESOLVED_IDENTITY,M0,E0,QUARANTINE_UNTIL_DEFINED,TASK99_MACHINE_TRIAGED_EXPLICIT_QUARANTINE,1,0,0
IMPLICIT-0277D22D2615B4E6,UNRESOLVED_IDENTITY,M0,E0,QUARANTINE_UNTIL_DEFINED,TASK99_MACHINE_TRIAGED_EXPLICIT_QUARANTINE,1,0,0
IMPLICIT-02869A27FB665320,UNRESOLVED_IDENTITY,M0,E0,QUARANTINE_UNTIL_DEFINED,TASK99_MACHINE_TRIAGED_EXPLICIT_QUARANTINE,1,0,0
IMPLICIT-02880B1B5593DA50,UNRESOLVED_IDENTITY,M0,E0,QUARANTINE_UNTIL_DEFINED,TASK99_MACHINE_TRIAGED_EXPLICIT_QUARANTINE,1,0,0
IMPLICIT-028A32EBE119EED2,UNRESOLVED_IDENTITY,M0,E0,QUARANTINE_UNTIL_DEFINED,TASK99_MACHINE_TRIAGED_EXPLICIT_QUARANTINE,1,0,0
IMPLICIT-02A16B38FF279579,UNRESOLVED_IDENTITY,M0,E0,QUARANTINE_UNTIL_DEFINED,TASK99_MACHINE_TRIAGED_EXPLICIT_QUARANTINE,1,0,0
IMPLICIT-02B959B76EF11276,UNRESOLVED_IDENTITY,M0,E0,QUARANTINE_UNTIL_DEFINED,TASK99_MACHINE_TRIAGED_EXPLICIT_QUARANTINE,1,0,0
IMPLICIT-02E0525482C9FBFE,UNRESOLVED_IDENTITY,M0,E0,QUARANTINE_UNTIL_DEFINED,TASK99_MACHINE_TRIAGED_EXPLICIT_QUARANTINE,1,0,0
IMPLICIT-02E244F8BA669D4D,UNRESOLVED_IDENTITY,M0,E0,QUARANTINE_UNTIL_DEFINED,TASK99_MACHINE_TRIAGED_EXPLICIT_QUARANTINE,1,0,0
IMPLICIT-02F82A289AABADC3,ALGORITHM_OR_WORKFLOW,M2,E0,KEEP_AS_ALGORITHM,TASK99_REPOSITORY_EVIDENCE_ADJUDICATED,1,0,0
IMPLICIT-03279043DA5C0CF6,UNRESOLVED_IDENTITY,M0,E0,QUARANTINE_UNTIL_DEFINED,TASK99_MACHINE_TRIAGED_EXPLICIT_QUARANTINE,1,0,0
IMPLICIT-0340EE8AE95F511B,UNRESOLVED_IDENTITY,M0,E0,QUARANTINE_UNTIL_DEFINED,TASK99_MACHINE_TRIAGED_EXPLICIT_QUARANTINE,1,0,0
IMPLICIT-0355C46530A74CAB,UNRESOLVED_IDENTITY,M0,E0,QUARANTINE_UNTIL_DEFINED,TASK99_MACHINE_TRIAGED_EXPLICIT_QUARANTINE,1,0,0
IMPLICIT-037A7826B790A25C,UNRESOLVED_IDENTITY,M0,E0,QUARANTINE_UNTIL_DEFINED,TASK99_MACHINE_TRIAGED_EXPLICIT_QUARANTINE,1,0,0
IMPLICIT-037B4ABF10DB2070,ALGORITHM_OR_WORKFLOW,M1,E0,KEEP_AS_ALGORITHM,TASK99_REPOSITORY_EVIDENCE_ADJUDICATED,1,0,0
IMPLICIT-03A9FA5162C65A47,UNRESOLVED_IDENTITY,M0,E0,QUARANTINE_UNTIL_DEFINED,TASK99_MACHINE_TRIAGED_EXPLICIT_QUARANTINE,1,0,0
IMPLICIT-03AD26BBF231445B,UNRESOLVED_IDENTITY,M0,E0,QUARANTINE_UNTIL_DEFINED,TASK99_MACHINE_TRIAGED_EXPLICIT_QUARANTINE,1,0,0
IMPLICIT-03AEE21788C32B14,UNRESOLVED_IDENTITY,M0,E0,QUARANTINE_UNTIL_DEFINED,TASK99_MACHINE_TRIAGED_EXPLICIT_QUARANTINE,1,0,0
IMPLICIT-03CA7AA34A8C6461,UNRESOLVED_IDENTITY,M0,E0,QUARANTINE_UNTIL_DEFINED,TASK99_MACHINE_TRIAGED_EXPLICIT_QUARANTINE,1,0,0
IMPLICIT-03D34CCA2C29B1C9,UNRESOLVED_IDENTITY,M0,E0,QUARANTINE_UNTIL_DEFINED,TASK99_MACHINE_TRIAGED_EXPLICIT_QUARANTINE,1,0,0
IMPLICIT-03DC5E9445D2A65B,ALGORITHM_OR_WORKFLOW,M1,E0,KEEP_AS_ALGORITHM,TASK99_REPOSITORY_EVIDENCE_ADJUDICATED,1,0,0
IMPLICIT-03DCFE9711AC595C,UNRESOLVED_IDENTITY,M0,E0,QUARANTINE_UNTIL_DEFINED,TASK99_MACHINE_TRIAGED_EXPLICIT_QUARANTINE,1,0,0
IMPLICIT-03F2A9F23ECC9AE9,ALGORITHM_OR_WORKFLOW,M1,E0,KEEP_AS_ALGORITHM,TASK99_REPOSITORY_EVIDENCE_ADJUDICATED,1,0,0
IMPLICIT-0404712F5B4792D6,UNRESOLVED_IDENTITY,M0,E0,QUARANTINE_UNTIL_DEFINED,TASK99_MACHINE_TRIAGED_EXPLICIT_QUARANTINE,1,0,0
IMPLICIT-041BD42FD9AA0730,UNRESOLVED_IDENTITY,M0,E0,QUARANTINE_UNTIL_DEFINED,TASK99_MACHINE_TRIAGED_EXPLICIT_QUARANTINE,1,0,0
IMPLICIT-042093CB29BFF209,UNRESOLVED_IDENTITY,M0,E0,QUARANTINE_UNTIL_DEFINED,TASK99_MACHINE_TRIAGED_EXPLICIT_QUARANTINE,1,0,0
IMPLICIT-04295373A5749C94,UNRESOLVED_IDENTITY,M0,E0,QUARANTINE_UNTIL_DEFINED,TASK99_MACHINE_TRIAGED_EXPLICIT_QUARANTINE,1,0,0
IMPLICIT-043F475C66F9E61A,ALGORITHM_OR_WORKFLOW,M1,E0,KEEP_AS_ALGORITHM,TASK99_REPOSITORY_EVIDENCE_ADJUDICATED,1,0,0
IMPLICIT-046F0D14D5F216FD,UNRESOLVED_IDENTITY,M0,E0,QUARANTINE_UNTIL_DEFINED,TASK99_MACHINE_TRIAGED_EXPLICIT_QUARANTINE,1,0,0
IMPLICIT-0493B94F76FCD444,UNRESOLVED_IDENTITY,M0,E0,QUARANTINE_UNTIL_DEFINED,TASK99_MACHINE_TRIAGED_EXPLICIT_QUARANTINE,1,0,0
IMPLICIT-04D10C75DE526C2F,UNRESOLVED_IDENTITY,M0,E0,QUARANTINE_UNTIL_DEFINED,TASK99_MACHINE_TRIAGED_EXPLICIT_QUARANTINE,1,0,0
IMPLICIT-04D15E6C52A1D365,UNRESOLVED_IDENTITY,M0,E0,QUARANTINE_UNTIL_DEFINED,TASK99_MACHINE_TRIAGED_EXPLICIT_QUARANTINE,1,0,0
IMPLICIT-05050D5F4D9FD7E2,UNRESOLVED_IDENTITY,M0,E0,QUARANTINE_UNTIL_DEFINED,TASK99_MACHINE_TRIAGED_EXPLICIT_QUARANTINE,1,0,0
IMPLICIT-0521E651C0E10664,UNRESOLVED_IDENTITY,M0,E0,QUARANTINE_UNTIL_DEFINED,TASK99_MACHINE_TRIAGED_EXPLICIT_QUARANTINE,1,0,0
IMPLICIT-052234B5ADB273BB,UNRESOLVED_IDENTITY,M0,E0,QUARANTINE_UNTIL_DEFINED,TASK99_MACHINE_TRIAGED_EXPLICIT_QUARANTINE,1,0,0
IMPLICIT-05334994A57900E9,ALGORITHM_OR_WORKFLOW,M2,E0,KEEP_AS_ALGORITHM,TASK99_REPOSITORY_EVIDENCE_ADJUDICATED,1,0,0
IMPLICIT-054856DD6A537213,UNRESOLVED_IDENTITY,M0,E0,QUARANTINE_UNTIL_DEFINED,TASK99_MACHINE_TRIAGED_EXPLICIT_QUARANTINE,1,0,0
IMPLICIT-05591E070F0714F4,UNRESOLVED_IDENTITY,M0,E0,QUARANTINE_UNTIL_DEFINED,TASK99_MACHINE_TRIAGED_EXPLICIT_QUARANTINE,1,0,0
IMPLICIT-056B5F42EB554D52,UNRESOLVED_IDENTITY,M0,E0,QUARANTINE_UNTIL_DEFINED,TASK99_MACHINE_TRIAGED_EXPLICIT_QUARANTINE,1,0,0
IMPLICIT-0587E8116E873CBE,UNRESOLVED_IDENTITY,M0,E0,QUARANTINE_UNTIL_DEFINED,TASK99_MACHINE_TRIAGED_EXPLICIT_QUARANTINE,1,0,0
IMPLICIT-0596369070E05B31,UNRESOLVED_IDENTITY,M0,E0,QUARANTINE_UNTIL_DEFINED,TASK99_MACHINE_TRIAGED_EXPLICIT_QUARANTINE,1,0,0
IMPLICIT-05A1329317699756,UNRESOLVED_IDENTITY,M0,E0,QUARANTINE_UNTIL_DEFINED,TASK99_MACHINE_TRIAGED_EXPLICIT_QUARANTINE,1,0,0
IMPLICIT-05A8CCA851A3E33F,ALGORITHM_OR_WORKFLOW,M1,E0,KEEP_AS_ALGORITHM,TASK99_REPOSITORY_EVIDENCE_ADJUDICATED,1,0,0
IMPLICIT-05D8FB3DB77EEBEA,UNRESOLVED_IDENTITY,M0,E0,QUARANTINE_UNTIL_DEFINED,TASK99_MACHINE_TRIAGED_EXPLICIT_QUARANTINE,1,0,0
IMPLICIT-05E8E95C1E0E334E,UNRESOLVED_IDENTITY,M0,E0,QUARANTINE_UNTIL_DEFINED,TASK99_MACHINE_TRIAGED_EXPLICIT_QUARANTINE,1,0,0
IMPLICIT-060213ECB3B5DEE2,UNRESOLVED_IDENTITY,M0,E0,QUARANTINE_UNTIL_DEFINED,TASK99_MACHINE_TRIAGED_EXPLICIT_QUARANTINE,1,0,0
IMPLICIT-06043A9C7113FEF1,UNRESOLVED_IDENTITY,M0,E0,QUARANTINE_UNTIL_DEFINED,TASK99_MACHINE_TRIAGED_EXPLICIT_QUARANTINE,1,0,0
IMPLICIT-060E51A174AB0B7A,UNRESOLVED_IDENTITY,M0,E0,QUARANTINE_UNTIL_DEFINED,TASK99_MACHINE_TRIAGED_EXPLICIT_QUARANTINE,1,0,0
IMPLICIT-0610014EE6A50C64,UNRESOLVED_IDENTITY,M0,E0,QUARANTINE_UNTIL_DEFINED,TASK99_MACHINE_TRIAGED_EXPLICIT_QUARANTINE,1,0,0
IMPLICIT-061F1C10B8EC323C,UNRESOLVED_IDENTITY,M0,E0,QUARANTINE_UNTIL_DEFINED,TASK99_MACHINE_TRIAGED_EXPLICIT_QUARANTINE,1,0,0
IMPLICIT-062218C871245A51,UNRESOLVED_IDENTITY,M0,E0,QUARANTINE_UNTIL_DEFINED,TASK99_MACHINE_TRIAGED_EXPLICIT_QUARANTINE,1,0,0
IMPLICIT-06417617AAC7CF4C,UNRESOLVED_IDENTITY,M0,E0,QUARANTINE_UNTIL_DEFINED,TASK99_MACHINE_TRIAGED_EXPLICIT_QUARANTINE,1,0,0
IMPLICIT-0649C9DC22511FAE,UNRESOLVED_IDENTITY,M0,E0,QUARANTINE_UNTIL_DEFINED,TASK99_MACHINE_TRIAGED_EXPLICIT_QUARANTINE,1,0,0
IMPLICIT-064DEB8766D71A15,ALGORITHM_OR_WORKFLOW,M2,E0,KEEP_AS_ALGORITHM,TASK99_REPOSITORY_EVIDENCE_ADJUDICATED,1,0,0
IMPLICIT-065B44911974374A,ALGORITHM_OR_WORKFLOW,M2,E0,KEEP_AS_ALGORITHM,TASK99_REPOSITORY_EVIDENCE_ADJUDICATED,1,0,0
IMPLICIT-066FB13ADE0B505B,UNRESOLVED_IDENTITY,M0,E0,QUARANTINE_UNTIL_DEFINED,TASK99_MACHINE_TRIAGED_EXPLICIT_QUARANTINE,1,0,0
IMPLICIT-06B0BBAE07571AC0,UNRESOLVED_IDENTITY,M0,E0,QUARANTINE_UNTIL_DEFINED,TASK99_MACHINE_TRIAGED_EXPLICIT_QUARANTINE,1,0,0
IMPLICIT-06CDC22FB9D4C06C,UNRESOLVED_IDENTITY,M0,E0,QUARANTINE_UNTIL_DEFINED,TASK99_MACHINE_TRIAGED_EXPLICIT_QUARANTINE,1,0,0
IMPLICIT-06CE44E7E8470585,ALGORITHM_OR_WORKFLOW,M1,E0,KEEP_AS_ALGORITHM,TASK99_REPOSITORY_EVIDENCE_ADJUDICATED,1,0,0
IMPLICIT-06E14FC068ADBB5F,UNRESOLVED_IDENTITY,M0,E0,QUARANTINE_UNTIL_DEFINED,TASK99_MACHINE_TRIAGED_EXPLICIT_QUARANTINE,1,0,0
IMPLICIT-06E59C8B620D5AD7,UNRESOLVED_IDENTITY,M0,E0,QUARANTINE_UNTIL_DEFINED,TASK99_MACHINE_TRIAGED_EXPLICIT_QUARANTINE,1,0,0
IMPLICIT-06F04BC2B7EB5E48,ALGORITHM_OR_WORKFLOW,M1,E0,KEEP_AS_ALGORITHM,TASK99_REPOSITORY_EVIDENCE_ADJUDICATED,1,0,0
IMPLICIT-06F2605D879778A5,UNRESOLVED_IDENTITY,M0,E0,QUARANTINE_UNTIL_DEFINED,TASK99_MACHINE_TRIAGED_EXPLICIT_QUARANTINE,1,0,0
IMPLICIT-06FE193A056CB70D,UNRESOLVED_IDENTITY,M0,E0,QUARANTINE_UNTIL_DEFINED,TASK99_MACHINE_TRIAGED_EXPLICIT_QUARANTINE,1,0,0
IMPLICIT-0702AA74D542D28B,ALGORITHM_OR_WORKFLOW,M1,E0,KEEP_AS_ALGORITHM,TASK99_REPOSITORY_EVIDENCE_ADJUDICATED,1,0,0
IMPLICIT-0703A56EED8398D7,ALGORITHM_OR_WORKFLOW,M2,E0,KEEP_AS_ALGORITHM,TASK99_REPOSITORY_EVIDENCE_ADJUDICATED,1,0,0
IMPLICIT-07433F0B1FB54C89,UNRESOLVED_IDENTITY,M0,E0,QUARANTINE_UNTIL_DEFINED,TASK99_MACHINE_TRIAGED_EXPLICIT_QUARANTINE,1,0,0
IMPLICIT-0744E7E071CC5A80,UNRESOLVED_IDENTITY,M0,E0,QUARANTINE_UNTIL_DEFINED,TASK99_MACHINE_TRIAGED_EXPLICIT_QUARANTINE,1,0,0
IMPLICIT-0766E3BE0DF8CCFE,UNRESOLVED_IDENTITY,M0,E0,QUARANTINE_UNTIL_DEFINED,TASK99_MACHINE_TRIAGED_EXPLICIT_QUARANTINE,1,0,0
IMPLICIT-0772A49875B306AC,UNRESOLVED_IDENTITY,M0,E0,QUARANTINE_UNTIL_DEFINED,TASK99_MACHINE_TRIAGED_EXPLICIT_QUARANTINE,1,0,0
IMPLICIT-07852417082DCB53,ALGORITHM_OR_WORKFLOW,M1,E0,KEEP_AS_ALGORITHM,TASK99_REPOSITORY_EVIDENCE_ADJUDICATED,1,0,0
IMPLICIT-079973A47863A676,UNRESOLVED_IDENTITY,M0,E0,QUARANTINE_UNTIL_DEFINED,TASK99_MACHINE_TRIAGED_EXPLICIT_QUARANTINE,1,0,0
IMPLICIT-07ACA35A85F8ED0A,UNRESOLVED_IDENTITY,M0,E0,QUARANTINE_UNTIL_DEFINED,TASK99_MACHINE_TRIAGED_EXPLICIT_QUARANTINE,1,0,0
IMPLICIT-07AFF9677E7BB0FF,ALGORITHM_OR_WORKFLOW,M1,E0,KEEP_AS_ALGORITHM,TASK99_REPOSITORY_EVIDENCE_ADJUDICATED,1,0,0
IMPLICIT-07BADCDEA768CFF6,ALGORITHM_OR_WORKFLOW,M2,E0,KEEP_AS_ALGORITHM,TASK99_REPOSITORY_EVIDENCE_ADJUDICATED,1,0,0
IMPLICIT-07C1354D459A56C3,UNRESOLVED_IDENTITY,M0,E0,QUARANTINE_UNTIL_DEFINED,TASK99_MACHINE_TRIAGED_EXPLICIT_QUARANTINE,1,0,0
IMPLICIT-07C560D645C4E88A,ALGORITHM_OR_WORKFLOW,M1,E0,KEEP_AS_ALGORITHM,TASK99_REPOSITORY_EVIDENCE_ADJUDICATED,1,0,0
IMPLICIT-07C61F6253F8BC10,ALGORITHM_OR_WORKFLOW,M1,E0,KEEP_AS_ALGORITHM,TASK99_REPOSITORY_EVIDENCE_ADJUDICATED,1,0,0
IMPLICIT-07C69331C856D3AA,UNRESOLVED_IDENTITY,M0,E0,QUARANTINE_UNTIL_DEFINED,TASK99_MACHINE_TRIAGED_EXPLICIT_QUARANTINE,1,0,0
IMPLICIT-07D6B42B0153B62A,UNRESOLVED_IDENTITY,M0,E0,QUARANTINE_UNTIL_DEFINED,TASK99_MACHINE_TRIAGED_EXPLICIT_QUARANTINE,1,0,0
IMPLICIT-07DBAFC03FA811F0,UNRESOLVED_IDENTITY,M0,E0,QUARANTINE_UNTIL_DEFINED,TASK99_MACHINE_TRIAGED_EXPLICIT_QUARANTINE,1,0,0
IMPLICIT-07E05004ADD40632,UNRESOLVED_IDENTITY,M0,E0,QUARANTINE_UNTIL_DEFINED,TASK99_MACHINE_TRIAGED_EXPLICIT_QUARANTINE,1,0,0
IMPLICIT-07E768ABEF4F987B,UNRESOLVED_IDENTITY,M0,E0,QUARANTINE_UNTIL_DEFINED,TASK99_MACHINE_TRIAGED_EXPLICIT_QUARANTINE,1,0,0
IMPLICIT-07EA870DB8A9C531,UNRESOLVED_IDENTITY,M0,E0,QUARANTINE_UNTIL_DEFINED,TASK99_MACHINE_TRIAGED_EXPLICIT_QUARANTINE,1,0,0
IMPLICIT-07EBD30467C212AD,ALGORITHM_OR_WORKFLOW,M1,E0,KEEP_AS_ALGORITHM,TASK99_REPOSITORY_EVIDENCE_ADJUDICATED,1,0,0
IMPLICIT-081F574E4836E7F0,UNRESOLVED_IDENTITY,M0,E0,QUARANTINE_UNTIL_DEFINED,TASK99_MACHINE_TRIAGED_EXPLICIT_QUARANTINE,1,0,0
IMPLICIT-082D1A504924985C,UNRESOLVED_IDENTITY,M0,E0,QUARANTINE_UNTIL_DEFINED,TASK99_MACHINE_TRIAGED_EXPLICIT_QUARANTINE,1,0,0
IMPLICIT-0835892D4B60CFE2,ALGORITHM_OR_WORKFLOW,M1,E0,KEEP_AS_ALGORITHM,TASK99_REPOSITORY_EVIDENCE_ADJUDICATED,1,0,0
IMPLICIT-084042DE136D91BD,ALGORITHM_OR_WORKFLOW,M1,E0,KEEP_AS_ALGORITHM,TASK99_REPOSITORY_EVIDENCE_ADJUDICATED,1,0,0
IMPLICIT-08739A9DAAF5C424,ALGORITHM_OR_WORKFLOW,M2,E0,KEEP_AS_ALGORITHM,TASK99_REPOSITORY_EVIDENCE_ADJUDICATED,1,0,0
IMPLICIT-0877D9B403B700D3,UNRESOLVED_IDENTITY,M0,E0,QUARANTINE_UNTIL_DEFINED,TASK99_MACHINE_TRIAGED_EXPLICIT_QUARANTINE,1,0,0
IMPLICIT-0881BE56AD855A26,UNRESOLVED_IDENTITY,M0,E0,QUARANTINE_UNTIL_DEFINED,TASK99_MACHINE_TRIAGED_EXPLICIT_QUARANTINE,1,0,0
IMPLICIT-088E0623CA779A66,UNRESOLVED_IDENTITY,M0,E0,QUARANTINE_UNTIL_DEFINED,TASK99_MACHINE_TRIAGED_EXPLICIT_QUARANTINE,1,0,0
IMPLICIT-088E13FA8029E4B7,UNRESOLVED_IDENTITY,M0,E0,QUARANTINE_UNTIL_DEFINED,TASK99_MACHINE_TRIAGED_EXPLICIT_QUARANTINE,1,0,0
IMPLICIT-0894DB8D8B947121,UNRESOLVED_IDENTITY,M0,E0,QUARANTINE_UNTIL_DEFINED,TASK99_MACHINE_TRIAGED_EXPLICIT_QUARANTINE,1,0,0
IMPLICIT-08A870D48CFF3691,ALGORITHM_OR_WORKFLOW,M2,E0,KEEP_AS_ALGORITHM,TASK99_REPOSITORY_EVIDENCE_ADJUDICATED,1,0,0
IMPLICIT-08AD8A0185E12D5B,ALGORITHM_OR_WORKFLOW,M1,E0,KEEP_AS_ALGORITHM,TASK99_REPOSITORY_EVIDENCE_ADJUDICATED,1,0,0
IMPLICIT-08C8E39D9DC1127A,ALGORITHM_OR_WORKFLOW,M2,E0,KEEP_AS_ALGORITHM,TASK99_REPOSITORY_EVIDENCE_ADJUDICATED,1,0,0
IMPLICIT-08D9554CD9A64EA1,UNRESOLVED_IDENTITY,M0,E0,QUARANTINE_UNTIL_DEFINED,TASK99_MACHINE_TRIAGED_EXPLICIT_QUARANTINE,1,0,0
IMPLICIT-08F74701B9627707,UNRESOLVED_IDENTITY,M0,E0,QUARANTINE_UNTIL_DEFINED,TASK99_MACHINE_TRIAGED_EXPLICIT_QUARANTINE,1,0,0
IMPLICIT-09007C92161999F1,UNRESOLVED_IDENTITY,M0,E0,QUARANTINE_UNTIL_DEFINED,TASK99_MACHINE_TRIAGED_EXPLICIT_QUARANTINE,1,0,0
IMPLICIT-09037C50D537ABDA,UNRESOLVED_IDENTITY,M0,E0,QUARANTINE_UNTIL_DEFINED,TASK99_MACHINE_TRIAGED_EXPLICIT_QUARANTINE,1,0,0
IMPLICIT-090B7B9E9650BA15,UNRESOLVED_IDENTITY,M0,E0,QUARANTINE_UNTIL_DEFINED,TASK99_MACHINE_TRIAGED_EXPLICIT_QUARANTINE,1,0,0
IMPLICIT-091EA6D38C429D58,ALGORITHM_OR_WORKFLOW,M2,E0,KEEP_AS_ALGORITHM,TASK99_REPOSITORY_EVIDENCE_ADJUDICATED,1,0,0
IMPLICIT-0923FD51EF01A1CB,UNRESOLVED_IDENTITY,M0,E0,QUARANTINE_UNTIL_DEFINED,TASK99_MACHINE_TRIAGED_EXPLICIT_QUARANTINE,1,0,0
IMPLICIT-09296607170A1921,UNRESOLVED_IDENTITY,M0,E0,QUARANTINE_UNTIL_DEFINED,TASK99_MACHINE_TRIAGED_EXPLICIT_QUARANTINE,1,0,0
IMPLICIT-093DB606694E0F13,UNRESOLVED_IDENTITY,M0,E0,QUARANTINE_UNTIL_DEFINED,TASK99_MACHINE_TRIAGED_EXPLICIT_QUARANTINE,1,0,0
IMPLICIT-093F6C31C7C9037B,UNRESOLVED_IDENTITY,M0,E0,QUARANTINE_UNTIL_DEFINED,TASK99_MACHINE_TRIAGED_EXPLICIT_QUARANTINE,1,0,0
IMPLICIT-0945A6A6A90EDEC6,UNRESOLVED_IDENTITY,M0,E0,QUARANTINE_UNTIL_DEFINED,TASK99_MACHINE_TRIAGED_EXPLICIT_QUARANTINE,1,0,0
IMPLICIT-094C5B192C17087E,UNRESOLVED_IDENTITY,M0,E0,QUARANTINE_UNTIL_DEFINED,TASK99_MACHINE_TRIAGED_EXPLICIT_QUARANTINE,1,0,0
IMPLICIT-0950D89A3EB0AD14,UNRESOLVED_IDENTITY,M0,E0,QUARANTINE_UNTIL_DEFINED,TASK99_MACHINE_TRIAGED_EXPLICIT_QUARANTINE,1,0,0
IMPLICIT-09527F8F7DD803BF,ALGORITHM_OR_WORKFLOW,M1,E0,KEEP_AS_ALGORITHM,TASK99_REPOSITORY_EVIDENCE_ADJUDICATED,1,0,0
IMPLICIT-095D5EECB8FF9A84,ALGORITHM_OR_WORKFLOW,M1,E0,KEEP_AS_ALGORITHM,TASK99_REPOSITORY_EVIDENCE_ADJUDICATED,1,0,0
IMPLICIT-0960D69217B2803A,UNRESOLVED_IDENTITY,M0,E0,QUARANTINE_UNTIL_DEFINED,TASK99_MACHINE_TRIAGED_EXPLICIT_QUARANTINE,1,0,0
IMPLICIT-098DAE5C3DB95F35,UNRESOLVED_IDENTITY,M0,E0,QUARANTINE_UNTIL_DEFINED,TASK99_MACHINE_TRIAGED_EXPLICIT_QUARANTINE,1,0,0
IMPLICIT-0994737ADBABE180,UNRESOLVED_IDENTITY,M0,E0,QUARANTINE_UNTIL_DEFINED,TASK99_MACHINE_TRIAGED_EXPLICIT_QUARANTINE,1,0,0
IMPLICIT-099E0E8862ECEE74,ALGORITHM_OR_WORKFLOW,M1,E0,KEEP_AS_ALGORITHM,TASK99_REPOSITORY_EVIDENCE_ADJUDICATED,1,0,0
IMPLICIT-09A6A222009E04CB,UNRESOLVED_IDENTITY,M0,E0,QUARANTINE_UNTIL_DEFINED,TASK99_MACHINE_TRIAGED_EXPLICIT_QUARANTINE,1,0,0
IMPLICIT-09BCCD433065F7DB,UNRESOLVED_IDENTITY,M0,E0,QUARANTINE_UNTIL_DEFINED,TASK99_MACHINE_TRIAGED_EXPLICIT_QUARANTINE,1,0,0
IMPLICIT-09C3BE22EECB730B,ALGORITHM_OR_WORKFLOW,M2,E0,KEEP_AS_ALGORITHM,TASK99_REPOSITORY_EVIDENCE_ADJUDICATED,1,0,0
IMPLICIT-09D0213A02771B32,UNRESOLVED_IDENTITY,M0,E0,QUARANTINE_UNTIL_DEFINED,TASK99_MACHINE_TRIAGED_EXPLICIT_QUARANTINE,1,0,0
IMPLICIT-09E18F45D120C04D,UNRESOLVED_IDENTITY,M0,E0,QUARANTINE_UNTIL_DEFINED,TASK99_MACHINE_TRIAGED_EXPLICIT_QUARANTINE,1,0,0
IMPLICIT-09E5AE19A340241B,UNRESOLVED_IDENTITY,M0,E0,QUARANTINE_UNTIL_DEFINED,TASK99_MACHINE_TRIAGED_EXPLICIT_QUARANTINE,1,0,0
IMPLICIT-09F2FB3C70050DD8,UNRESOLVED_IDENTITY,M0,E0,QUARANTINE_UNTIL_DEFINED,TASK99_MACHINE_TRIAGED_EXPLICIT_QUARANTINE,1,0,0
IMPLICIT-0A1C483AE6D078B4,UNRESOLVED_IDENTITY,M0,E0,QUARANTINE_UNTIL_DEFINED,TASK99_MACHINE_TRIAGED_EXPLICIT_QUARANTINE,1,0,0
IMPLICIT-0A3B98B7672443E4,UNRESOLVED_IDENTITY,M0,E0,QUARANTINE_UNTIL_DEFINED,TASK99_MACHINE_TRIAGED_EXPLICIT_QUARANTINE,1,0,0
IMPLICIT-0A690A20EA51B5A1,UNRESOLVED_IDENTITY,M0,E0,QUARANTINE_UNTIL_DEFINED,TASK99_MACHINE_TRIAGED_EXPLICIT_QUARANTINE,1,0,0
IMPLICIT-0A7AC0249AAAD7FB,UNRESOLVED_IDENTITY,M0,E0,QUARANTINE_UNTIL_DEFINED,TASK99_MACHINE_TRIAGED_EXPLICIT_QUARANTINE,1,0,0
IMPLICIT-0A8EA050AB999331,UNRESOLVED_IDENTITY,M0,E0,QUARANTINE_UNTIL_DEFINED,TASK99_MACHINE_TRIAGED_EXPLICIT_QUARANTINE,1,0,0
IMPLICIT-0A9EFFAA2A2BFB39,UNRESOLVED_IDENTITY,M0,E0,QUARANTINE_UNTIL_DEFINED,TASK99_MACHINE_TRIAGED_EXPLICIT_QUARANTINE,1,0,0
IMPLICIT-0AA55E08FF6563CE,ALGORITHM_OR_WORKFLOW,M1,E0,KEEP_AS_ALGORITHM,TASK99_REPOSITORY_EVIDENCE_ADJUDICATED,1,0,0
IMPLICIT-0AB31B815917AA27,UNRESOLVED_IDENTITY,M0,E0,QUARANTINE_UNTIL_DEFINED,TASK99_MACHINE_TRIAGED_EXPLICIT_QUARANTINE,1,0,0
IMPLICIT-0AB5625A9908FD90,UNRESOLVED_IDENTITY,M0,E0,QUARANTINE_UNTIL_DEFINED,TASK99_MACHINE_TRIAGED_EXPLICIT_QUARANTINE,1,0,0
IMPLICIT-0AB586AB89F2C1F3,UNRESOLVED_IDENTITY,M0,E0,QUARANTINE_UNTIL_DEFINED,TASK99_MACHINE_TRIAGED_EXPLICIT_QUARANTINE,1,0,0
IMPLICIT-0AB6465C1D257739,UNRESOLVED_IDENTITY,M0,E0,QUARANTINE_UNTIL_DEFINED,TASK99_MACHINE_TRIAGED_EXPLICIT_QUARANTINE,1,0,0
IMPLICIT-0AC379BACA7B98B8,UNRESOLVED_IDENTITY,M0,E0,QUARANTINE_UNTIL_DEFINED,TASK99_MACHINE_TRIAGED_EXPLICIT_QUARANTINE,1,0,0
IMPLICIT-0ACD0FCBE6330899,ALGORITHM_OR_WORKFLOW,M1,E0,KEEP_AS_ALGORITHM,TASK99_REPOSITORY_EVIDENCE_ADJUDICATED,1,0,0
IMPLICIT-0ADC2A4C56CB64B4,UNRESOLVED_IDENTITY,M0,E0,QUARANTINE_UNTIL_DEFINED,TASK99_MACHINE_TRIAGED_EXPLICIT_QUARANTINE,1,0,0
IMPLICIT-0B0B958514A32C9A,UNRESOLVED_IDENTITY,M0,E0,QUARANTINE_UNTIL_DEFINED,TASK99_MACHINE_TRIAGED_EXPLICIT_QUARANTINE,1,0,0
IMPLICIT-0B24012DC1E7C83A,ALGORITHM_OR_WORKFLOW,M1,E0,KEEP_AS_ALGORITHM,TASK99_REPOSITORY_EVIDENCE_ADJUDICATED,1,0,0
IMPLICIT-0B79B7A273DD758D,UNRESOLVED_IDENTITY,M0,E0,QUARANTINE_UNTIL_DEFINED,TASK99_MACHINE_TRIAGED_EXPLICIT_QUARANTINE,1,0,0
IMPLICIT-0B7A881CBCCB0EC0,ALGORITHM_OR_WORKFLOW,M2,E0,KEEP_AS_ALGORITHM,TASK99_REPOSITORY_EVIDENCE_ADJUDICATED,1,0,0
IMPLICIT-0B8BB9AF2C343B2B,UNRESOLVED_IDENTITY,M0,E0,QUARANTINE_UNTIL_DEFINED,TASK99_MACHINE_TRIAGED_EXPLICIT_QUARANTINE,1,0,0
IMPLICIT-0BA765CDB55F092E,UNRESOLVED_IDENTITY,M0,E0,QUARANTINE_UNTIL_DEFINED,TASK99_MACHINE_TRIAGED_EXPLICIT_QUARANTINE,1,0,0
IMPLICIT-0BAFAFED064D47B7,ALGORITHM_OR_WORKFLOW,M2,E0,KEEP_AS_ALGORITHM,TASK99_REPOSITORY_EVIDENCE_ADJUDICATED,1,0,0
IMPLICIT-0BB28C308BE7FBDE,UNRESOLVED_IDENTITY,M0,E0,QUARANTINE_UNTIL_DEFINED,TASK99_MACHINE_TRIAGED_EXPLICIT_QUARANTINE,1,0,0
IMPLICIT-0BBF9E640AF38C5A,ALGORITHM_OR_WORKFLOW,M2,E0,KEEP_AS_ALGORITHM,TASK99_REPOSITORY_EVIDENCE_ADJUDICATED,1,0,0
IMPLICIT-0BCB68A39DD5E12B,UNRESOLVED_IDENTITY,M0,E0,QUARANTINE_UNTIL_DEFINED,TASK99_MACHINE_TRIAGED_EXPLICIT_QUARANTINE,1,0,0
IMPLICIT-0BCE6C26650E1DE5,ALGORITHM_OR_WORKFLOW,M1,E0,KEEP_AS_ALGORITHM,TASK99_REPOSITORY_EVIDENCE_ADJUDICATED,1,0,0
IMPLICIT-0BDD7371AA71CE64,UNRESOLVED_IDENTITY,M0,E0,QUARANTINE_UNTIL_DEFINED,TASK99_MACHINE_TRIAGED_EXPLICIT_QUARANTINE,1,0,0
IMPLICIT-0BE95F5F29DE0831,UNRESOLVED_IDENTITY,M0,E0,QUARANTINE_UNTIL_DEFINED,TASK99_MACHINE_TRIAGED_EXPLICIT_QUARANTINE,1,0,0
IMPLICIT-0BEAF0DCE50473A8,ALGORITHM_OR_WORKFLOW,M1,E0,KEEP_AS_ALGORITHM,TASK99_REPOSITORY_EVIDENCE_ADJUDICATED,1,0,0
IMPLICIT-0BF8BCF3BF91C611,UNRESOLVED_IDENTITY,M0,E0,QUARANTINE_UNTIL_DEFINED,TASK99_MACHINE_TRIAGED_EXPLICIT_QUARANTINE,1,0,0
IMPLICIT-0C14C56088B86318,UNRESOLVED_IDENTITY,M0,E0,QUARANTINE_UNTIL_DEFINED,TASK99_MACHINE_TRIAGED_EXPLICIT_QUARANTINE,1,0,0
IMPLICIT-0C150B50E9484B89,UNRESOLVED_IDENTITY,M0,E0,QUARANTINE_UNTIL_DEFINED,TASK99_MACHINE_TRIAGED_EXPLICIT_QUARANTINE,1,0,0
IMPLICIT-0C1BB674A5250C7F,UNRESOLVED_IDENTITY,M0,E0,QUARANTINE_UNTIL_DEFINED,TASK99_MACHINE_TRIAGED_EXPLICIT_QUARANTINE,1,0,0
IMPLICIT-0C210DDAF1467900,UNRESOLVED_IDENTITY,M0,E0,QUARANTINE_UNTIL_DEFINED,TASK99_MACHINE_TRIAGED_EXPLICIT_QUARANTINE,1,0,0
IMPLICIT-0C399FB7B821BEB2,UNRESOLVED_IDENTITY,M0,E0,QUARANTINE_UNTIL_DEFINED,TASK99_MACHINE_TRIAGED_EXPLICIT_QUARANTINE,1,0,0
IMPLICIT-0C439461643E3858,UNRESOLVED_IDENTITY,M0,E0,QUARANTINE_UNTIL_DEFINED,TASK99_MACHINE_TRIAGED_EXPLICIT_QUARANTINE,1,0,0
IMPLICIT-0C4A21C314337447,ALGORITHM_OR_WORKFLOW,M1,E0,KEEP_AS_ALGORITHM,TASK99_REPOSITORY_EVIDENCE_ADJUDICATED,1,0,0
IMPLICIT-0C5F55175B87B01A,UNRESOLVED_IDENTITY,M0,E0,QUARANTINE_UNTIL_DEFINED,TASK99_MACHINE_TRIAGED_EXPLICIT_QUARANTINE,1,0,0
IMPLICIT-0C60F3F503D8FFFC,UNRESOLVED_IDENTITY,M0,E0,QUARANTINE_UNTIL_DEFINED,TASK99_MACHINE_TRIAGED_EXPLICIT_QUARANTINE,1,0,0
IMPLICIT-0C6254CA494049EE,UNRESOLVED_IDENTITY,M0,E0,QUARANTINE_UNTIL_DEFINED,TASK99_MACHINE_TRIAGED_EXPLICIT_QUARANTINE,1,0,0
IMPLICIT-0C7F23AF4BE7DF55,ALGORITHM_OR_WORKFLOW,M1,E0,KEEP_AS_ALGORITHM,TASK99_REPOSITORY_EVIDENCE_ADJUDICATED,1,0,0
IMPLICIT-0C891351B2333BBA,UNRESOLVED_IDENTITY,M0,E0,QUARANTINE_UNTIL_DEFINED,TASK99_MACHINE_TRIAGED_EXPLICIT_QUARANTINE,1,0,0
IMPLICIT-0CA06FCDA1FD5DB9,UNRESOLVED_IDENTITY,M0,E0,QUARANTINE_UNTIL_DEFINED,TASK99_MACHINE_TRIAGED_EXPLICIT_QUARANTINE,1,0,0
IMPLICIT-0CBA96FC9D4A019B,UNRESOLVED_IDENTITY,M0,E0,QUARANTINE_UNTIL_DEFINED,TASK99_MACHINE_TRIAGED_EXPLICIT_QUARANTINE,1,0,0
IMPLICIT-0CCF7788EB0325C3,UNRESOLVED_IDENTITY,M0,E0,QUARANTINE_UNTIL_DEFINED,TASK99_MACHINE_TRIAGED_EXPLICIT_QUARANTINE,1,0,0
IMPLICIT-0CEC43FE0CFDFF7C,ALGORITHM_OR_WORKFLOW,M1,E0,KEEP_AS_ALGORITHM,TASK99_REPOSITORY_EVIDENCE_ADJUDICATED,1,0,0
IMPLICIT-0CF018E9B475C9D0,ALGORITHM_OR_WORKFLOW,M1,E0,KEEP_AS_ALGORITHM,TASK99_REPOSITORY_EVIDENCE_ADJUDICATED,1,0,0
IMPLICIT-0D183A5B4C89E035,UNRESOLVED_IDENTITY,M0,E0,QUARANTINE_UNTIL_DEFINED,TASK99_MACHINE_TRIAGED_EXPLICIT_QUARANTINE,1,0,0
IMPLICIT-0D1D1400EEE49100,UNRESOLVED_IDENTITY,M0,E0,QUARANTINE_UNTIL_DEFINED,TASK99_MACHINE_TRIAGED_EXPLICIT_QUARANTINE,1,0,0
IMPLICIT-0D3A519F81ACE8CB,UNRESOLVED_IDENTITY,M0,E0,QUARANTINE_UNTIL_DEFINED,TASK99_MACHINE_TRIAGED_EXPLICIT_QUARANTINE,1,0,0
IMPLICIT-0D407E3566885054,UNRESOLVED_IDENTITY,M0,E0,QUARANTINE_UNTIL_DEFINED,TASK99_MACHINE_TRIAGED_EXPLICIT_QUARANTINE,1,0,0
IMPLICIT-0D4591DAD594EB20,UNRESOLVED_IDENTITY,M0,E0,QUARANTINE_UNTIL_DEFINED,TASK99_MACHINE_TRIAGED_EXPLICIT_QUARANTINE,1,0,0
IMPLICIT-0D481608ED80C1A5,UNRESOLVED_IDENTITY,M0,E0,QUARANTINE_UNTIL_DEFINED,TASK99_MACHINE_TRIAGED_EXPLICIT_QUARANTINE,1,0,0
IMPLICIT-0D5A35939FD2DCDA,UNRESOLVED_IDENTITY,M0,E0,QUARANTINE_UNTIL_DEFINED,TASK99_MACHINE_TRIAGED_EXPLICIT_QUARANTINE,1,0,0
IMPLICIT-0D6C1EA94CA9CD60,ALGORITHM_OR_WORKFLOW,M1,E0,KEEP_AS_ALGORITHM,TASK99_REPOSITORY_EVIDENCE_ADJUDICATED,1,0,0
IMPLICIT-0D796AA5B06DB941,ALGORITHM_OR_WORKFLOW,M1,E0,KEEP_AS_ALGORITHM,TASK99_REPOSITORY_EVIDENCE_ADJUDICATED,1,0,0
IMPLICIT-0D99AAB88B64F6A8,UNRESOLVED_IDENTITY,M0,E0,QUARANTINE_UNTIL_DEFINED,TASK99_MACHINE_TRIAGED_EXPLICIT_QUARANTINE,1,0,0
IMPLICIT-0DA0909D6A70E502,ALGORITHM_OR_WORKFLOW,M1,E0,KEEP_AS_ALGORITHM,TASK99_REPOSITORY_EVIDENCE_ADJUDICATED,1,0,0
IMPLICIT-0DA3E77303FE2388,UNRESOLVED_IDENTITY,M0,E0,QUARANTINE_UNTIL_DEFINED,TASK99_MACHINE_TRIAGED_EXPLICIT_QUARANTINE,1,0,0
IMPLICIT-0DA4F1B52A42E4B7,UNRESOLVED_IDENTITY,M0,E0,QUARANTINE_UNTIL_DEFINED,TASK99_MACHINE_TRIAGED_EXPLICIT_QUARANTINE,1,0,0
IMPLICIT-0DCDB54ED9006F97,UNRESOLVED_IDENTITY,M0,E0,QUARANTINE_UNTIL_DEFINED,TASK99_MACHINE_TRIAGED_EXPLICIT_QUARANTINE,1,0,0
IMPLICIT-0DD9DEEEF76C8C8C,UNRESOLVED_IDENTITY,M0,E0,QUARANTINE_UNTIL_DEFINED,TASK99_MACHINE_TRIAGED_EXPLICIT_QUARANTINE,1,0,0
IMPLICIT-0DDD970F10D20726,UNRESOLVED_IDENTITY,M0,E0,QUARANTINE_UNTIL_DEFINED,TASK99_MACHINE_TRIAGED_EXPLICIT_QUARANTINE,1,0,0
IMPLICIT-0E406FC592DDB25B,UNRESOLVED_IDENTITY,M0,E0,QUARANTINE_UNTIL_DEFINED,TASK99_MACHINE_TRIAGED_EXPLICIT_QUARANTINE,1,0,0
IMPLICIT-0E42C905FCE719D8,ALGORITHM_OR_WORKFLOW,M1,E0,KEEP_AS_ALGORITHM,TASK99_REPOSITORY_EVIDENCE_ADJUDICATED,1,0,0
IMPLICIT-0E44B83F7566075D,UNRESOLVED_IDENTITY,M0,E0,QUARANTINE_UNTIL_DEFINED,TASK99_MACHINE_TRIAGED_EXPLICIT_QUARANTINE,1,0,0
IMPLICIT-0E46AC70CB54B028,UNRESOLVED_IDENTITY,M0,E0,QUARANTINE_UNTIL_DEFINED,TASK99_MACHINE_TRIAGED_EXPLICIT_QUARANTINE,1,0,0
IMPLICIT-0E7943355A7B4688,UNRESOLVED_IDENTITY,M0,E0,QUARANTINE_UNTIL_DEFINED,TASK99_MACHINE_TRIAGED_EXPLICIT_QUARANTINE,1,0,0
IMPLICIT-0E807E9B71214DF6,UNRESOLVED_IDENTITY,M0,E0,QUARANTINE_UNTIL_DEFINED,TASK99_MACHINE_TRIAGED_EXPLICIT_QUARANTINE,1,0,0
IMPLICIT-0E8B37A969D5FF15,UNRESOLVED_IDENTITY,M0,E0,QUARANTINE_UNTIL_DEFINED,TASK99_MACHINE_TRIAGED_EXPLICIT_QUARANTINE,1,0,0
IMPLICIT-0EACEEA8E2EBBCA4,UNRESOLVED_IDENTITY,M0,E0,QUARANTINE_UNTIL_DEFINED,TASK99_MACHINE_TRIAGED_EXPLICIT_QUARANTINE,1,0,0
IMPLICIT-0EBC053592C42686,UNRESOLVED_IDENTITY,M0,E0,QUARANTINE_UNTIL_DEFINED,TASK99_MACHINE_TRIAGED_EXPLICIT_QUARANTINE,1,0,0
IMPLICIT-0ECA380DE103D58B,ALGORITHM_OR_WORKFLOW,M2,E0,KEEP_AS_ALGORITHM,TASK99_REPOSITORY_EVIDENCE_ADJUDICATED,1,0,0
IMPLICIT-0ECCA5BD2F110ADE,UNRESOLVED_IDENTITY,M0,E0,QUARANTINE_UNTIL_DEFINED,TASK99_MACHINE_TRIAGED_EXPLICIT_QUARANTINE,1,0,0
IMPLICIT-0EE034DB03F0F54F,ALGORITHM_OR_WORKFLOW,M1,E0,KEEP_AS_ALGORITHM,TASK99_REPOSITORY_EVIDENCE_ADJUDICATED,1,0,0
IMPLICIT-0EE93B40224257D5,UNRESOLVED_IDENTITY,M0,E0,QUARANTINE_UNTIL_DEFINED,TASK99_MACHINE_TRIAGED_EXPLICIT_QUARANTINE,1,0,0
IMPLICIT-0EF2C24E6E70F31C,UNRESOLVED_IDENTITY,M0,E0,QUARANTINE_UNTIL_DEFINED,TASK99_MACHINE_TRIAGED_EXPLICIT_QUARANTINE,1,0,0
IMPLICIT-0EFB82736576CE62,UNRESOLVED_IDENTITY,M0,E0,QUARANTINE_UNTIL_DEFINED,TASK99_MACHINE_TRIAGED_EXPLICIT_QUARANTINE,1,0,0
IMPLICIT-0F0470C08732464E,UNRESOLVED_IDENTITY,M0,E0,QUARANTINE_UNTIL_DEFINED,TASK99_MACHINE_TRIAGED_EXPLICIT_QUARANTINE,1,0,0
IMPLICIT-0F0963C6C237F355,UNRESOLVED_IDENTITY,M0,E0,QUARANTINE_UNTIL_DEFINED,TASK99_MACHINE_TRIAGED_EXPLICIT_QUARANTINE,1,0,0
IMPLICIT-0F13574498EAA8C7,UNRESOLVED_IDENTITY,M0,E0,QUARANTINE_UNTIL_DEFINED,TASK99_MACHINE_TRIAGED_EXPLICIT_QUARANTINE,1,0,0
IMPLICIT-0F199531E8C79F91,ALGORITHM_OR_WORKFLOW,M2,E0,KEEP_AS_ALGORITHM,TASK99_REPOSITORY_EVIDENCE_ADJUDICATED,1,0,0
IMPLICIT-0F225055DE434E33,UNRESOLVED_IDENTITY,M0,E0,QUARANTINE_UNTIL_DEFINED,TASK99_MACHINE_TRIAGED_EXPLICIT_QUARANTINE,1,0,0
IMPLICIT-0F2517B9816ADB14,ALGORITHM_OR_WORKFLOW,M2,E0,KEEP_AS_ALGORITHM,TASK99_REPOSITORY_EVIDENCE_ADJUDICATED,1,0,0
IMPLICIT-0F3C1605611E3896,UNRESOLVED_IDENTITY,M0,E0,QUARANTINE_UNTIL_DEFINED,TASK99_MACHINE_TRIAGED_EXPLICIT_QUARANTINE,1,0,0
IMPLICIT-0F48CE10F2D53A7D,ALGORITHM_OR_WORKFLOW,M2,E0,KEEP_AS_ALGORITHM,TASK99_REPOSITORY_EVIDENCE_ADJUDICATED,1,0,0
IMPLICIT-0F5D15EBFBE63D39,ALGORITHM_OR_WORKFLOW,M1,E0,KEEP_AS_ALGORITHM,TASK99_REPOSITORY_EVIDENCE_ADJUDICATED,1,0,0
IMPLICIT-0F6D8FA0C8160A85,UNRESOLVED_IDENTITY,M0,E0,QUARANTINE_UNTIL_DEFINED,TASK99_MACHINE_TRIAGED_EXPLICIT_QUARANTINE,1,0,0
IMPLICIT-0F7C8707CE708ABF,UNRESOLVED_IDENTITY,M0,E0,QUARANTINE_UNTIL_DEFINED,TASK99_MACHINE_TRIAGED_EXPLICIT_QUARANTINE,1,0,0
IMPLICIT-0F94BCBDBD7084AA,UNRESOLVED_IDENTITY,M0,E0,QUARANTINE_UNTIL_DEFINED,TASK99_MACHINE_TRIAGED_EXPLICIT_QUARANTINE,1,0,0
IMPLICIT-0FB7CE89A3F92797,UNRESOLVED_IDENTITY,M0,E0,QUARANTINE_UNTIL_DEFINED,TASK99_MACHINE_TRIAGED_EXPLICIT_QUARANTINE,1,0,0
IMPLICIT-0FBDE59D130277B6,ALGORITHM_OR_WORKFLOW,M1,E0,KEEP_AS_ALGORITHM,TASK99_REPOSITORY_EVIDENCE_ADJUDICATED,1,0,0
IMPLICIT-0FCB3736F0E4C7A6,UNRESOLVED_IDENTITY,M0,E0,QUARANTINE_UNTIL_DEFINED,TASK99_MACHINE_TRIAGED_EXPLICIT_QUARANTINE,1,0,0
IMPLICIT-0FDB09CD778FD104,UNRESOLVED_IDENTITY,M0,E0,QUARANTINE_UNTIL_DEFINED,TASK99_MACHINE_TRIAGED_EXPLICIT_QUARANTINE,1,0,0
IMPLICIT-0FE430E408A4D4F2,UNRESOLVED_IDENTITY,M0,E0,QUARANTINE_UNTIL_DEFINED,TASK99_MACHINE_TRIAGED_EXPLICIT_QUARANTINE,1,0,0
IMPLICIT-0FEB2C37B56F90CE,UNRESOLVED_IDENTITY,M0,E0,QUARANTINE_UNTIL_DEFINED,TASK99_MACHINE_TRIAGED_EXPLICIT_QUARANTINE,1,0,0
IMPLICIT-0FEBBFD4B0B59A71,ALGORITHM_OR_WORKFLOW,M2,E0,KEEP_AS_ALGORITHM,TASK99_REPOSITORY_EVIDENCE_ADJUDICATED,1,0,0
IMPLICIT-0FFD14568CC4E6A9,UNRESOLVED_IDENTITY,M0,E0,QUARANTINE_UNTIL_DEFINED,TASK99_MACHINE_TRIAGED_EXPLICIT_QUARANTINE,1,0,0
IMPLICIT-101AD2FA06B57783,UNRESOLVED_IDENTITY,M0,E0,QUARANTINE_UNTIL_DEFINED,TASK99_MACHINE_TRIAGED_EXPLICIT_QUARANTINE,1,0,0
IMPLICIT-102C8B9DBD00FF0B,UNRESOLVED_IDENTITY,M0,E0,QUARANTINE_UNTIL_DEFINED,TASK99_MACHINE_TRIAGED_EXPLICIT_QUARANTINE,1,0,0
IMPLICIT-10497A555E2B5236,UNRESOLVED_IDENTITY,M0,E0,QUARANTINE_UNTIL_DEFINED,TASK99_MACHINE_TRIAGED_EXPLICIT_QUARANTINE,1,0,0
IMPLICIT-1049FE9E2CC4EE34,UNRESOLVED_IDENTITY,M0,E0,QUARANTINE_UNTIL_DEFINED,TASK99_MACHINE_TRIAGED_EXPLICIT_QUARANTINE,1,0,0
IMPLICIT-105E1DD8C135C82B,UNRESOLVED_IDENTITY,M0,E0,QUARANTINE_UNTIL_DEFINED,TASK99_MACHINE_TRIAGED_EXPLICIT_QUARANTINE,1,0,0
IMPLICIT-105FC4649DD1AA85,UNRESOLVED_IDENTITY,M0,E0,QUARANTINE_UNTIL_DEFINED,TASK99_MACHINE_TRIAGED_EXPLICIT_QUARANTINE,1,0,0
IMPLICIT-108BF8B634D79C72,UNRESOLVED_IDENTITY,M0,E0,QUARANTINE_UNTIL_DEFINED,TASK99_MACHINE_TRIAGED_EXPLICIT_QUARANTINE,1,0,0
IMPLICIT-10AF26842E0C734C,UNRESOLVED_IDENTITY,M0,E0,QUARANTINE_UNTIL_DEFINED,TASK99_MACHINE_TRIAGED_EXPLICIT_QUARANTINE,1,0,0
IMPLICIT-10B3E25EE7D68B50,ALGORITHM_OR_WORKFLOW,M1,E0,KEEP_AS_ALGORITHM,TASK99_REPOSITORY_EVIDENCE_ADJUDICATED,1,0,0
IMPLICIT-10D116D721DD2398,ALGORITHM_OR_WORKFLOW,M1,E0,KEEP_AS_ALGORITHM,TASK99_REPOSITORY_EVIDENCE_ADJUDICATED,1,0,0
IMPLICIT-10D5834954CB5B0F,UNRESOLVED_IDENTITY,M0,E0,QUARANTINE_UNTIL_DEFINED,TASK99_MACHINE_TRIAGED_EXPLICIT_QUARANTINE,1,0,0
IMPLICIT-10D8E77A713D075D,ALGORITHM_OR_WORKFLOW,M1,E0,KEEP_AS_ALGORITHM,TASK99_REPOSITORY_EVIDENCE_ADJUDICATED,1,0,0
IMPLICIT-10EECFBC375F324D,UNRESOLVED_IDENTITY,M0,E0,QUARANTINE_UNTIL_DEFINED,TASK99_MACHINE_TRIAGED_EXPLICIT_QUARANTINE,1,0,0
IMPLICIT-10FB38BAF219D048,UNRESOLVED_IDENTITY,M0,E0,QUARANTINE_UNTIL_DEFINED,TASK99_MACHINE_TRIAGED_EXPLICIT_QUARANTINE,1,0,0
IMPLICIT-11175F4D61DD0A5B,UNRESOLVED_IDENTITY,M0,E0,QUARANTINE_UNTIL_DEFINED,TASK99_MACHINE_TRIAGED_EXPLICIT_QUARANTINE,1,0,0
IMPLICIT-112A664B455B7E81,UNRESOLVED_IDENTITY,M0,E0,QUARANTINE_UNTIL_DEFINED,TASK99_MACHINE_TRIAGED_EXPLICIT_QUARANTINE,1,0,0
IMPLICIT-113417F89391ECF9,UNRESOLVED_IDENTITY,M0,E0,QUARANTINE_UNTIL_DEFINED,TASK99_MACHINE_TRIAGED_EXPLICIT_QUARANTINE,1,0,0
IMPLICIT-11509C8F52EAE015,UNRESOLVED_IDENTITY,M0,E0,QUARANTINE_UNTIL_DEFINED,TASK99_MACHINE_TRIAGED_EXPLICIT_QUARANTINE,1,0,0
IMPLICIT-1154A742469575BC,UNRESOLVED_IDENTITY,M0,E0,QUARANTINE_UNTIL_DEFINED,TASK99_MACHINE_TRIAGED_EXPLICIT_QUARANTINE,1,0,0
IMPLICIT-115AE661D4B2CC95,UNRESOLVED_IDENTITY,M0,E0,QUARANTINE_UNTIL_DEFINED,TASK99_MACHINE_TRIAGED_EXPLICIT_QUARANTINE,1,0,0
IMPLICIT-1171DCABEAE13A8B,UNRESOLVED_IDENTITY,M0,E0,QUARANTINE_UNTIL_DEFINED,TASK99_MACHINE_TRIAGED_EXPLICIT_QUARANTINE,1,0,0
IMPLICIT-1176B95AD768AE87,ALGORITHM_OR_WORKFLOW,M1,E0,KEEP_AS_ALGORITHM,TASK99_REPOSITORY_EVIDENCE_ADJUDICATED,1,0,0
IMPLICIT-11A1B8507317C374,UNRESOLVED_IDENTITY,M0,E0,QUARANTINE_UNTIL_DEFINED,TASK99_MACHINE_TRIAGED_EXPLICIT_QUARANTINE,1,0,0
IMPLICIT-11A40C8925F7077D,UNRESOLVED_IDENTITY,M0,E0,QUARANTINE_UNTIL_DEFINED,TASK99_MACHINE_TRIAGED_EXPLICIT_QUARANTINE,1,0,0
IMPLICIT-11ADE80A40114F04,ALGORITHM_OR_WORKFLOW,M2,E0,KEEP_AS_ALGORITHM,TASK99_REPOSITORY_EVIDENCE_ADJUDICATED,1,0,0
IMPLICIT-11E2A2B980C98FE8,UNRESOLVED_IDENTITY,M0,E0,QUARANTINE_UNTIL_DEFINED,TASK99_MACHINE_TRIAGED_EXPLICIT_QUARANTINE,1,0,0
IMPLICIT-11E5C60BA7FC43A7,UNRESOLVED_IDENTITY,M0,E0,QUARANTINE_UNTIL_DEFINED,TASK99_MACHINE_TRIAGED_EXPLICIT_QUARANTINE,1,0,0
IMPLICIT-11F08E776481535F,UNRESOLVED_IDENTITY,M0,E0,QUARANTINE_UNTIL_DEFINED,TASK99_MACHINE_TRIAGED_EXPLICIT_QUARANTINE,1,0,0
IMPLICIT-11F63EC47268D283,UNRESOLVED_IDENTITY,M0,E0,QUARANTINE_UNTIL_DEFINED,TASK99_MACHINE_TRIAGED_EXPLICIT_QUARANTINE,1,0,0
IMPLICIT-121CFEAC5CAE9783,ALGORITHM_OR_WORKFLOW,M1,E0,KEEP_AS_ALGORITHM,TASK99_REPOSITORY_EVIDENCE_ADJUDICATED,1,0,0
IMPLICIT-123146F9C1F4FDED,UNRESOLVED_IDENTITY,M0,E0,QUARANTINE_UNTIL_DEFINED,TASK99_MACHINE_TRIAGED_EXPLICIT_QUARANTINE,1,0,0
IMPLICIT-12378ECA17501690,UNRESOLVED_IDENTITY,M0,E0,QUARANTINE_UNTIL_DEFINED,TASK99_MACHINE_TRIAGED_EXPLICIT_QUARANTINE,1,0,0
IMPLICIT-124C80598A1AD8AA,ALGORITHM_OR_WORKFLOW,M1,E0,KEEP_AS_ALGORITHM,TASK99_REPOSITORY_EVIDENCE_ADJUDICATED,1,0,0
IMPLICIT-125B69A7D65CAA06,UNRESOLVED_IDENTITY,M0,E0,QUARANTINE_UNTIL_DEFINED,TASK99_MACHINE_TRIAGED_EXPLICIT_QUARANTINE,1,0,0
IMPLICIT-1261DE538057B2F6,UNRESOLVED_IDENTITY,M0,E0,QUARANTINE_UNTIL_DEFINED,TASK99_MACHINE_TRIAGED_EXPLICIT_QUARANTINE,1,0,0
IMPLICIT-12717F174EAFBC12,UNRESOLVED_IDENTITY,M0,E0,QUARANTINE_UNTIL_DEFINED,TASK99_MACHINE_TRIAGED_EXPLICIT_QUARANTINE,1,0,0
IMPLICIT-127DEA3B50D78A83,UNRESOLVED_IDENTITY,M0,E0,QUARANTINE_UNTIL_DEFINED,TASK99_MACHINE_TRIAGED_EXPLICIT_QUARANTINE,1,0,0
IMPLICIT-1280E6BB621CDD00,UNRESOLVED_IDENTITY,M0,E0,QUARANTINE_UNTIL_DEFINED,TASK99_MACHINE_TRIAGED_EXPLICIT_QUARANTINE,1,0,0
IMPLICIT-128B5AB8FBFDB87C,UNRESOLVED_IDENTITY,M0,E0,QUARANTINE_UNTIL_DEFINED,TASK99_MACHINE_TRIAGED_EXPLICIT_QUARANTINE,1,0,0
IMPLICIT-128C761390FFA88D,UNRESOLVED_IDENTITY,M0,E0,QUARANTINE_UNTIL_DEFINED,TASK99_MACHINE_TRIAGED_EXPLICIT_QUARANTINE,1,0,0
IMPLICIT-12946DAD0CD110B8,UNRESOLVED_IDENTITY,M0,E0,QUARANTINE_UNTIL_DEFINED,TASK99_MACHINE_TRIAGED_EXPLICIT_QUARANTINE,1,0,0
IMPLICIT-129576288A668BA7,ALGORITHM_OR_WORKFLOW,M2,E0,KEEP_AS_ALGORITHM,TASK99_REPOSITORY_EVIDENCE_ADJUDICATED,1,0,0
IMPLICIT-12A16A3D203D115F,UNRESOLVED_IDENTITY,M0,E0,QUARANTINE_UNTIL_DEFINED,TASK99_MACHINE_TRIAGED_EXPLICIT_QUARANTINE,1,0,0
IMPLICIT-12ADDF5C66B621B2,UNRESOLVED_IDENTITY,M0,E0,QUARANTINE_UNTIL_DEFINED,TASK99_MACHINE_TRIAGED_EXPLICIT_QUARANTINE,1,0,0
IMPLICIT-12C010A38C3C0E2E,UNRESOLVED_IDENTITY,M0,E0,QUARANTINE_UNTIL_DEFINED,TASK99_MACHINE_TRIAGED_EXPLICIT_QUARANTINE,1,0,0
IMPLICIT-12C11CAFFBA1557A,UNRESOLVED_IDENTITY,M0,E0,QUARANTINE_UNTIL_DEFINED,TASK99_MACHINE_TRIAGED_EXPLICIT_QUARANTINE,1,0,0
IMPLICIT-12C3A8C4200F5D0F,UNRESOLVED_IDENTITY,M0,E0,QUARANTINE_UNTIL_DEFINED,TASK99_MACHINE_TRIAGED_EXPLICIT_QUARANTINE,1,0,0
IMPLICIT-12C95E8184315874,ALGORITHM_OR_WORKFLOW,M2,E0,KEEP_AS_ALGORITHM,TASK99_REPOSITORY_EVIDENCE_ADJUDICATED,1,0,0
IMPLICIT-12CA7B833F857AD9,UNRESOLVED_IDENTITY,M0,E0,QUARANTINE_UNTIL_DEFINED,TASK99_MACHINE_TRIAGED_EXPLICIT_QUARANTINE,1,0,0
IMPLICIT-12D09E2E42F3E9A9,UNRESOLVED_IDENTITY,M0,E0,QUARANTINE_UNTIL_DEFINED,TASK99_MACHINE_TRIAGED_EXPLICIT_QUARANTINE,1,0,0
IMPLICIT-12DBAEF8D5B8E07D,UNRESOLVED_IDENTITY,M0,E0,QUARANTINE_UNTIL_DEFINED,TASK99_MACHINE_TRIAGED_EXPLICIT_QUARANTINE,1,0,0
IMPLICIT-12E8DC26350CFBB8,ALGORITHM_OR_WORKFLOW,M1,E0,KEEP_AS_ALGORITHM,TASK99_REPOSITORY_EVIDENCE_ADJUDICATED,1,0,0
IMPLICIT-1304B83E45806D2B,ALGORITHM_OR_WORKFLOW,M2,E0,KEEP_AS_ALGORITHM,TASK99_REPOSITORY_EVIDENCE_ADJUDICATED,1,0,0
IMPLICIT-13184190B098E734,ALGORITHM_OR_WORKFLOW,M1,E0,KEEP_AS_ALGORITHM,TASK99_REPOSITORY_EVIDENCE_ADJUDICATED,1,0,0
IMPLICIT-133C40817BDDF685,UNRESOLVED_IDENTITY,M0,E0,QUARANTINE_UNTIL_DEFINED,TASK99_MACHINE_TRIAGED_EXPLICIT_QUARANTINE,1,0,0
IMPLICIT-135437EB864EBD5C,UNRESOLVED_IDENTITY,M0,E0,QUARANTINE_UNTIL_DEFINED,TASK99_MACHINE_TRIAGED_EXPLICIT_QUARANTINE,1,0,0
IMPLICIT-13559FC49E4C7AEF,ALGORITHM_OR_WORKFLOW,M1,E0,KEEP_AS_ALGORITHM,TASK99_REPOSITORY_EVIDENCE_ADJUDICATED,1,0,0
IMPLICIT-13761096B9224618,UNRESOLVED_IDENTITY,M0,E0,QUARANTINE_UNTIL_DEFINED,TASK99_MACHINE_TRIAGED_EXPLICIT_QUARANTINE,1,0,0
IMPLICIT-1378F8929634C19E,ALGORITHM_OR_WORKFLOW,M2,E0,KEEP_AS_ALGORITHM,TASK99_REPOSITORY_EVIDENCE_ADJUDICATED,1,0,0
IMPLICIT-137C2A434870A4B6,ALGORITHM_OR_WORKFLOW,M1,E0,KEEP_AS_ALGORITHM,TASK99_REPOSITORY_EVIDENCE_ADJUDICATED,1,0,0
IMPLICIT-139B919033141E78,UNRESOLVED_IDENTITY,M0,E0,QUARANTINE_UNTIL_DEFINED,TASK99_MACHINE_TRIAGED_EXPLICIT_QUARANTINE,1,0,0
IMPLICIT-13A16F3F80BC03CB,ALGORITHM_OR_WORKFLOW,M2,E0,KEEP_AS_ALGORITHM,TASK99_REPOSITORY_EVIDENCE_ADJUDICATED,1,0,0
IMPLICIT-13AAE7B37E9092AD,UNRESOLVED_IDENTITY,M0,E0,QUARANTINE_UNTIL_DEFINED,TASK99_MACHINE_TRIAGED_EXPLICIT_QUARANTINE,1,0,0
IMPLICIT-13C29E3F1FC992A9,UNRESOLVED_IDENTITY,M0,E0,QUARANTINE_UNTIL_DEFINED,TASK99_MACHINE_TRIAGED_EXPLICIT_QUARANTINE,1,0,0
IMPLICIT-13C8EA5BDD6E404A,UNRESOLVED_IDENTITY,M0,E0,QUARANTINE_UNTIL_DEFINED,TASK99_MACHINE_TRIAGED_EXPLICIT_QUARANTINE,1,0,0
IMPLICIT-13CCA3457F0363F8,UNRESOLVED_IDENTITY,M0,E0,QUARANTINE_UNTIL_DEFINED,TASK99_MACHINE_TRIAGED_EXPLICIT_QUARANTINE,1,0,0
IMPLICIT-13DA7B1445737C79,ALGORITHM_OR_WORKFLOW,M2,E0,KEEP_AS_ALGORITHM,TASK99_REPOSITORY_EVIDENCE_ADJUDICATED,1,0,0
IMPLICIT-13E3DADBDF373080,ALGORITHM_OR_WORKFLOW,M1,E0,KEEP_AS_ALGORITHM,TASK99_REPOSITORY_EVIDENCE_ADJUDICATED,1,0,0
IMPLICIT-13E9C3ABA16891A9,UNRESOLVED_IDENTITY,M0,E0,QUARANTINE_UNTIL_DEFINED,TASK99_MACHINE_TRIAGED_EXPLICIT_QUARANTINE,1,0,0
IMPLICIT-13F202A4726E3C70,UNRESOLVED_IDENTITY,M0,E0,QUARANTINE_UNTIL_DEFINED,TASK99_MACHINE_TRIAGED_EXPLICIT_QUARANTINE,1,0,0
IMPLICIT-13F655E96C11D8AC,UNRESOLVED_IDENTITY,M0,E0,QUARANTINE_UNTIL_DEFINED,TASK99_MACHINE_TRIAGED_EXPLICIT_QUARANTINE,1,0,0
IMPLICIT-1404AFC2CDA0D45F,UNRESOLVED_IDENTITY,M0,E0,QUARANTINE_UNTIL_DEFINED,TASK99_MACHINE_TRIAGED_EXPLICIT_QUARANTINE,1,0,0
IMPLICIT-141328621AD715FD,UNRESOLVED_IDENTITY,M0,E0,QUARANTINE_UNTIL_DEFINED,TASK99_MACHINE_TRIAGED_EXPLICIT_QUARANTINE,1,0,0
IMPLICIT-141762C3577F6C0E,UNRESOLVED_IDENTITY,M0,E0,QUARANTINE_UNTIL_DEFINED,TASK99_MACHINE_TRIAGED_EXPLICIT_QUARANTINE,1,0,0
IMPLICIT-14198B49A125D810,UNRESOLVED_IDENTITY,M0,E0,QUARANTINE_UNTIL_DEFINED,TASK99_MACHINE_TRIAGED_EXPLICIT_QUARANTINE,1,0,0
IMPLICIT-14388139E384F276,UNRESOLVED_IDENTITY,M0,E0,QUARANTINE_UNTIL_DEFINED,TASK99_MACHINE_TRIAGED_EXPLICIT_QUARANTINE,1,0,0
IMPLICIT-14422185FF871AA1,ALGORITHM_OR_WORKFLOW,M1,E0,KEEP_AS_ALGORITHM,TASK99_REPOSITORY_EVIDENCE_ADJUDICATED,1,0,0
IMPLICIT-14435EA54ED7441A,UNRESOLVED_IDENTITY,M0,E0,QUARANTINE_UNTIL_DEFINED,TASK99_MACHINE_TRIAGED_EXPLICIT_QUARANTINE,1,0,0
IMPLICIT-147536829969559F,ALGORITHM_OR_WORKFLOW,M2,E0,KEEP_AS_ALGORITHM,TASK99_REPOSITORY_EVIDENCE_ADJUDICATED,1,0,0
IMPLICIT-14756E893CC98C05,UNRESOLVED_IDENTITY,M0,E0,QUARANTINE_UNTIL_DEFINED,TASK99_MACHINE_TRIAGED_EXPLICIT_QUARANTINE,1,0,0
IMPLICIT-147F18FD8DEEE846,UNRESOLVED_IDENTITY,M0,E0,QUARANTINE_UNTIL_DEFINED,TASK99_MACHINE_TRIAGED_EXPLICIT_QUARANTINE,1,0,0
IMPLICIT-14855CDF28DE1DB3,ALGORITHM_OR_WORKFLOW,M1,E0,KEEP_AS_ALGORITHM,TASK99_REPOSITORY_EVIDENCE_ADJUDICATED,1,0,0
IMPLICIT-1489F1F7E216A3D8,ALGORITHM_OR_WORKFLOW,M2,E0,KEEP_AS_ALGORITHM,TASK99_REPOSITORY_EVIDENCE_ADJUDICATED,1,0,0
IMPLICIT-148DB33EDCA279B5,UNRESOLVED_IDENTITY,M0,E0,QUARANTINE_UNTIL_DEFINED,TASK99_MACHINE_TRIAGED_EXPLICIT_QUARANTINE,1,0,0
IMPLICIT-149318D909FE5B41,UNRESOLVED_IDENTITY,M0,E0,QUARANTINE_UNTIL_DEFINED,TASK99_MACHINE_TRIAGED_EXPLICIT_QUARANTINE,1,0,0
IMPLICIT-149E6E60D90681BB,ALGORITHM_OR_WORKFLOW,M2,E0,KEEP_AS_ALGORITHM,TASK99_REPOSITORY_EVIDENCE_ADJUDICATED,1,0,0
IMPLICIT-14C226F577D5FB8B,UNRESOLVED_IDENTITY,M0,E0,QUARANTINE_UNTIL_DEFINED,TASK99_MACHINE_TRIAGED_EXPLICIT_QUARANTINE,1,0,0
IMPLICIT-14C4448E41D91EE0,UNRESOLVED_IDENTITY,M0,E0,QUARANTINE_UNTIL_DEFINED,TASK99_MACHINE_TRIAGED_EXPLICIT_QUARANTINE,1,0,0
IMPLICIT-14D03334DC897AC7,UNRESOLVED_IDENTITY,M0,E0,QUARANTINE_UNTIL_DEFINED,TASK99_MACHINE_TRIAGED_EXPLICIT_QUARANTINE,1,0,0
IMPLICIT-14D9AA9B32344921,UNRESOLVED_IDENTITY,M0,E0,QUARANTINE_UNTIL_DEFINED,TASK99_MACHINE_TRIAGED_EXPLICIT_QUARANTINE,1,0,0
IMPLICIT-14EB324B5145DBB9,UNRESOLVED_IDENTITY,M0,E0,QUARANTINE_UNTIL_DEFINED,TASK99_MACHINE_TRIAGED_EXPLICIT_QUARANTINE,1,0,0
IMPLICIT-14F423ED22829447,UNRESOLVED_IDENTITY,M0,E0,QUARANTINE_UNTIL_DEFINED,TASK99_MACHINE_TRIAGED_EXPLICIT_QUARANTINE,1,0,0
IMPLICIT-14F4EA70B6EEA4CD,ALGORITHM_OR_WORKFLOW,M1,E0,KEEP_AS_ALGORITHM,TASK99_REPOSITORY_EVIDENCE_ADJUDICATED,1,0,0
IMPLICIT-151152E5DB499CD7,UNRESOLVED_IDENTITY,M0,E0,QUARANTINE_UNTIL_DEFINED,TASK99_MACHINE_TRIAGED_EXPLICIT_QUARANTINE,1,0,0
IMPLICIT-1519C4A3ECF3F3E7,UNRESOLVED_IDENTITY,M0,E0,QUARANTINE_UNTIL_DEFINED,TASK99_MACHINE_TRIAGED_EXPLICIT_QUARANTINE,1,0,0
IMPLICIT-154A5FFBC4B59D67,UNRESOLVED_IDENTITY,M0,E0,QUARANTINE_UNTIL_DEFINED,TASK99_MACHINE_TRIAGED_EXPLICIT_QUARANTINE,1,0,0
IMPLICIT-154E551763D4B0D1,UNRESOLVED_IDENTITY,M0,E0,QUARANTINE_UNTIL_DEFINED,TASK99_MACHINE_TRIAGED_EXPLICIT_QUARANTINE,1,0,0
IMPLICIT-156CC52147339EE2,UNRESOLVED_IDENTITY,M0,E0,QUARANTINE_UNTIL_DEFINED,TASK99_MACHINE_TRIAGED_EXPLICIT_QUARANTINE,1,0,0
IMPLICIT-157B32E131A3B1EC,UNRESOLVED_IDENTITY,M0,E0,QUARANTINE_UNTIL_DEFINED,TASK99_MACHINE_TRIAGED_EXPLICIT_QUARANTINE,1,0,0
IMPLICIT-157C070BE95D0EE5,UNRESOLVED_IDENTITY,M0,E0,QUARANTINE_UNTIL_DEFINED,TASK99_MACHINE_TRIAGED_EXPLICIT_QUARANTINE,1,0,0
IMPLICIT-158E3BA5A01DCB9D,UNRESOLVED_IDENTITY,M0,E0,QUARANTINE_UNTIL_DEFINED,TASK99_MACHINE_TRIAGED_EXPLICIT_QUARANTINE,1,0,0
IMPLICIT-15C42255B1353C73,UNRESOLVED_IDENTITY,M0,E0,QUARANTINE_UNTIL_DEFINED,TASK99_MACHINE_TRIAGED_EXPLICIT_QUARANTINE,1,0,0
IMPLICIT-15E20F62322A4629,UNRESOLVED_IDENTITY,M0,E0,QUARANTINE_UNTIL_DEFINED,TASK99_MACHINE_TRIAGED_EXPLICIT_QUARANTINE,1,0,0
IMPLICIT-15EDDF7A16471327,UNRESOLVED_IDENTITY,M0,E0,QUARANTINE_UNTIL_DEFINED,TASK99_MACHINE_TRIAGED_EXPLICIT_QUARANTINE,1,0,0
IMPLICIT-16196EEEA9D2AA76,UNRESOLVED_IDENTITY,M0,E0,QUARANTINE_UNTIL_DEFINED,TASK99_MACHINE_TRIAGED_EXPLICIT_QUARANTINE,1,0,0
IMPLICIT-161F770068EB5603,ALGORITHM_OR_WORKFLOW,M2,E0,KEEP_AS_ALGORITHM,TASK99_REPOSITORY_EVIDENCE_ADJUDICATED,1,0,0
IMPLICIT-16217B712706C39C,ALGORITHM_OR_WORKFLOW,M1,E0,KEEP_AS_ALGORITHM,TASK99_REPOSITORY_EVIDENCE_ADJUDICATED,1,0,0
IMPLICIT-163309D95418595A,UNRESOLVED_IDENTITY,M0,E0,QUARANTINE_UNTIL_DEFINED,TASK99_MACHINE_TRIAGED_EXPLICIT_QUARANTINE,1,0,0
IMPLICIT-1647FD700E719A64,UNRESOLVED_IDENTITY,M0,E0,QUARANTINE_UNTIL_DEFINED,TASK99_MACHINE_TRIAGED_EXPLICIT_QUARANTINE,1,0,0
IMPLICIT-1654C21C52E84FEE,UNRESOLVED_IDENTITY,M0,E0,QUARANTINE_UNTIL_DEFINED,TASK99_MACHINE_TRIAGED_EXPLICIT_QUARANTINE,1,0,0
IMPLICIT-166E2D4E48DAF86D,UNRESOLVED_IDENTITY,M0,E0,QUARANTINE_UNTIL_DEFINED,TASK99_MACHINE_TRIAGED_EXPLICIT_QUARANTINE,1,0,0
IMPLICIT-1680890412262BC3,UNRESOLVED_IDENTITY,M0,E0,QUARANTINE_UNTIL_DEFINED,TASK99_MACHINE_TRIAGED_EXPLICIT_QUARANTINE,1,0,0
IMPLICIT-1687FF3186AF9DD2,UNRESOLVED_IDENTITY,M0,E0,QUARANTINE_UNTIL_DEFINED,TASK99_MACHINE_TRIAGED_EXPLICIT_QUARANTINE,1,0,0
IMPLICIT-16C546E93673729D,UNRESOLVED_IDENTITY,M0,E0,QUARANTINE_UNTIL_DEFINED,TASK99_MACHINE_TRIAGED_EXPLICIT_QUARANTINE,1,0,0
IMPLICIT-16CD87E88B2C15BB,UNRESOLVED_IDENTITY,M0,E0,QUARANTINE_UNTIL_DEFINED,TASK99_MACHINE_TRIAGED_EXPLICIT_QUARANTINE,1,0,0
IMPLICIT-16CE526E67C99081,ALGORITHM_OR_WORKFLOW,M1,E0,KEEP_AS_ALGORITHM,TASK99_REPOSITORY_EVIDENCE_ADJUDICATED,1,0,0
IMPLICIT-16D49D6FCBE5DB92,UNRESOLVED_IDENTITY,M0,E0,QUARANTINE_UNTIL_DEFINED,TASK99_MACHINE_TRIAGED_EXPLICIT_QUARANTINE,1,0,0
IMPLICIT-16DBE9F538087AC4,UNRESOLVED_IDENTITY,M0,E0,QUARANTINE_UNTIL_DEFINED,TASK99_MACHINE_TRIAGED_EXPLICIT_QUARANTINE,1,0,0
IMPLICIT-16F5FD4BC3AF749D,UNRESOLVED_IDENTITY,M0,E0,QUARANTINE_UNTIL_DEFINED,TASK99_MACHINE_TRIAGED_EXPLICIT_QUARANTINE,1,0,0
IMPLICIT-17058CD804194D91,UNRESOLVED_IDENTITY,M0,E0,QUARANTINE_UNTIL_DEFINED,TASK99_MACHINE_TRIAGED_EXPLICIT_QUARANTINE,1,0,0
IMPLICIT-170A69C13E4B1FF2,UNRESOLVED_IDENTITY,M0,E0,QUARANTINE_UNTIL_DEFINED,TASK99_MACHINE_TRIAGED_EXPLICIT_QUARANTINE,1,0,0
IMPLICIT-170ED17891544D42,UNRESOLVED_IDENTITY,M0,E0,QUARANTINE_UNTIL_DEFINED,TASK99_MACHINE_TRIAGED_EXPLICIT_QUARANTINE,1,0,0
IMPLICIT-1711B736B3E8AE14,ALGORITHM_OR_WORKFLOW,M1,E0,KEEP_AS_ALGORITHM,TASK99_REPOSITORY_EVIDENCE_ADJUDICATED,1,0,0
IMPLICIT-1717F43F911A4CE2,ALGORITHM_OR_WORKFLOW,M1,E0,KEEP_AS_ALGORITHM,TASK99_REPOSITORY_EVIDENCE_ADJUDICATED,1,0,0
IMPLICIT-1730E0BDE027CE0A,ALGORITHM_OR_WORKFLOW,M1,E0,KEEP_AS_ALGORITHM,TASK99_REPOSITORY_EVIDENCE_ADJUDICATED,1,0,0
IMPLICIT-174E36F3415C91F4,UNRESOLVED_IDENTITY,M0,E0,QUARANTINE_UNTIL_DEFINED,TASK99_MACHINE_TRIAGED_EXPLICIT_QUARANTINE,1,0,0
IMPLICIT-1759BA0502D2F340,UNRESOLVED_IDENTITY,M0,E0,QUARANTINE_UNTIL_DEFINED,TASK99_MACHINE_TRIAGED_EXPLICIT_QUARANTINE,1,0,0
IMPLICIT-177321658A1A3472,UNRESOLVED_IDENTITY,M0,E0,QUARANTINE_UNTIL_DEFINED,TASK99_MACHINE_TRIAGED_EXPLICIT_QUARANTINE,1,0,0
IMPLICIT-17814EBEAEAC6F25,UNRESOLVED_IDENTITY,M0,E0,QUARANTINE_UNTIL_DEFINED,TASK99_MACHINE_TRIAGED_EXPLICIT_QUARANTINE,1,0,0
IMPLICIT-17934D5A1A705744,ALGORITHM_OR_WORKFLOW,M1,E0,KEEP_AS_ALGORITHM,TASK99_REPOSITORY_EVIDENCE_ADJUDICATED,1,0,0
IMPLICIT-17B50A9E1993DE96,UNRESOLVED_IDENTITY,M0,E0,QUARANTINE_UNTIL_DEFINED,TASK99_MACHINE_TRIAGED_EXPLICIT_QUARANTINE,1,0,0
IMPLICIT-17C28CCDAF92C6A5,ALGORITHM_OR_WORKFLOW,M2,E0,KEEP_AS_ALGORITHM,TASK99_REPOSITORY_EVIDENCE_ADJUDICATED,1,0,0
IMPLICIT-17D44A27AD735E05,ALGORITHM_OR_WORKFLOW,M1,E0,KEEP_AS_ALGORITHM,TASK99_REPOSITORY_EVIDENCE_ADJUDICATED,1,0,0
IMPLICIT-17D72D2637E189C2,ALGORITHM_OR_WORKFLOW,M1,E0,KEEP_AS_ALGORITHM,TASK99_REPOSITORY_EVIDENCE_ADJUDICATED,1,0,0
IMPLICIT-17F14D86745A5FF9,UNRESOLVED_IDENTITY,M0,E0,QUARANTINE_UNTIL_DEFINED,TASK99_MACHINE_TRIAGED_EXPLICIT_QUARANTINE,1,0,0
IMPLICIT-18338F04864AF31F,UNRESOLVED_IDENTITY,M0,E0,QUARANTINE_UNTIL_DEFINED,TASK99_MACHINE_TRIAGED_EXPLICIT_QUARANTINE,1,0,0
IMPLICIT-1833BC33A91BEE94,ALGORITHM_OR_WORKFLOW,M1,E0,KEEP_AS_ALGORITHM,TASK99_REPOSITORY_EVIDENCE_ADJUDICATED,1,0,0
IMPLICIT-1840559EDF971BC9,UNRESOLVED_IDENTITY,M0,E0,QUARANTINE_UNTIL_DEFINED,TASK99_MACHINE_TRIAGED_EXPLICIT_QUARANTINE,1,0,0
IMPLICIT-1840B7314CE2D16F,UNRESOLVED_IDENTITY,M0,E0,QUARANTINE_UNTIL_DEFINED,TASK99_MACHINE_TRIAGED_EXPLICIT_QUARANTINE,1,0,0
IMPLICIT-1852A3ABDD2DEB44,UNRESOLVED_IDENTITY,M0,E0,QUARANTINE_UNTIL_DEFINED,TASK99_MACHINE_TRIAGED_EXPLICIT_QUARANTINE,1,0,0
IMPLICIT-1855309D926A33A7,UNRESOLVED_IDENTITY,M0,E0,QUARANTINE_UNTIL_DEFINED,TASK99_MACHINE_TRIAGED_EXPLICIT_QUARANTINE,1,0,0
IMPLICIT-1859750D2539B98B,UNRESOLVED_IDENTITY,M0,E0,QUARANTINE_UNTIL_DEFINED,TASK99_MACHINE_TRIAGED_EXPLICIT_QUARANTINE,1,0,0
IMPLICIT-18679F9BB52339E1,UNRESOLVED_IDENTITY,M0,E0,QUARANTINE_UNTIL_DEFINED,TASK99_MACHINE_TRIAGED_EXPLICIT_QUARANTINE,1,0,0
IMPLICIT-186C1ACFD0D03162,UNRESOLVED_IDENTITY,M0,E0,QUARANTINE_UNTIL_DEFINED,TASK99_MACHINE_TRIAGED_EXPLICIT_QUARANTINE,1,0,0
IMPLICIT-186DD3CA0C33FDB8,UNRESOLVED_IDENTITY,M0,E0,QUARANTINE_UNTIL_DEFINED,TASK99_MACHINE_TRIAGED_EXPLICIT_QUARANTINE,1,0,0
IMPLICIT-187B8DF262981D3C,UNRESOLVED_IDENTITY,M0,E0,QUARANTINE_UNTIL_DEFINED,TASK99_MACHINE_TRIAGED_EXPLICIT_QUARANTINE,1,0,0
IMPLICIT-1890F4C25D2315FC,UNRESOLVED_IDENTITY,M0,E0,QUARANTINE_UNTIL_DEFINED,TASK99_MACHINE_TRIAGED_EXPLICIT_QUARANTINE,1,0,0
IMPLICIT-18B50060008D91B2,UNRESOLVED_IDENTITY,M0,E0,QUARANTINE_UNTIL_DEFINED,TASK99_MACHINE_TRIAGED_EXPLICIT_QUARANTINE,1,0,0
IMPLICIT-18C5854EE508AECC,ALGORITHM_OR_WORKFLOW,M1,E0,KEEP_AS_ALGORITHM,TASK99_REPOSITORY_EVIDENCE_ADJUDICATED,1,0,0
IMPLICIT-18DEE6B7E58AE8A2,UNRESOLVED_IDENTITY,M0,E0,QUARANTINE_UNTIL_DEFINED,TASK99_MACHINE_TRIAGED_EXPLICIT_QUARANTINE,1,0,0
IMPLICIT-18E2027D128A5BEC,ALGORITHM_OR_WORKFLOW,M1,E0,KEEP_AS_ALGORITHM,TASK99_REPOSITORY_EVIDENCE_ADJUDICATED,1,0,0
IMPLICIT-18FB3299803A8AA0,UNRESOLVED_IDENTITY,M0,E0,QUARANTINE_UNTIL_DEFINED,TASK99_MACHINE_TRIAGED_EXPLICIT_QUARANTINE,1,0,0
IMPLICIT-18FBED247D16439B,UNRESOLVED_IDENTITY,M0,E0,QUARANTINE_UNTIL_DEFINED,TASK99_MACHINE_TRIAGED_EXPLICIT_QUARANTINE,1,0,0
IMPLICIT-192293273AC6A10E,UNRESOLVED_IDENTITY,M0,E0,QUARANTINE_UNTIL_DEFINED,TASK99_MACHINE_TRIAGED_EXPLICIT_QUARANTINE,1,0,0
IMPLICIT-1923B208C2EEEAB0,UNRESOLVED_IDENTITY,M0,E0,QUARANTINE_UNTIL_DEFINED,TASK99_MACHINE_TRIAGED_EXPLICIT_QUARANTINE,1,0,0
IMPLICIT-192B07E1D16CD35F,UNRESOLVED_IDENTITY,M0,E0,QUARANTINE_UNTIL_DEFINED,TASK99_MACHINE_TRIAGED_EXPLICIT_QUARANTINE,1,0,0
IMPLICIT-1931C936A0984C15,UNRESOLVED_IDENTITY,M0,E0,QUARANTINE_UNTIL_DEFINED,TASK99_MACHINE_TRIAGED_EXPLICIT_QUARANTINE,1,0,0
IMPLICIT-193927561922E5AD,UNRESOLVED_IDENTITY,M0,E0,QUARANTINE_UNTIL_DEFINED,TASK99_MACHINE_TRIAGED_EXPLICIT_QUARANTINE,1,0,0
IMPLICIT-195CC0695B3150D4,UNRESOLVED_IDENTITY,M0,E0,QUARANTINE_UNTIL_DEFINED,TASK99_MACHINE_TRIAGED_EXPLICIT_QUARANTINE,1,0,0
IMPLICIT-196E4C750C724D44,UNRESOLVED_IDENTITY,M0,E0,QUARANTINE_UNTIL_DEFINED,TASK99_MACHINE_TRIAGED_EXPLICIT_QUARANTINE,1,0,0
IMPLICIT-198FA006CBEE09C9,UNRESOLVED_IDENTITY,M0,E0,QUARANTINE_UNTIL_DEFINED,TASK99_MACHINE_TRIAGED_EXPLICIT_QUARANTINE,1,0,0
IMPLICIT-1994A619ECD95A90,UNRESOLVED_IDENTITY,M0,E0,QUARANTINE_UNTIL_DEFINED,TASK99_MACHINE_TRIAGED_EXPLICIT_QUARANTINE,1,0,0
IMPLICIT-19B5898D14D6F1D6,UNRESOLVED_IDENTITY,M0,E0,QUARANTINE_UNTIL_DEFINED,TASK99_MACHINE_TRIAGED_EXPLICIT_QUARANTINE,1,0,0
IMPLICIT-19C6862B1C63FC85,UNRESOLVED_IDENTITY,M0,E0,QUARANTINE_UNTIL_DEFINED,TASK99_MACHINE_TRIAGED_EXPLICIT_QUARANTINE,1,0,0
IMPLICIT-19E160B277A8A803,UNRESOLVED_IDENTITY,M0,E0,QUARANTINE_UNTIL_DEFINED,TASK99_MACHINE_TRIAGED_EXPLICIT_QUARANTINE,1,0,0
IMPLICIT-19E4A683F5E8893A,UNRESOLVED_IDENTITY,M0,E0,QUARANTINE_UNTIL_DEFINED,TASK99_MACHINE_TRIAGED_EXPLICIT_QUARANTINE,1,0,0
IMPLICIT-19E71FC331260B5F,UNRESOLVED_IDENTITY,M0,E0,QUARANTINE_UNTIL_DEFINED,TASK99_MACHINE_TRIAGED_EXPLICIT_QUARANTINE,1,0,0
IMPLICIT-19EA2A532AC172EC,UNRESOLVED_IDENTITY,M0,E0,QUARANTINE_UNTIL_DEFINED,TASK99_MACHINE_TRIAGED_EXPLICIT_QUARANTINE,1,0,0
IMPLICIT-19FE31416A5D8FA7,ALGORITHM_OR_WORKFLOW,M1,E0,KEEP_AS_ALGORITHM,TASK99_REPOSITORY_EVIDENCE_ADJUDICATED,1,0,0
IMPLICIT-1A19B4AAE355B973,UNRESOLVED_IDENTITY,M0,E0,QUARANTINE_UNTIL_DEFINED,TASK99_MACHINE_TRIAGED_EXPLICIT_QUARANTINE,1,0,0
IMPLICIT-1A21A9B63FD8B00B,ALGORITHM_OR_WORKFLOW,M2,E0,KEEP_AS_ALGORITHM,TASK99_REPOSITORY_EVIDENCE_ADJUDICATED,1,0,0
IMPLICIT-1A41B86C03C2EF4A,UNRESOLVED_IDENTITY,M0,E0,QUARANTINE_UNTIL_DEFINED,TASK99_MACHINE_TRIAGED_EXPLICIT_QUARANTINE,1,0,0
IMPLICIT-1A50EE66C2111D4B,UNRESOLVED_IDENTITY,M0,E0,QUARANTINE_UNTIL_DEFINED,TASK99_MACHINE_TRIAGED_EXPLICIT_QUARANTINE,1,0,0
IMPLICIT-1A6450F408CA6D9A,UNRESOLVED_IDENTITY,M0,E0,QUARANTINE_UNTIL_DEFINED,TASK99_MACHINE_TRIAGED_EXPLICIT_QUARANTINE,1,0,0
IMPLICIT-1A64B09FA32139E0,UNRESOLVED_IDENTITY,M0,E0,QUARANTINE_UNTIL_DEFINED,TASK99_MACHINE_TRIAGED_EXPLICIT_QUARANTINE,1,0,0
IMPLICIT-1A6919E6543A7092,UNRESOLVED_IDENTITY,M0,E0,QUARANTINE_UNTIL_DEFINED,TASK99_MACHINE_TRIAGED_EXPLICIT_QUARANTINE,1,0,0
IMPLICIT-1A78A4FB9019D575,ALGORITHM_OR_WORKFLOW,M2,E0,KEEP_AS_ALGORITHM,TASK99_REPOSITORY_EVIDENCE_ADJUDICATED,1,0,0
IMPLICIT-1A7CEAB60724F0D1,UNRESOLVED_IDENTITY,M0,E0,QUARANTINE_UNTIL_DEFINED,TASK99_MACHINE_TRIAGED_EXPLICIT_QUARANTINE,1,0,0
IMPLICIT-1A7E46A4E7CBE49D,UNRESOLVED_IDENTITY,M0,E0,QUARANTINE_UNTIL_DEFINED,TASK99_MACHINE_TRIAGED_EXPLICIT_QUARANTINE,1,0,0
IMPLICIT-1A8E0FD752B18D30,UNRESOLVED_IDENTITY,M0,E0,QUARANTINE_UNTIL_DEFINED,TASK99_MACHINE_TRIAGED_EXPLICIT_QUARANTINE,1,0,0
IMPLICIT-1A9DA4161A0E8200,UNRESOLVED_IDENTITY,M0,E0,QUARANTINE_UNTIL_DEFINED,TASK99_MACHINE_TRIAGED_EXPLICIT_QUARANTINE,1,0,0
IMPLICIT-1A9F5FBCF2DCBE4D,UNRESOLVED_IDENTITY,M0,E0,QUARANTINE_UNTIL_DEFINED,TASK99_MACHINE_TRIAGED_EXPLICIT_QUARANTINE,1,0,0
IMPLICIT-1A9FE99FD5980579,UNRESOLVED_IDENTITY,M0,E0,QUARANTINE_UNTIL_DEFINED,TASK99_MACHINE_TRIAGED_EXPLICIT_QUARANTINE,1,0,0
IMPLICIT-1AAF6F9DF4325422,UNRESOLVED_IDENTITY,M0,E0,QUARANTINE_UNTIL_DEFINED,TASK99_MACHINE_TRIAGED_EXPLICIT_QUARANTINE,1,0,0
IMPLICIT-1AB14387EDA383C9,UNRESOLVED_IDENTITY,M0,E0,QUARANTINE_UNTIL_DEFINED,TASK99_MACHINE_TRIAGED_EXPLICIT_QUARANTINE,1,0,0
IMPLICIT-1AB7349A756F48C8,UNRESOLVED_IDENTITY,M0,E0,QUARANTINE_UNTIL_DEFINED,TASK99_MACHINE_TRIAGED_EXPLICIT_QUARANTINE,1,0,0
IMPLICIT-1ABD532BED4833FF,UNRESOLVED_IDENTITY,M0,E0,QUARANTINE_UNTIL_DEFINED,TASK99_MACHINE_TRIAGED_EXPLICIT_QUARANTINE,1,0,0
IMPLICIT-1AC27BE5D47D0F92,UNRESOLVED_IDENTITY,M0,E0,QUARANTINE_UNTIL_DEFINED,TASK99_MACHINE_TRIAGED_EXPLICIT_QUARANTINE,1,0,0
IMPLICIT-1ADE9BAD9CAFA9D9,UNRESOLVED_IDENTITY,M0,E0,QUARANTINE_UNTIL_DEFINED,TASK99_MACHINE_TRIAGED_EXPLICIT_QUARANTINE,1,0,0
IMPLICIT-1AF393FA934AB28C,UNRESOLVED_IDENTITY,M0,E0,QUARANTINE_UNTIL_DEFINED,TASK99_MACHINE_TRIAGED_EXPLICIT_QUARANTINE,1,0,0
IMPLICIT-1AF8108450D4C333,UNRESOLVED_IDENTITY,M0,E0,QUARANTINE_UNTIL_DEFINED,TASK99_MACHINE_TRIAGED_EXPLICIT_QUARANTINE,1,0,0
IMPLICIT-1B00C13FA4D457B7,UNRESOLVED_IDENTITY,M0,E0,QUARANTINE_UNTIL_DEFINED,TASK99_MACHINE_TRIAGED_EXPLICIT_QUARANTINE,1,0,0
IMPLICIT-1B10CB2C4E35C404,UNRESOLVED_IDENTITY,M0,E0,QUARANTINE_UNTIL_DEFINED,TASK99_MACHINE_TRIAGED_EXPLICIT_QUARANTINE,1,0,0
IMPLICIT-1B19D0F63368D65D,ALGORITHM_OR_WORKFLOW,M2,E0,KEEP_AS_ALGORITHM,TASK99_REPOSITORY_EVIDENCE_ADJUDICATED,1,0,0
IMPLICIT-1B492FDC930D571C,UNRESOLVED_IDENTITY,M0,E0,QUARANTINE_UNTIL_DEFINED,TASK99_MACHINE_TRIAGED_EXPLICIT_QUARANTINE,1,0,0
IMPLICIT-1B49A85FA92D3ABB,UNRESOLVED_IDENTITY,M0,E0,QUARANTINE_UNTIL_DEFINED,TASK99_MACHINE_TRIAGED_EXPLICIT_QUARANTINE,1,0,0
IMPLICIT-1B6DCB8E1B0A5B5A,ALGORITHM_OR_WORKFLOW,M1,E0,KEEP_AS_ALGORITHM,TASK99_REPOSITORY_EVIDENCE_ADJUDICATED,1,0,0
IMPLICIT-1B71819D7696343B,ALGORITHM_OR_WORKFLOW,M1,E0,KEEP_AS_ALGORITHM,TASK99_REPOSITORY_EVIDENCE_ADJUDICATED,1,0,0
IMPLICIT-1B770035AA7527EE,ALGORITHM_OR_WORKFLOW,M1,E0,KEEP_AS_ALGORITHM,TASK99_REPOSITORY_EVIDENCE_ADJUDICATED,1,0,0
IMPLICIT-1B7AE05921D44627,UNRESOLVED_IDENTITY,M0,E0,QUARANTINE_UNTIL_DEFINED,TASK99_MACHINE_TRIAGED_EXPLICIT_QUARANTINE,1,0,0
IMPLICIT-1B90455ECF1B878B,UNRESOLVED_IDENTITY,M0,E0,QUARANTINE_UNTIL_DEFINED,TASK99_MACHINE_TRIAGED_EXPLICIT_QUARANTINE,1,0,0
IMPLICIT-1B9B726380C1C0E2,UNRESOLVED_IDENTITY,M0,E0,QUARANTINE_UNTIL_DEFINED,TASK99_MACHINE_TRIAGED_EXPLICIT_QUARANTINE,1,0,0
IMPLICIT-1BA2B336FF173B3E,UNRESOLVED_IDENTITY,M0,E0,QUARANTINE_UNTIL_DEFINED,TASK99_MACHINE_TRIAGED_EXPLICIT_QUARANTINE,1,0,0
IMPLICIT-1BA447C1C4908B43,UNRESOLVED_IDENTITY,M0,E0,QUARANTINE_UNTIL_DEFINED,TASK99_MACHINE_TRIAGED_EXPLICIT_QUARANTINE,1,0,0
IMPLICIT-1BB841CD137A2F25,UNRESOLVED_IDENTITY,M0,E0,QUARANTINE_UNTIL_DEFINED,TASK99_MACHINE_TRIAGED_EXPLICIT_QUARANTINE,1,0,0
IMPLICIT-1BC374215C2FFD30,UNRESOLVED_IDENTITY,M0,E0,QUARANTINE_UNTIL_DEFINED,TASK99_MACHINE_TRIAGED_EXPLICIT_QUARANTINE,1,0,0
IMPLICIT-1BFD98953C255599,ALGORITHM_OR_WORKFLOW,M1,E0,KEEP_AS_ALGORITHM,TASK99_REPOSITORY_EVIDENCE_ADJUDICATED,1,0,0
IMPLICIT-1BFF457BEAB3940A,UNRESOLVED_IDENTITY,M0,E0,QUARANTINE_UNTIL_DEFINED,TASK99_MACHINE_TRIAGED_EXPLICIT_QUARANTINE,1,0,0
IMPLICIT-1C06B327116C1105,ALGORITHM_OR_WORKFLOW,M2,E0,KEEP_AS_ALGORITHM,TASK99_REPOSITORY_EVIDENCE_ADJUDICATED,1,0,0
IMPLICIT-1C0FC62B5E9A75DF,UNRESOLVED_IDENTITY,M0,E0,QUARANTINE_UNTIL_DEFINED,TASK99_MACHINE_TRIAGED_EXPLICIT_QUARANTINE,1,0,0
IMPLICIT-1C1A827A6069D3CA,UNRESOLVED_IDENTITY,M0,E0,QUARANTINE_UNTIL_DEFINED,TASK99_MACHINE_TRIAGED_EXPLICIT_QUARANTINE,1,0,0
IMPLICIT-1C1D377FE74983C4,UNRESOLVED_IDENTITY,M0,E0,QUARANTINE_UNTIL_DEFINED,TASK99_MACHINE_TRIAGED_EXPLICIT_QUARANTINE,1,0,0
IMPLICIT-1C3B0A0A9CAC60C5,ALGORITHM_OR_WORKFLOW,M1,E0,KEEP_AS_ALGORITHM,TASK99_REPOSITORY_EVIDENCE_ADJUDICATED,1,0,0
IMPLICIT-1C3CA443B45D6963,UNRESOLVED_IDENTITY,M0,E0,QUARANTINE_UNTIL_DEFINED,TASK99_MACHINE_TRIAGED_EXPLICIT_QUARANTINE,1,0,0
IMPLICIT-1C57BF2F14491749,ALGORITHM_OR_WORKFLOW,M1,E0,KEEP_AS_ALGORITHM,TASK99_REPOSITORY_EVIDENCE_ADJUDICATED,1,0,0
IMPLICIT-1C59B6B9324EDCE3,UNRESOLVED_IDENTITY,M0,E0,QUARANTINE_UNTIL_DEFINED,TASK99_MACHINE_TRIAGED_EXPLICIT_QUARANTINE,1,0,0
IMPLICIT-1C63DA5BFC2B7443,ALGORITHM_OR_WORKFLOW,M1,E0,KEEP_AS_ALGORITHM,TASK99_REPOSITORY_EVIDENCE_ADJUDICATED,1,0,0
IMPLICIT-1C7A22EB21C06E01,UNRESOLVED_IDENTITY,M0,E0,QUARANTINE_UNTIL_DEFINED,TASK99_MACHINE_TRIAGED_EXPLICIT_QUARANTINE,1,0,0
IMPLICIT-1CA6548E2983CCD5,UNRESOLVED_IDENTITY,M0,E0,QUARANTINE_UNTIL_DEFINED,TASK99_MACHINE_TRIAGED_EXPLICIT_QUARANTINE,1,0,0
IMPLICIT-1CC9823C5B87C91E,UNRESOLVED_IDENTITY,M0,E0,QUARANTINE_UNTIL_DEFINED,TASK99_MACHINE_TRIAGED_EXPLICIT_QUARANTINE,1,0,0
IMPLICIT-1CFE1D79A4E968CD,ALGORITHM_OR_WORKFLOW,M1,E0,KEEP_AS_ALGORITHM,TASK99_REPOSITORY_EVIDENCE_ADJUDICATED,1,0,0
IMPLICIT-1D1C7BF538820B1C,UNRESOLVED_IDENTITY,M0,E0,QUARANTINE_UNTIL_DEFINED,TASK99_MACHINE_TRIAGED_EXPLICIT_QUARANTINE,1,0,0
IMPLICIT-1D1DCFD3AC5843AD,UNRESOLVED_IDENTITY,M0,E0,QUARANTINE_UNTIL_DEFINED,TASK99_MACHINE_TRIAGED_EXPLICIT_QUARANTINE,1,0,0
IMPLICIT-1D3E52A3AD45F0DC,UNRESOLVED_IDENTITY,M0,E0,QUARANTINE_UNTIL_DEFINED,TASK99_MACHINE_TRIAGED_EXPLICIT_QUARANTINE,1,0,0
IMPLICIT-1D4D5C437D818129,UNRESOLVED_IDENTITY,M0,E0,QUARANTINE_UNTIL_DEFINED,TASK99_MACHINE_TRIAGED_EXPLICIT_QUARANTINE,1,0,0
IMPLICIT-1D67331BDA699B53,UNRESOLVED_IDENTITY,M0,E0,QUARANTINE_UNTIL_DEFINED,TASK99_MACHINE_TRIAGED_EXPLICIT_QUARANTINE,1,0,0
IMPLICIT-1D6E525807771ED3,UNRESOLVED_IDENTITY,M0,E0,QUARANTINE_UNTIL_DEFINED,TASK99_MACHINE_TRIAGED_EXPLICIT_QUARANTINE,1,0,0
IMPLICIT-1D74E42E5436041A,UNRESOLVED_IDENTITY,M0,E0,QUARANTINE_UNTIL_DEFINED,TASK99_MACHINE_TRIAGED_EXPLICIT_QUARANTINE,1,0,0
IMPLICIT-1D7B2E27020AFAAD,UNRESOLVED_IDENTITY,M0,E0,QUARANTINE_UNTIL_DEFINED,TASK99_MACHINE_TRIAGED_EXPLICIT_QUARANTINE,1,0,0
IMPLICIT-1D88640DAB31B8B8,UNRESOLVED_IDENTITY,M0,E0,QUARANTINE_UNTIL_DEFINED,TASK99_MACHINE_TRIAGED_EXPLICIT_QUARANTINE,1,0,0
IMPLICIT-1DA7609B7FC0D532,ALGORITHM_OR_WORKFLOW,M2,E0,KEEP_AS_ALGORITHM,TASK99_REPOSITORY_EVIDENCE_ADJUDICATED,1,0,0
IMPLICIT-1DB51BC444DB3B9D,UNRESOLVED_IDENTITY,M0,E0,QUARANTINE_UNTIL_DEFINED,TASK99_MACHINE_TRIAGED_EXPLICIT_QUARANTINE,1,0,0
IMPLICIT-1DBB05DFE23AE2A5,ALGORITHM_OR_WORKFLOW,M1,E0,KEEP_AS_ALGORITHM,TASK99_REPOSITORY_EVIDENCE_ADJUDICATED,1,0,0
IMPLICIT-1DD3555656425714,UNRESOLVED_IDENTITY,M0,E0,QUARANTINE_UNTIL_DEFINED,TASK99_MACHINE_TRIAGED_EXPLICIT_QUARANTINE,1,0,0
IMPLICIT-1DE0E55C89738A4A,UNRESOLVED_IDENTITY,M0,E0,QUARANTINE_UNTIL_DEFINED,TASK99_MACHINE_TRIAGED_EXPLICIT_QUARANTINE,1,0,0
IMPLICIT-1DE20CCA0629C92C,UNRESOLVED_IDENTITY,M0,E0,QUARANTINE_UNTIL_DEFINED,TASK99_MACHINE_TRIAGED_EXPLICIT_QUARANTINE,1,0,0
IMPLICIT-1DF14CD51FF5495C,UNRESOLVED_IDENTITY,M0,E0,QUARANTINE_UNTIL_DEFINED,TASK99_MACHINE_TRIAGED_EXPLICIT_QUARANTINE,1,0,0
IMPLICIT-1E07ADA1B015DE2B,UNRESOLVED_IDENTITY,M0,E0,QUARANTINE_UNTIL_DEFINED,TASK99_MACHINE_TRIAGED_EXPLICIT_QUARANTINE,1,0,0
IMPLICIT-1E16627F9EC8FA4A,UNRESOLVED_IDENTITY,M0,E0,QUARANTINE_UNTIL_DEFINED,TASK99_MACHINE_TRIAGED_EXPLICIT_QUARANTINE,1,0,0
IMPLICIT-1E2BF745D42620E2,UNRESOLVED_IDENTITY,M0,E0,QUARANTINE_UNTIL_DEFINED,TASK99_MACHINE_TRIAGED_EXPLICIT_QUARANTINE,1,0,0
IMPLICIT-1E2EA04E13677A55,UNRESOLVED_IDENTITY,M0,E0,QUARANTINE_UNTIL_DEFINED,TASK99_MACHINE_TRIAGED_EXPLICIT_QUARANTINE,1,0,0
IMPLICIT-1E3CC1E81F0B5F62,UNRESOLVED_IDENTITY,M0,E0,QUARANTINE_UNTIL_DEFINED,TASK99_MACHINE_TRIAGED_EXPLICIT_QUARANTINE,1,0,0
IMPLICIT-1E54F613186CDAE7,UNRESOLVED_IDENTITY,M0,E0,QUARANTINE_UNTIL_DEFINED,TASK99_MACHINE_TRIAGED_EXPLICIT_QUARANTINE,1,0,0
IMPLICIT-1E5E6092B97A50D5,UNRESOLVED_IDENTITY,M0,E0,QUARANTINE_UNTIL_DEFINED,TASK99_MACHINE_TRIAGED_EXPLICIT_QUARANTINE,1,0,0
IMPLICIT-1E6519F7F2B43419,ALGORITHM_OR_WORKFLOW,M1,E0,KEEP_AS_ALGORITHM,TASK99_REPOSITORY_EVIDENCE_ADJUDICATED,1,0,0
IMPLICIT-1E685A4FF2032703,ALGORITHM_OR_WORKFLOW,M1,E0,KEEP_AS_ALGORITHM,TASK99_REPOSITORY_EVIDENCE_ADJUDICATED,1,0,0
IMPLICIT-1E6FC09756B7EC8B,UNRESOLVED_IDENTITY,M0,E0,QUARANTINE_UNTIL_DEFINED,TASK99_MACHINE_TRIAGED_EXPLICIT_QUARANTINE,1,0,0
IMPLICIT-1E786BFD70AC681B,ALGORITHM_OR_WORKFLOW,M2,E0,KEEP_AS_ALGORITHM,TASK99_REPOSITORY_EVIDENCE_ADJUDICATED,1,0,0
IMPLICIT-1E7D64BE22576E59,UNRESOLVED_IDENTITY,M0,E0,QUARANTINE_UNTIL_DEFINED,TASK99_MACHINE_TRIAGED_EXPLICIT_QUARANTINE,1,0,0
IMPLICIT-1E80605A9F1A5C36,UNRESOLVED_IDENTITY,M0,E0,QUARANTINE_UNTIL_DEFINED,TASK99_MACHINE_TRIAGED_EXPLICIT_QUARANTINE,1,0,0
IMPLICIT-1E8D6F158AEC013F,UNRESOLVED_IDENTITY,M0,E0,QUARANTINE_UNTIL_DEFINED,TASK99_MACHINE_TRIAGED_EXPLICIT_QUARANTINE,1,0,0
IMPLICIT-1EA70860BD521543,UNRESOLVED_IDENTITY,M0,E0,QUARANTINE_UNTIL_DEFINED,TASK99_MACHINE_TRIAGED_EXPLICIT_QUARANTINE,1,0,0
IMPLICIT-1EC4CFF48D305FB7,UNRESOLVED_IDENTITY,M0,E0,QUARANTINE_UNTIL_DEFINED,TASK99_MACHINE_TRIAGED_EXPLICIT_QUARANTINE,1,0,0
IMPLICIT-1EE77EAC305E6C6E,UNRESOLVED_IDENTITY,M0,E0,QUARANTINE_UNTIL_DEFINED,TASK99_MACHINE_TRIAGED_EXPLICIT_QUARANTINE,1,0,0
IMPLICIT-1EFADE081A6280E8,UNRESOLVED_IDENTITY,M0,E0,QUARANTINE_UNTIL_DEFINED,TASK99_MACHINE_TRIAGED_EXPLICIT_QUARANTINE,1,0,0
IMPLICIT-1F01489E460501F5,UNRESOLVED_IDENTITY,M0,E0,QUARANTINE_UNTIL_DEFINED,TASK99_MACHINE_TRIAGED_EXPLICIT_QUARANTINE,1,0,0
IMPLICIT-1F2D5D663A7CE165,ALGORITHM_OR_WORKFLOW,M2,E0,KEEP_AS_ALGORITHM,TASK99_REPOSITORY_EVIDENCE_ADJUDICATED,1,0,0
IMPLICIT-1F35A79F8B6C7027,UNRESOLVED_IDENTITY,M0,E0,QUARANTINE_UNTIL_DEFINED,TASK99_MACHINE_TRIAGED_EXPLICIT_QUARANTINE,1,0,0
IMPLICIT-1F41909AB41A1E5E,UNRESOLVED_IDENTITY,M0,E0,QUARANTINE_UNTIL_DEFINED,TASK99_MACHINE_TRIAGED_EXPLICIT_QUARANTINE,1,0,0
IMPLICIT-1F425D5F4EA8358B,UNRESOLVED_IDENTITY,M0,E0,QUARANTINE_UNTIL_DEFINED,TASK99_MACHINE_TRIAGED_EXPLICIT_QUARANTINE,1,0,0
IMPLICIT-1F473F56B4B0DBF1,UNRESOLVED_IDENTITY,M0,E0,QUARANTINE_UNTIL_DEFINED,TASK99_MACHINE_TRIAGED_EXPLICIT_QUARANTINE,1,0,0
IMPLICIT-1F642D4ED1423F42,UNRESOLVED_IDENTITY,M0,E0,QUARANTINE_UNTIL_DEFINED,TASK99_MACHINE_TRIAGED_EXPLICIT_QUARANTINE,1,0,0
IMPLICIT-1F7D365C26B98346,UNRESOLVED_IDENTITY,M0,E0,QUARANTINE_UNTIL_DEFINED,TASK99_MACHINE_TRIAGED_EXPLICIT_QUARANTINE,1,0,0
IMPLICIT-1F7D68FA35F3677D,UNRESOLVED_IDENTITY,M0,E0,QUARANTINE_UNTIL_DEFINED,TASK99_MACHINE_TRIAGED_EXPLICIT_QUARANTINE,1,0,0
IMPLICIT-1F7FDB820F19CF5D,UNRESOLVED_IDENTITY,M0,E0,QUARANTINE_UNTIL_DEFINED,TASK99_MACHINE_TRIAGED_EXPLICIT_QUARANTINE,1,0,0
IMPLICIT-1F97448D194F55DB,UNRESOLVED_IDENTITY,M0,E0,QUARANTINE_UNTIL_DEFINED,TASK99_MACHINE_TRIAGED_EXPLICIT_QUARANTINE,1,0,0
IMPLICIT-1FBDE2A39EBFA4D8,UNRESOLVED_IDENTITY,M0,E0,QUARANTINE_UNTIL_DEFINED,TASK99_MACHINE_TRIAGED_EXPLICIT_QUARANTINE,1,0,0
IMPLICIT-1FC9F7139155E105,UNRESOLVED_IDENTITY,M0,E0,QUARANTINE_UNTIL_DEFINED,TASK99_MACHINE_TRIAGED_EXPLICIT_QUARANTINE,1,0,0
IMPLICIT-1FCA26E9A7E07EFB,ALGORITHM_OR_WORKFLOW,M1,E0,KEEP_AS_ALGORITHM,TASK99_REPOSITORY_EVIDENCE_ADJUDICATED,1,0,0
IMPLICIT-1FD16E487EA4E24C,UNRESOLVED_IDENTITY,M0,E0,QUARANTINE_UNTIL_DEFINED,TASK99_MACHINE_TRIAGED_EXPLICIT_QUARANTINE,1,0,0
IMPLICIT-1FD8F1EFCAC043AE,UNRESOLVED_IDENTITY,M0,E0,QUARANTINE_UNTIL_DEFINED,TASK99_MACHINE_TRIAGED_EXPLICIT_QUARANTINE,1,0,0
IMPLICIT-1FDAEE0F304C87F0,UNRESOLVED_IDENTITY,M0,E0,QUARANTINE_UNTIL_DEFINED,TASK99_MACHINE_TRIAGED_EXPLICIT_QUARANTINE,1,0,0
IMPLICIT-1FE024FC55111479,UNRESOLVED_IDENTITY,M0,E0,QUARANTINE_UNTIL_DEFINED,TASK99_MACHINE_TRIAGED_EXPLICIT_QUARANTINE,1,0,0
IMPLICIT-1FFA7A65FC0F169E,UNRESOLVED_IDENTITY,M0,E0,QUARANTINE_UNTIL_DEFINED,TASK99_MACHINE_TRIAGED_EXPLICIT_QUARANTINE,1,0,0
IMPLICIT-200235AA2749624E,UNRESOLVED_IDENTITY,M0,E0,QUARANTINE_UNTIL_DEFINED,TASK99_MACHINE_TRIAGED_EXPLICIT_QUARANTINE,1,0,0
IMPLICIT-2002AA1824B04F5C,UNRESOLVED_IDENTITY,M0,E0,QUARANTINE_UNTIL_DEFINED,TASK99_MACHINE_TRIAGED_EXPLICIT_QUARANTINE,1,0,0
IMPLICIT-200508BDB3DF10B0,ALGORITHM_OR_WORKFLOW,M1,E0,KEEP_AS_ALGORITHM,TASK99_REPOSITORY_EVIDENCE_ADJUDICATED,1,0,0
IMPLICIT-20063319D3E131C1,UNRESOLVED_IDENTITY,M0,E0,QUARANTINE_UNTIL_DEFINED,TASK99_MACHINE_TRIAGED_EXPLICIT_QUARANTINE,1,0,0
IMPLICIT-2007537751A3736C,UNRESOLVED_IDENTITY,M0,E0,QUARANTINE_UNTIL_DEFINED,TASK99_MACHINE_TRIAGED_EXPLICIT_QUARANTINE,1,0,0
IMPLICIT-20192533F2ADCE0C,UNRESOLVED_IDENTITY,M0,E0,QUARANTINE_UNTIL_DEFINED,TASK99_MACHINE_TRIAGED_EXPLICIT_QUARANTINE,1,0,0
IMPLICIT-201DCADADA7DC40A,UNRESOLVED_IDENTITY,M0,E0,QUARANTINE_UNTIL_DEFINED,TASK99_MACHINE_TRIAGED_EXPLICIT_QUARANTINE,1,0,0
IMPLICIT-20384AA5DBB7B4A2,ALGORITHM_OR_WORKFLOW,M1,E0,KEEP_AS_ALGORITHM,TASK99_REPOSITORY_EVIDENCE_ADJUDICATED,1,0,0
IMPLICIT-203F769EE0473548,UNRESOLVED_IDENTITY,M0,E0,QUARANTINE_UNTIL_DEFINED,TASK99_MACHINE_TRIAGED_EXPLICIT_QUARANTINE,1,0,0
IMPLICIT-204ECB096A692A2F,ALGORITHM_OR_WORKFLOW,M1,E0,KEEP_AS_ALGORITHM,TASK99_REPOSITORY_EVIDENCE_ADJUDICATED,1,0,0
IMPLICIT-2057C9989E4FCD06,UNRESOLVED_IDENTITY,M0,E0,QUARANTINE_UNTIL_DEFINED,TASK99_MACHINE_TRIAGED_EXPLICIT_QUARANTINE,1,0,0
IMPLICIT-205949E24DBD8C12,UNRESOLVED_IDENTITY,M0,E0,QUARANTINE_UNTIL_DEFINED,TASK99_MACHINE_TRIAGED_EXPLICIT_QUARANTINE,1,0,0
IMPLICIT-207E5D8CB5FA83A2,UNRESOLVED_IDENTITY,M0,E0,QUARANTINE_UNTIL_DEFINED,TASK99_MACHINE_TRIAGED_EXPLICIT_QUARANTINE,1,0,0
IMPLICIT-20836EF66C639290,UNRESOLVED_IDENTITY,M0,E0,QUARANTINE_UNTIL_DEFINED,TASK99_MACHINE_TRIAGED_EXPLICIT_QUARANTINE,1,0,0
IMPLICIT-209403FDFDFDB09E,UNRESOLVED_IDENTITY,M0,E0,QUARANTINE_UNTIL_DEFINED,TASK99_MACHINE_TRIAGED_EXPLICIT_QUARANTINE,1,0,0
IMPLICIT-20AD3C2D45602E1B,ALGORITHM_OR_WORKFLOW,M2,E0,KEEP_AS_ALGORITHM,TASK99_REPOSITORY_EVIDENCE_ADJUDICATED,1,0,0
IMPLICIT-20B9960694FA3B1A,UNRESOLVED_IDENTITY,M0,E0,QUARANTINE_UNTIL_DEFINED,TASK99_MACHINE_TRIAGED_EXPLICIT_QUARANTINE,1,0,0
IMPLICIT-20C27E6B7A0358E9,UNRESOLVED_IDENTITY,M0,E0,QUARANTINE_UNTIL_DEFINED,TASK99_MACHINE_TRIAGED_EXPLICIT_QUARANTINE,1,0,0
IMPLICIT-20C3B1966F0DC87B,ALGORITHM_OR_WORKFLOW,M2,E0,KEEP_AS_ALGORITHM,TASK99_REPOSITORY_EVIDENCE_ADJUDICATED,1,0,0
IMPLICIT-20CA15FBE7EB7539,UNRESOLVED_IDENTITY,M0,E0,QUARANTINE_UNTIL_DEFINED,TASK99_MACHINE_TRIAGED_EXPLICIT_QUARANTINE,1,0,0
IMPLICIT-20DCC5390B399032,UNRESOLVED_IDENTITY,M0,E0,QUARANTINE_UNTIL_DEFINED,TASK99_MACHINE_TRIAGED_EXPLICIT_QUARANTINE,1,0,0
IMPLICIT-20E8FBB9D0699138,ALGORITHM_OR_WORKFLOW,M2,E0,KEEP_AS_ALGORITHM,TASK99_REPOSITORY_EVIDENCE_ADJUDICATED,1,0,0
IMPLICIT-20ED2F948B605500,UNRESOLVED_IDENTITY,M0,E0,QUARANTINE_UNTIL_DEFINED,TASK99_MACHINE_TRIAGED_EXPLICIT_QUARANTINE,1,0,0
IMPLICIT-20F5FBEF7D87893F,UNRESOLVED_IDENTITY,M0,E0,QUARANTINE_UNTIL_DEFINED,TASK99_MACHINE_TRIAGED_EXPLICIT_QUARANTINE,1,0,0
IMPLICIT-210015EEE1BAE5D9,UNRESOLVED_IDENTITY,M0,E0,QUARANTINE_UNTIL_DEFINED,TASK99_MACHINE_TRIAGED_EXPLICIT_QUARANTINE,1,0,0
IMPLICIT-2104A37C659A3473,UNRESOLVED_IDENTITY,M0,E0,QUARANTINE_UNTIL_DEFINED,TASK99_MACHINE_TRIAGED_EXPLICIT_QUARANTINE,1,0,0
IMPLICIT-2105EA4E2759B979,UNRESOLVED_IDENTITY,M0,E0,QUARANTINE_UNTIL_DEFINED,TASK99_MACHINE_TRIAGED_EXPLICIT_QUARANTINE,1,0,0
IMPLICIT-2119AEAF16D8584E,UNRESOLVED_IDENTITY,M0,E0,QUARANTINE_UNTIL_DEFINED,TASK99_MACHINE_TRIAGED_EXPLICIT_QUARANTINE,1,0,0
IMPLICIT-2122923192C17BD7,UNRESOLVED_IDENTITY,M0,E0,QUARANTINE_UNTIL_DEFINED,TASK99_MACHINE_TRIAGED_EXPLICIT_QUARANTINE,1,0,0
IMPLICIT-21338A0D020239FC,ALGORITHM_OR_WORKFLOW,M1,E0,KEEP_AS_ALGORITHM,TASK99_REPOSITORY_EVIDENCE_ADJUDICATED,1,0,0
IMPLICIT-214C92DF9E0BE537,UNRESOLVED_IDENTITY,M0,E0,QUARANTINE_UNTIL_DEFINED,TASK99_MACHINE_TRIAGED_EXPLICIT_QUARANTINE,1,0,0
IMPLICIT-215C7A5F87C4D96E,UNRESOLVED_IDENTITY,M0,E0,QUARANTINE_UNTIL_DEFINED,TASK99_MACHINE_TRIAGED_EXPLICIT_QUARANTINE,1,0,0
IMPLICIT-2168EBDD24A4C28F,UNRESOLVED_IDENTITY,M0,E0,QUARANTINE_UNTIL_DEFINED,TASK99_MACHINE_TRIAGED_EXPLICIT_QUARANTINE,1,0,0
IMPLICIT-21794112DBDECD5F,UNRESOLVED_IDENTITY,M0,E0,QUARANTINE_UNTIL_DEFINED,TASK99_MACHINE_TRIAGED_EXPLICIT_QUARANTINE,1,0,0
IMPLICIT-21B95D1D2EFA03E2,UNRESOLVED_IDENTITY,M0,E0,QUARANTINE_UNTIL_DEFINED,TASK99_MACHINE_TRIAGED_EXPLICIT_QUARANTINE,1,0,0
IMPLICIT-21D15A652CDB124C,UNRESOLVED_IDENTITY,M0,E0,QUARANTINE_UNTIL_DEFINED,TASK99_MACHINE_TRIAGED_EXPLICIT_QUARANTINE,1,0,0
IMPLICIT-21E6471B7744E0A4,ALGORITHM_OR_WORKFLOW,M2,E0,KEEP_AS_ALGORITHM,TASK99_REPOSITORY_EVIDENCE_ADJUDICATED,1,0,0
IMPLICIT-21E767128101009D,UNRESOLVED_IDENTITY,M0,E0,QUARANTINE_UNTIL_DEFINED,TASK99_MACHINE_TRIAGED_EXPLICIT_QUARANTINE,1,0,0
IMPLICIT-21F4E0218A4C2A33,UNRESOLVED_IDENTITY,M0,E0,QUARANTINE_UNTIL_DEFINED,TASK99_MACHINE_TRIAGED_EXPLICIT_QUARANTINE,1,0,0
IMPLICIT-21F6660FC0712382,ALGORITHM_OR_WORKFLOW,M2,E0,KEEP_AS_ALGORITHM,TASK99_REPOSITORY_EVIDENCE_ADJUDICATED,1,0,0
IMPLICIT-21F8C5D74B556D37,UNRESOLVED_IDENTITY,M0,E0,QUARANTINE_UNTIL_DEFINED,TASK99_MACHINE_TRIAGED_EXPLICIT_QUARANTINE,1,0,0
IMPLICIT-21FABF4A632AFD13,ALGORITHM_OR_WORKFLOW,M1,E0,KEEP_AS_ALGORITHM,TASK99_REPOSITORY_EVIDENCE_ADJUDICATED,1,0,0
IMPLICIT-220573441780FB6F,ALGORITHM_OR_WORKFLOW,M1,E0,KEEP_AS_ALGORITHM,TASK99_REPOSITORY_EVIDENCE_ADJUDICATED,1,0,0
IMPLICIT-222C7E4EB9ECE672,UNRESOLVED_IDENTITY,M0,E0,QUARANTINE_UNTIL_DEFINED,TASK99_MACHINE_TRIAGED_EXPLICIT_QUARANTINE,1,0,0
IMPLICIT-22339B1D4AA00DD2,ALGORITHM_OR_WORKFLOW,M1,E0,KEEP_AS_ALGORITHM,TASK99_REPOSITORY_EVIDENCE_ADJUDICATED,1,0,0
IMPLICIT-223BDAB10C4BD3DE,UNRESOLVED_IDENTITY,M0,E0,QUARANTINE_UNTIL_DEFINED,TASK99_MACHINE_TRIAGED_EXPLICIT_QUARANTINE,1,0,0
IMPLICIT-223E672DB6F5DE45,ALGORITHM_OR_WORKFLOW,M1,E0,KEEP_AS_ALGORITHM,TASK99_REPOSITORY_EVIDENCE_ADJUDICATED,1,0,0
IMPLICIT-22413F401E7F1AA4,ALGORITHM_OR_WORKFLOW,M2,E0,KEEP_AS_ALGORITHM,TASK99_REPOSITORY_EVIDENCE_ADJUDICATED,1,0,0
IMPLICIT-2255FC9709F8D82A,UNRESOLVED_IDENTITY,M0,E0,QUARANTINE_UNTIL_DEFINED,TASK99_MACHINE_TRIAGED_EXPLICIT_QUARANTINE,1,0,0
IMPLICIT-22594D2CF7085778,ALGORITHM_OR_WORKFLOW,M2,E0,KEEP_AS_ALGORITHM,TASK99_REPOSITORY_EVIDENCE_ADJUDICATED,1,0,0
IMPLICIT-225FD3F7FCDDD515,UNRESOLVED_IDENTITY,M0,E0,QUARANTINE_UNTIL_DEFINED,TASK99_MACHINE_TRIAGED_EXPLICIT_QUARANTINE,1,0,0
IMPLICIT-227790B94B926F27,UNRESOLVED_IDENTITY,M0,E0,QUARANTINE_UNTIL_DEFINED,TASK99_MACHINE_TRIAGED_EXPLICIT_QUARANTINE,1,0,0
IMPLICIT-2283B0A36ED878E2,UNRESOLVED_IDENTITY,M0,E0,QUARANTINE_UNTIL_DEFINED,TASK99_MACHINE_TRIAGED_EXPLICIT_QUARANTINE,1,0,0
IMPLICIT-228F6122AA5AC371,ALGORITHM_OR_WORKFLOW,M1,E0,KEEP_AS_ALGORITHM,TASK99_REPOSITORY_EVIDENCE_ADJUDICATED,1,0,0
IMPLICIT-22A05165020D3C07,ALGORITHM_OR_WORKFLOW,M2,E0,KEEP_AS_ALGORITHM,TASK99_REPOSITORY_EVIDENCE_ADJUDICATED,1,0,0
IMPLICIT-22A18AD8C610634D,UNRESOLVED_IDENTITY,M0,E0,QUARANTINE_UNTIL_DEFINED,TASK99_MACHINE_TRIAGED_EXPLICIT_QUARANTINE,1,0,0
IMPLICIT-22A8AB31EFB0CF6E,UNRESOLVED_IDENTITY,M0,E0,QUARANTINE_UNTIL_DEFINED,TASK99_MACHINE_TRIAGED_EXPLICIT_QUARANTINE,1,0,0
IMPLICIT-22BE948F1BAC4BA2,UNRESOLVED_IDENTITY,M0,E0,QUARANTINE_UNTIL_DEFINED,TASK99_MACHINE_TRIAGED_EXPLICIT_QUARANTINE,1,0,0
IMPLICIT-22C61D690FD8E2AD,UNRESOLVED_IDENTITY,M0,E0,QUARANTINE_UNTIL_DEFINED,TASK99_MACHINE_TRIAGED_EXPLICIT_QUARANTINE,1,0,0
IMPLICIT-22D3B578162EEAF9,UNRESOLVED_IDENTITY,M0,E0,QUARANTINE_UNTIL_DEFINED,TASK99_MACHINE_TRIAGED_EXPLICIT_QUARANTINE,1,0,0
IMPLICIT-22E54C83BF20E92F,UNRESOLVED_IDENTITY,M0,E0,QUARANTINE_UNTIL_DEFINED,TASK99_MACHINE_TRIAGED_EXPLICIT_QUARANTINE,1,0,0
IMPLICIT-22F4AE89A8BCAC79,UNRESOLVED_IDENTITY,M0,E0,QUARANTINE_UNTIL_DEFINED,TASK99_MACHINE_TRIAGED_EXPLICIT_QUARANTINE,1,0,0
IMPLICIT-230C90E00C7909CB,ALGORITHM_OR_WORKFLOW,M1,E0,KEEP_AS_ALGORITHM,TASK99_REPOSITORY_EVIDENCE_ADJUDICATED,1,0,0
IMPLICIT-231392993D4FC49E,UNRESOLVED_IDENTITY,M0,E0,QUARANTINE_UNTIL_DEFINED,TASK99_MACHINE_TRIAGED_EXPLICIT_QUARANTINE,1,0,0
IMPLICIT-2314F5775AB080A4,UNRESOLVED_IDENTITY,M0,E0,QUARANTINE_UNTIL_DEFINED,TASK99_MACHINE_TRIAGED_EXPLICIT_QUARANTINE,1,0,0
IMPLICIT-23203225E98665ED,UNRESOLVED_IDENTITY,M0,E0,QUARANTINE_UNTIL_DEFINED,TASK99_MACHINE_TRIAGED_EXPLICIT_QUARANTINE,1,0,0
IMPLICIT-2327DD2020DA2740,UNRESOLVED_IDENTITY,M0,E0,QUARANTINE_UNTIL_DEFINED,TASK99_MACHINE_TRIAGED_EXPLICIT_QUARANTINE,1,0,0
IMPLICIT-232CEEC2D88DC2E9,UNRESOLVED_IDENTITY,M0,E0,QUARANTINE_UNTIL_DEFINED,TASK99_MACHINE_TRIAGED_EXPLICIT_QUARANTINE,1,0,0
IMPLICIT-233402317A5ADA46,UNRESOLVED_IDENTITY,M0,E0,QUARANTINE_UNTIL_DEFINED,TASK99_MACHINE_TRIAGED_EXPLICIT_QUARANTINE,1,0,0
IMPLICIT-233904A0444A12F1,UNRESOLVED_IDENTITY,M0,E0,QUARANTINE_UNTIL_DEFINED,TASK99_MACHINE_TRIAGED_EXPLICIT_QUARANTINE,1,0,0
IMPLICIT-233DF55071A0D382,UNRESOLVED_IDENTITY,M0,E0,QUARANTINE_UNTIL_DEFINED,TASK99_MACHINE_TRIAGED_EXPLICIT_QUARANTINE,1,0,0
IMPLICIT-234874FA25B7AD1F,UNRESOLVED_IDENTITY,M0,E0,QUARANTINE_UNTIL_DEFINED,TASK99_MACHINE_TRIAGED_EXPLICIT_QUARANTINE,1,0,0
IMPLICIT-234A7A504D7A5ECF,UNRESOLVED_IDENTITY,M0,E0,QUARANTINE_UNTIL_DEFINED,TASK99_MACHINE_TRIAGED_EXPLICIT_QUARANTINE,1,0,0
IMPLICIT-234B18F7BA18DA67,UNRESOLVED_IDENTITY,M0,E0,QUARANTINE_UNTIL_DEFINED,TASK99_MACHINE_TRIAGED_EXPLICIT_QUARANTINE,1,0,0
IMPLICIT-235A68C9C9A20B99,UNRESOLVED_IDENTITY,M0,E0,QUARANTINE_UNTIL_DEFINED,TASK99_MACHINE_TRIAGED_EXPLICIT_QUARANTINE,1,0,0
IMPLICIT-23603B941F0F5DFD,UNRESOLVED_IDENTITY,M0,E0,QUARANTINE_UNTIL_DEFINED,TASK99_MACHINE_TRIAGED_EXPLICIT_QUARANTINE,1,0,0
IMPLICIT-23659911B42D54AA,ALGORITHM_OR_WORKFLOW,M1,E0,KEEP_AS_ALGORITHM,TASK99_REPOSITORY_EVIDENCE_ADJUDICATED,1,0,0
IMPLICIT-2367874B1530B005,UNRESOLVED_IDENTITY,M0,E0,QUARANTINE_UNTIL_DEFINED,TASK99_MACHINE_TRIAGED_EXPLICIT_QUARANTINE,1,0,0
IMPLICIT-236C10AABA9B4A26,ALGORITHM_OR_WORKFLOW,M1,E0,KEEP_AS_ALGORITHM,TASK99_REPOSITORY_EVIDENCE_ADJUDICATED,1,0,0
IMPLICIT-23738D01948B003F,ALGORITHM_OR_WORKFLOW,M2,E0,KEEP_AS_ALGORITHM,TASK99_REPOSITORY_EVIDENCE_ADJUDICATED,1,0,0
IMPLICIT-23819C4A32F4AC9D,ALGORITHM_OR_WORKFLOW,M1,E0,KEEP_AS_ALGORITHM,TASK99_REPOSITORY_EVIDENCE_ADJUDICATED,1,0,0
IMPLICIT-23A103A199A35D49,UNRESOLVED_IDENTITY,M0,E0,QUARANTINE_UNTIL_DEFINED,TASK99_MACHINE_TRIAGED_EXPLICIT_QUARANTINE,1,0,0
IMPLICIT-23A3566BD73B37B3,UNRESOLVED_IDENTITY,M0,E0,QUARANTINE_UNTIL_DEFINED,TASK99_MACHINE_TRIAGED_EXPLICIT_QUARANTINE,1,0,0
IMPLICIT-23A47EB2C476D728,UNRESOLVED_IDENTITY,M0,E0,QUARANTINE_UNTIL_DEFINED,TASK99_MACHINE_TRIAGED_EXPLICIT_QUARANTINE,1,0,0
IMPLICIT-23ADE432450B4FC4,UNRESOLVED_IDENTITY,M0,E0,QUARANTINE_UNTIL_DEFINED,TASK99_MACHINE_TRIAGED_EXPLICIT_QUARANTINE,1,0,0
IMPLICIT-23BD5B4309F90C7E,UNRESOLVED_IDENTITY,M0,E0,QUARANTINE_UNTIL_DEFINED,TASK99_MACHINE_TRIAGED_EXPLICIT_QUARANTINE,1,0,0
IMPLICIT-23C89EDBA5CDFEB4,ALGORITHM_OR_WORKFLOW,M2,E0,KEEP_AS_ALGORITHM,TASK99_REPOSITORY_EVIDENCE_ADJUDICATED,1,0,0
IMPLICIT-23CE566D4A6285EF,UNRESOLVED_IDENTITY,M0,E0,QUARANTINE_UNTIL_DEFINED,TASK99_MACHINE_TRIAGED_EXPLICIT_QUARANTINE,1,0,0
IMPLICIT-23DBAC2765E627C7,UNRESOLVED_IDENTITY,M0,E0,QUARANTINE_UNTIL_DEFINED,TASK99_MACHINE_TRIAGED_EXPLICIT_QUARANTINE,1,0,0
IMPLICIT-23DD248AF3E210D9,UNRESOLVED_IDENTITY,M0,E0,QUARANTINE_UNTIL_DEFINED,TASK99_MACHINE_TRIAGED_EXPLICIT_QUARANTINE,1,0,0
IMPLICIT-23E417A96CFCAFD2,UNRESOLVED_IDENTITY,M0,E0,QUARANTINE_UNTIL_DEFINED,TASK99_MACHINE_TRIAGED_EXPLICIT_QUARANTINE,1,0,0
IMPLICIT-240015FAC3D484E6,ALGORITHM_OR_WORKFLOW,M1,E0,KEEP_AS_ALGORITHM,TASK99_REPOSITORY_EVIDENCE_ADJUDICATED,1,0,0
IMPLICIT-2437802615B64DDE,UNRESOLVED_IDENTITY,M0,E0,QUARANTINE_UNTIL_DEFINED,TASK99_MACHINE_TRIAGED_EXPLICIT_QUARANTINE,1,0,0
IMPLICIT-2478BF2BB66A6423,UNRESOLVED_IDENTITY,M0,E0,QUARANTINE_UNTIL_DEFINED,TASK99_MACHINE_TRIAGED_EXPLICIT_QUARANTINE,1,0,0
IMPLICIT-24818AB90158E97D,UNRESOLVED_IDENTITY,M0,E0,QUARANTINE_UNTIL_DEFINED,TASK99_MACHINE_TRIAGED_EXPLICIT_QUARANTINE,1,0,0
IMPLICIT-2498B06D04ED2CD4,UNRESOLVED_IDENTITY,M0,E0,QUARANTINE_UNTIL_DEFINED,TASK99_MACHINE_TRIAGED_EXPLICIT_QUARANTINE,1,0,0
IMPLICIT-249E2B5018F2FF97,UNRESOLVED_IDENTITY,M0,E0,QUARANTINE_UNTIL_DEFINED,TASK99_MACHINE_TRIAGED_EXPLICIT_QUARANTINE,1,0,0
IMPLICIT-24A6F9F83A99FA39,UNRESOLVED_IDENTITY,M0,E0,QUARANTINE_UNTIL_DEFINED,TASK99_MACHINE_TRIAGED_EXPLICIT_QUARANTINE,1,0,0
IMPLICIT-24AA9C397F6E737D,UNRESOLVED_IDENTITY,M0,E0,QUARANTINE_UNTIL_DEFINED,TASK99_MACHINE_TRIAGED_EXPLICIT_QUARANTINE,1,0,0
IMPLICIT-24EA2FF6B251FABA,UNRESOLVED_IDENTITY,M0,E0,QUARANTINE_UNTIL_DEFINED,TASK99_MACHINE_TRIAGED_EXPLICIT_QUARANTINE,1,0,0
IMPLICIT-24EE81BE2FD1A81C,UNRESOLVED_IDENTITY,M0,E0,QUARANTINE_UNTIL_DEFINED,TASK99_MACHINE_TRIAGED_EXPLICIT_QUARANTINE,1,0,0
IMPLICIT-24F2EE7704A79FF8,UNRESOLVED_IDENTITY,M0,E0,QUARANTINE_UNTIL_DEFINED,TASK99_MACHINE_TRIAGED_EXPLICIT_QUARANTINE,1,0,0
IMPLICIT-24F4650397764B9F,UNRESOLVED_IDENTITY,M0,E0,QUARANTINE_UNTIL_DEFINED,TASK99_MACHINE_TRIAGED_EXPLICIT_QUARANTINE,1,0,0
IMPLICIT-24F67A70059ECD50,ALGORITHM_OR_WORKFLOW,M1,E0,KEEP_AS_ALGORITHM,TASK99_REPOSITORY_EVIDENCE_ADJUDICATED,1,0,0
IMPLICIT-24FED63E45DF3D89,ALGORITHM_OR_WORKFLOW,M1,E0,KEEP_AS_ALGORITHM,TASK99_REPOSITORY_EVIDENCE_ADJUDICATED,1,0,0
IMPLICIT-251E1129B79C388F,UNRESOLVED_IDENTITY,M0,E0,QUARANTINE_UNTIL_DEFINED,TASK99_MACHINE_TRIAGED_EXPLICIT_QUARANTINE,1,0,0
IMPLICIT-25229C4D1BD9BDE2,UNRESOLVED_IDENTITY,M0,E0,QUARANTINE_UNTIL_DEFINED,TASK99_MACHINE_TRIAGED_EXPLICIT_QUARANTINE,1,0,0
IMPLICIT-252E0B86BA8F44F0,UNRESOLVED_IDENTITY,M0,E0,QUARANTINE_UNTIL_DEFINED,TASK99_MACHINE_TRIAGED_EXPLICIT_QUARANTINE,1,0,0
IMPLICIT-253D7C9DDBFEF0ED,ALGORITHM_OR_WORKFLOW,M2,E0,KEEP_AS_ALGORITHM,TASK99_REPOSITORY_EVIDENCE_ADJUDICATED,1,0,0
IMPLICIT-2543B81D2FE967FE,UNRESOLVED_IDENTITY,M0,E0,QUARANTINE_UNTIL_DEFINED,TASK99_MACHINE_TRIAGED_EXPLICIT_QUARANTINE,1,0,0
IMPLICIT-2545793608FF2828,UNRESOLVED_IDENTITY,M0,E0,QUARANTINE_UNTIL_DEFINED,TASK99_MACHINE_TRIAGED_EXPLICIT_QUARANTINE,1,0,0
IMPLICIT-254D4F25DAE2F8CD,UNRESOLVED_IDENTITY,M0,E0,QUARANTINE_UNTIL_DEFINED,TASK99_MACHINE_TRIAGED_EXPLICIT_QUARANTINE,1,0,0
IMPLICIT-256C48A784CE713C,UNRESOLVED_IDENTITY,M0,E0,QUARANTINE_UNTIL_DEFINED,TASK99_MACHINE_TRIAGED_EXPLICIT_QUARANTINE,1,0,0
IMPLICIT-25701B49BE7CBDEB,UNRESOLVED_IDENTITY,M0,E0,QUARANTINE_UNTIL_DEFINED,TASK99_MACHINE_TRIAGED_EXPLICIT_QUARANTINE,1,0,0
IMPLICIT-25707D01200B4132,UNRESOLVED_IDENTITY,M0,E0,QUARANTINE_UNTIL_DEFINED,TASK99_MACHINE_TRIAGED_EXPLICIT_QUARANTINE,1,0,0
IMPLICIT-257F8B2C0C426018,UNRESOLVED_IDENTITY,M0,E0,QUARANTINE_UNTIL_DEFINED,TASK99_MACHINE_TRIAGED_EXPLICIT_QUARANTINE,1,0,0
IMPLICIT-258F73393B13905B,UNRESOLVED_IDENTITY,M0,E0,QUARANTINE_UNTIL_DEFINED,TASK99_MACHINE_TRIAGED_EXPLICIT_QUARANTINE,1,0,0
IMPLICIT-2590F50A569C786A,UNRESOLVED_IDENTITY,M0,E0,QUARANTINE_UNTIL_DEFINED,TASK99_MACHINE_TRIAGED_EXPLICIT_QUARANTINE,1,0,0
IMPLICIT-2599C4BC141353B2,ALGORITHM_OR_WORKFLOW,M1,E0,KEEP_AS_ALGORITHM,TASK99_REPOSITORY_EVIDENCE_ADJUDICATED,1,0,0
IMPLICIT-25B250E984F8DB42,UNRESOLVED_IDENTITY,M0,E0,QUARANTINE_UNTIL_DEFINED,TASK99_MACHINE_TRIAGED_EXPLICIT_QUARANTINE,1,0,0
IMPLICIT-25C0C1E276D5C267,UNRESOLVED_IDENTITY,M0,E0,QUARANTINE_UNTIL_DEFINED,TASK99_MACHINE_TRIAGED_EXPLICIT_QUARANTINE,1,0,0
IMPLICIT-25C4F76F10DA52DF,UNRESOLVED_IDENTITY,M0,E0,QUARANTINE_UNTIL_DEFINED,TASK99_MACHINE_TRIAGED_EXPLICIT_QUARANTINE,1,0,0
IMPLICIT-25CAAD136A02FA93,UNRESOLVED_IDENTITY,M0,E0,QUARANTINE_UNTIL_DEFINED,TASK99_MACHINE_TRIAGED_EXPLICIT_QUARANTINE,1,0,0
IMPLICIT-25D16CCA0991914F,UNRESOLVED_IDENTITY,M0,E0,QUARANTINE_UNTIL_DEFINED,TASK99_MACHINE_TRIAGED_EXPLICIT_QUARANTINE,1,0,0
IMPLICIT-25EF78FB7DD2B30F,UNRESOLVED_IDENTITY,M0,E0,QUARANTINE_UNTIL_DEFINED,TASK99_MACHINE_TRIAGED_EXPLICIT_QUARANTINE,1,0,0
IMPLICIT-26085F7129EFEC04,UNRESOLVED_IDENTITY,M0,E0,QUARANTINE_UNTIL_DEFINED,TASK99_MACHINE_TRIAGED_EXPLICIT_QUARANTINE,1,0,0
IMPLICIT-26106184C8C85499,ALGORITHM_OR_WORKFLOW,M2,E0,KEEP_AS_ALGORITHM,TASK99_REPOSITORY_EVIDENCE_ADJUDICATED,1,0,0
IMPLICIT-2622403945BE30EE,UNRESOLVED_IDENTITY,M0,E0,QUARANTINE_UNTIL_DEFINED,TASK99_MACHINE_TRIAGED_EXPLICIT_QUARANTINE,1,0,0
IMPLICIT-2626FBBC6AA019D3,UNRESOLVED_IDENTITY,M0,E0,QUARANTINE_UNTIL_DEFINED,TASK99_MACHINE_TRIAGED_EXPLICIT_QUARANTINE,1,0,0
IMPLICIT-26298EEF40DEEDA5,UNRESOLVED_IDENTITY,M0,E0,QUARANTINE_UNTIL_DEFINED,TASK99_MACHINE_TRIAGED_EXPLICIT_QUARANTINE,1,0,0
IMPLICIT-266460F3F9DAD3FB,UNRESOLVED_IDENTITY,M0,E0,QUARANTINE_UNTIL_DEFINED,TASK99_MACHINE_TRIAGED_EXPLICIT_QUARANTINE,1,0,0
IMPLICIT-266717E44AF1E53E,UNRESOLVED_IDENTITY,M0,E0,QUARANTINE_UNTIL_DEFINED,TASK99_MACHINE_TRIAGED_EXPLICIT_QUARANTINE,1,0,0
IMPLICIT-2676E58523AC166C,UNRESOLVED_IDENTITY,M0,E0,QUARANTINE_UNTIL_DEFINED,TASK99_MACHINE_TRIAGED_EXPLICIT_QUARANTINE,1,0,0
IMPLICIT-267E14720DE3C0DD,UNRESOLVED_IDENTITY,M0,E0,QUARANTINE_UNTIL_DEFINED,TASK99_MACHINE_TRIAGED_EXPLICIT_QUARANTINE,1,0,0
IMPLICIT-26B3881C69A6D5EC,UNRESOLVED_IDENTITY,M0,E0,QUARANTINE_UNTIL_DEFINED,TASK99_MACHINE_TRIAGED_EXPLICIT_QUARANTINE,1,0,0
IMPLICIT-26B5877BDB9181FA,UNRESOLVED_IDENTITY,M0,E0,QUARANTINE_UNTIL_DEFINED,TASK99_MACHINE_TRIAGED_EXPLICIT_QUARANTINE,1,0,0
IMPLICIT-26B8248ED050607A,UNRESOLVED_IDENTITY,M0,E0,QUARANTINE_UNTIL_DEFINED,TASK99_MACHINE_TRIAGED_EXPLICIT_QUARANTINE,1,0,0
IMPLICIT-26BC394BB1158A1D,UNRESOLVED_IDENTITY,M0,E0,QUARANTINE_UNTIL_DEFINED,TASK99_MACHINE_TRIAGED_EXPLICIT_QUARANTINE,1,0,0
IMPLICIT-26BE719DCCA015A7,ALGORITHM_OR_WORKFLOW,M2,E0,KEEP_AS_ALGORITHM,TASK99_REPOSITORY_EVIDENCE_ADJUDICATED,1,0,0
IMPLICIT-26C24FF1A37D2867,UNRESOLVED_IDENTITY,M0,E0,QUARANTINE_UNTIL_DEFINED,TASK99_MACHINE_TRIAGED_EXPLICIT_QUARANTINE,1,0,0
IMPLICIT-26DABA60C710E2E6,UNRESOLVED_IDENTITY,M0,E0,QUARANTINE_UNTIL_DEFINED,TASK99_MACHINE_TRIAGED_EXPLICIT_QUARANTINE,1,0,0
IMPLICIT-26E10DE74B616370,UNRESOLVED_IDENTITY,M0,E0,QUARANTINE_UNTIL_DEFINED,TASK99_MACHINE_TRIAGED_EXPLICIT_QUARANTINE,1,0,0
IMPLICIT-26ECC719E83A5B5B,UNRESOLVED_IDENTITY,M0,E0,QUARANTINE_UNTIL_DEFINED,TASK99_MACHINE_TRIAGED_EXPLICIT_QUARANTINE,1,0,0
IMPLICIT-26F224B452C029F2,UNRESOLVED_IDENTITY,M0,E0,QUARANTINE_UNTIL_DEFINED,TASK99_MACHINE_TRIAGED_EXPLICIT_QUARANTINE,1,0,0
IMPLICIT-2721291F515316D6,UNRESOLVED_IDENTITY,M0,E0,QUARANTINE_UNTIL_DEFINED,TASK99_MACHINE_TRIAGED_EXPLICIT_QUARANTINE,1,0,0
IMPLICIT-27299B6731637670,UNRESOLVED_IDENTITY,M0,E0,QUARANTINE_UNTIL_DEFINED,TASK99_MACHINE_TRIAGED_EXPLICIT_QUARANTINE,1,0,0
IMPLICIT-2745182A2FBDF3BC,UNRESOLVED_IDENTITY,M0,E0,QUARANTINE_UNTIL_DEFINED,TASK99_MACHINE_TRIAGED_EXPLICIT_QUARANTINE,1,0,0
IMPLICIT-27658ED457A82F3C,UNRESOLVED_IDENTITY,M0,E0,QUARANTINE_UNTIL_DEFINED,TASK99_MACHINE_TRIAGED_EXPLICIT_QUARANTINE,1,0,0
IMPLICIT-27715A2A490548DD,ALGORITHM_OR_WORKFLOW,M1,E0,KEEP_AS_ALGORITHM,TASK99_REPOSITORY_EVIDENCE_ADJUDICATED,1,0,0
IMPLICIT-27787C91FA40C122,UNRESOLVED_IDENTITY,M0,E0,QUARANTINE_UNTIL_DEFINED,TASK99_MACHINE_TRIAGED_EXPLICIT_QUARANTINE,1,0,0
IMPLICIT-2791BBE05A1112A7,ALGORITHM_OR_WORKFLOW,M1,E0,KEEP_AS_ALGORITHM,TASK99_REPOSITORY_EVIDENCE_ADJUDICATED,1,0,0
IMPLICIT-279E42DB73EC2728,UNRESOLVED_IDENTITY,M0,E0,QUARANTINE_UNTIL_DEFINED,TASK99_MACHINE_TRIAGED_EXPLICIT_QUARANTINE,1,0,0
IMPLICIT-27A1A39D1271195F,UNRESOLVED_IDENTITY,M0,E0,QUARANTINE_UNTIL_DEFINED,TASK99_MACHINE_TRIAGED_EXPLICIT_QUARANTINE,1,0,0
IMPLICIT-27AC2D3036E1E5F9,UNRESOLVED_IDENTITY,M0,E0,QUARANTINE_UNTIL_DEFINED,TASK99_MACHINE_TRIAGED_EXPLICIT_QUARANTINE,1,0,0
IMPLICIT-27B1EE47DCF44466,UNRESOLVED_IDENTITY,M0,E0,QUARANTINE_UNTIL_DEFINED,TASK99_MACHINE_TRIAGED_EXPLICIT_QUARANTINE,1,0,0
IMPLICIT-27E64B45D8D0BF16,UNRESOLVED_IDENTITY,M0,E0,QUARANTINE_UNTIL_DEFINED,TASK99_MACHINE_TRIAGED_EXPLICIT_QUARANTINE,1,0,0
IMPLICIT-27E68A80E456A21A,ALGORITHM_OR_WORKFLOW,M1,E0,KEEP_AS_ALGORITHM,TASK99_REPOSITORY_EVIDENCE_ADJUDICATED,1,0,0
IMPLICIT-27F609D2C72485C6,UNRESOLVED_IDENTITY,M0,E0,QUARANTINE_UNTIL_DEFINED,TASK99_MACHINE_TRIAGED_EXPLICIT_QUARANTINE,1,0,0
IMPLICIT-27FAAF6BC61A5DFB,UNRESOLVED_IDENTITY,M0,E0,QUARANTINE_UNTIL_DEFINED,TASK99_MACHINE_TRIAGED_EXPLICIT_QUARANTINE,1,0,0
IMPLICIT-2801F901396073BA,UNRESOLVED_IDENTITY,M0,E0,QUARANTINE_UNTIL_DEFINED,TASK99_MACHINE_TRIAGED_EXPLICIT_QUARANTINE,1,0,0
IMPLICIT-280E5E50A509214E,UNRESOLVED_IDENTITY,M0,E0,QUARANTINE_UNTIL_DEFINED,TASK99_MACHINE_TRIAGED_EXPLICIT_QUARANTINE,1,0,0
IMPLICIT-28287DBBCD4CBC40,UNRESOLVED_IDENTITY,M0,E0,QUARANTINE_UNTIL_DEFINED,TASK99_MACHINE_TRIAGED_EXPLICIT_QUARANTINE,1,0,0
IMPLICIT-28298008877D543B,UNRESOLVED_IDENTITY,M0,E0,QUARANTINE_UNTIL_DEFINED,TASK99_MACHINE_TRIAGED_EXPLICIT_QUARANTINE,1,0,0
IMPLICIT-282DB863095F3936,UNRESOLVED_IDENTITY,M0,E0,QUARANTINE_UNTIL_DEFINED,TASK99_MACHINE_TRIAGED_EXPLICIT_QUARANTINE,1,0,0
IMPLICIT-283F04B5DDEA6E6E,UNRESOLVED_IDENTITY,M0,E0,QUARANTINE_UNTIL_DEFINED,TASK99_MACHINE_TRIAGED_EXPLICIT_QUARANTINE,1,0,0
IMPLICIT-285234C527E64B39,UNRESOLVED_IDENTITY,M0,E0,QUARANTINE_UNTIL_DEFINED,TASK99_MACHINE_TRIAGED_EXPLICIT_QUARANTINE,1,0,0
IMPLICIT-2855452EA9B92050,ALGORITHM_OR_WORKFLOW,M2,E0,KEEP_AS_ALGORITHM,TASK99_REPOSITORY_EVIDENCE_ADJUDICATED,1,0,0
IMPLICIT-285C90089223E798,CONJECTURE_OR_RESEARCH_CANDIDATE,M0,E0,QUARANTINE_UNTIL_DEFINED,TASK99_MACHINE_TRIAGED_EXPLICIT_QUARANTINE,1,0,0
IMPLICIT-2876F2656A55413F,UNRESOLVED_IDENTITY,M0,E0,QUARANTINE_UNTIL_DEFINED,TASK99_MACHINE_TRIAGED_EXPLICIT_QUARANTINE,1,0,0
IMPLICIT-287784734CEC5C4E,UNRESOLVED_IDENTITY,M0,E0,QUARANTINE_UNTIL_DEFINED,TASK99_MACHINE_TRIAGED_EXPLICIT_QUARANTINE,1,0,0
IMPLICIT-28782426347C37BC,ALGORITHM_OR_WORKFLOW,M1,E0,KEEP_AS_ALGORITHM,TASK99_REPOSITORY_EVIDENCE_ADJUDICATED,1,0,0
IMPLICIT-2878479146C6C500,ALGORITHM_OR_WORKFLOW,M2,E0,KEEP_AS_ALGORITHM,TASK99_REPOSITORY_EVIDENCE_ADJUDICATED,1,0,0
IMPLICIT-287F013356790BE2,UNRESOLVED_IDENTITY,M0,E0,QUARANTINE_UNTIL_DEFINED,TASK99_MACHINE_TRIAGED_EXPLICIT_QUARANTINE,1,0,0
IMPLICIT-2885D53927F53B42,UNRESOLVED_IDENTITY,M0,E0,QUARANTINE_UNTIL_DEFINED,TASK99_MACHINE_TRIAGED_EXPLICIT_QUARANTINE,1,0,0
IMPLICIT-2886D35492EAAFCE,UNRESOLVED_IDENTITY,M0,E0,QUARANTINE_UNTIL_DEFINED,TASK99_MACHINE_TRIAGED_EXPLICIT_QUARANTINE,1,0,0
IMPLICIT-2887699BEEDACD65,UNRESOLVED_IDENTITY,M0,E0,QUARANTINE_UNTIL_DEFINED,TASK99_MACHINE_TRIAGED_EXPLICIT_QUARANTINE,1,0,0
IMPLICIT-289983C206AAD676,UNRESOLVED_IDENTITY,M0,E0,QUARANTINE_UNTIL_DEFINED,TASK99_MACHINE_TRIAGED_EXPLICIT_QUARANTINE,1,0,0
IMPLICIT-28B88F21BEFF0595,ALGORITHM_OR_WORKFLOW,M1,E0,KEEP_AS_ALGORITHM,TASK99_REPOSITORY_EVIDENCE_ADJUDICATED,1,0,0
IMPLICIT-28BDF0943E1A29FE,UNRESOLVED_IDENTITY,M0,E0,QUARANTINE_UNTIL_DEFINED,TASK99_MACHINE_TRIAGED_EXPLICIT_QUARANTINE,1,0,0
IMPLICIT-28C04771CA0C1557,ALGORITHM_OR_WORKFLOW,M1,E0,KEEP_AS_ALGORITHM,TASK99_REPOSITORY_EVIDENCE_ADJUDICATED,1,0,0
IMPLICIT-28CCC08D41E25491,UNRESOLVED_IDENTITY,M0,E0,QUARANTINE_UNTIL_DEFINED,TASK99_MACHINE_TRIAGED_EXPLICIT_QUARANTINE,1,0,0
IMPLICIT-28D32D9C3D960035,UNRESOLVED_IDENTITY,M0,E0,QUARANTINE_UNTIL_DEFINED,TASK99_MACHINE_TRIAGED_EXPLICIT_QUARANTINE,1,0,0
IMPLICIT-28DE035F58AEB5F6,UNRESOLVED_IDENTITY,M0,E0,QUARANTINE_UNTIL_DEFINED,TASK99_MACHINE_TRIAGED_EXPLICIT_QUARANTINE,1,0,0
IMPLICIT-28E0EBBD24C2CE0E,UNRESOLVED_IDENTITY,M0,E0,QUARANTINE_UNTIL_DEFINED,TASK99_MACHINE_TRIAGED_EXPLICIT_QUARANTINE,1,0,0
IMPLICIT-28E762A9211D2E17,UNRESOLVED_IDENTITY,M0,E0,QUARANTINE_UNTIL_DEFINED,TASK99_MACHINE_TRIAGED_EXPLICIT_QUARANTINE,1,0,0
IMPLICIT-2902CB87EC4B0C8B,UNRESOLVED_IDENTITY,M0,E0,QUARANTINE_UNTIL_DEFINED,TASK99_MACHINE_TRIAGED_EXPLICIT_QUARANTINE,1,0,0
IMPLICIT-29099B3193CF4364,ALGORITHM_OR_WORKFLOW,M1,E0,KEEP_AS_ALGORITHM,TASK99_REPOSITORY_EVIDENCE_ADJUDICATED,1,0,0
IMPLICIT-290B72F2FDD1805A,UNRESOLVED_IDENTITY,M0,E0,QUARANTINE_UNTIL_DEFINED,TASK99_MACHINE_TRIAGED_EXPLICIT_QUARANTINE,1,0,0
IMPLICIT-290D5726DA9058B3,UNRESOLVED_IDENTITY,M0,E0,QUARANTINE_UNTIL_DEFINED,TASK99_MACHINE_TRIAGED_EXPLICIT_QUARANTINE,1,0,0
IMPLICIT-291E51BFC30A8E19,UNRESOLVED_IDENTITY,M0,E0,QUARANTINE_UNTIL_DEFINED,TASK99_MACHINE_TRIAGED_EXPLICIT_QUARANTINE,1,0,0
IMPLICIT-2948800CFB50244D,UNRESOLVED_IDENTITY,M0,E0,QUARANTINE_UNTIL_DEFINED,TASK99_MACHINE_TRIAGED_EXPLICIT_QUARANTINE,1,0,0
IMPLICIT-2968F86A864CAEAF,UNRESOLVED_IDENTITY,M0,E0,QUARANTINE_UNTIL_DEFINED,TASK99_MACHINE_TRIAGED_EXPLICIT_QUARANTINE,1,0,0
IMPLICIT-29BA703AEEB4363D,UNRESOLVED_IDENTITY,M0,E0,QUARANTINE_UNTIL_DEFINED,TASK99_MACHINE_TRIAGED_EXPLICIT_QUARANTINE,1,0,0
IMPLICIT-29CF90952B1E4310,UNRESOLVED_IDENTITY,M0,E0,QUARANTINE_UNTIL_DEFINED,TASK99_MACHINE_TRIAGED_EXPLICIT_QUARANTINE,1,0,0
IMPLICIT-29E62D08E1398F4F,UNRESOLVED_IDENTITY,M0,E0,QUARANTINE_UNTIL_DEFINED,TASK99_MACHINE_TRIAGED_EXPLICIT_QUARANTINE,1,0,0
IMPLICIT-29EC0136CA46D781,UNRESOLVED_IDENTITY,M0,E0,QUARANTINE_UNTIL_DEFINED,TASK99_MACHINE_TRIAGED_EXPLICIT_QUARANTINE,1,0,0
IMPLICIT-2A133B79D1BD2263,UNRESOLVED_IDENTITY,M0,E0,QUARANTINE_UNTIL_DEFINED,TASK99_MACHINE_TRIAGED_EXPLICIT_QUARANTINE,1,0,0
IMPLICIT-2A1E5603BA9D8424,ALGORITHM_OR_WORKFLOW,M1,E0,KEEP_AS_ALGORITHM,TASK99_REPOSITORY_EVIDENCE_ADJUDICATED,1,0,0
IMPLICIT-2A2E45CE7282EE8B,UNRESOLVED_IDENTITY,M0,E0,QUARANTINE_UNTIL_DEFINED,TASK99_MACHINE_TRIAGED_EXPLICIT_QUARANTINE,1,0,0
IMPLICIT-2A3AECE974ADBE51,UNRESOLVED_IDENTITY,M0,E0,QUARANTINE_UNTIL_DEFINED,TASK99_MACHINE_TRIAGED_EXPLICIT_QUARANTINE,1,0,0
IMPLICIT-2A4EE51C7AB4FF2A,UNRESOLVED_IDENTITY,M0,E0,QUARANTINE_UNTIL_DEFINED,TASK99_MACHINE_TRIAGED_EXPLICIT_QUARANTINE,1,0,0
IMPLICIT-2A524AB9F3D7F758,UNRESOLVED_IDENTITY,M0,E0,QUARANTINE_UNTIL_DEFINED,TASK99_MACHINE_TRIAGED_EXPLICIT_QUARANTINE,1,0,0
IMPLICIT-2A53A602762FF4A6,UNRESOLVED_IDENTITY,M0,E0,QUARANTINE_UNTIL_DEFINED,TASK99_MACHINE_TRIAGED_EXPLICIT_QUARANTINE,1,0,0
IMPLICIT-2A5FC175308BCFBA,UNRESOLVED_IDENTITY,M0,E0,QUARANTINE_UNTIL_DEFINED,TASK99_MACHINE_TRIAGED_EXPLICIT_QUARANTINE,1,0,0
IMPLICIT-2A60F405FDD72912,UNRESOLVED_IDENTITY,M0,E0,QUARANTINE_UNTIL_DEFINED,TASK99_MACHINE_TRIAGED_EXPLICIT_QUARANTINE,1,0,0
IMPLICIT-2A6D15D23C6573F3,UNRESOLVED_IDENTITY,M0,E0,QUARANTINE_UNTIL_DEFINED,TASK99_MACHINE_TRIAGED_EXPLICIT_QUARANTINE,1,0,0
IMPLICIT-2A731F1265E6D4D3,ALGORITHM_OR_WORKFLOW,M2,E0,KEEP_AS_ALGORITHM,TASK99_REPOSITORY_EVIDENCE_ADJUDICATED,1,0,0
IMPLICIT-2AF34C25C3FBF0B1,UNRESOLVED_IDENTITY,M0,E0,QUARANTINE_UNTIL_DEFINED,TASK99_MACHINE_TRIAGED_EXPLICIT_QUARANTINE,1,0,0
IMPLICIT-2B09A69998AF5468,UNRESOLVED_IDENTITY,M0,E0,QUARANTINE_UNTIL_DEFINED,TASK99_MACHINE_TRIAGED_EXPLICIT_QUARANTINE,1,0,0
IMPLICIT-2B158F7DDC0C6A72,UNRESOLVED_IDENTITY,M0,E0,QUARANTINE_UNTIL_DEFINED,TASK99_MACHINE_TRIAGED_EXPLICIT_QUARANTINE,1,0,0
IMPLICIT-2B2186D9091391AD,UNRESOLVED_IDENTITY,M0,E0,QUARANTINE_UNTIL_DEFINED,TASK99_MACHINE_TRIAGED_EXPLICIT_QUARANTINE,1,0,0
IMPLICIT-2B23AC25F5388C0C,UNRESOLVED_IDENTITY,M0,E0,QUARANTINE_UNTIL_DEFINED,TASK99_MACHINE_TRIAGED_EXPLICIT_QUARANTINE,1,0,0
IMPLICIT-2B315456485ABABC,UNRESOLVED_IDENTITY,M0,E0,QUARANTINE_UNTIL_DEFINED,TASK99_MACHINE_TRIAGED_EXPLICIT_QUARANTINE,1,0,0
IMPLICIT-2B37DB30942D1C67,UNRESOLVED_IDENTITY,M0,E0,QUARANTINE_UNTIL_DEFINED,TASK99_MACHINE_TRIAGED_EXPLICIT_QUARANTINE,1,0,0
IMPLICIT-2B434E0C7A25C0C7,UNRESOLVED_IDENTITY,M0,E0,QUARANTINE_UNTIL_DEFINED,TASK99_MACHINE_TRIAGED_EXPLICIT_QUARANTINE,1,0,0
IMPLICIT-2B46F54C3D2120FF,ALGORITHM_OR_WORKFLOW,M1,E0,KEEP_AS_ALGORITHM,TASK99_REPOSITORY_EVIDENCE_ADJUDICATED,1,0,0
IMPLICIT-2B4DF64FB80F5837,UNRESOLVED_IDENTITY,M0,E0,QUARANTINE_UNTIL_DEFINED,TASK99_MACHINE_TRIAGED_EXPLICIT_QUARANTINE,1,0,0
IMPLICIT-2B4E202907894F16,ALGORITHM_OR_WORKFLOW,M2,E0,KEEP_AS_ALGORITHM,TASK99_REPOSITORY_EVIDENCE_ADJUDICATED,1,0,0
IMPLICIT-2B5BA6613C24922E,UNRESOLVED_IDENTITY,M0,E0,QUARANTINE_UNTIL_DEFINED,TASK99_MACHINE_TRIAGED_EXPLICIT_QUARANTINE,1,0,0
IMPLICIT-2B61E0F39B235C84,UNRESOLVED_IDENTITY,M0,E0,QUARANTINE_UNTIL_DEFINED,TASK99_MACHINE_TRIAGED_EXPLICIT_QUARANTINE,1,0,0
IMPLICIT-2B910F8DF5C3D947,UNRESOLVED_IDENTITY,M0,E0,QUARANTINE_UNTIL_DEFINED,TASK99_MACHINE_TRIAGED_EXPLICIT_QUARANTINE,1,0,0
IMPLICIT-2B943916A9A748A2,UNRESOLVED_IDENTITY,M0,E0,QUARANTINE_UNTIL_DEFINED,TASK99_MACHINE_TRIAGED_EXPLICIT_QUARANTINE,1,0,0
IMPLICIT-2BAD7A79E647C1B0,UNRESOLVED_IDENTITY,M0,E0,QUARANTINE_UNTIL_DEFINED,TASK99_MACHINE_TRIAGED_EXPLICIT_QUARANTINE,1,0,0
IMPLICIT-2BBE796E99607CBA,UNRESOLVED_IDENTITY,M0,E0,QUARANTINE_UNTIL_DEFINED,TASK99_MACHINE_TRIAGED_EXPLICIT_QUARANTINE,1,0,0
IMPLICIT-2BC1BFE3536FEAE0,UNRESOLVED_IDENTITY,M0,E0,QUARANTINE_UNTIL_DEFINED,TASK99_MACHINE_TRIAGED_EXPLICIT_QUARANTINE,1,0,0
IMPLICIT-2BC72810810E6D0B,UNRESOLVED_IDENTITY,M0,E0,QUARANTINE_UNTIL_DEFINED,TASK99_MACHINE_TRIAGED_EXPLICIT_QUARANTINE,1,0,0
IMPLICIT-2BC98CFBA648E5E0,UNRESOLVED_IDENTITY,M0,E0,QUARANTINE_UNTIL_DEFINED,TASK99_MACHINE_TRIAGED_EXPLICIT_QUARANTINE,1,0,0
IMPLICIT-2BCE3F0C4DFDCF40,UNRESOLVED_IDENTITY,M0,E0,QUARANTINE_UNTIL_DEFINED,TASK99_MACHINE_TRIAGED_EXPLICIT_QUARANTINE,1,0,0
IMPLICIT-2BDB93B4EC523018,ALGORITHM_OR_WORKFLOW,M2,E0,KEEP_AS_ALGORITHM,TASK99_REPOSITORY_EVIDENCE_ADJUDICATED,1,0,0
IMPLICIT-2BDDD3260C2AD0BB,UNRESOLVED_IDENTITY,M0,E0,QUARANTINE_UNTIL_DEFINED,TASK99_MACHINE_TRIAGED_EXPLICIT_QUARANTINE,1,0,0
IMPLICIT-2BE62A6880AF6D00,UNRESOLVED_IDENTITY,M0,E0,QUARANTINE_UNTIL_DEFINED,TASK99_MACHINE_TRIAGED_EXPLICIT_QUARANTINE,1,0,0
IMPLICIT-2C120B36B4858AFF,UNRESOLVED_IDENTITY,M0,E0,QUARANTINE_UNTIL_DEFINED,TASK99_MACHINE_TRIAGED_EXPLICIT_QUARANTINE,1,0,0
IMPLICIT-2C13C5F548AA4EAD,UNRESOLVED_IDENTITY,M0,E0,QUARANTINE_UNTIL_DEFINED,TASK99_MACHINE_TRIAGED_EXPLICIT_QUARANTINE,1,0,0
IMPLICIT-2C2C4041329E43BB,ALGORITHM_OR_WORKFLOW,M1,E0,KEEP_AS_ALGORITHM,TASK99_REPOSITORY_EVIDENCE_ADJUDICATED,1,0,0
IMPLICIT-2C2EB00590E8319F,UNRESOLVED_IDENTITY,M0,E0,QUARANTINE_UNTIL_DEFINED,TASK99_MACHINE_TRIAGED_EXPLICIT_QUARANTINE,1,0,0
IMPLICIT-2C3EC63E685237FD,UNRESOLVED_IDENTITY,M0,E0,QUARANTINE_UNTIL_DEFINED,TASK99_MACHINE_TRIAGED_EXPLICIT_QUARANTINE,1,0,0
IMPLICIT-2C4C1FF6F32A0353,ALGORITHM_OR_WORKFLOW,M1,E0,KEEP_AS_ALGORITHM,TASK99_REPOSITORY_EVIDENCE_ADJUDICATED,1,0,0
IMPLICIT-2C6B40DD2E0F9DD1,UNRESOLVED_IDENTITY,M0,E0,QUARANTINE_UNTIL_DEFINED,TASK99_MACHINE_TRIAGED_EXPLICIT_QUARANTINE,1,0,0
IMPLICIT-2C6C7AE3B9FD0077,UNRESOLVED_IDENTITY,M0,E0,QUARANTINE_UNTIL_DEFINED,TASK99_MACHINE_TRIAGED_EXPLICIT_QUARANTINE,1,0,0
IMPLICIT-2C97381414C1B9F6,UNRESOLVED_IDENTITY,M0,E0,QUARANTINE_UNTIL_DEFINED,TASK99_MACHINE_TRIAGED_EXPLICIT_QUARANTINE,1,0,0
IMPLICIT-2CB1AC63BC9F7DB5,UNRESOLVED_IDENTITY,M0,E0,QUARANTINE_UNTIL_DEFINED,TASK99_MACHINE_TRIAGED_EXPLICIT_QUARANTINE,1,0,0
IMPLICIT-2CBAFFA54484B5E5,UNRESOLVED_IDENTITY,M0,E0,QUARANTINE_UNTIL_DEFINED,TASK99_MACHINE_TRIAGED_EXPLICIT_QUARANTINE,1,0,0
IMPLICIT-2CF08CB69D3BE832,UNRESOLVED_IDENTITY,M0,E0,QUARANTINE_UNTIL_DEFINED,TASK99_MACHINE_TRIAGED_EXPLICIT_QUARANTINE,1,0,0
IMPLICIT-2CF19C5BB9ADA699,ALGORITHM_OR_WORKFLOW,M2,E0,KEEP_AS_ALGORITHM,TASK99_REPOSITORY_EVIDENCE_ADJUDICATED,1,0,0
IMPLICIT-2CFD2E55A72BACCE,UNRESOLVED_IDENTITY,M0,E0,QUARANTINE_UNTIL_DEFINED,TASK99_MACHINE_TRIAGED_EXPLICIT_QUARANTINE,1,0,0
IMPLICIT-2D00A956864BD99F,UNRESOLVED_IDENTITY,M0,E0,QUARANTINE_UNTIL_DEFINED,TASK99_MACHINE_TRIAGED_EXPLICIT_QUARANTINE,1,0,0
IMPLICIT-2D0ED15814C6DD34,ALGORITHM_OR_WORKFLOW,M1,E0,KEEP_AS_ALGORITHM,TASK99_REPOSITORY_EVIDENCE_ADJUDICATED,1,0,0
IMPLICIT-2D1690A54E16E990,UNRESOLVED_IDENTITY,M0,E0,QUARANTINE_UNTIL_DEFINED,TASK99_MACHINE_TRIAGED_EXPLICIT_QUARANTINE,1,0,0
IMPLICIT-2D1B970D1F0CF686,UNRESOLVED_IDENTITY,M0,E0,QUARANTINE_UNTIL_DEFINED,TASK99_MACHINE_TRIAGED_EXPLICIT_QUARANTINE,1,0,0
IMPLICIT-2D2F752E1B7D42E5,UNRESOLVED_IDENTITY,M0,E0,QUARANTINE_UNTIL_DEFINED,TASK99_MACHINE_TRIAGED_EXPLICIT_QUARANTINE,1,0,0
IMPLICIT-2D4A80F096AD7711,ALGORITHM_OR_WORKFLOW,M1,E0,KEEP_AS_ALGORITHM,TASK99_REPOSITORY_EVIDENCE_ADJUDICATED,1,0,0
IMPLICIT-2D4CF10BD511E5DB,UNRESOLVED_IDENTITY,M0,E0,QUARANTINE_UNTIL_DEFINED,TASK99_MACHINE_TRIAGED_EXPLICIT_QUARANTINE,1,0,0
IMPLICIT-2D51D0806C8CE2E9,UNRESOLVED_IDENTITY,M0,E0,QUARANTINE_UNTIL_DEFINED,TASK99_MACHINE_TRIAGED_EXPLICIT_QUARANTINE,1,0,0
IMPLICIT-2D60C2E9E3B81D69,UNRESOLVED_IDENTITY,M0,E0,QUARANTINE_UNTIL_DEFINED,TASK99_MACHINE_TRIAGED_EXPLICIT_QUARANTINE,1,0,0
IMPLICIT-2D6BA0459AC1C0DE,UNRESOLVED_IDENTITY,M0,E0,QUARANTINE_UNTIL_DEFINED,TASK99_MACHINE_TRIAGED_EXPLICIT_QUARANTINE,1,0,0
IMPLICIT-2D777A00901C5F4F,UNRESOLVED_IDENTITY,M0,E0,QUARANTINE_UNTIL_DEFINED,TASK99_MACHINE_TRIAGED_EXPLICIT_QUARANTINE,1,0,0
IMPLICIT-2D79D7C9D4C71342,UNRESOLVED_IDENTITY,M0,E0,QUARANTINE_UNTIL_DEFINED,TASK99_MACHINE_TRIAGED_EXPLICIT_QUARANTINE,1,0,0
IMPLICIT-2D7B441C230F2C00,ALGORITHM_OR_WORKFLOW,M1,E0,KEEP_AS_ALGORITHM,TASK99_REPOSITORY_EVIDENCE_ADJUDICATED,1,0,0
IMPLICIT-2D885D680ACB26BF,UNRESOLVED_IDENTITY,M0,E0,QUARANTINE_UNTIL_DEFINED,TASK99_MACHINE_TRIAGED_EXPLICIT_QUARANTINE,1,0,0
IMPLICIT-2D8AF188201CDF81,UNRESOLVED_IDENTITY,M0,E0,QUARANTINE_UNTIL_DEFINED,TASK99_MACHINE_TRIAGED_EXPLICIT_QUARANTINE,1,0,0
IMPLICIT-2D90093C2CF9A88E,UNRESOLVED_IDENTITY,M0,E0,QUARANTINE_UNTIL_DEFINED,TASK99_MACHINE_TRIAGED_EXPLICIT_QUARANTINE,1,0,0
IMPLICIT-2D906086A98F7465,UNRESOLVED_IDENTITY,M0,E0,QUARANTINE_UNTIL_DEFINED,TASK99_MACHINE_TRIAGED_EXPLICIT_QUARANTINE,1,0,0
IMPLICIT-2DA3F460F5051AB7,ALGORITHM_OR_WORKFLOW,M2,E0,KEEP_AS_ALGORITHM,TASK99_REPOSITORY_EVIDENCE_ADJUDICATED,1,0,0
IMPLICIT-2DBBD897CE67DDE0,ALGORITHM_OR_WORKFLOW,M1,E0,KEEP_AS_ALGORITHM,TASK99_REPOSITORY_EVIDENCE_ADJUDICATED,1,0,0
IMPLICIT-2DBE26196D161B9C,UNRESOLVED_IDENTITY,M0,E0,QUARANTINE_UNTIL_DEFINED,TASK99_MACHINE_TRIAGED_EXPLICIT_QUARANTINE,1,0,0
IMPLICIT-2DCA32DC8BA07D5C,UNRESOLVED_IDENTITY,M0,E0,QUARANTINE_UNTIL_DEFINED,TASK99_MACHINE_TRIAGED_EXPLICIT_QUARANTINE,1,0,0
IMPLICIT-2DD0154642E5004C,UNRESOLVED_IDENTITY,M0,E0,QUARANTINE_UNTIL_DEFINED,TASK99_MACHINE_TRIAGED_EXPLICIT_QUARANTINE,1,0,0
IMPLICIT-2DD3616C6046A08D,UNRESOLVED_IDENTITY,M0,E0,QUARANTINE_UNTIL_DEFINED,TASK99_MACHINE_TRIAGED_EXPLICIT_QUARANTINE,1,0,0
IMPLICIT-2DF2DC52DF84F0BC,ALGORITHM_OR_WORKFLOW,M1,E0,KEEP_AS_ALGORITHM,TASK99_REPOSITORY_EVIDENCE_ADJUDICATED,1,0,0
IMPLICIT-2DF3EDEE4D7E7007,UNRESOLVED_IDENTITY,M0,E0,QUARANTINE_UNTIL_DEFINED,TASK99_MACHINE_TRIAGED_EXPLICIT_QUARANTINE,1,0,0
IMPLICIT-2E114BAA88EB6E9C,ALGORITHM_OR_WORKFLOW,M2,E0,KEEP_AS_ALGORITHM,TASK99_REPOSITORY_EVIDENCE_ADJUDICATED,1,0,0
IMPLICIT-2E126D65F055AAA2,ALGORITHM_OR_WORKFLOW,M1,E0,KEEP_AS_ALGORITHM,TASK99_REPOSITORY_EVIDENCE_ADJUDICATED,1,0,0
IMPLICIT-2E23254466385471,UNRESOLVED_IDENTITY,M0,E0,QUARANTINE_UNTIL_DEFINED,TASK99_MACHINE_TRIAGED_EXPLICIT_QUARANTINE,1,0,0
IMPLICIT-2E3D6591CF8F1454,UNRESOLVED_IDENTITY,M0,E0,QUARANTINE_UNTIL_DEFINED,TASK99_MACHINE_TRIAGED_EXPLICIT_QUARANTINE,1,0,0
IMPLICIT-2E4CE65FF6E62DE0,ALGORITHM_OR_WORKFLOW,M1,E0,KEEP_AS_ALGORITHM,TASK99_REPOSITORY_EVIDENCE_ADJUDICATED,1,0,0
IMPLICIT-2E513812CA945EBC,UNRESOLVED_IDENTITY,M0,E0,QUARANTINE_UNTIL_DEFINED,TASK99_MACHINE_TRIAGED_EXPLICIT_QUARANTINE,1,0,0
IMPLICIT-2E57422C68230317,UNRESOLVED_IDENTITY,M0,E0,QUARANTINE_UNTIL_DEFINED,TASK99_MACHINE_TRIAGED_EXPLICIT_QUARANTINE,1,0,0
IMPLICIT-2E59A9497207295D,UNRESOLVED_IDENTITY,M0,E0,QUARANTINE_UNTIL_DEFINED,TASK99_MACHINE_TRIAGED_EXPLICIT_QUARANTINE,1,0,0
IMPLICIT-2E6796F0C399A587,ALGORITHM_OR_WORKFLOW,M1,E0,KEEP_AS_ALGORITHM,TASK99_REPOSITORY_EVIDENCE_ADJUDICATED,1,0,0
IMPLICIT-2E6D93769222D468,ALGORITHM_OR_WORKFLOW,M2,E0,KEEP_AS_ALGORITHM,TASK99_REPOSITORY_EVIDENCE_ADJUDICATED,1,0,0
IMPLICIT-2E764E901A758B1C,UNRESOLVED_IDENTITY,M0,E0,QUARANTINE_UNTIL_DEFINED,TASK99_MACHINE_TRIAGED_EXPLICIT_QUARANTINE,1,0,0
IMPLICIT-2E7F5308F19FF88C,UNRESOLVED_IDENTITY,M0,E0,QUARANTINE_UNTIL_DEFINED,TASK99_MACHINE_TRIAGED_EXPLICIT_QUARANTINE,1,0,0
IMPLICIT-2E8A2F551430F78D,UNRESOLVED_IDENTITY,M0,E0,QUARANTINE_UNTIL_DEFINED,TASK99_MACHINE_TRIAGED_EXPLICIT_QUARANTINE,1,0,0
IMPLICIT-2E9A8DBDCB7DEE29,UNRESOLVED_IDENTITY,M0,E0,QUARANTINE_UNTIL_DEFINED,TASK99_MACHINE_TRIAGED_EXPLICIT_QUARANTINE,1,0,0
IMPLICIT-2E9EE92185D911F3,UNRESOLVED_IDENTITY,M0,E0,QUARANTINE_UNTIL_DEFINED,TASK99_MACHINE_TRIAGED_EXPLICIT_QUARANTINE,1,0,0
IMPLICIT-2EA513D4B04E01DB,UNRESOLVED_IDENTITY,M0,E0,QUARANTINE_UNTIL_DEFINED,TASK99_MACHINE_TRIAGED_EXPLICIT_QUARANTINE,1,0,0
IMPLICIT-2EA74CF70E75D17E,ALGORITHM_OR_WORKFLOW,M2,E0,KEEP_AS_ALGORITHM,TASK99_REPOSITORY_EVIDENCE_ADJUDICATED,1,0,0
IMPLICIT-2EB1D6666D20F3C1,UNRESOLVED_IDENTITY,M0,E0,QUARANTINE_UNTIL_DEFINED,TASK99_MACHINE_TRIAGED_EXPLICIT_QUARANTINE,1,0,0
IMPLICIT-2EE9FF027C147874,UNRESOLVED_IDENTITY,M0,E0,QUARANTINE_UNTIL_DEFINED,TASK99_MACHINE_TRIAGED_EXPLICIT_QUARANTINE,1,0,0
IMPLICIT-2F01B137EF565F9D,UNRESOLVED_IDENTITY,M0,E0,QUARANTINE_UNTIL_DEFINED,TASK99_MACHINE_TRIAGED_EXPLICIT_QUARANTINE,1,0,0
IMPLICIT-2F071C61EEA34E4C,UNRESOLVED_IDENTITY,M0,E0,QUARANTINE_UNTIL_DEFINED,TASK99_MACHINE_TRIAGED_EXPLICIT_QUARANTINE,1,0,0
IMPLICIT-2F1321B7A45ABE48,UNRESOLVED_IDENTITY,M0,E0,QUARANTINE_UNTIL_DEFINED,TASK99_MACHINE_TRIAGED_EXPLICIT_QUARANTINE,1,0,0
IMPLICIT-2F18D32F72B8B95B,UNRESOLVED_IDENTITY,M0,E0,QUARANTINE_UNTIL_DEFINED,TASK99_MACHINE_TRIAGED_EXPLICIT_QUARANTINE,1,0,0
IMPLICIT-2F1CB7BC8135C30A,UNRESOLVED_IDENTITY,M0,E0,QUARANTINE_UNTIL_DEFINED,TASK99_MACHINE_TRIAGED_EXPLICIT_QUARANTINE,1,0,0
IMPLICIT-2F20566D7ABD07DF,UNRESOLVED_IDENTITY,M0,E0,QUARANTINE_UNTIL_DEFINED,TASK99_MACHINE_TRIAGED_EXPLICIT_QUARANTINE,1,0,0
IMPLICIT-2F2D2DBBB9F28D41,ALGORITHM_OR_WORKFLOW,M1,E0,KEEP_AS_ALGORITHM,TASK99_REPOSITORY_EVIDENCE_ADJUDICATED,1,0,0
IMPLICIT-2F36ED52A8C62848,UNRESOLVED_IDENTITY,M0,E0,QUARANTINE_UNTIL_DEFINED,TASK99_MACHINE_TRIAGED_EXPLICIT_QUARANTINE,1,0,0
IMPLICIT-2F49FF8D1E6A7D0F,ALGORITHM_OR_WORKFLOW,M2,E0,KEEP_AS_ALGORITHM,TASK99_REPOSITORY_EVIDENCE_ADJUDICATED,1,0,0
IMPLICIT-2F4D1DD5B00C75DE,UNRESOLVED_IDENTITY,M0,E0,QUARANTINE_UNTIL_DEFINED,TASK99_MACHINE_TRIAGED_EXPLICIT_QUARANTINE,1,0,0
IMPLICIT-2F4EAA419810534F,UNRESOLVED_IDENTITY,M0,E0,QUARANTINE_UNTIL_DEFINED,TASK99_MACHINE_TRIAGED_EXPLICIT_QUARANTINE,1,0,0
IMPLICIT-2F563003779A82E9,UNRESOLVED_IDENTITY,M0,E0,QUARANTINE_UNTIL_DEFINED,TASK99_MACHINE_TRIAGED_EXPLICIT_QUARANTINE,1,0,0
IMPLICIT-2F61A2FA7BC59857,UNRESOLVED_IDENTITY,M0,E0,QUARANTINE_UNTIL_DEFINED,TASK99_MACHINE_TRIAGED_EXPLICIT_QUARANTINE,1,0,0
IMPLICIT-2F7F7382756CD1A7,UNRESOLVED_IDENTITY,M0,E0,QUARANTINE_UNTIL_DEFINED,TASK99_MACHINE_TRIAGED_EXPLICIT_QUARANTINE,1,0,0
IMPLICIT-2F9E91C34875A843,UNRESOLVED_IDENTITY,M0,E0,QUARANTINE_UNTIL_DEFINED,TASK99_MACHINE_TRIAGED_EXPLICIT_QUARANTINE,1,0,0
IMPLICIT-2FA4D30F7C1D924D,UNRESOLVED_IDENTITY,M0,E0,QUARANTINE_UNTIL_DEFINED,TASK99_MACHINE_TRIAGED_EXPLICIT_QUARANTINE,1,0,0
IMPLICIT-2FC584FD36CDD82E,UNRESOLVED_IDENTITY,M0,E0,QUARANTINE_UNTIL_DEFINED,TASK99_MACHINE_TRIAGED_EXPLICIT_QUARANTINE,1,0,0
IMPLICIT-2FCF2E73C97F95A0,UNRESOLVED_IDENTITY,M0,E0,QUARANTINE_UNTIL_DEFINED,TASK99_MACHINE_TRIAGED_EXPLICIT_QUARANTINE,1,0,0
IMPLICIT-2FD3F888DF386F95,UNRESOLVED_IDENTITY,M0,E0,QUARANTINE_UNTIL_DEFINED,TASK99_MACHINE_TRIAGED_EXPLICIT_QUARANTINE,1,0,0
IMPLICIT-2FD60C80DBA07C9F,ALGORITHM_OR_WORKFLOW,M2,E0,KEEP_AS_ALGORITHM,TASK99_REPOSITORY_EVIDENCE_ADJUDICATED,1,0,0
IMPLICIT-2FECE9E30181197C,UNRESOLVED_IDENTITY,M0,E0,QUARANTINE_UNTIL_DEFINED,TASK99_MACHINE_TRIAGED_EXPLICIT_QUARANTINE,1,0,0
IMPLICIT-2FF35BF4A760F961,ALGORITHM_OR_WORKFLOW,M2,E0,KEEP_AS_ALGORITHM,TASK99_REPOSITORY_EVIDENCE_ADJUDICATED,1,0,0
IMPLICIT-300196D19F1230B7,UNRESOLVED_IDENTITY,M0,E0,QUARANTINE_UNTIL_DEFINED,TASK99_MACHINE_TRIAGED_EXPLICIT_QUARANTINE,1,0,0
IMPLICIT-30062CDC68B5A5C2,UNRESOLVED_IDENTITY,M0,E0,QUARANTINE_UNTIL_DEFINED,TASK99_MACHINE_TRIAGED_EXPLICIT_QUARANTINE,1,0,0
IMPLICIT-30090DA384B9EFD5,UNRESOLVED_IDENTITY,M0,E0,QUARANTINE_UNTIL_DEFINED,TASK99_MACHINE_TRIAGED_EXPLICIT_QUARANTINE,1,0,0
IMPLICIT-3016958F231B1BEC,UNRESOLVED_IDENTITY,M0,E0,QUARANTINE_UNTIL_DEFINED,TASK99_MACHINE_TRIAGED_EXPLICIT_QUARANTINE,1,0,0
IMPLICIT-3018FAA86A687D77,UNRESOLVED_IDENTITY,M0,E0,QUARANTINE_UNTIL_DEFINED,TASK99_MACHINE_TRIAGED_EXPLICIT_QUARANTINE,1,0,0
IMPLICIT-301CD9C58506CA06,UNRESOLVED_IDENTITY,M0,E0,QUARANTINE_UNTIL_DEFINED,TASK99_MACHINE_TRIAGED_EXPLICIT_QUARANTINE,1,0,0
IMPLICIT-30463DF445399DF7,UNRESOLVED_IDENTITY,M0,E0,QUARANTINE_UNTIL_DEFINED,TASK99_MACHINE_TRIAGED_EXPLICIT_QUARANTINE,1,0,0
IMPLICIT-304A5BCA97AC68A3,ALGORITHM_OR_WORKFLOW,M2,E0,KEEP_AS_ALGORITHM,TASK99_REPOSITORY_EVIDENCE_ADJUDICATED,1,0,0
IMPLICIT-305DB6427E74E945,ALGORITHM_OR_WORKFLOW,M2,E0,KEEP_AS_ALGORITHM,TASK99_REPOSITORY_EVIDENCE_ADJUDICATED,1,0,0
IMPLICIT-306E06C6C4006E42,UNRESOLVED_IDENTITY,M0,E0,QUARANTINE_UNTIL_DEFINED,TASK99_MACHINE_TRIAGED_EXPLICIT_QUARANTINE,1,0,0
IMPLICIT-306F3B1504EE8766,UNRESOLVED_IDENTITY,M0,E0,QUARANTINE_UNTIL_DEFINED,TASK99_MACHINE_TRIAGED_EXPLICIT_QUARANTINE,1,0,0
IMPLICIT-3081FBFA239B54FF,UNRESOLVED_IDENTITY,M0,E0,QUARANTINE_UNTIL_DEFINED,TASK99_MACHINE_TRIAGED_EXPLICIT_QUARANTINE,1,0,0
IMPLICIT-308F9918C1DB427A,UNRESOLVED_IDENTITY,M0,E0,QUARANTINE_UNTIL_DEFINED,TASK99_MACHINE_TRIAGED_EXPLICIT_QUARANTINE,1,0,0
IMPLICIT-30985F64C1322891,ALGORITHM_OR_WORKFLOW,M2,E0,KEEP_AS_ALGORITHM,TASK99_REPOSITORY_EVIDENCE_ADJUDICATED,1,0,0
IMPLICIT-30A2AC0812E39779,ALGORITHM_OR_WORKFLOW,M2,E0,KEEP_AS_ALGORITHM,TASK99_REPOSITORY_EVIDENCE_ADJUDICATED,1,0,0
IMPLICIT-30B008A543F06BB3,UNRESOLVED_IDENTITY,M0,E0,QUARANTINE_UNTIL_DEFINED,TASK99_MACHINE_TRIAGED_EXPLICIT_QUARANTINE,1,0,0
IMPLICIT-30B2B86D0B9DD32D,UNRESOLVED_IDENTITY,M0,E0,QUARANTINE_UNTIL_DEFINED,TASK99_MACHINE_TRIAGED_EXPLICIT_QUARANTINE,1,0,0
IMPLICIT-30D8A8635ABED3F2,ALGORITHM_OR_WORKFLOW,M1,E0,KEEP_AS_ALGORITHM,TASK99_REPOSITORY_EVIDENCE_ADJUDICATED,1,0,0
IMPLICIT-30EA00CC49D41648,UNRESOLVED_IDENTITY,M0,E0,QUARANTINE_UNTIL_DEFINED,TASK99_MACHINE_TRIAGED_EXPLICIT_QUARANTINE,1,0,0
IMPLICIT-30F0884F705CE9C2,UNRESOLVED_IDENTITY,M0,E0,QUARANTINE_UNTIL_DEFINED,TASK99_MACHINE_TRIAGED_EXPLICIT_QUARANTINE,1,0,0
IMPLICIT-30F28F19E1EEB839,UNRESOLVED_IDENTITY,M0,E0,QUARANTINE_UNTIL_DEFINED,TASK99_MACHINE_TRIAGED_EXPLICIT_QUARANTINE,1,0,0
IMPLICIT-30FB7E55470D301D,UNRESOLVED_IDENTITY,M0,E0,QUARANTINE_UNTIL_DEFINED,TASK99_MACHINE_TRIAGED_EXPLICIT_QUARANTINE,1,0,0
IMPLICIT-31147A1B2F97C9BA,UNRESOLVED_IDENTITY,M0,E0,QUARANTINE_UNTIL_DEFINED,TASK99_MACHINE_TRIAGED_EXPLICIT_QUARANTINE,1,0,0
IMPLICIT-313F4351BD4C4108,ALGORITHM_OR_WORKFLOW,M2,E0,KEEP_AS_ALGORITHM,TASK99_REPOSITORY_EVIDENCE_ADJUDICATED,1,0,0
IMPLICIT-3143F5BCD6DA528A,UNRESOLVED_IDENTITY,M0,E0,QUARANTINE_UNTIL_DEFINED,TASK99_MACHINE_TRIAGED_EXPLICIT_QUARANTINE,1,0,0
IMPLICIT-318D0AE2983FBBBB,UNRESOLVED_IDENTITY,M0,E0,QUARANTINE_UNTIL_DEFINED,TASK99_MACHINE_TRIAGED_EXPLICIT_QUARANTINE,1,0,0
IMPLICIT-319048F6A8117394,ALGORITHM_OR_WORKFLOW,M1,E0,KEEP_AS_ALGORITHM,TASK99_REPOSITORY_EVIDENCE_ADJUDICATED,1,0,0
IMPLICIT-31B2312C3F8DD908,UNRESOLVED_IDENTITY,M0,E0,QUARANTINE_UNTIL_DEFINED,TASK99_MACHINE_TRIAGED_EXPLICIT_QUARANTINE,1,0,0
IMPLICIT-31BAB242160EC320,UNRESOLVED_IDENTITY,M0,E0,QUARANTINE_UNTIL_DEFINED,TASK99_MACHINE_TRIAGED_EXPLICIT_QUARANTINE,1,0,0
IMPLICIT-31BD346B5FEA1C49,UNRESOLVED_IDENTITY,M0,E0,QUARANTINE_UNTIL_DEFINED,TASK99_MACHINE_TRIAGED_EXPLICIT_QUARANTINE,1,0,0
IMPLICIT-31CF8C0FAE93F020,ALGORITHM_OR_WORKFLOW,M2,E0,KEEP_AS_ALGORITHM,TASK99_REPOSITORY_EVIDENCE_ADJUDICATED,1,0,0
IMPLICIT-31D9251345D26235,UNRESOLVED_IDENTITY,M0,E0,QUARANTINE_UNTIL_DEFINED,TASK99_MACHINE_TRIAGED_EXPLICIT_QUARANTINE,1,0,0
IMPLICIT-31D9AA6F7F5E2FAA,ALGORITHM_OR_WORKFLOW,M2,E0,KEEP_AS_ALGORITHM,TASK99_REPOSITORY_EVIDENCE_ADJUDICATED,1,0,0
IMPLICIT-31E3C3BD6C27102B,UNRESOLVED_IDENTITY,M0,E0,QUARANTINE_UNTIL_DEFINED,TASK99_MACHINE_TRIAGED_EXPLICIT_QUARANTINE,1,0,0
IMPLICIT-320302E4351054BB,UNRESOLVED_IDENTITY,M0,E0,QUARANTINE_UNTIL_DEFINED,TASK99_MACHINE_TRIAGED_EXPLICIT_QUARANTINE,1,0,0
IMPLICIT-32082769A80FD30C,UNRESOLVED_IDENTITY,M0,E0,QUARANTINE_UNTIL_DEFINED,TASK99_MACHINE_TRIAGED_EXPLICIT_QUARANTINE,1,0,0
IMPLICIT-321A2E0841021CE2,UNRESOLVED_IDENTITY,M0,E0,QUARANTINE_UNTIL_DEFINED,TASK99_MACHINE_TRIAGED_EXPLICIT_QUARANTINE,1,0,0
IMPLICIT-3239CC7F68833180,UNRESOLVED_IDENTITY,M0,E0,QUARANTINE_UNTIL_DEFINED,TASK99_MACHINE_TRIAGED_EXPLICIT_QUARANTINE,1,0,0
IMPLICIT-323D94F13249B8F5,UNRESOLVED_IDENTITY,M0,E0,QUARANTINE_UNTIL_DEFINED,TASK99_MACHINE_TRIAGED_EXPLICIT_QUARANTINE,1,0,0
IMPLICIT-3245657EE5BF46A1,UNRESOLVED_IDENTITY,M0,E0,QUARANTINE_UNTIL_DEFINED,TASK99_MACHINE_TRIAGED_EXPLICIT_QUARANTINE,1,0,0
IMPLICIT-324B4C9FF5C55AD7,UNRESOLVED_IDENTITY,M0,E0,QUARANTINE_UNTIL_DEFINED,TASK99_MACHINE_TRIAGED_EXPLICIT_QUARANTINE,1,0,0
IMPLICIT-324B6EEE0F3E7AEF,ALGORITHM_OR_WORKFLOW,M1,E0,KEEP_AS_ALGORITHM,TASK99_REPOSITORY_EVIDENCE_ADJUDICATED,1,0,0
IMPLICIT-3272E7FDA7C10A39,ALGORITHM_OR_WORKFLOW,M2,E0,KEEP_AS_ALGORITHM,TASK99_REPOSITORY_EVIDENCE_ADJUDICATED,1,0,0
IMPLICIT-327FDA829213CC31,ALGORITHM_OR_WORKFLOW,M1,E0,KEEP_AS_ALGORITHM,TASK99_REPOSITORY_EVIDENCE_ADJUDICATED,1,0,0
IMPLICIT-32812781ECCC4A47,UNRESOLVED_IDENTITY,M0,E0,QUARANTINE_UNTIL_DEFINED,TASK99_MACHINE_TRIAGED_EXPLICIT_QUARANTINE,1,0,0
IMPLICIT-328EDCBB13541AF8,UNRESOLVED_IDENTITY,M0,E0,QUARANTINE_UNTIL_DEFINED,TASK99_MACHINE_TRIAGED_EXPLICIT_QUARANTINE,1,0,0
IMPLICIT-32A6268D90DCCA7B,UNRESOLVED_IDENTITY,M0,E0,QUARANTINE_UNTIL_DEFINED,TASK99_MACHINE_TRIAGED_EXPLICIT_QUARANTINE,1,0,0
IMPLICIT-32CB7E2B91BD3868,ALGORITHM_OR_WORKFLOW,M2,E0,KEEP_AS_ALGORITHM,TASK99_REPOSITORY_EVIDENCE_ADJUDICATED,1,0,0
IMPLICIT-32D70453D9AEBE42,UNRESOLVED_IDENTITY,M0,E0,QUARANTINE_UNTIL_DEFINED,TASK99_MACHINE_TRIAGED_EXPLICIT_QUARANTINE,1,0,0
IMPLICIT-32DA5E9916AE8E9B,ALGORITHM_OR_WORKFLOW,M1,E0,KEEP_AS_ALGORITHM,TASK99_REPOSITORY_EVIDENCE_ADJUDICATED,1,0,0
IMPLICIT-32DA88BE241346AE,UNRESOLVED_IDENTITY,M0,E0,QUARANTINE_UNTIL_DEFINED,TASK99_MACHINE_TRIAGED_EXPLICIT_QUARANTINE,1,0,0
IMPLICIT-330F651B157269CB,ALGORITHM_OR_WORKFLOW,M2,E0,KEEP_AS_ALGORITHM,TASK99_REPOSITORY_EVIDENCE_ADJUDICATED,1,0,0
IMPLICIT-330F7B57409065B5,UNRESOLVED_IDENTITY,M0,E0,QUARANTINE_UNTIL_DEFINED,TASK99_MACHINE_TRIAGED_EXPLICIT_QUARANTINE,1,0,0
IMPLICIT-33123D2F6DA4FC07,ALGORITHM_OR_WORKFLOW,M1,E0,KEEP_AS_ALGORITHM,TASK99_REPOSITORY_EVIDENCE_ADJUDICATED,1,0,0
IMPLICIT-332BA0AEA65DF0C3,UNRESOLVED_IDENTITY,M0,E0,QUARANTINE_UNTIL_DEFINED,TASK99_MACHINE_TRIAGED_EXPLICIT_QUARANTINE,1,0,0
IMPLICIT-3353A71FDF4119BA,ALGORITHM_OR_WORKFLOW,M1,E0,KEEP_AS_ALGORITHM,TASK99_REPOSITORY_EVIDENCE_ADJUDICATED,1,0,0
IMPLICIT-335B880B93E4005D,UNRESOLVED_IDENTITY,M0,E0,QUARANTINE_UNTIL_DEFINED,TASK99_MACHINE_TRIAGED_EXPLICIT_QUARANTINE,1,0,0
IMPLICIT-3370AAE02096A70B,UNRESOLVED_IDENTITY,M0,E0,QUARANTINE_UNTIL_DEFINED,TASK99_MACHINE_TRIAGED_EXPLICIT_QUARANTINE,1,0,0
IMPLICIT-3375FB79E8B1D7C6,UNRESOLVED_IDENTITY,M0,E0,QUARANTINE_UNTIL_DEFINED,TASK99_MACHINE_TRIAGED_EXPLICIT_QUARANTINE,1,0,0
IMPLICIT-337A835B503FB61D,UNRESOLVED_IDENTITY,M0,E0,QUARANTINE_UNTIL_DEFINED,TASK99_MACHINE_TRIAGED_EXPLICIT_QUARANTINE,1,0,0
IMPLICIT-33862308AEAF4AD9,UNRESOLVED_IDENTITY,M0,E0,QUARANTINE_UNTIL_DEFINED,TASK99_MACHINE_TRIAGED_EXPLICIT_QUARANTINE,1,0,0
IMPLICIT-338DA62D6E8A7D63,ALGORITHM_OR_WORKFLOW,M2,E0,KEEP_AS_ALGORITHM,TASK99_REPOSITORY_EVIDENCE_ADJUDICATED,1,0,0
IMPLICIT-339D699BB600B08A,ALGORITHM_OR_WORKFLOW,M1,E0,KEEP_AS_ALGORITHM,TASK99_REPOSITORY_EVIDENCE_ADJUDICATED,1,0,0
IMPLICIT-33A270AC5AA7661D,UNRESOLVED_IDENTITY,M0,E0,QUARANTINE_UNTIL_DEFINED,TASK99_MACHINE_TRIAGED_EXPLICIT_QUARANTINE,1,0,0
IMPLICIT-33A73E717057973C,UNRESOLVED_IDENTITY,M0,E0,QUARANTINE_UNTIL_DEFINED,TASK99_MACHINE_TRIAGED_EXPLICIT_QUARANTINE,1,0,0
IMPLICIT-33B3F0E68BEA7051,UNRESOLVED_IDENTITY,M0,E0,QUARANTINE_UNTIL_DEFINED,TASK99_MACHINE_TRIAGED_EXPLICIT_QUARANTINE,1,0,0
IMPLICIT-3415A865BBDF26DD,UNRESOLVED_IDENTITY,M0,E0,QUARANTINE_UNTIL_DEFINED,TASK99_MACHINE_TRIAGED_EXPLICIT_QUARANTINE,1,0,0
IMPLICIT-3422982839B9DC0D,UNRESOLVED_IDENTITY,M0,E0,QUARANTINE_UNTIL_DEFINED,TASK99_MACHINE_TRIAGED_EXPLICIT_QUARANTINE,1,0,0
IMPLICIT-3424038EF0D52A08,UNRESOLVED_IDENTITY,M0,E0,QUARANTINE_UNTIL_DEFINED,TASK99_MACHINE_TRIAGED_EXPLICIT_QUARANTINE,1,0,0
IMPLICIT-342B1819B0C12810,UNRESOLVED_IDENTITY,M0,E0,QUARANTINE_UNTIL_DEFINED,TASK99_MACHINE_TRIAGED_EXPLICIT_QUARANTINE,1,0,0
IMPLICIT-343C1C101D69E144,UNRESOLVED_IDENTITY,M0,E0,QUARANTINE_UNTIL_DEFINED,TASK99_MACHINE_TRIAGED_EXPLICIT_QUARANTINE,1,0,0
IMPLICIT-344A578C292A2FAD,ALGORITHM_OR_WORKFLOW,M1,E0,KEEP_AS_ALGORITHM,TASK99_REPOSITORY_EVIDENCE_ADJUDICATED,1,0,0
IMPLICIT-347B4A1598C39FCD,UNRESOLVED_IDENTITY,M0,E0,QUARANTINE_UNTIL_DEFINED,TASK99_MACHINE_TRIAGED_EXPLICIT_QUARANTINE,1,0,0
IMPLICIT-3483F1ADE7CC222D,UNRESOLVED_IDENTITY,M0,E0,QUARANTINE_UNTIL_DEFINED,TASK99_MACHINE_TRIAGED_EXPLICIT_QUARANTINE,1,0,0
IMPLICIT-34878497301B164B,UNRESOLVED_IDENTITY,M0,E0,QUARANTINE_UNTIL_DEFINED,TASK99_MACHINE_TRIAGED_EXPLICIT_QUARANTINE,1,0,0
IMPLICIT-349A2D45DAB65E0D,UNRESOLVED_IDENTITY,M0,E0,QUARANTINE_UNTIL_DEFINED,TASK99_MACHINE_TRIAGED_EXPLICIT_QUARANTINE,1,0,0
IMPLICIT-34A1F97A69390ED0,UNRESOLVED_IDENTITY,M0,E0,QUARANTINE_UNTIL_DEFINED,TASK99_MACHINE_TRIAGED_EXPLICIT_QUARANTINE,1,0,0
IMPLICIT-34C556C9FFC62BCE,UNRESOLVED_IDENTITY,M0,E0,QUARANTINE_UNTIL_DEFINED,TASK99_MACHINE_TRIAGED_EXPLICIT_QUARANTINE,1,0,0
IMPLICIT-34CA4DC88674F021,ALGORITHM_OR_WORKFLOW,M1,E0,KEEP_AS_ALGORITHM,TASK99_REPOSITORY_EVIDENCE_ADJUDICATED,1,0,0
IMPLICIT-34DAE058B2385F56,UNRESOLVED_IDENTITY,M0,E0,QUARANTINE_UNTIL_DEFINED,TASK99_MACHINE_TRIAGED_EXPLICIT_QUARANTINE,1,0,0
IMPLICIT-34E7611E5AF6072D,UNRESOLVED_IDENTITY,M0,E0,QUARANTINE_UNTIL_DEFINED,TASK99_MACHINE_TRIAGED_EXPLICIT_QUARANTINE,1,0,0
IMPLICIT-34EF0F065E90BF23,UNRESOLVED_IDENTITY,M0,E0,QUARANTINE_UNTIL_DEFINED,TASK99_MACHINE_TRIAGED_EXPLICIT_QUARANTINE,1,0,0
IMPLICIT-34F703C253CCD2BC,UNRESOLVED_IDENTITY,M0,E0,QUARANTINE_UNTIL_DEFINED,TASK99_MACHINE_TRIAGED_EXPLICIT_QUARANTINE,1,0,0
IMPLICIT-34FA65D9C65668D5,UNRESOLVED_IDENTITY,M0,E0,QUARANTINE_UNTIL_DEFINED,TASK99_MACHINE_TRIAGED_EXPLICIT_QUARANTINE,1,0,0
IMPLICIT-3516A01BFB0D4B2C,UNRESOLVED_IDENTITY,M0,E0,QUARANTINE_UNTIL_DEFINED,TASK99_MACHINE_TRIAGED_EXPLICIT_QUARANTINE,1,0,0
IMPLICIT-3521196ED2F6162F,UNRESOLVED_IDENTITY,M0,E0,QUARANTINE_UNTIL_DEFINED,TASK99_MACHINE_TRIAGED_EXPLICIT_QUARANTINE,1,0,0
IMPLICIT-35362EB97A12CEAD,UNRESOLVED_IDENTITY,M0,E0,QUARANTINE_UNTIL_DEFINED,TASK99_MACHINE_TRIAGED_EXPLICIT_QUARANTINE,1,0,0
IMPLICIT-3540843CDEB266FF,UNRESOLVED_IDENTITY,M0,E0,QUARANTINE_UNTIL_DEFINED,TASK99_MACHINE_TRIAGED_EXPLICIT_QUARANTINE,1,0,0
IMPLICIT-354A94831F9A49AE,ALGORITHM_OR_WORKFLOW,M1,E0,KEEP_AS_ALGORITHM,TASK99_REPOSITORY_EVIDENCE_ADJUDICATED,1,0,0
IMPLICIT-3555A7240EC32A43,UNRESOLVED_IDENTITY,M0,E0,QUARANTINE_UNTIL_DEFINED,TASK99_MACHINE_TRIAGED_EXPLICIT_QUARANTINE,1,0,0
IMPLICIT-35814244B96C95B2,UNRESOLVED_IDENTITY,M0,E0,QUARANTINE_UNTIL_DEFINED,TASK99_MACHINE_TRIAGED_EXPLICIT_QUARANTINE,1,0,0
IMPLICIT-3593213303A3F8A2,UNRESOLVED_IDENTITY,M0,E0,QUARANTINE_UNTIL_DEFINED,TASK99_MACHINE_TRIAGED_EXPLICIT_QUARANTINE,1,0,0
IMPLICIT-35A3B1D227303853,UNRESOLVED_IDENTITY,M0,E0,QUARANTINE_UNTIL_DEFINED,TASK99_MACHINE_TRIAGED_EXPLICIT_QUARANTINE,1,0,0
IMPLICIT-35B569B0A0CB7C67,UNRESOLVED_IDENTITY,M0,E0,QUARANTINE_UNTIL_DEFINED,TASK99_MACHINE_TRIAGED_EXPLICIT_QUARANTINE,1,0,0
IMPLICIT-35CC86A167B186C8,UNRESOLVED_IDENTITY,M0,E0,QUARANTINE_UNTIL_DEFINED,TASK99_MACHINE_TRIAGED_EXPLICIT_QUARANTINE,1,0,0
IMPLICIT-35DA68E89A2D583C,UNRESOLVED_IDENTITY,M0,E0,QUARANTINE_UNTIL_DEFINED,TASK99_MACHINE_TRIAGED_EXPLICIT_QUARANTINE,1,0,0
IMPLICIT-35DB6FF4EE9F7F49,UNRESOLVED_IDENTITY,M0,E0,QUARANTINE_UNTIL_DEFINED,TASK99_MACHINE_TRIAGED_EXPLICIT_QUARANTINE,1,0,0
IMPLICIT-35ECF2B8D11468EA,UNRESOLVED_IDENTITY,M0,E0,QUARANTINE_UNTIL_DEFINED,TASK99_MACHINE_TRIAGED_EXPLICIT_QUARANTINE,1,0,0
IMPLICIT-36048382F2F512DE,UNRESOLVED_IDENTITY,M0,E0,QUARANTINE_UNTIL_DEFINED,TASK99_MACHINE_TRIAGED_EXPLICIT_QUARANTINE,1,0,0
IMPLICIT-36239A047426AC96,ALGORITHM_OR_WORKFLOW,M1,E0,KEEP_AS_ALGORITHM,TASK99_REPOSITORY_EVIDENCE_ADJUDICATED,1,0,0
IMPLICIT-362585DD527BCBE8,UNRESOLVED_IDENTITY,M0,E0,QUARANTINE_UNTIL_DEFINED,TASK99_MACHINE_TRIAGED_EXPLICIT_QUARANTINE,1,0,0
IMPLICIT-36335C1861170095,UNRESOLVED_IDENTITY,M0,E0,QUARANTINE_UNTIL_DEFINED,TASK99_MACHINE_TRIAGED_EXPLICIT_QUARANTINE,1,0,0
IMPLICIT-363A18B12777CC57,ALGORITHM_OR_WORKFLOW,M2,E0,KEEP_AS_ALGORITHM,TASK99_REPOSITORY_EVIDENCE_ADJUDICATED,1,0,0
IMPLICIT-364787373B2C0089,UNRESOLVED_IDENTITY,M0,E0,QUARANTINE_UNTIL_DEFINED,TASK99_MACHINE_TRIAGED_EXPLICIT_QUARANTINE,1,0,0
IMPLICIT-3649F9C823281B03,UNRESOLVED_IDENTITY,M0,E0,QUARANTINE_UNTIL_DEFINED,TASK99_MACHINE_TRIAGED_EXPLICIT_QUARANTINE,1,0,0
IMPLICIT-3659EF71A4F283D6,UNRESOLVED_IDENTITY,M0,E0,QUARANTINE_UNTIL_DEFINED,TASK99_MACHINE_TRIAGED_EXPLICIT_QUARANTINE,1,0,0
IMPLICIT-3665195B8EFE44D4,UNRESOLVED_IDENTITY,M0,E0,QUARANTINE_UNTIL_DEFINED,TASK99_MACHINE_TRIAGED_EXPLICIT_QUARANTINE,1,0,0
IMPLICIT-367A295696B1F308,ALGORITHM_OR_WORKFLOW,M1,E0,KEEP_AS_ALGORITHM,TASK99_REPOSITORY_EVIDENCE_ADJUDICATED,1,0,0
IMPLICIT-367DFCE8C8B8CC00,UNRESOLVED_IDENTITY,M0,E0,QUARANTINE_UNTIL_DEFINED,TASK99_MACHINE_TRIAGED_EXPLICIT_QUARANTINE,1,0,0
IMPLICIT-367E5F014FF57B5F,UNRESOLVED_IDENTITY,M0,E0,QUARANTINE_UNTIL_DEFINED,TASK99_MACHINE_TRIAGED_EXPLICIT_QUARANTINE,1,0,0
IMPLICIT-36894D71B1B2F8AE,UNRESOLVED_IDENTITY,M0,E0,QUARANTINE_UNTIL_DEFINED,TASK99_MACHINE_TRIAGED_EXPLICIT_QUARANTINE,1,0,0
IMPLICIT-369887DE44B09696,ALGORITHM_OR_WORKFLOW,M1,E0,KEEP_AS_ALGORITHM,TASK99_REPOSITORY_EVIDENCE_ADJUDICATED,1,0,0
IMPLICIT-36AD9A3398480546,ALGORITHM_OR_WORKFLOW,M1,E0,KEEP_AS_ALGORITHM,TASK99_REPOSITORY_EVIDENCE_ADJUDICATED,1,0,0
IMPLICIT-36BE23232D3FC13B,UNRESOLVED_IDENTITY,M0,E0,QUARANTINE_UNTIL_DEFINED,TASK99_MACHINE_TRIAGED_EXPLICIT_QUARANTINE,1,0,0
IMPLICIT-36C1648F357B5F8B,UNRESOLVED_IDENTITY,M0,E0,QUARANTINE_UNTIL_DEFINED,TASK99_MACHINE_TRIAGED_EXPLICIT_QUARANTINE,1,0,0
IMPLICIT-36CD57D822FF727D,UNRESOLVED_IDENTITY,M0,E0,QUARANTINE_UNTIL_DEFINED,TASK99_MACHINE_TRIAGED_EXPLICIT_QUARANTINE,1,0,0
IMPLICIT-36D381088F44FEA6,UNRESOLVED_IDENTITY,M0,E0,QUARANTINE_UNTIL_DEFINED,TASK99_MACHINE_TRIAGED_EXPLICIT_QUARANTINE,1,0,0
IMPLICIT-36D39ECB58228A5D,ALGORITHM_OR_WORKFLOW,M1,E0,KEEP_AS_ALGORITHM,TASK99_REPOSITORY_EVIDENCE_ADJUDICATED,1,0,0
IMPLICIT-36D6E0A4ED8F12E9,UNRESOLVED_IDENTITY,M0,E0,QUARANTINE_UNTIL_DEFINED,TASK99_MACHINE_TRIAGED_EXPLICIT_QUARANTINE,1,0,0
IMPLICIT-36E59DC28729BAE7,UNRESOLVED_IDENTITY,M0,E0,QUARANTINE_UNTIL_DEFINED,TASK99_MACHINE_TRIAGED_EXPLICIT_QUARANTINE,1,0,0
IMPLICIT-36E66652E7E30608,ALGORITHM_OR_WORKFLOW,M2,E0,KEEP_AS_ALGORITHM,TASK99_REPOSITORY_EVIDENCE_ADJUDICATED,1,0,0
IMPLICIT-36F43D15A5DB25A5,UNRESOLVED_IDENTITY,M0,E0,QUARANTINE_UNTIL_DEFINED,TASK99_MACHINE_TRIAGED_EXPLICIT_QUARANTINE,1,0,0
IMPLICIT-372428EFFBDCCDFB,ALGORITHM_OR_WORKFLOW,M1,E0,KEEP_AS_ALGORITHM,TASK99_REPOSITORY_EVIDENCE_ADJUDICATED,1,0,0
IMPLICIT-3735AA0FA25CDF6C,UNRESOLVED_IDENTITY,M0,E0,QUARANTINE_UNTIL_DEFINED,TASK99_MACHINE_TRIAGED_EXPLICIT_QUARANTINE,1,0,0
IMPLICIT-373622230946AC2C,UNRESOLVED_IDENTITY,M0,E0,QUARANTINE_UNTIL_DEFINED,TASK99_MACHINE_TRIAGED_EXPLICIT_QUARANTINE,1,0,0
IMPLICIT-37504BC1EE962868,UNRESOLVED_IDENTITY,M0,E0,QUARANTINE_UNTIL_DEFINED,TASK99_MACHINE_TRIAGED_EXPLICIT_QUARANTINE,1,0,0
IMPLICIT-3765A6C15B3A9324,UNRESOLVED_IDENTITY,M0,E0,QUARANTINE_UNTIL_DEFINED,TASK99_MACHINE_TRIAGED_EXPLICIT_QUARANTINE,1,0,0
IMPLICIT-3798D8F9CC3D7D15,UNRESOLVED_IDENTITY,M0,E0,QUARANTINE_UNTIL_DEFINED,TASK99_MACHINE_TRIAGED_EXPLICIT_QUARANTINE,1,0,0
IMPLICIT-37AB97FCD9AEA973,ALGORITHM_OR_WORKFLOW,M2,E0,KEEP_AS_ALGORITHM,TASK99_REPOSITORY_EVIDENCE_ADJUDICATED,1,0,0
IMPLICIT-37B3690A0A2DD03E,UNRESOLVED_IDENTITY,M0,E0,QUARANTINE_UNTIL_DEFINED,TASK99_MACHINE_TRIAGED_EXPLICIT_QUARANTINE,1,0,0
IMPLICIT-37BCACA9BBC7B12F,UNRESOLVED_IDENTITY,M0,E0,QUARANTINE_UNTIL_DEFINED,TASK99_MACHINE_TRIAGED_EXPLICIT_QUARANTINE,1,0,0
IMPLICIT-37C0C1D87536897E,UNRESOLVED_IDENTITY,M0,E0,QUARANTINE_UNTIL_DEFINED,TASK99_MACHINE_TRIAGED_EXPLICIT_QUARANTINE,1,0,0
IMPLICIT-37E214F0806ACBDE,UNRESOLVED_IDENTITY,M0,E0,QUARANTINE_UNTIL_DEFINED,TASK99_MACHINE_TRIAGED_EXPLICIT_QUARANTINE,1,0,0
IMPLICIT-37EFF6D269D6CDDA,UNRESOLVED_IDENTITY,M0,E0,QUARANTINE_UNTIL_DEFINED,TASK99_MACHINE_TRIAGED_EXPLICIT_QUARANTINE,1,0,0
IMPLICIT-3813754424EECE1D,UNRESOLVED_IDENTITY,M0,E0,QUARANTINE_UNTIL_DEFINED,TASK99_MACHINE_TRIAGED_EXPLICIT_QUARANTINE,1,0,0
IMPLICIT-38145D6AC93428FF,UNRESOLVED_IDENTITY,M0,E0,QUARANTINE_UNTIL_DEFINED,TASK99_MACHINE_TRIAGED_EXPLICIT_QUARANTINE,1,0,0
IMPLICIT-3815AF344E71FE01,UNRESOLVED_IDENTITY,M0,E0,QUARANTINE_UNTIL_DEFINED,TASK99_MACHINE_TRIAGED_EXPLICIT_QUARANTINE,1,0,0
IMPLICIT-38189E840B31A7FF,ALGORITHM_OR_WORKFLOW,M2,E0,KEEP_AS_ALGORITHM,TASK99_REPOSITORY_EVIDENCE_ADJUDICATED,1,0,0
IMPLICIT-38237E3551E12EA0,UNRESOLVED_IDENTITY,M0,E0,QUARANTINE_UNTIL_DEFINED,TASK99_MACHINE_TRIAGED_EXPLICIT_QUARANTINE,1,0,0
IMPLICIT-3828A3C49EC34F59,UNRESOLVED_IDENTITY,M0,E0,QUARANTINE_UNTIL_DEFINED,TASK99_MACHINE_TRIAGED_EXPLICIT_QUARANTINE,1,0,0
IMPLICIT-3829078A3C8DBED2,UNRESOLVED_IDENTITY,M0,E0,QUARANTINE_UNTIL_DEFINED,TASK99_MACHINE_TRIAGED_EXPLICIT_QUARANTINE,1,0,0
IMPLICIT-383E6418B81B24A9,ALGORITHM_OR_WORKFLOW,M1,E0,KEEP_AS_ALGORITHM,TASK99_REPOSITORY_EVIDENCE_ADJUDICATED,1,0,0
IMPLICIT-3844EBF297E1254A,UNRESOLVED_IDENTITY,M0,E0,QUARANTINE_UNTIL_DEFINED,TASK99_MACHINE_TRIAGED_EXPLICIT_QUARANTINE,1,0,0
IMPLICIT-3845A504630CC3CC,UNRESOLVED_IDENTITY,M0,E0,QUARANTINE_UNTIL_DEFINED,TASK99_MACHINE_TRIAGED_EXPLICIT_QUARANTINE,1,0,0
IMPLICIT-386DEF7EAD98A0BE,ALGORITHM_OR_WORKFLOW,M1,E0,KEEP_AS_ALGORITHM,TASK99_REPOSITORY_EVIDENCE_ADJUDICATED,1,0,0
IMPLICIT-387DBDFF72B1086E,UNRESOLVED_IDENTITY,M0,E0,QUARANTINE_UNTIL_DEFINED,TASK99_MACHINE_TRIAGED_EXPLICIT_QUARANTINE,1,0,0
IMPLICIT-3882C6B41510B56D,UNRESOLVED_IDENTITY,M0,E0,QUARANTINE_UNTIL_DEFINED,TASK99_MACHINE_TRIAGED_EXPLICIT_QUARANTINE,1,0,0
IMPLICIT-38830B43051BF616,UNRESOLVED_IDENTITY,M0,E0,QUARANTINE_UNTIL_DEFINED,TASK99_MACHINE_TRIAGED_EXPLICIT_QUARANTINE,1,0,0
IMPLICIT-38831FA21258C329,UNRESOLVED_IDENTITY,M0,E0,QUARANTINE_UNTIL_DEFINED,TASK99_MACHINE_TRIAGED_EXPLICIT_QUARANTINE,1,0,0
IMPLICIT-38AB6A5AAFF0AE90,ALGORITHM_OR_WORKFLOW,M2,E0,KEEP_AS_ALGORITHM,TASK99_REPOSITORY_EVIDENCE_ADJUDICATED,1,0,0
IMPLICIT-38C09CC0B8788B7F,UNRESOLVED_IDENTITY,M0,E0,QUARANTINE_UNTIL_DEFINED,TASK99_MACHINE_TRIAGED_EXPLICIT_QUARANTINE,1,0,0
IMPLICIT-38DF3963AE52E0E8,UNRESOLVED_IDENTITY,M0,E0,QUARANTINE_UNTIL_DEFINED,TASK99_MACHINE_TRIAGED_EXPLICIT_QUARANTINE,1,0,0
IMPLICIT-38FC5BA5150544D7,UNRESOLVED_IDENTITY,M0,E0,QUARANTINE_UNTIL_DEFINED,TASK99_MACHINE_TRIAGED_EXPLICIT_QUARANTINE,1,0,0
IMPLICIT-39054AB46DB8796B,ALGORITHM_OR_WORKFLOW,M1,E0,KEEP_AS_ALGORITHM,TASK99_REPOSITORY_EVIDENCE_ADJUDICATED,1,0,0
IMPLICIT-390E3F6EE27BBDB5,UNRESOLVED_IDENTITY,M0,E0,QUARANTINE_UNTIL_DEFINED,TASK99_MACHINE_TRIAGED_EXPLICIT_QUARANTINE,1,0,0
IMPLICIT-3910D97606619CB4,UNRESOLVED_IDENTITY,M0,E0,QUARANTINE_UNTIL_DEFINED,TASK99_MACHINE_TRIAGED_EXPLICIT_QUARANTINE,1,0,0
IMPLICIT-3919EBED6AFB5AE9,ALGORITHM_OR_WORKFLOW,M2,E0,KEEP_AS_ALGORITHM,TASK99_REPOSITORY_EVIDENCE_ADJUDICATED,1,0,0
IMPLICIT-3924649C87DE3F2A,UNRESOLVED_IDENTITY,M0,E0,QUARANTINE_UNTIL_DEFINED,TASK99_MACHINE_TRIAGED_EXPLICIT_QUARANTINE,1,0,0
IMPLICIT-39259246A5B80510,UNRESOLVED_IDENTITY,M0,E0,QUARANTINE_UNTIL_DEFINED,TASK99_MACHINE_TRIAGED_EXPLICIT_QUARANTINE,1,0,0
IMPLICIT-392BEDBDDC49D70B,UNRESOLVED_IDENTITY,M0,E0,QUARANTINE_UNTIL_DEFINED,TASK99_MACHINE_TRIAGED_EXPLICIT_QUARANTINE,1,0,0
IMPLICIT-392BEF7DD5053DCF,UNRESOLVED_IDENTITY,M0,E0,QUARANTINE_UNTIL_DEFINED,TASK99_MACHINE_TRIAGED_EXPLICIT_QUARANTINE,1,0,0
IMPLICIT-3931DF27E1A23B99,UNRESOLVED_IDENTITY,M0,E0,QUARANTINE_UNTIL_DEFINED,TASK99_MACHINE_TRIAGED_EXPLICIT_QUARANTINE,1,0,0
IMPLICIT-3939C9B8FFADCCC0,ALGORITHM_OR_WORKFLOW,M1,E0,KEEP_AS_ALGORITHM,TASK99_REPOSITORY_EVIDENCE_ADJUDICATED,1,0,0
IMPLICIT-395D8D0A581C5937,UNRESOLVED_IDENTITY,M0,E0,QUARANTINE_UNTIL_DEFINED,TASK99_MACHINE_TRIAGED_EXPLICIT_QUARANTINE,1,0,0
IMPLICIT-3984492E02F194B8,ALGORITHM_OR_WORKFLOW,M2,E0,KEEP_AS_ALGORITHM,TASK99_REPOSITORY_EVIDENCE_ADJUDICATED,1,0,0
IMPLICIT-3986361DB9916B19,ALGORITHM_OR_WORKFLOW,M1,E0,KEEP_AS_ALGORITHM,TASK99_REPOSITORY_EVIDENCE_ADJUDICATED,1,0,0
IMPLICIT-3991642AF9B60D20,UNRESOLVED_IDENTITY,M0,E0,QUARANTINE_UNTIL_DEFINED,TASK99_MACHINE_TRIAGED_EXPLICIT_QUARANTINE,1,0,0
IMPLICIT-39B34231965B6619,UNRESOLVED_IDENTITY,M0,E0,QUARANTINE_UNTIL_DEFINED,TASK99_MACHINE_TRIAGED_EXPLICIT_QUARANTINE,1,0,0
IMPLICIT-39B5A6EE969AD227,ALGORITHM_OR_WORKFLOW,M2,E0,KEEP_AS_ALGORITHM,TASK99_REPOSITORY_EVIDENCE_ADJUDICATED,1,0,0
IMPLICIT-39BC40E04E0979F1,UNRESOLVED_IDENTITY,M0,E0,QUARANTINE_UNTIL_DEFINED,TASK99_MACHINE_TRIAGED_EXPLICIT_QUARANTINE,1,0,0
IMPLICIT-39C0087943B8B283,UNRESOLVED_IDENTITY,M0,E0,QUARANTINE_UNTIL_DEFINED,TASK99_MACHINE_TRIAGED_EXPLICIT_QUARANTINE,1,0,0
IMPLICIT-39CD95A726834785,UNRESOLVED_IDENTITY,M0,E0,QUARANTINE_UNTIL_DEFINED,TASK99_MACHINE_TRIAGED_EXPLICIT_QUARANTINE,1,0,0
IMPLICIT-39E4EAA0D6BB81ED,UNRESOLVED_IDENTITY,M0,E0,QUARANTINE_UNTIL_DEFINED,TASK99_MACHINE_TRIAGED_EXPLICIT_QUARANTINE,1,0,0
IMPLICIT-3A44AF5A2A72CAA4,UNRESOLVED_IDENTITY,M0,E0,QUARANTINE_UNTIL_DEFINED,TASK99_MACHINE_TRIAGED_EXPLICIT_QUARANTINE,1,0,0
IMPLICIT-3A579EE12E3EADE8,ALGORITHM_OR_WORKFLOW,M2,E0,KEEP_AS_ALGORITHM,TASK99_REPOSITORY_EVIDENCE_ADJUDICATED,1,0,0
IMPLICIT-3A5A88908809A4EB,UNRESOLVED_IDENTITY,M0,E0,QUARANTINE_UNTIL_DEFINED,TASK99_MACHINE_TRIAGED_EXPLICIT_QUARANTINE,1,0,0
IMPLICIT-3A5D9393F151C030,UNRESOLVED_IDENTITY,M0,E0,QUARANTINE_UNTIL_DEFINED,TASK99_MACHINE_TRIAGED_EXPLICIT_QUARANTINE,1,0,0
IMPLICIT-3A79DEDFEB9CBCE7,ALGORITHM_OR_WORKFLOW,M2,E0,KEEP_AS_ALGORITHM,TASK99_REPOSITORY_EVIDENCE_ADJUDICATED,1,0,0
IMPLICIT-3A857E735EDCF3FE,UNRESOLVED_IDENTITY,M0,E0,QUARANTINE_UNTIL_DEFINED,TASK99_MACHINE_TRIAGED_EXPLICIT_QUARANTINE,1,0,0
IMPLICIT-3A98696CE16356D6,UNRESOLVED_IDENTITY,M0,E0,QUARANTINE_UNTIL_DEFINED,TASK99_MACHINE_TRIAGED_EXPLICIT_QUARANTINE,1,0,0
IMPLICIT-3AA588E09404B8AC,UNRESOLVED_IDENTITY,M0,E0,QUARANTINE_UNTIL_DEFINED,TASK99_MACHINE_TRIAGED_EXPLICIT_QUARANTINE,1,0,0
IMPLICIT-3AC85C8A1193B638,ALGORITHM_OR_WORKFLOW,M2,E0,KEEP_AS_ALGORITHM,TASK99_REPOSITORY_EVIDENCE_ADJUDICATED,1,0,0
IMPLICIT-3ADD9C84D6D94F54,UNRESOLVED_IDENTITY,M0,E0,QUARANTINE_UNTIL_DEFINED,TASK99_MACHINE_TRIAGED_EXPLICIT_QUARANTINE,1,0,0
IMPLICIT-3AFE97C4000EB396,UNRESOLVED_IDENTITY,M0,E0,QUARANTINE_UNTIL_DEFINED,TASK99_MACHINE_TRIAGED_EXPLICIT_QUARANTINE,1,0,0
IMPLICIT-3B05C0F9D492929F,UNRESOLVED_IDENTITY,M0,E0,QUARANTINE_UNTIL_DEFINED,TASK99_MACHINE_TRIAGED_EXPLICIT_QUARANTINE,1,0,0
IMPLICIT-3B301ADFCED49345,ALGORITHM_OR_WORKFLOW,M1,E0,KEEP_AS_ALGORITHM,TASK99_REPOSITORY_EVIDENCE_ADJUDICATED,1,0,0
IMPLICIT-3B33846E8A1E2F17,UNRESOLVED_IDENTITY,M0,E0,QUARANTINE_UNTIL_DEFINED,TASK99_MACHINE_TRIAGED_EXPLICIT_QUARANTINE,1,0,0
IMPLICIT-3B346EC9A4CD8832,ALGORITHM_OR_WORKFLOW,M2,E0,KEEP_AS_ALGORITHM,TASK99_REPOSITORY_EVIDENCE_ADJUDICATED,1,0,0
IMPLICIT-3B45D64DB0C604F9,UNRESOLVED_IDENTITY,M0,E0,QUARANTINE_UNTIL_DEFINED,TASK99_MACHINE_TRIAGED_EXPLICIT_QUARANTINE,1,0,0
IMPLICIT-3B5CA9108F183AED,ALGORITHM_OR_WORKFLOW,M1,E0,KEEP_AS_ALGORITHM,TASK99_REPOSITORY_EVIDENCE_ADJUDICATED,1,0,0
IMPLICIT-3B5F437131F741C4,UNRESOLVED_IDENTITY,M0,E0,QUARANTINE_UNTIL_DEFINED,TASK99_MACHINE_TRIAGED_EXPLICIT_QUARANTINE,1,0,0
IMPLICIT-3B7C152DEF4360B9,UNRESOLVED_IDENTITY,M0,E0,QUARANTINE_UNTIL_DEFINED,TASK99_MACHINE_TRIAGED_EXPLICIT_QUARANTINE,1,0,0
IMPLICIT-3B9615F2BECB401F,ALGORITHM_OR_WORKFLOW,M1,E0,KEEP_AS_ALGORITHM,TASK99_REPOSITORY_EVIDENCE_ADJUDICATED,1,0,0
IMPLICIT-3B9EB1F3157B12AC,UNRESOLVED_IDENTITY,M0,E0,QUARANTINE_UNTIL_DEFINED,TASK99_MACHINE_TRIAGED_EXPLICIT_QUARANTINE,1,0,0
IMPLICIT-3BA81022C32B7692,UNRESOLVED_IDENTITY,M0,E0,QUARANTINE_UNTIL_DEFINED,TASK99_MACHINE_TRIAGED_EXPLICIT_QUARANTINE,1,0,0
IMPLICIT-3BAAF438ACCB0F60,UNRESOLVED_IDENTITY,M0,E0,QUARANTINE_UNTIL_DEFINED,TASK99_MACHINE_TRIAGED_EXPLICIT_QUARANTINE,1,0,0
IMPLICIT-3BBB68998FCE7F67,ALGORITHM_OR_WORKFLOW,M2,E0,KEEP_AS_ALGORITHM,TASK99_REPOSITORY_EVIDENCE_ADJUDICATED,1,0,0
IMPLICIT-3BD6C326CE95040B,UNRESOLVED_IDENTITY,M0,E0,QUARANTINE_UNTIL_DEFINED,TASK99_MACHINE_TRIAGED_EXPLICIT_QUARANTINE,1,0,0
IMPLICIT-3BE6596D4A101525,UNRESOLVED_IDENTITY,M0,E0,QUARANTINE_UNTIL_DEFINED,TASK99_MACHINE_TRIAGED_EXPLICIT_QUARANTINE,1,0,0
IMPLICIT-3C0268001E4F85F8,UNRESOLVED_IDENTITY,M0,E0,QUARANTINE_UNTIL_DEFINED,TASK99_MACHINE_TRIAGED_EXPLICIT_QUARANTINE,1,0,0
IMPLICIT-3C06D99103B580CA,ALGORITHM_OR_WORKFLOW,M1,E0,KEEP_AS_ALGORITHM,TASK99_REPOSITORY_EVIDENCE_ADJUDICATED,1,0,0
IMPLICIT-3C0F724825A54953,UNRESOLVED_IDENTITY,M0,E0,QUARANTINE_UNTIL_DEFINED,TASK99_MACHINE_TRIAGED_EXPLICIT_QUARANTINE,1,0,0
IMPLICIT-3C24AB1BA7F24F19,ALGORITHM_OR_WORKFLOW,M1,E0,KEEP_AS_ALGORITHM,TASK99_REPOSITORY_EVIDENCE_ADJUDICATED,1,0,0
IMPLICIT-3C26C54C5B66B060,UNRESOLVED_IDENTITY,M0,E0,QUARANTINE_UNTIL_DEFINED,TASK99_MACHINE_TRIAGED_EXPLICIT_QUARANTINE,1,0,0
IMPLICIT-3C28D5939C159BE2,UNRESOLVED_IDENTITY,M0,E0,QUARANTINE_UNTIL_DEFINED,TASK99_MACHINE_TRIAGED_EXPLICIT_QUARANTINE,1,0,0
IMPLICIT-3C3646C883DA8BB3,ALGORITHM_OR_WORKFLOW,M1,E0,KEEP_AS_ALGORITHM,TASK99_REPOSITORY_EVIDENCE_ADJUDICATED,1,0,0
IMPLICIT-3C4DE833424EB621,ALGORITHM_OR_WORKFLOW,M1,E0,KEEP_AS_ALGORITHM,TASK99_REPOSITORY_EVIDENCE_ADJUDICATED,1,0,0
IMPLICIT-3C50C99F1386FA69,UNRESOLVED_IDENTITY,M0,E0,QUARANTINE_UNTIL_DEFINED,TASK99_MACHINE_TRIAGED_EXPLICIT_QUARANTINE,1,0,0
IMPLICIT-3C5CC2DFFAA88B55,UNRESOLVED_IDENTITY,M0,E0,QUARANTINE_UNTIL_DEFINED,TASK99_MACHINE_TRIAGED_EXPLICIT_QUARANTINE,1,0,0
IMPLICIT-3C5FCEDDD7900E4A,UNRESOLVED_IDENTITY,M0,E0,QUARANTINE_UNTIL_DEFINED,TASK99_MACHINE_TRIAGED_EXPLICIT_QUARANTINE,1,0,0
IMPLICIT-3C652C975A6B30F0,ALGORITHM_OR_WORKFLOW,M1,E0,KEEP_AS_ALGORITHM,TASK99_REPOSITORY_EVIDENCE_ADJUDICATED,1,0,0
IMPLICIT-3C65FD36113EA5BB,ALGORITHM_OR_WORKFLOW,M2,E0,KEEP_AS_ALGORITHM,TASK99_REPOSITORY_EVIDENCE_ADJUDICATED,1,0,0
IMPLICIT-3C7C776AF598A46F,UNRESOLVED_IDENTITY,M0,E0,QUARANTINE_UNTIL_DEFINED,TASK99_MACHINE_TRIAGED_EXPLICIT_QUARANTINE,1,0,0
IMPLICIT-3C8AD5BC5A90EE30,ALGORITHM_OR_WORKFLOW,M1,E0,KEEP_AS_ALGORITHM,TASK99_REPOSITORY_EVIDENCE_ADJUDICATED,1,0,0
IMPLICIT-3C8D26D9F9813167,UNRESOLVED_IDENTITY,M0,E0,QUARANTINE_UNTIL_DEFINED,TASK99_MACHINE_TRIAGED_EXPLICIT_QUARANTINE,1,0,0
IMPLICIT-3CA29D867143C5FC,UNRESOLVED_IDENTITY,M0,E0,QUARANTINE_UNTIL_DEFINED,TASK99_MACHINE_TRIAGED_EXPLICIT_QUARANTINE,1,0,0
IMPLICIT-3CB2925AC410CCD7,ALGORITHM_OR_WORKFLOW,M1,E0,KEEP_AS_ALGORITHM,TASK99_REPOSITORY_EVIDENCE_ADJUDICATED,1,0,0
IMPLICIT-3CC86797E95032C2,UNRESOLVED_IDENTITY,M0,E0,QUARANTINE_UNTIL_DEFINED,TASK99_MACHINE_TRIAGED_EXPLICIT_QUARANTINE,1,0,0
IMPLICIT-3CCB3D1FAC4EC805,ALGORITHM_OR_WORKFLOW,M1,E0,KEEP_AS_ALGORITHM,TASK99_REPOSITORY_EVIDENCE_ADJUDICATED,1,0,0
IMPLICIT-3CD145CADD49E461,UNRESOLVED_IDENTITY,M0,E0,QUARANTINE_UNTIL_DEFINED,TASK99_MACHINE_TRIAGED_EXPLICIT_QUARANTINE,1,0,0
IMPLICIT-3CD242D2DE714470,ALGORITHM_OR_WORKFLOW,M1,E0,KEEP_AS_ALGORITHM,TASK99_REPOSITORY_EVIDENCE_ADJUDICATED,1,0,0
IMPLICIT-3CD99ED8AD7FD34B,ALGORITHM_OR_WORKFLOW,M2,E0,KEEP_AS_ALGORITHM,TASK99_REPOSITORY_EVIDENCE_ADJUDICATED,1,0,0
IMPLICIT-3CE1277B0B484C57,UNRESOLVED_IDENTITY,M0,E0,QUARANTINE_UNTIL_DEFINED,TASK99_MACHINE_TRIAGED_EXPLICIT_QUARANTINE,1,0,0
IMPLICIT-3CE2FEDB5CCB3831,UNRESOLVED_IDENTITY,M0,E0,QUARANTINE_UNTIL_DEFINED,TASK99_MACHINE_TRIAGED_EXPLICIT_QUARANTINE,1,0,0
IMPLICIT-3CEE4582D76F545B,UNRESOLVED_IDENTITY,M0,E0,QUARANTINE_UNTIL_DEFINED,TASK99_MACHINE_TRIAGED_EXPLICIT_QUARANTINE,1,0,0
IMPLICIT-3CF01DEBE7FA71FB,ALGORITHM_OR_WORKFLOW,M2,E0,KEEP_AS_ALGORITHM,TASK99_REPOSITORY_EVIDENCE_ADJUDICATED,1,0,0
IMPLICIT-3CFD3DA0F4C7BD9D,UNRESOLVED_IDENTITY,M0,E0,QUARANTINE_UNTIL_DEFINED,TASK99_MACHINE_TRIAGED_EXPLICIT_QUARANTINE,1,0,0
IMPLICIT-3D25CA494658E6D4,UNRESOLVED_IDENTITY,M0,E0,QUARANTINE_UNTIL_DEFINED,TASK99_MACHINE_TRIAGED_EXPLICIT_QUARANTINE,1,0,0
IMPLICIT-3D2B66B8085614EE,ALGORITHM_OR_WORKFLOW,M2,E0,KEEP_AS_ALGORITHM,TASK99_REPOSITORY_EVIDENCE_ADJUDICATED,1,0,0
IMPLICIT-3D2EA703256F8B82,UNRESOLVED_IDENTITY,M0,E0,QUARANTINE_UNTIL_DEFINED,TASK99_MACHINE_TRIAGED_EXPLICIT_QUARANTINE,1,0,0
IMPLICIT-3D39C7061EEEC696,UNRESOLVED_IDENTITY,M0,E0,QUARANTINE_UNTIL_DEFINED,TASK99_MACHINE_TRIAGED_EXPLICIT_QUARANTINE,1,0,0
IMPLICIT-3D50CD6712952202,UNRESOLVED_IDENTITY,M0,E0,QUARANTINE_UNTIL_DEFINED,TASK99_MACHINE_TRIAGED_EXPLICIT_QUARANTINE,1,0,0
IMPLICIT-3D52819E7CBD47A4,UNRESOLVED_IDENTITY,M0,E0,QUARANTINE_UNTIL_DEFINED,TASK99_MACHINE_TRIAGED_EXPLICIT_QUARANTINE,1,0,0
IMPLICIT-3D59A17A8C36A449,UNRESOLVED_IDENTITY,M0,E0,QUARANTINE_UNTIL_DEFINED,TASK99_MACHINE_TRIAGED_EXPLICIT_QUARANTINE,1,0,0
IMPLICIT-3D8294F5D95A2B6B,ALGORITHM_OR_WORKFLOW,M1,E0,KEEP_AS_ALGORITHM,TASK99_REPOSITORY_EVIDENCE_ADJUDICATED,1,0,0
IMPLICIT-3D98F9C151A84314,UNRESOLVED_IDENTITY,M0,E0,QUARANTINE_UNTIL_DEFINED,TASK99_MACHINE_TRIAGED_EXPLICIT_QUARANTINE,1,0,0
IMPLICIT-3DB8C281F24AEC19,UNRESOLVED_IDENTITY,M0,E0,QUARANTINE_UNTIL_DEFINED,TASK99_MACHINE_TRIAGED_EXPLICIT_QUARANTINE,1,0,0
IMPLICIT-3DCCF06EF4CB257B,UNRESOLVED_IDENTITY,M0,E0,QUARANTINE_UNTIL_DEFINED,TASK99_MACHINE_TRIAGED_EXPLICIT_QUARANTINE,1,0,0
IMPLICIT-3DCF3443981758C1,UNRESOLVED_IDENTITY,M0,E0,QUARANTINE_UNTIL_DEFINED,TASK99_MACHINE_TRIAGED_EXPLICIT_QUARANTINE,1,0,0
IMPLICIT-3DD30F45E98374E8,UNRESOLVED_IDENTITY,M0,E0,QUARANTINE_UNTIL_DEFINED,TASK99_MACHINE_TRIAGED_EXPLICIT_QUARANTINE,1,0,0
IMPLICIT-3DD3FDA5BAC09E32,UNRESOLVED_IDENTITY,M0,E0,QUARANTINE_UNTIL_DEFINED,TASK99_MACHINE_TRIAGED_EXPLICIT_QUARANTINE,1,0,0
IMPLICIT-3DDD1F6A2898B394,ALGORITHM_OR_WORKFLOW,M1,E0,KEEP_AS_ALGORITHM,TASK99_REPOSITORY_EVIDENCE_ADJUDICATED,1,0,0
IMPLICIT-3DF8097584CE1ADD,UNRESOLVED_IDENTITY,M0,E0,QUARANTINE_UNTIL_DEFINED,TASK99_MACHINE_TRIAGED_EXPLICIT_QUARANTINE,1,0,0
IMPLICIT-3E0A7ECA7D43BA23,UNRESOLVED_IDENTITY,M0,E0,QUARANTINE_UNTIL_DEFINED,TASK99_MACHINE_TRIAGED_EXPLICIT_QUARANTINE,1,0,0
IMPLICIT-3E2430E06461C826,UNRESOLVED_IDENTITY,M0,E0,QUARANTINE_UNTIL_DEFINED,TASK99_MACHINE_TRIAGED_EXPLICIT_QUARANTINE,1,0,0
IMPLICIT-3E278BFEC8990810,UNRESOLVED_IDENTITY,M0,E0,QUARANTINE_UNTIL_DEFINED,TASK99_MACHINE_TRIAGED_EXPLICIT_QUARANTINE,1,0,0
IMPLICIT-3E283CCE75FF8935,UNRESOLVED_IDENTITY,M0,E0,QUARANTINE_UNTIL_DEFINED,TASK99_MACHINE_TRIAGED_EXPLICIT_QUARANTINE,1,0,0
IMPLICIT-3E484684DBEAEAD5,UNRESOLVED_IDENTITY,M0,E0,QUARANTINE_UNTIL_DEFINED,TASK99_MACHINE_TRIAGED_EXPLICIT_QUARANTINE,1,0,0
IMPLICIT-3E4C6FC3E67A8A19,UNRESOLVED_IDENTITY,M0,E0,QUARANTINE_UNTIL_DEFINED,TASK99_MACHINE_TRIAGED_EXPLICIT_QUARANTINE,1,0,0
IMPLICIT-3E813E681FA10CA1,UNRESOLVED_IDENTITY,M0,E0,QUARANTINE_UNTIL_DEFINED,TASK99_MACHINE_TRIAGED_EXPLICIT_QUARANTINE,1,0,0
IMPLICIT-3E8302B5110E3DA7,ALGORITHM_OR_WORKFLOW,M1,E0,KEEP_AS_ALGORITHM,TASK99_REPOSITORY_EVIDENCE_ADJUDICATED,1,0,0
IMPLICIT-3EAB7E62BCD65379,UNRESOLVED_IDENTITY,M0,E0,QUARANTINE_UNTIL_DEFINED,TASK99_MACHINE_TRIAGED_EXPLICIT_QUARANTINE,1,0,0
IMPLICIT-3ECE357BD54366BB,UNRESOLVED_IDENTITY,M0,E0,QUARANTINE_UNTIL_DEFINED,TASK99_MACHINE_TRIAGED_EXPLICIT_QUARANTINE,1,0,0
IMPLICIT-3EDC9D9609BBE811,UNRESOLVED_IDENTITY,M0,E0,QUARANTINE_UNTIL_DEFINED,TASK99_MACHINE_TRIAGED_EXPLICIT_QUARANTINE,1,0,0
IMPLICIT-3EEDF72AA8FB2895,UNRESOLVED_IDENTITY,M0,E0,QUARANTINE_UNTIL_DEFINED,TASK99_MACHINE_TRIAGED_EXPLICIT_QUARANTINE,1,0,0
IMPLICIT-3EEE2CFCD63D4E4F,UNRESOLVED_IDENTITY,M0,E0,QUARANTINE_UNTIL_DEFINED,TASK99_MACHINE_TRIAGED_EXPLICIT_QUARANTINE,1,0,0
IMPLICIT-3F0D3AE859234B3F,UNRESOLVED_IDENTITY,M0,E0,QUARANTINE_UNTIL_DEFINED,TASK99_MACHINE_TRIAGED_EXPLICIT_QUARANTINE,1,0,0
IMPLICIT-3F11C4308505B8BF,UNRESOLVED_IDENTITY,M0,E0,QUARANTINE_UNTIL_DEFINED,TASK99_MACHINE_TRIAGED_EXPLICIT_QUARANTINE,1,0,0
IMPLICIT-3F1A8E3C516408CF,UNRESOLVED_IDENTITY,M0,E0,QUARANTINE_UNTIL_DEFINED,TASK99_MACHINE_TRIAGED_EXPLICIT_QUARANTINE,1,0,0
IMPLICIT-3F39071C3EF5FF6F,UNRESOLVED_IDENTITY,M0,E0,QUARANTINE_UNTIL_DEFINED,TASK99_MACHINE_TRIAGED_EXPLICIT_QUARANTINE,1,0,0
IMPLICIT-3F416B3E2B262344,UNRESOLVED_IDENTITY,M0,E0,QUARANTINE_UNTIL_DEFINED,TASK99_MACHINE_TRIAGED_EXPLICIT_QUARANTINE,1,0,0
IMPLICIT-3F56695F8D84A027,UNRESOLVED_IDENTITY,M0,E0,QUARANTINE_UNTIL_DEFINED,TASK99_MACHINE_TRIAGED_EXPLICIT_QUARANTINE,1,0,0
IMPLICIT-3F5DAE6F783DB582,UNRESOLVED_IDENTITY,M0,E0,QUARANTINE_UNTIL_DEFINED,TASK99_MACHINE_TRIAGED_EXPLICIT_QUARANTINE,1,0,0
IMPLICIT-3F72718625209553,UNRESOLVED_IDENTITY,M0,E0,QUARANTINE_UNTIL_DEFINED,TASK99_MACHINE_TRIAGED_EXPLICIT_QUARANTINE,1,0,0
IMPLICIT-3F823F4CB70418AB,UNRESOLVED_IDENTITY,M0,E0,QUARANTINE_UNTIL_DEFINED,TASK99_MACHINE_TRIAGED_EXPLICIT_QUARANTINE,1,0,0
IMPLICIT-3F863213B6786D32,ALGORITHM_OR_WORKFLOW,M1,E0,KEEP_AS_ALGORITHM,TASK99_REPOSITORY_EVIDENCE_ADJUDICATED,1,0,0
IMPLICIT-3F906D6AC9517A71,UNRESOLVED_IDENTITY,M0,E0,QUARANTINE_UNTIL_DEFINED,TASK99_MACHINE_TRIAGED_EXPLICIT_QUARANTINE,1,0,0
IMPLICIT-3FA1315BB6E8221B,UNRESOLVED_IDENTITY,M0,E0,QUARANTINE_UNTIL_DEFINED,TASK99_MACHINE_TRIAGED_EXPLICIT_QUARANTINE,1,0,0
IMPLICIT-3FBC7E635D686C61,UNRESOLVED_IDENTITY,M0,E0,QUARANTINE_UNTIL_DEFINED,TASK99_MACHINE_TRIAGED_EXPLICIT_QUARANTINE,1,0,0
IMPLICIT-3FBC8C33AA6C71A3,ALGORITHM_OR_WORKFLOW,M2,E0,KEEP_AS_ALGORITHM,TASK99_REPOSITORY_EVIDENCE_ADJUDICATED,1,0,0
IMPLICIT-3FC896A7E95D388D,UNRESOLVED_IDENTITY,M0,E0,QUARANTINE_UNTIL_DEFINED,TASK99_MACHINE_TRIAGED_EXPLICIT_QUARANTINE,1,0,0
IMPLICIT-3FDBEB63F591FAF8,ALGORITHM_OR_WORKFLOW,M2,E0,KEEP_AS_ALGORITHM,TASK99_REPOSITORY_EVIDENCE_ADJUDICATED,1,0,0
IMPLICIT-3FF61F60F39B5E42,UNRESOLVED_IDENTITY,M0,E0,QUARANTINE_UNTIL_DEFINED,TASK99_MACHINE_TRIAGED_EXPLICIT_QUARANTINE,1,0,0
IMPLICIT-40115AF2FFB695DA,UNRESOLVED_IDENTITY,M0,E0,QUARANTINE_UNTIL_DEFINED,TASK99_MACHINE_TRIAGED_EXPLICIT_QUARANTINE,1,0,0
IMPLICIT-40166421D79ACC55,UNRESOLVED_IDENTITY,M0,E0,QUARANTINE_UNTIL_DEFINED,TASK99_MACHINE_TRIAGED_EXPLICIT_QUARANTINE,1,0,0
IMPLICIT-40250834F424C27F,ALGORITHM_OR_WORKFLOW,M1,E0,KEEP_AS_ALGORITHM,TASK99_REPOSITORY_EVIDENCE_ADJUDICATED,1,0,0
IMPLICIT-4035666B1F16BC1F,ALGORITHM_OR_WORKFLOW,M1,E0,KEEP_AS_ALGORITHM,TASK99_REPOSITORY_EVIDENCE_ADJUDICATED,1,0,0
IMPLICIT-403A3B7539F0C735,ALGORITHM_OR_WORKFLOW,M2,E0,KEEP_AS_ALGORITHM,TASK99_REPOSITORY_EVIDENCE_ADJUDICATED,1,0,0
IMPLICIT-404F7883AA855F76,UNRESOLVED_IDENTITY,M0,E0,QUARANTINE_UNTIL_DEFINED,TASK99_MACHINE_TRIAGED_EXPLICIT_QUARANTINE,1,0,0
IMPLICIT-405B50E68DFBCCF9,UNRESOLVED_IDENTITY,M0,E0,QUARANTINE_UNTIL_DEFINED,TASK99_MACHINE_TRIAGED_EXPLICIT_QUARANTINE,1,0,0
IMPLICIT-405E43BD6D740AAB,UNRESOLVED_IDENTITY,M0,E0,QUARANTINE_UNTIL_DEFINED,TASK99_MACHINE_TRIAGED_EXPLICIT_QUARANTINE,1,0,0
IMPLICIT-407B8BA240585CD0,UNRESOLVED_IDENTITY,M0,E0,QUARANTINE_UNTIL_DEFINED,TASK99_MACHINE_TRIAGED_EXPLICIT_QUARANTINE,1,0,0
IMPLICIT-40829D48FD0925C7,UNRESOLVED_IDENTITY,M0,E0,QUARANTINE_UNTIL_DEFINED,TASK99_MACHINE_TRIAGED_EXPLICIT_QUARANTINE,1,0,0
IMPLICIT-4084562A531475AE,UNRESOLVED_IDENTITY,M0,E0,QUARANTINE_UNTIL_DEFINED,TASK99_MACHINE_TRIAGED_EXPLICIT_QUARANTINE,1,0,0
IMPLICIT-40930906A88C8DFA,UNRESOLVED_IDENTITY,M0,E0,QUARANTINE_UNTIL_DEFINED,TASK99_MACHINE_TRIAGED_EXPLICIT_QUARANTINE,1,0,0
IMPLICIT-409452B95E2E4B58,UNRESOLVED_IDENTITY,M0,E0,QUARANTINE_UNTIL_DEFINED,TASK99_MACHINE_TRIAGED_EXPLICIT_QUARANTINE,1,0,0
IMPLICIT-40997927E592B9BF,UNRESOLVED_IDENTITY,M0,E0,QUARANTINE_UNTIL_DEFINED,TASK99_MACHINE_TRIAGED_EXPLICIT_QUARANTINE,1,0,0
IMPLICIT-409AA878DDBB7A2B,UNRESOLVED_IDENTITY,M0,E0,QUARANTINE_UNTIL_DEFINED,TASK99_MACHINE_TRIAGED_EXPLICIT_QUARANTINE,1,0,0
IMPLICIT-40A05D9AFE80F8C6,UNRESOLVED_IDENTITY,M0,E0,QUARANTINE_UNTIL_DEFINED,TASK99_MACHINE_TRIAGED_EXPLICIT_QUARANTINE,1,0,0
IMPLICIT-40ABD159E6C3E959,ALGORITHM_OR_WORKFLOW,M1,E0,KEEP_AS_ALGORITHM,TASK99_REPOSITORY_EVIDENCE_ADJUDICATED,1,0,0
IMPLICIT-40B6290FB15D8275,ALGORITHM_OR_WORKFLOW,M2,E0,KEEP_AS_ALGORITHM,TASK99_REPOSITORY_EVIDENCE_ADJUDICATED,1,0,0
IMPLICIT-40C9466CBD2C1305,UNRESOLVED_IDENTITY,M0,E0,QUARANTINE_UNTIL_DEFINED,TASK99_MACHINE_TRIAGED_EXPLICIT_QUARANTINE,1,0,0
IMPLICIT-40DD87AAEE3DAEDF,ALGORITHM_OR_WORKFLOW,M2,E0,KEEP_AS_ALGORITHM,TASK99_REPOSITORY_EVIDENCE_ADJUDICATED,1,0,0
IMPLICIT-40E637D3F6A4E50C,UNRESOLVED_IDENTITY,M0,E0,QUARANTINE_UNTIL_DEFINED,TASK99_MACHINE_TRIAGED_EXPLICIT_QUARANTINE,1,0,0
IMPLICIT-40E66ED0619B62B9,UNRESOLVED_IDENTITY,M0,E0,QUARANTINE_UNTIL_DEFINED,TASK99_MACHINE_TRIAGED_EXPLICIT_QUARANTINE,1,0,0
IMPLICIT-40EF3366143C282D,UNRESOLVED_IDENTITY,M0,E0,QUARANTINE_UNTIL_DEFINED,TASK99_MACHINE_TRIAGED_EXPLICIT_QUARANTINE,1,0,0
IMPLICIT-40F2286D1A6D69FC,UNRESOLVED_IDENTITY,M0,E0,QUARANTINE_UNTIL_DEFINED,TASK99_MACHINE_TRIAGED_EXPLICIT_QUARANTINE,1,0,0
IMPLICIT-40FB8D258F058614,UNRESOLVED_IDENTITY,M0,E0,QUARANTINE_UNTIL_DEFINED,TASK99_MACHINE_TRIAGED_EXPLICIT_QUARANTINE,1,0,0
IMPLICIT-40FE89482873405C,UNRESOLVED_IDENTITY,M0,E0,QUARANTINE_UNTIL_DEFINED,TASK99_MACHINE_TRIAGED_EXPLICIT_QUARANTINE,1,0,0
IMPLICIT-41106F5EA5FCD408,ALGORITHM_OR_WORKFLOW,M1,E0,KEEP_AS_ALGORITHM,TASK99_REPOSITORY_EVIDENCE_ADJUDICATED,1,0,0
IMPLICIT-41259094302EC1EA,UNRESOLVED_IDENTITY,M0,E0,QUARANTINE_UNTIL_DEFINED,TASK99_MACHINE_TRIAGED_EXPLICIT_QUARANTINE,1,0,0
IMPLICIT-412797946557FEB2,UNRESOLVED_IDENTITY,M0,E0,QUARANTINE_UNTIL_DEFINED,TASK99_MACHINE_TRIAGED_EXPLICIT_QUARANTINE,1,0,0
IMPLICIT-412FAA38FE37BFC0,UNRESOLVED_IDENTITY,M0,E0,QUARANTINE_UNTIL_DEFINED,TASK99_MACHINE_TRIAGED_EXPLICIT_QUARANTINE,1,0,0
IMPLICIT-41384817CC2B24A0,UNRESOLVED_IDENTITY,M0,E0,QUARANTINE_UNTIL_DEFINED,TASK99_MACHINE_TRIAGED_EXPLICIT_QUARANTINE,1,0,0
IMPLICIT-414EE71CE3F56AEE,ALGORITHM_OR_WORKFLOW,M1,E0,KEEP_AS_ALGORITHM,TASK99_REPOSITORY_EVIDENCE_ADJUDICATED,1,0,0
IMPLICIT-4182F3950339B285,UNRESOLVED_IDENTITY,M0,E0,QUARANTINE_UNTIL_DEFINED,TASK99_MACHINE_TRIAGED_EXPLICIT_QUARANTINE,1,0,0
IMPLICIT-418959E91EE64A93,UNRESOLVED_IDENTITY,M0,E0,QUARANTINE_UNTIL_DEFINED,TASK99_MACHINE_TRIAGED_EXPLICIT_QUARANTINE,1,0,0
IMPLICIT-4195794FC356ADCB,UNRESOLVED_IDENTITY,M0,E0,QUARANTINE_UNTIL_DEFINED,TASK99_MACHINE_TRIAGED_EXPLICIT_QUARANTINE,1,0,0
IMPLICIT-41A4A68919A56F16,UNRESOLVED_IDENTITY,M0,E0,QUARANTINE_UNTIL_DEFINED,TASK99_MACHINE_TRIAGED_EXPLICIT_QUARANTINE,1,0,0
IMPLICIT-41AFEB672D055874,UNRESOLVED_IDENTITY,M0,E0,QUARANTINE_UNTIL_DEFINED,TASK99_MACHINE_TRIAGED_EXPLICIT_QUARANTINE,1,0,0
IMPLICIT-41B4394A0D47BEF0,UNRESOLVED_IDENTITY,M0,E0,QUARANTINE_UNTIL_DEFINED,TASK99_MACHINE_TRIAGED_EXPLICIT_QUARANTINE,1,0,0
IMPLICIT-41B66B56E0A0BD47,UNRESOLVED_IDENTITY,M0,E0,QUARANTINE_UNTIL_DEFINED,TASK99_MACHINE_TRIAGED_EXPLICIT_QUARANTINE,1,0,0
IMPLICIT-41B730C522A01793,UNRESOLVED_IDENTITY,M0,E0,QUARANTINE_UNTIL_DEFINED,TASK99_MACHINE_TRIAGED_EXPLICIT_QUARANTINE,1,0,0
IMPLICIT-41CDE69A3807CBCD,UNRESOLVED_IDENTITY,M0,E0,QUARANTINE_UNTIL_DEFINED,TASK99_MACHINE_TRIAGED_EXPLICIT_QUARANTINE,1,0,0
IMPLICIT-41E28823E03EE13A,UNRESOLVED_IDENTITY,M0,E0,QUARANTINE_UNTIL_DEFINED,TASK99_MACHINE_TRIAGED_EXPLICIT_QUARANTINE,1,0,0
IMPLICIT-41E499F077993B95,ALGORITHM_OR_WORKFLOW,M1,E0,KEEP_AS_ALGORITHM,TASK99_REPOSITORY_EVIDENCE_ADJUDICATED,1,0,0
IMPLICIT-41E49B0D03829BC5,UNRESOLVED_IDENTITY,M0,E0,QUARANTINE_UNTIL_DEFINED,TASK99_MACHINE_TRIAGED_EXPLICIT_QUARANTINE,1,0,0
IMPLICIT-41EF13025D3F189F,UNRESOLVED_IDENTITY,M0,E0,QUARANTINE_UNTIL_DEFINED,TASK99_MACHINE_TRIAGED_EXPLICIT_QUARANTINE,1,0,0
IMPLICIT-41F1CCE0672B6E0C,UNRESOLVED_IDENTITY,M0,E0,QUARANTINE_UNTIL_DEFINED,TASK99_MACHINE_TRIAGED_EXPLICIT_QUARANTINE,1,0,0
IMPLICIT-4203A5B6669F05B9,ALGORITHM_OR_WORKFLOW,M2,E0,KEEP_AS_ALGORITHM,TASK99_REPOSITORY_EVIDENCE_ADJUDICATED,1,0,0
IMPLICIT-4216B7298271C323,UNRESOLVED_IDENTITY,M0,E0,QUARANTINE_UNTIL_DEFINED,TASK99_MACHINE_TRIAGED_EXPLICIT_QUARANTINE,1,0,0
IMPLICIT-421C3724FF3F17B0,UNRESOLVED_IDENTITY,M0,E0,QUARANTINE_UNTIL_DEFINED,TASK99_MACHINE_TRIAGED_EXPLICIT_QUARANTINE,1,0,0
IMPLICIT-4241B403B4D882A3,UNRESOLVED_IDENTITY,M0,E0,QUARANTINE_UNTIL_DEFINED,TASK99_MACHINE_TRIAGED_EXPLICIT_QUARANTINE,1,0,0
IMPLICIT-4245BB389CC8B154,UNRESOLVED_IDENTITY,M0,E0,QUARANTINE_UNTIL_DEFINED,TASK99_MACHINE_TRIAGED_EXPLICIT_QUARANTINE,1,0,0
IMPLICIT-424923C0FC7CC38D,UNRESOLVED_IDENTITY,M0,E0,QUARANTINE_UNTIL_DEFINED,TASK99_MACHINE_TRIAGED_EXPLICIT_QUARANTINE,1,0,0
IMPLICIT-426673FEB909EFDF,UNRESOLVED_IDENTITY,M0,E0,QUARANTINE_UNTIL_DEFINED,TASK99_MACHINE_TRIAGED_EXPLICIT_QUARANTINE,1,0,0
IMPLICIT-427FA5258FC1B4EF,UNRESOLVED_IDENTITY,M0,E0,QUARANTINE_UNTIL_DEFINED,TASK99_MACHINE_TRIAGED_EXPLICIT_QUARANTINE,1,0,0
IMPLICIT-4285673F45728C8D,UNRESOLVED_IDENTITY,M0,E0,QUARANTINE_UNTIL_DEFINED,TASK99_MACHINE_TRIAGED_EXPLICIT_QUARANTINE,1,0,0
IMPLICIT-428E5C96DC397329,ALGORITHM_OR_WORKFLOW,M2,E0,KEEP_AS_ALGORITHM,TASK99_REPOSITORY_EVIDENCE_ADJUDICATED,1,0,0
IMPLICIT-429C08CF39FFB640,UNRESOLVED_IDENTITY,M0,E0,QUARANTINE_UNTIL_DEFINED,TASK99_MACHINE_TRIAGED_EXPLICIT_QUARANTINE,1,0,0
IMPLICIT-42A107DE34F0BFCC,UNRESOLVED_IDENTITY,M0,E0,QUARANTINE_UNTIL_DEFINED,TASK99_MACHINE_TRIAGED_EXPLICIT_QUARANTINE,1,0,0
IMPLICIT-42AC61C108C89860,ALGORITHM_OR_WORKFLOW,M2,E0,KEEP_AS_ALGORITHM,TASK99_REPOSITORY_EVIDENCE_ADJUDICATED,1,0,0
IMPLICIT-42C01C16E60D8A62,UNRESOLVED_IDENTITY,M0,E0,QUARANTINE_UNTIL_DEFINED,TASK99_MACHINE_TRIAGED_EXPLICIT_QUARANTINE,1,0,0
IMPLICIT-42C2D74FEA6D2CD5,ALGORITHM_OR_WORKFLOW,M2,E0,KEEP_AS_ALGORITHM,TASK99_REPOSITORY_EVIDENCE_ADJUDICATED,1,0,0
IMPLICIT-42C94707645AD3C0,UNRESOLVED_IDENTITY,M0,E0,QUARANTINE_UNTIL_DEFINED,TASK99_MACHINE_TRIAGED_EXPLICIT_QUARANTINE,1,0,0
IMPLICIT-42CCA5D6D26502DA,UNRESOLVED_IDENTITY,M0,E0,QUARANTINE_UNTIL_DEFINED,TASK99_MACHINE_TRIAGED_EXPLICIT_QUARANTINE,1,0,0
IMPLICIT-42E2906E066D31B5,ALGORITHM_OR_WORKFLOW,M1,E0,KEEP_AS_ALGORITHM,TASK99_REPOSITORY_EVIDENCE_ADJUDICATED,1,0,0
IMPLICIT-42E59D6BB15B66A0,UNRESOLVED_IDENTITY,M0,E0,QUARANTINE_UNTIL_DEFINED,TASK99_MACHINE_TRIAGED_EXPLICIT_QUARANTINE,1,0,0
IMPLICIT-42F5BA714FAB461B,ALGORITHM_OR_WORKFLOW,M2,E0,KEEP_AS_ALGORITHM,TASK99_REPOSITORY_EVIDENCE_ADJUDICATED,1,0,0
IMPLICIT-430117FE3C1EEFCE,UNRESOLVED_IDENTITY,M0,E0,QUARANTINE_UNTIL_DEFINED,TASK99_MACHINE_TRIAGED_EXPLICIT_QUARANTINE,1,0,0
IMPLICIT-4303DCFBC792FF8B,UNRESOLVED_IDENTITY,M0,E0,QUARANTINE_UNTIL_DEFINED,TASK99_MACHINE_TRIAGED_EXPLICIT_QUARANTINE,1,0,0
IMPLICIT-431521F9CC847A19,ALGORITHM_OR_WORKFLOW,M1,E0,KEEP_AS_ALGORITHM,TASK99_REPOSITORY_EVIDENCE_ADJUDICATED,1,0,0
IMPLICIT-431A9EBF810E0A73,UNRESOLVED_IDENTITY,M0,E0,QUARANTINE_UNTIL_DEFINED,TASK99_MACHINE_TRIAGED_EXPLICIT_QUARANTINE,1,0,0
IMPLICIT-432C5E0C9C93EF56,UNRESOLVED_IDENTITY,M0,E0,QUARANTINE_UNTIL_DEFINED,TASK99_MACHINE_TRIAGED_EXPLICIT_QUARANTINE,1,0,0
IMPLICIT-4365F882270807CF,UNRESOLVED_IDENTITY,M0,E0,QUARANTINE_UNTIL_DEFINED,TASK99_MACHINE_TRIAGED_EXPLICIT_QUARANTINE,1,0,0
IMPLICIT-4388CB8EBBD05DCC,UNRESOLVED_IDENTITY,M0,E0,QUARANTINE_UNTIL_DEFINED,TASK99_MACHINE_TRIAGED_EXPLICIT_QUARANTINE,1,0,0
IMPLICIT-438DD7EA49E7E67D,ALGORITHM_OR_WORKFLOW,M1,E0,KEEP_AS_ALGORITHM,TASK99_REPOSITORY_EVIDENCE_ADJUDICATED,1,0,0
IMPLICIT-43BA917185DA7A60,UNRESOLVED_IDENTITY,M0,E0,QUARANTINE_UNTIL_DEFINED,TASK99_MACHINE_TRIAGED_EXPLICIT_QUARANTINE,1,0,0
IMPLICIT-43BE03337A9068D3,UNRESOLVED_IDENTITY,M0,E0,QUARANTINE_UNTIL_DEFINED,TASK99_MACHINE_TRIAGED_EXPLICIT_QUARANTINE,1,0,0
IMPLICIT-43F61D7E0D7054C2,UNRESOLVED_IDENTITY,M0,E0,QUARANTINE_UNTIL_DEFINED,TASK99_MACHINE_TRIAGED_EXPLICIT_QUARANTINE,1,0,0
IMPLICIT-440D713FA4108EBB,UNRESOLVED_IDENTITY,M0,E0,QUARANTINE_UNTIL_DEFINED,TASK99_MACHINE_TRIAGED_EXPLICIT_QUARANTINE,1,0,0
IMPLICIT-441287CC8A372B6F,UNRESOLVED_IDENTITY,M0,E0,QUARANTINE_UNTIL_DEFINED,TASK99_MACHINE_TRIAGED_EXPLICIT_QUARANTINE,1,0,0
IMPLICIT-441DE60524CFDE3C,UNRESOLVED_IDENTITY,M0,E0,QUARANTINE_UNTIL_DEFINED,TASK99_MACHINE_TRIAGED_EXPLICIT_QUARANTINE,1,0,0
IMPLICIT-442340EC312CC265,UNRESOLVED_IDENTITY,M0,E0,QUARANTINE_UNTIL_DEFINED,TASK99_MACHINE_TRIAGED_EXPLICIT_QUARANTINE,1,0,0
IMPLICIT-4441EB6E5728B0A4,ALGORITHM_OR_WORKFLOW,M1,E0,KEEP_AS_ALGORITHM,TASK99_REPOSITORY_EVIDENCE_ADJUDICATED,1,0,0
IMPLICIT-4447900A2F7DA90B,UNRESOLVED_IDENTITY,M0,E0,QUARANTINE_UNTIL_DEFINED,TASK99_MACHINE_TRIAGED_EXPLICIT_QUARANTINE,1,0,0
IMPLICIT-444FA23D49D7BF79,UNRESOLVED_IDENTITY,M0,E0,QUARANTINE_UNTIL_DEFINED,TASK99_MACHINE_TRIAGED_EXPLICIT_QUARANTINE,1,0,0
IMPLICIT-4457E26F05FC64D9,ALGORITHM_OR_WORKFLOW,M2,E0,KEEP_AS_ALGORITHM,TASK99_REPOSITORY_EVIDENCE_ADJUDICATED,1,0,0
IMPLICIT-44638F5C49B23D81,UNRESOLVED_IDENTITY,M0,E0,QUARANTINE_UNTIL_DEFINED,TASK99_MACHINE_TRIAGED_EXPLICIT_QUARANTINE,1,0,0
IMPLICIT-446590F4E8AEB4E3,UNRESOLVED_IDENTITY,M0,E0,QUARANTINE_UNTIL_DEFINED,TASK99_MACHINE_TRIAGED_EXPLICIT_QUARANTINE,1,0,0
IMPLICIT-446FE748A37EAB86,UNRESOLVED_IDENTITY,M0,E0,QUARANTINE_UNTIL_DEFINED,TASK99_MACHINE_TRIAGED_EXPLICIT_QUARANTINE,1,0,0
IMPLICIT-4470808232D9BC23,UNRESOLVED_IDENTITY,M0,E0,QUARANTINE_UNTIL_DEFINED,TASK99_MACHINE_TRIAGED_EXPLICIT_QUARANTINE,1,0,0
IMPLICIT-448341234D059786,UNRESOLVED_IDENTITY,M0,E0,QUARANTINE_UNTIL_DEFINED,TASK99_MACHINE_TRIAGED_EXPLICIT_QUARANTINE,1,0,0
IMPLICIT-44B4DC5EEFD43B6D,UNRESOLVED_IDENTITY,M0,E0,QUARANTINE_UNTIL_DEFINED,TASK99_MACHINE_TRIAGED_EXPLICIT_QUARANTINE,1,0,0
IMPLICIT-44B811700A6E8F96,UNRESOLVED_IDENTITY,M0,E0,QUARANTINE_UNTIL_DEFINED,TASK99_MACHINE_TRIAGED_EXPLICIT_QUARANTINE,1,0,0
IMPLICIT-44C224ACA8E97964,ALGORITHM_OR_WORKFLOW,M1,E0,KEEP_AS_ALGORITHM,TASK99_REPOSITORY_EVIDENCE_ADJUDICATED,1,0,0
IMPLICIT-44C36DACB1105B10,ALGORITHM_OR_WORKFLOW,M1,E0,KEEP_AS_ALGORITHM,TASK99_REPOSITORY_EVIDENCE_ADJUDICATED,1,0,0
IMPLICIT-44EC931671F432FC,ALGORITHM_OR_WORKFLOW,M2,E0,KEEP_AS_ALGORITHM,TASK99_REPOSITORY_EVIDENCE_ADJUDICATED,1,0,0
IMPLICIT-44F3E6B368732C43,ALGORITHM_OR_WORKFLOW,M2,E0,KEEP_AS_ALGORITHM,TASK99_REPOSITORY_EVIDENCE_ADJUDICATED,1,0,0
IMPLICIT-450AF338584492C9,UNRESOLVED_IDENTITY,M0,E0,QUARANTINE_UNTIL_DEFINED,TASK99_MACHINE_TRIAGED_EXPLICIT_QUARANTINE,1,0,0
IMPLICIT-450BA35EEF87DD12,UNRESOLVED_IDENTITY,M0,E0,QUARANTINE_UNTIL_DEFINED,TASK99_MACHINE_TRIAGED_EXPLICIT_QUARANTINE,1,0,0
IMPLICIT-450DF8C5163A6219,UNRESOLVED_IDENTITY,M0,E0,QUARANTINE_UNTIL_DEFINED,TASK99_MACHINE_TRIAGED_EXPLICIT_QUARANTINE,1,0,0
IMPLICIT-453279BF5E747BE1,UNRESOLVED_IDENTITY,M0,E0,QUARANTINE_UNTIL_DEFINED,TASK99_MACHINE_TRIAGED_EXPLICIT_QUARANTINE,1,0,0
IMPLICIT-4552A83C65427AD6,ALGORITHM_OR_WORKFLOW,M2,E0,KEEP_AS_ALGORITHM,TASK99_REPOSITORY_EVIDENCE_ADJUDICATED,1,0,0
IMPLICIT-4554E5CC7C5F7213,UNRESOLVED_IDENTITY,M0,E0,QUARANTINE_UNTIL_DEFINED,TASK99_MACHINE_TRIAGED_EXPLICIT_QUARANTINE,1,0,0
IMPLICIT-45587620086A4333,UNRESOLVED_IDENTITY,M0,E0,QUARANTINE_UNTIL_DEFINED,TASK99_MACHINE_TRIAGED_EXPLICIT_QUARANTINE,1,0,0
IMPLICIT-455E0F6B6C1F72BD,UNRESOLVED_IDENTITY,M0,E0,QUARANTINE_UNTIL_DEFINED,TASK99_MACHINE_TRIAGED_EXPLICIT_QUARANTINE,1,0,0
IMPLICIT-456787C8B4474802,UNRESOLVED_IDENTITY,M0,E0,QUARANTINE_UNTIL_DEFINED,TASK99_MACHINE_TRIAGED_EXPLICIT_QUARANTINE,1,0,0
IMPLICIT-456DB9FA760A1BF5,ALGORITHM_OR_WORKFLOW,M1,E0,KEEP_AS_ALGORITHM,TASK99_REPOSITORY_EVIDENCE_ADJUDICATED,1,0,0
IMPLICIT-457DFDCCD3A87BA6,UNRESOLVED_IDENTITY,M0,E0,QUARANTINE_UNTIL_DEFINED,TASK99_MACHINE_TRIAGED_EXPLICIT_QUARANTINE,1,0,0
IMPLICIT-4586F1EB64238358,UNRESOLVED_IDENTITY,M0,E0,QUARANTINE_UNTIL_DEFINED,TASK99_MACHINE_TRIAGED_EXPLICIT_QUARANTINE,1,0,0
IMPLICIT-4599D9378DDF4AF2,UNRESOLVED_IDENTITY,M0,E0,QUARANTINE_UNTIL_DEFINED,TASK99_MACHINE_TRIAGED_EXPLICIT_QUARANTINE,1,0,0
IMPLICIT-459B9A6FD4471FAA,UNRESOLVED_IDENTITY,M0,E0,QUARANTINE_UNTIL_DEFINED,TASK99_MACHINE_TRIAGED_EXPLICIT_QUARANTINE,1,0,0
IMPLICIT-45B08E42BF3B6409,UNRESOLVED_IDENTITY,M0,E0,QUARANTINE_UNTIL_DEFINED,TASK99_MACHINE_TRIAGED_EXPLICIT_QUARANTINE,1,0,0
IMPLICIT-45C2AD9DAFF277D9,UNRESOLVED_IDENTITY,M0,E0,QUARANTINE_UNTIL_DEFINED,TASK99_MACHINE_TRIAGED_EXPLICIT_QUARANTINE,1,0,0
IMPLICIT-45C9354E9CF4FF2F,UNRESOLVED_IDENTITY,M0,E0,QUARANTINE_UNTIL_DEFINED,TASK99_MACHINE_TRIAGED_EXPLICIT_QUARANTINE,1,0,0
IMPLICIT-45EC80B0207FFC89,ALGORITHM_OR_WORKFLOW,M1,E0,KEEP_AS_ALGORITHM,TASK99_REPOSITORY_EVIDENCE_ADJUDICATED,1,0,0
IMPLICIT-46070001AE943B28,UNRESOLVED_IDENTITY,M0,E0,QUARANTINE_UNTIL_DEFINED,TASK99_MACHINE_TRIAGED_EXPLICIT_QUARANTINE,1,0,0
IMPLICIT-460AA6F3C1EF3D2E,UNRESOLVED_IDENTITY,M0,E0,QUARANTINE_UNTIL_DEFINED,TASK99_MACHINE_TRIAGED_EXPLICIT_QUARANTINE,1,0,0
IMPLICIT-461301AB95247783,UNRESOLVED_IDENTITY,M0,E0,QUARANTINE_UNTIL_DEFINED,TASK99_MACHINE_TRIAGED_EXPLICIT_QUARANTINE,1,0,0
IMPLICIT-462EA99B6DCD26DD,UNRESOLVED_IDENTITY,M0,E0,QUARANTINE_UNTIL_DEFINED,TASK99_MACHINE_TRIAGED_EXPLICIT_QUARANTINE,1,0,0
IMPLICIT-4631579D56B0CCA4,UNRESOLVED_IDENTITY,M0,E0,QUARANTINE_UNTIL_DEFINED,TASK99_MACHINE_TRIAGED_EXPLICIT_QUARANTINE,1,0,0
IMPLICIT-4639F2E97402F260,UNRESOLVED_IDENTITY,M0,E0,QUARANTINE_UNTIL_DEFINED,TASK99_MACHINE_TRIAGED_EXPLICIT_QUARANTINE,1,0,0
IMPLICIT-463FB8B401F13ECB,UNRESOLVED_IDENTITY,M0,E0,QUARANTINE_UNTIL_DEFINED,TASK99_MACHINE_TRIAGED_EXPLICIT_QUARANTINE,1,0,0
IMPLICIT-46400B190985B277,UNRESOLVED_IDENTITY,M0,E0,QUARANTINE_UNTIL_DEFINED,TASK99_MACHINE_TRIAGED_EXPLICIT_QUARANTINE,1,0,0
IMPLICIT-46442A1F9C6DF449,UNRESOLVED_IDENTITY,M0,E0,QUARANTINE_UNTIL_DEFINED,TASK99_MACHINE_TRIAGED_EXPLICIT_QUARANTINE,1,0,0
IMPLICIT-4658B71B9422816D,ALGORITHM_OR_WORKFLOW,M2,E0,KEEP_AS_ALGORITHM,TASK99_REPOSITORY_EVIDENCE_ADJUDICATED,1,0,0
IMPLICIT-4660379FC1243B14,UNRESOLVED_IDENTITY,M0,E0,QUARANTINE_UNTIL_DEFINED,TASK99_MACHINE_TRIAGED_EXPLICIT_QUARANTINE,1,0,0
IMPLICIT-46772E4D20240568,UNRESOLVED_IDENTITY,M0,E0,QUARANTINE_UNTIL_DEFINED,TASK99_MACHINE_TRIAGED_EXPLICIT_QUARANTINE,1,0,0
IMPLICIT-4698F3E828009E56,UNRESOLVED_IDENTITY,M0,E0,QUARANTINE_UNTIL_DEFINED,TASK99_MACHINE_TRIAGED_EXPLICIT_QUARANTINE,1,0,0
IMPLICIT-46A4D8172447336C,UNRESOLVED_IDENTITY,M0,E0,QUARANTINE_UNTIL_DEFINED,TASK99_MACHINE_TRIAGED_EXPLICIT_QUARANTINE,1,0,0
IMPLICIT-46B5A9C202FB5CD7,UNRESOLVED_IDENTITY,M0,E0,QUARANTINE_UNTIL_DEFINED,TASK99_MACHINE_TRIAGED_EXPLICIT_QUARANTINE,1,0,0
IMPLICIT-46C134628D2B35B0,UNRESOLVED_IDENTITY,M0,E0,QUARANTINE_UNTIL_DEFINED,TASK99_MACHINE_TRIAGED_EXPLICIT_QUARANTINE,1,0,0
IMPLICIT-46CC3BDE55D77152,UNRESOLVED_IDENTITY,M0,E0,QUARANTINE_UNTIL_DEFINED,TASK99_MACHINE_TRIAGED_EXPLICIT_QUARANTINE,1,0,0
IMPLICIT-46EBD4625322269D,UNRESOLVED_IDENTITY,M0,E0,QUARANTINE_UNTIL_DEFINED,TASK99_MACHINE_TRIAGED_EXPLICIT_QUARANTINE,1,0,0
IMPLICIT-46F54C58126D27F9,ALGORITHM_OR_WORKFLOW,M1,E0,KEEP_AS_ALGORITHM,TASK99_REPOSITORY_EVIDENCE_ADJUDICATED,1,0,0
IMPLICIT-47135753CECA5B27,UNRESOLVED_IDENTITY,M0,E0,QUARANTINE_UNTIL_DEFINED,TASK99_MACHINE_TRIAGED_EXPLICIT_QUARANTINE,1,0,0
IMPLICIT-47208218890612E0,UNRESOLVED_IDENTITY,M0,E0,QUARANTINE_UNTIL_DEFINED,TASK99_MACHINE_TRIAGED_EXPLICIT_QUARANTINE,1,0,0
IMPLICIT-4727D28E2CAE030C,UNRESOLVED_IDENTITY,M0,E0,QUARANTINE_UNTIL_DEFINED,TASK99_MACHINE_TRIAGED_EXPLICIT_QUARANTINE,1,0,0
IMPLICIT-4729BD903977F8ED,UNRESOLVED_IDENTITY,M0,E0,QUARANTINE_UNTIL_DEFINED,TASK99_MACHINE_TRIAGED_EXPLICIT_QUARANTINE,1,0,0
IMPLICIT-472AB850CBCC21E3,ALGORITHM_OR_WORKFLOW,M1,E0,KEEP_AS_ALGORITHM,TASK99_REPOSITORY_EVIDENCE_ADJUDICATED,1,0,0
IMPLICIT-472D2BA113A549F5,ALGORITHM_OR_WORKFLOW,M1,E0,KEEP_AS_ALGORITHM,TASK99_REPOSITORY_EVIDENCE_ADJUDICATED,1,0,0
IMPLICIT-473861478C433BDE,UNRESOLVED_IDENTITY,M0,E0,QUARANTINE_UNTIL_DEFINED,TASK99_MACHINE_TRIAGED_EXPLICIT_QUARANTINE,1,0,0
IMPLICIT-4740E45D9F7FB373,UNRESOLVED_IDENTITY,M0,E0,QUARANTINE_UNTIL_DEFINED,TASK99_MACHINE_TRIAGED_EXPLICIT_QUARANTINE,1,0,0
IMPLICIT-475079F74C09D0F4,UNRESOLVED_IDENTITY,M0,E0,QUARANTINE_UNTIL_DEFINED,TASK99_MACHINE_TRIAGED_EXPLICIT_QUARANTINE,1,0,0
IMPLICIT-47560747D8973DB8,UNRESOLVED_IDENTITY,M0,E0,QUARANTINE_UNTIL_DEFINED,TASK99_MACHINE_TRIAGED_EXPLICIT_QUARANTINE,1,0,0
IMPLICIT-47858CA2D846C93E,UNRESOLVED_IDENTITY,M0,E0,QUARANTINE_UNTIL_DEFINED,TASK99_MACHINE_TRIAGED_EXPLICIT_QUARANTINE,1,0,0
IMPLICIT-4795DB6D36E687C9,UNRESOLVED_IDENTITY,M0,E0,QUARANTINE_UNTIL_DEFINED,TASK99_MACHINE_TRIAGED_EXPLICIT_QUARANTINE,1,0,0
IMPLICIT-47B7D60A124B3F5C,UNRESOLVED_IDENTITY,M0,E0,QUARANTINE_UNTIL_DEFINED,TASK99_MACHINE_TRIAGED_EXPLICIT_QUARANTINE,1,0,0
IMPLICIT-47D83F9054F423B3,ALGORITHM_OR_WORKFLOW,M1,E0,KEEP_AS_ALGORITHM,TASK99_REPOSITORY_EVIDENCE_ADJUDICATED,1,0,0
IMPLICIT-47DA34CFCA3323C8,UNRESOLVED_IDENTITY,M0,E0,QUARANTINE_UNTIL_DEFINED,TASK99_MACHINE_TRIAGED_EXPLICIT_QUARANTINE,1,0,0
IMPLICIT-47E6CF1765399829,ALGORITHM_OR_WORKFLOW,M2,E0,KEEP_AS_ALGORITHM,TASK99_REPOSITORY_EVIDENCE_ADJUDICATED,1,0,0
IMPLICIT-47E7A57678D100DD,UNRESOLVED_IDENTITY,M0,E0,QUARANTINE_UNTIL_DEFINED,TASK99_MACHINE_TRIAGED_EXPLICIT_QUARANTINE,1,0,0
IMPLICIT-47F281ED2B3EF398,UNRESOLVED_IDENTITY,M0,E0,QUARANTINE_UNTIL_DEFINED,TASK99_MACHINE_TRIAGED_EXPLICIT_QUARANTINE,1,0,0
IMPLICIT-47FA4A1D0308120B,UNRESOLVED_IDENTITY,M0,E0,QUARANTINE_UNTIL_DEFINED,TASK99_MACHINE_TRIAGED_EXPLICIT_QUARANTINE,1,0,0
IMPLICIT-47FB6671FB61047B,ALGORITHM_OR_WORKFLOW,M2,E0,KEEP_AS_ALGORITHM,TASK99_REPOSITORY_EVIDENCE_ADJUDICATED,1,0,0
IMPLICIT-48041433C8C313DA,ALGORITHM_OR_WORKFLOW,M1,E0,KEEP_AS_ALGORITHM,TASK99_REPOSITORY_EVIDENCE_ADJUDICATED,1,0,0
IMPLICIT-4809ACAB1515BA19,ALGORITHM_OR_WORKFLOW,M2,E0,KEEP_AS_ALGORITHM,TASK99_REPOSITORY_EVIDENCE_ADJUDICATED,1,0,0
IMPLICIT-487DCE616663451A,UNRESOLVED_IDENTITY,M0,E0,QUARANTINE_UNTIL_DEFINED,TASK99_MACHINE_TRIAGED_EXPLICIT_QUARANTINE,1,0,0
IMPLICIT-48930BEDB5CEFE3F,UNRESOLVED_IDENTITY,M0,E0,QUARANTINE_UNTIL_DEFINED,TASK99_MACHINE_TRIAGED_EXPLICIT_QUARANTINE,1,0,0
IMPLICIT-489F96A1FC9E86D6,ALGORITHM_OR_WORKFLOW,M1,E0,KEEP_AS_ALGORITHM,TASK99_REPOSITORY_EVIDENCE_ADJUDICATED,1,0,0
IMPLICIT-48AE5F2DF009EB43,UNRESOLVED_IDENTITY,M0,E0,QUARANTINE_UNTIL_DEFINED,TASK99_MACHINE_TRIAGED_EXPLICIT_QUARANTINE,1,0,0
IMPLICIT-48C2D9BFB5F1EBA9,UNRESOLVED_IDENTITY,M0,E0,QUARANTINE_UNTIL_DEFINED,TASK99_MACHINE_TRIAGED_EXPLICIT_QUARANTINE,1,0,0
IMPLICIT-48CD2654B16B8289,UNRESOLVED_IDENTITY,M0,E0,QUARANTINE_UNTIL_DEFINED,TASK99_MACHINE_TRIAGED_EXPLICIT_QUARANTINE,1,0,0
IMPLICIT-48DDA387907EF13A,UNRESOLVED_IDENTITY,M0,E0,QUARANTINE_UNTIL_DEFINED,TASK99_MACHINE_TRIAGED_EXPLICIT_QUARANTINE,1,0,0
IMPLICIT-490B7CA4E6CC3665,UNRESOLVED_IDENTITY,M0,E0,QUARANTINE_UNTIL_DEFINED,TASK99_MACHINE_TRIAGED_EXPLICIT_QUARANTINE,1,0,0
IMPLICIT-491419AF2B4E60FB,UNRESOLVED_IDENTITY,M0,E0,QUARANTINE_UNTIL_DEFINED,TASK99_MACHINE_TRIAGED_EXPLICIT_QUARANTINE,1,0,0
IMPLICIT-491A493D995456CD,ALGORITHM_OR_WORKFLOW,M2,E0,KEEP_AS_ALGORITHM,TASK99_REPOSITORY_EVIDENCE_ADJUDICATED,1,0,0
IMPLICIT-4946A80D856D8A79,ALGORITHM_OR_WORKFLOW,M1,E0,KEEP_AS_ALGORITHM,TASK99_REPOSITORY_EVIDENCE_ADJUDICATED,1,0,0
IMPLICIT-494EB4907DEC0C19,ALGORITHM_OR_WORKFLOW,M1,E0,KEEP_AS_ALGORITHM,TASK99_REPOSITORY_EVIDENCE_ADJUDICATED,1,0,0
IMPLICIT-49A36BCEE267D049,ALGORITHM_OR_WORKFLOW,M2,E0,KEEP_AS_ALGORITHM,TASK99_REPOSITORY_EVIDENCE_ADJUDICATED,1,0,0
IMPLICIT-49B8F71990FCBE8B,UNRESOLVED_IDENTITY,M0,E0,QUARANTINE_UNTIL_DEFINED,TASK99_MACHINE_TRIAGED_EXPLICIT_QUARANTINE,1,0,0
IMPLICIT-49C2EFC5DE1C037D,UNRESOLVED_IDENTITY,M0,E0,QUARANTINE_UNTIL_DEFINED,TASK99_MACHINE_TRIAGED_EXPLICIT_QUARANTINE,1,0,0
IMPLICIT-49C800B68B684705,UNRESOLVED_IDENTITY,M0,E0,QUARANTINE_UNTIL_DEFINED,TASK99_MACHINE_TRIAGED_EXPLICIT_QUARANTINE,1,0,0
IMPLICIT-49E354308D387D6A,UNRESOLVED_IDENTITY,M0,E0,QUARANTINE_UNTIL_DEFINED,TASK99_MACHINE_TRIAGED_EXPLICIT_QUARANTINE,1,0,0
IMPLICIT-49EA9E3300913051,UNRESOLVED_IDENTITY,M0,E0,QUARANTINE_UNTIL_DEFINED,TASK99_MACHINE_TRIAGED_EXPLICIT_QUARANTINE,1,0,0
IMPLICIT-49EFC5C92A4ED2C2,UNRESOLVED_IDENTITY,M0,E0,QUARANTINE_UNTIL_DEFINED,TASK99_MACHINE_TRIAGED_EXPLICIT_QUARANTINE,1,0,0
IMPLICIT-49F3FCB80FB70951,ALGORITHM_OR_WORKFLOW,M1,E0,KEEP_AS_ALGORITHM,TASK99_REPOSITORY_EVIDENCE_ADJUDICATED,1,0,0
IMPLICIT-49F98010FF777FE0,UNRESOLVED_IDENTITY,M0,E0,QUARANTINE_UNTIL_DEFINED,TASK99_MACHINE_TRIAGED_EXPLICIT_QUARANTINE,1,0,0
IMPLICIT-4A08D78D1388F5BA,ALGORITHM_OR_WORKFLOW,M1,E0,KEEP_AS_ALGORITHM,TASK99_REPOSITORY_EVIDENCE_ADJUDICATED,1,0,0
IMPLICIT-4A103F4921036CDF,ALGORITHM_OR_WORKFLOW,M2,E0,KEEP_AS_ALGORITHM,TASK99_REPOSITORY_EVIDENCE_ADJUDICATED,1,0,0
IMPLICIT-4A1E41D9A5A6C7E0,UNRESOLVED_IDENTITY,M0,E0,QUARANTINE_UNTIL_DEFINED,TASK99_MACHINE_TRIAGED_EXPLICIT_QUARANTINE,1,0,0
IMPLICIT-4A3CFF94E7AB00D8,UNRESOLVED_IDENTITY,M0,E0,QUARANTINE_UNTIL_DEFINED,TASK99_MACHINE_TRIAGED_EXPLICIT_QUARANTINE,1,0,0
IMPLICIT-4A5192474AC4D133,UNRESOLVED_IDENTITY,M0,E0,QUARANTINE_UNTIL_DEFINED,TASK99_MACHINE_TRIAGED_EXPLICIT_QUARANTINE,1,0,0
IMPLICIT-4A5D6ACCE96FB058,ALGORITHM_OR_WORKFLOW,M2,E0,KEEP_AS_ALGORITHM,TASK99_REPOSITORY_EVIDENCE_ADJUDICATED,1,0,0
IMPLICIT-4A6C4DB1EFAA2A40,UNRESOLVED_IDENTITY,M0,E0,QUARANTINE_UNTIL_DEFINED,TASK99_MACHINE_TRIAGED_EXPLICIT_QUARANTINE,1,0,0
IMPLICIT-4A6CC9AAF0E74589,UNRESOLVED_IDENTITY,M0,E0,QUARANTINE_UNTIL_DEFINED,TASK99_MACHINE_TRIAGED_EXPLICIT_QUARANTINE,1,0,0
IMPLICIT-4A769ECA116CEB2A,UNRESOLVED_IDENTITY,M0,E0,QUARANTINE_UNTIL_DEFINED,TASK99_MACHINE_TRIAGED_EXPLICIT_QUARANTINE,1,0,0
IMPLICIT-4A7CD42E14B16859,UNRESOLVED_IDENTITY,M0,E0,QUARANTINE_UNTIL_DEFINED,TASK99_MACHINE_TRIAGED_EXPLICIT_QUARANTINE,1,0,0
IMPLICIT-4A88C5C00FCEAC09,UNRESOLVED_IDENTITY,M0,E0,QUARANTINE_UNTIL_DEFINED,TASK99_MACHINE_TRIAGED_EXPLICIT_QUARANTINE,1,0,0
IMPLICIT-4A9EE34901C3C07F,UNRESOLVED_IDENTITY,M0,E0,QUARANTINE_UNTIL_DEFINED,TASK99_MACHINE_TRIAGED_EXPLICIT_QUARANTINE,1,0,0
IMPLICIT-4AAC30FBEABFC46C,UNRESOLVED_IDENTITY,M0,E0,QUARANTINE_UNTIL_DEFINED,TASK99_MACHINE_TRIAGED_EXPLICIT_QUARANTINE,1,0,0
IMPLICIT-4AB85E37C62A886C,UNRESOLVED_IDENTITY,M0,E0,QUARANTINE_UNTIL_DEFINED,TASK99_MACHINE_TRIAGED_EXPLICIT_QUARANTINE,1,0,0
IMPLICIT-4AC1BDA160B844B2,UNRESOLVED_IDENTITY,M0,E0,QUARANTINE_UNTIL_DEFINED,TASK99_MACHINE_TRIAGED_EXPLICIT_QUARANTINE,1,0,0
IMPLICIT-4AC353D81778DF42,UNRESOLVED_IDENTITY,M0,E0,QUARANTINE_UNTIL_DEFINED,TASK99_MACHINE_TRIAGED_EXPLICIT_QUARANTINE,1,0,0
IMPLICIT-4ACADE5485EF8EE8,UNRESOLVED_IDENTITY,M0,E0,QUARANTINE_UNTIL_DEFINED,TASK99_MACHINE_TRIAGED_EXPLICIT_QUARANTINE,1,0,0
IMPLICIT-4AF0B9018E435CC5,UNRESOLVED_IDENTITY,M0,E0,QUARANTINE_UNTIL_DEFINED,TASK99_MACHINE_TRIAGED_EXPLICIT_QUARANTINE,1,0,0
IMPLICIT-4B03D65A2F6E90C7,ALGORITHM_OR_WORKFLOW,M2,E0,KEEP_AS_ALGORITHM,TASK99_REPOSITORY_EVIDENCE_ADJUDICATED,1,0,0
IMPLICIT-4B066A30EAB1B490,UNRESOLVED_IDENTITY,M0,E0,QUARANTINE_UNTIL_DEFINED,TASK99_MACHINE_TRIAGED_EXPLICIT_QUARANTINE,1,0,0
IMPLICIT-4B0B89AE34D89A19,ALGORITHM_OR_WORKFLOW,M1,E0,KEEP_AS_ALGORITHM,TASK99_REPOSITORY_EVIDENCE_ADJUDICATED,1,0,0
IMPLICIT-4B2FD16FC044FFD0,UNRESOLVED_IDENTITY,M0,E0,QUARANTINE_UNTIL_DEFINED,TASK99_MACHINE_TRIAGED_EXPLICIT_QUARANTINE,1,0,0
IMPLICIT-4B56AD3BEA973157,UNRESOLVED_IDENTITY,M0,E0,QUARANTINE_UNTIL_DEFINED,TASK99_MACHINE_TRIAGED_EXPLICIT_QUARANTINE,1,0,0
IMPLICIT-4B65AB6BBE84180E,UNRESOLVED_IDENTITY,M0,E0,QUARANTINE_UNTIL_DEFINED,TASK99_MACHINE_TRIAGED_EXPLICIT_QUARANTINE,1,0,0
IMPLICIT-4B6FA5727C9D854B,UNRESOLVED_IDENTITY,M0,E0,QUARANTINE_UNTIL_DEFINED,TASK99_MACHINE_TRIAGED_EXPLICIT_QUARANTINE,1,0,0
IMPLICIT-4B89CF000374DA8B,UNRESOLVED_IDENTITY,M0,E0,QUARANTINE_UNTIL_DEFINED,TASK99_MACHINE_TRIAGED_EXPLICIT_QUARANTINE,1,0,0
IMPLICIT-4B8E5AFB5E508906,ALGORITHM_OR_WORKFLOW,M1,E0,KEEP_AS_ALGORITHM,TASK99_REPOSITORY_EVIDENCE_ADJUDICATED,1,0,0
IMPLICIT-4B8FE4A76F6C7D42,UNRESOLVED_IDENTITY,M0,E0,QUARANTINE_UNTIL_DEFINED,TASK99_MACHINE_TRIAGED_EXPLICIT_QUARANTINE,1,0,0
IMPLICIT-4B91530E0B8159E4,ALGORITHM_OR_WORKFLOW,M1,E0,KEEP_AS_ALGORITHM,TASK99_REPOSITORY_EVIDENCE_ADJUDICATED,1,0,0
IMPLICIT-4BB09F34DE4C53A8,ALGORITHM_OR_WORKFLOW,M1,E0,KEEP_AS_ALGORITHM,TASK99_REPOSITORY_EVIDENCE_ADJUDICATED,1,0,0
IMPLICIT-4BC2C4AD68991E3D,UNRESOLVED_IDENTITY,M0,E0,QUARANTINE_UNTIL_DEFINED,TASK99_MACHINE_TRIAGED_EXPLICIT_QUARANTINE,1,0,0
IMPLICIT-4BC75A77A47A8493,UNRESOLVED_IDENTITY,M0,E0,QUARANTINE_UNTIL_DEFINED,TASK99_MACHINE_TRIAGED_EXPLICIT_QUARANTINE,1,0,0
IMPLICIT-4BD77D9E7B37EA95,ALGORITHM_OR_WORKFLOW,M1,E0,KEEP_AS_ALGORITHM,TASK99_REPOSITORY_EVIDENCE_ADJUDICATED,1,0,0
IMPLICIT-4BE23729E9EEE987,UNRESOLVED_IDENTITY,M0,E0,QUARANTINE_UNTIL_DEFINED,TASK99_MACHINE_TRIAGED_EXPLICIT_QUARANTINE,1,0,0
IMPLICIT-4BE43355D8A26A7A,ALGORITHM_OR_WORKFLOW,M1,E0,KEEP_AS_ALGORITHM,TASK99_REPOSITORY_EVIDENCE_ADJUDICATED,1,0,0
IMPLICIT-4BF75E027D11A813,UNRESOLVED_IDENTITY,M0,E0,QUARANTINE_UNTIL_DEFINED,TASK99_MACHINE_TRIAGED_EXPLICIT_QUARANTINE,1,0,0
IMPLICIT-4C01FBCBD9249250,UNRESOLVED_IDENTITY,M0,E0,QUARANTINE_UNTIL_DEFINED,TASK99_MACHINE_TRIAGED_EXPLICIT_QUARANTINE,1,0,0
IMPLICIT-4C1E7C420B789209,UNRESOLVED_IDENTITY,M0,E0,QUARANTINE_UNTIL_DEFINED,TASK99_MACHINE_TRIAGED_EXPLICIT_QUARANTINE,1,0,0
IMPLICIT-4C2FFCEE2E0B0414,UNRESOLVED_IDENTITY,M0,E0,QUARANTINE_UNTIL_DEFINED,TASK99_MACHINE_TRIAGED_EXPLICIT_QUARANTINE,1,0,0
IMPLICIT-4C587CDA88C8A5EB,UNRESOLVED_IDENTITY,M0,E0,QUARANTINE_UNTIL_DEFINED,TASK99_MACHINE_TRIAGED_EXPLICIT_QUARANTINE,1,0,0
IMPLICIT-4C6432D361F3152F,UNRESOLVED_IDENTITY,M0,E0,QUARANTINE_UNTIL_DEFINED,TASK99_MACHINE_TRIAGED_EXPLICIT_QUARANTINE,1,0,0
IMPLICIT-4C6DD63FD61A59E6,ALGORITHM_OR_WORKFLOW,M2,E0,KEEP_AS_ALGORITHM,TASK99_REPOSITORY_EVIDENCE_ADJUDICATED,1,0,0
IMPLICIT-4C6EE5C9296A4C46,UNRESOLVED_IDENTITY,M0,E0,QUARANTINE_UNTIL_DEFINED,TASK99_MACHINE_TRIAGED_EXPLICIT_QUARANTINE,1,0,0
IMPLICIT-4C90342117EEA2B3,ALGORITHM_OR_WORKFLOW,M2,E0,KEEP_AS_ALGORITHM,TASK99_REPOSITORY_EVIDENCE_ADJUDICATED,1,0,0
IMPLICIT-4C97F2507B339B75,UNRESOLVED_IDENTITY,M0,E0,QUARANTINE_UNTIL_DEFINED,TASK99_MACHINE_TRIAGED_EXPLICIT_QUARANTINE,1,0,0
IMPLICIT-4CBACD7CD7664A67,ALGORITHM_OR_WORKFLOW,M1,E0,KEEP_AS_ALGORITHM,TASK99_REPOSITORY_EVIDENCE_ADJUDICATED,1,0,0
IMPLICIT-4CCA4D5322699E57,UNRESOLVED_IDENTITY,M0,E0,QUARANTINE_UNTIL_DEFINED,TASK99_MACHINE_TRIAGED_EXPLICIT_QUARANTINE,1,0,0
IMPLICIT-4CD8B479C11DBE8C,UNRESOLVED_IDENTITY,M0,E0,QUARANTINE_UNTIL_DEFINED,TASK99_MACHINE_TRIAGED_EXPLICIT_QUARANTINE,1,0,0
IMPLICIT-4CE36FBC0B44B7EB,UNRESOLVED_IDENTITY,M0,E0,QUARANTINE_UNTIL_DEFINED,TASK99_MACHINE_TRIAGED_EXPLICIT_QUARANTINE,1,0,0
IMPLICIT-4CEFADBF68EE3C07,UNRESOLVED_IDENTITY,M0,E0,QUARANTINE_UNTIL_DEFINED,TASK99_MACHINE_TRIAGED_EXPLICIT_QUARANTINE,1,0,0
IMPLICIT-4CF876300BCE45C5,UNRESOLVED_IDENTITY,M0,E0,QUARANTINE_UNTIL_DEFINED,TASK99_MACHINE_TRIAGED_EXPLICIT_QUARANTINE,1,0,0
IMPLICIT-4D29A0DE86762946,ALGORITHM_OR_WORKFLOW,M2,E0,KEEP_AS_ALGORITHM,TASK99_REPOSITORY_EVIDENCE_ADJUDICATED,1,0,0
IMPLICIT-4D4E19A1EA1D06AF,UNRESOLVED_IDENTITY,M0,E0,QUARANTINE_UNTIL_DEFINED,TASK99_MACHINE_TRIAGED_EXPLICIT_QUARANTINE,1,0,0
IMPLICIT-4D55C7D6D57FAE61,ALGORITHM_OR_WORKFLOW,M1,E0,KEEP_AS_ALGORITHM,TASK99_REPOSITORY_EVIDENCE_ADJUDICATED,1,0,0
IMPLICIT-4D64A8BFDBE7B436,UNRESOLVED_IDENTITY,M0,E0,QUARANTINE_UNTIL_DEFINED,TASK99_MACHINE_TRIAGED_EXPLICIT_QUARANTINE,1,0,0
IMPLICIT-4D69CD71DFDF7AB0,UNRESOLVED_IDENTITY,M0,E0,QUARANTINE_UNTIL_DEFINED,TASK99_MACHINE_TRIAGED_EXPLICIT_QUARANTINE,1,0,0
IMPLICIT-4D6C53C60C133AE0,ALGORITHM_OR_WORKFLOW,M1,E0,KEEP_AS_ALGORITHM,TASK99_REPOSITORY_EVIDENCE_ADJUDICATED,1,0,0
IMPLICIT-4D722812EDB07240,UNRESOLVED_IDENTITY,M0,E0,QUARANTINE_UNTIL_DEFINED,TASK99_MACHINE_TRIAGED_EXPLICIT_QUARANTINE,1,0,0
IMPLICIT-4D8580348CA557BB,UNRESOLVED_IDENTITY,M0,E0,QUARANTINE_UNTIL_DEFINED,TASK99_MACHINE_TRIAGED_EXPLICIT_QUARANTINE,1,0,0
IMPLICIT-4D8DBD768C88953C,UNRESOLVED_IDENTITY,M0,E0,QUARANTINE_UNTIL_DEFINED,TASK99_MACHINE_TRIAGED_EXPLICIT_QUARANTINE,1,0,0
IMPLICIT-4D955C84F33E64D1,UNRESOLVED_IDENTITY,M0,E0,QUARANTINE_UNTIL_DEFINED,TASK99_MACHINE_TRIAGED_EXPLICIT_QUARANTINE,1,0,0
IMPLICIT-4D965EAD91A5F02E,UNRESOLVED_IDENTITY,M0,E0,QUARANTINE_UNTIL_DEFINED,TASK99_MACHINE_TRIAGED_EXPLICIT_QUARANTINE,1,0,0
IMPLICIT-4D985924A5958C7D,ALGORITHM_OR_WORKFLOW,M1,E0,KEEP_AS_ALGORITHM,TASK99_REPOSITORY_EVIDENCE_ADJUDICATED,1,0,0
IMPLICIT-4D9DDCC80199797F,UNRESOLVED_IDENTITY,M0,E0,QUARANTINE_UNTIL_DEFINED,TASK99_MACHINE_TRIAGED_EXPLICIT_QUARANTINE,1,0,0
IMPLICIT-4DB9DC1AD5B6A520,UNRESOLVED_IDENTITY,M0,E0,QUARANTINE_UNTIL_DEFINED,TASK99_MACHINE_TRIAGED_EXPLICIT_QUARANTINE,1,0,0
IMPLICIT-4DCC61859D2B8AF8,UNRESOLVED_IDENTITY,M0,E0,QUARANTINE_UNTIL_DEFINED,TASK99_MACHINE_TRIAGED_EXPLICIT_QUARANTINE,1,0,0
IMPLICIT-4DDF8D51900C7E5E,UNRESOLVED_IDENTITY,M0,E0,QUARANTINE_UNTIL_DEFINED,TASK99_MACHINE_TRIAGED_EXPLICIT_QUARANTINE,1,0,0
IMPLICIT-4DE63EEF3B3DC39D,UNRESOLVED_IDENTITY,M0,E0,QUARANTINE_UNTIL_DEFINED,TASK99_MACHINE_TRIAGED_EXPLICIT_QUARANTINE,1,0,0
IMPLICIT-4DFA1AF915BD8A91,ALGORITHM_OR_WORKFLOW,M2,E0,KEEP_AS_ALGORITHM,TASK99_REPOSITORY_EVIDENCE_ADJUDICATED,1,0,0
IMPLICIT-4E1ACC658FC144EE,ALGORITHM_OR_WORKFLOW,M1,E0,KEEP_AS_ALGORITHM,TASK99_REPOSITORY_EVIDENCE_ADJUDICATED,1,0,0
IMPLICIT-4E20FB0E558E0EE3,UNRESOLVED_IDENTITY,M0,E0,QUARANTINE_UNTIL_DEFINED,TASK99_MACHINE_TRIAGED_EXPLICIT_QUARANTINE,1,0,0
IMPLICIT-4E24BF2775B8F675,UNRESOLVED_IDENTITY,M0,E0,QUARANTINE_UNTIL_DEFINED,TASK99_MACHINE_TRIAGED_EXPLICIT_QUARANTINE,1,0,0
IMPLICIT-4E290691C37F2AE6,ALGORITHM_OR_WORKFLOW,M1,E0,KEEP_AS_ALGORITHM,TASK99_REPOSITORY_EVIDENCE_ADJUDICATED,1,0,0
IMPLICIT-4E351B44B36CE0E4,UNRESOLVED_IDENTITY,M0,E0,QUARANTINE_UNTIL_DEFINED,TASK99_MACHINE_TRIAGED_EXPLICIT_QUARANTINE,1,0,0
IMPLICIT-4E386C27C382699E,UNRESOLVED_IDENTITY,M0,E0,QUARANTINE_UNTIL_DEFINED,TASK99_MACHINE_TRIAGED_EXPLICIT_QUARANTINE,1,0,0
IMPLICIT-4E3CAF5039ADFD69,UNRESOLVED_IDENTITY,M0,E0,QUARANTINE_UNTIL_DEFINED,TASK99_MACHINE_TRIAGED_EXPLICIT_QUARANTINE,1,0,0
IMPLICIT-4E4EB94FF7F09D81,UNRESOLVED_IDENTITY,M0,E0,QUARANTINE_UNTIL_DEFINED,TASK99_MACHINE_TRIAGED_EXPLICIT_QUARANTINE,1,0,0
IMPLICIT-4E6158F7FE485803,UNRESOLVED_IDENTITY,M0,E0,QUARANTINE_UNTIL_DEFINED,TASK99_MACHINE_TRIAGED_EXPLICIT_QUARANTINE,1,0,0
IMPLICIT-4E8C44B97D1385C5,UNRESOLVED_IDENTITY,M0,E0,QUARANTINE_UNTIL_DEFINED,TASK99_MACHINE_TRIAGED_EXPLICIT_QUARANTINE,1,0,0
IMPLICIT-4E8ECBC31ABDBBFD,UNRESOLVED_IDENTITY,M0,E0,QUARANTINE_UNTIL_DEFINED,TASK99_MACHINE_TRIAGED_EXPLICIT_QUARANTINE,1,0,0
IMPLICIT-4E962CED233F6044,UNRESOLVED_IDENTITY,M0,E0,QUARANTINE_UNTIL_DEFINED,TASK99_MACHINE_TRIAGED_EXPLICIT_QUARANTINE,1,0,0
IMPLICIT-4EACA4CBA14105FA,UNRESOLVED_IDENTITY,M0,E0,QUARANTINE_UNTIL_DEFINED,TASK99_MACHINE_TRIAGED_EXPLICIT_QUARANTINE,1,0,0
IMPLICIT-4EB5AC00108CCC14,UNRESOLVED_IDENTITY,M0,E0,QUARANTINE_UNTIL_DEFINED,TASK99_MACHINE_TRIAGED_EXPLICIT_QUARANTINE,1,0,0
IMPLICIT-4EBAF399B0C4D1AD,UNRESOLVED_IDENTITY,M0,E0,QUARANTINE_UNTIL_DEFINED,TASK99_MACHINE_TRIAGED_EXPLICIT_QUARANTINE,1,0,0
IMPLICIT-4EBDC3D61378651A,UNRESOLVED_IDENTITY,M0,E0,QUARANTINE_UNTIL_DEFINED,TASK99_MACHINE_TRIAGED_EXPLICIT_QUARANTINE,1,0,0
IMPLICIT-4EC75C901161F3F4,UNRESOLVED_IDENTITY,M0,E0,QUARANTINE_UNTIL_DEFINED,TASK99_MACHINE_TRIAGED_EXPLICIT_QUARANTINE,1,0,0
IMPLICIT-4EE390E4BA7AA26D,UNRESOLVED_IDENTITY,M0,E0,QUARANTINE_UNTIL_DEFINED,TASK99_MACHINE_TRIAGED_EXPLICIT_QUARANTINE,1,0,0
IMPLICIT-4EEEF8BCFF3095F7,UNRESOLVED_IDENTITY,M0,E0,QUARANTINE_UNTIL_DEFINED,TASK99_MACHINE_TRIAGED_EXPLICIT_QUARANTINE,1,0,0
IMPLICIT-4EFF694A9341849E,UNRESOLVED_IDENTITY,M0,E0,QUARANTINE_UNTIL_DEFINED,TASK99_MACHINE_TRIAGED_EXPLICIT_QUARANTINE,1,0,0
IMPLICIT-4F0DDF0FAD0B2836,UNRESOLVED_IDENTITY,M0,E0,QUARANTINE_UNTIL_DEFINED,TASK99_MACHINE_TRIAGED_EXPLICIT_QUARANTINE,1,0,0
IMPLICIT-4F36ED92B673C5CC,UNRESOLVED_IDENTITY,M0,E0,QUARANTINE_UNTIL_DEFINED,TASK99_MACHINE_TRIAGED_EXPLICIT_QUARANTINE,1,0,0
IMPLICIT-4F39305DB2E0CC37,ALGORITHM_OR_WORKFLOW,M1,E0,KEEP_AS_ALGORITHM,TASK99_REPOSITORY_EVIDENCE_ADJUDICATED,1,0,0
IMPLICIT-4F39FD6ECC9FDD64,ALGORITHM_OR_WORKFLOW,M1,E0,KEEP_AS_ALGORITHM,TASK99_REPOSITORY_EVIDENCE_ADJUDICATED,1,0,0
IMPLICIT-4F7E44C55498665A,UNRESOLVED_IDENTITY,M0,E0,QUARANTINE_UNTIL_DEFINED,TASK99_MACHINE_TRIAGED_EXPLICIT_QUARANTINE,1,0,0
IMPLICIT-4F90F22FE359249E,ALGORITHM_OR_WORKFLOW,M1,E0,KEEP_AS_ALGORITHM,TASK99_REPOSITORY_EVIDENCE_ADJUDICATED,1,0,0
IMPLICIT-4F95C0E4E396B27D,ALGORITHM_OR_WORKFLOW,M1,E0,KEEP_AS_ALGORITHM,TASK99_REPOSITORY_EVIDENCE_ADJUDICATED,1,0,0
IMPLICIT-4FA3B9B0C487B03C,UNRESOLVED_IDENTITY,M0,E0,QUARANTINE_UNTIL_DEFINED,TASK99_MACHINE_TRIAGED_EXPLICIT_QUARANTINE,1,0,0
IMPLICIT-4FA3EFACEAE57C03,ALGORITHM_OR_WORKFLOW,M2,E0,KEEP_AS_ALGORITHM,TASK99_REPOSITORY_EVIDENCE_ADJUDICATED,1,0,0
IMPLICIT-4FA67B8AFB8CC126,UNRESOLVED_IDENTITY,M0,E0,QUARANTINE_UNTIL_DEFINED,TASK99_MACHINE_TRIAGED_EXPLICIT_QUARANTINE,1,0,0
IMPLICIT-4FE2E3A1E62B490C,UNRESOLVED_IDENTITY,M0,E0,QUARANTINE_UNTIL_DEFINED,TASK99_MACHINE_TRIAGED_EXPLICIT_QUARANTINE,1,0,0
IMPLICIT-4FED263F21D3658C,UNRESOLVED_IDENTITY,M0,E0,QUARANTINE_UNTIL_DEFINED,TASK99_MACHINE_TRIAGED_EXPLICIT_QUARANTINE,1,0,0
IMPLICIT-4FF2EFA2E6455C7F,UNRESOLVED_IDENTITY,M0,E0,QUARANTINE_UNTIL_DEFINED,TASK99_MACHINE_TRIAGED_EXPLICIT_QUARANTINE,1,0,0
IMPLICIT-502E2B45A83C233D,UNRESOLVED_IDENTITY,M0,E0,QUARANTINE_UNTIL_DEFINED,TASK99_MACHINE_TRIAGED_EXPLICIT_QUARANTINE,1,0,0
IMPLICIT-5044606619BF2D69,ALGORITHM_OR_WORKFLOW,M1,E0,KEEP_AS_ALGORITHM,TASK99_REPOSITORY_EVIDENCE_ADJUDICATED,1,0,0
IMPLICIT-504E1F3B3D9D7F4F,UNRESOLVED_IDENTITY,M0,E0,QUARANTINE_UNTIL_DEFINED,TASK99_MACHINE_TRIAGED_EXPLICIT_QUARANTINE,1,0,0
IMPLICIT-504F3A8D0EA00073,ALGORITHM_OR_WORKFLOW,M2,E0,KEEP_AS_ALGORITHM,TASK99_REPOSITORY_EVIDENCE_ADJUDICATED,1,0,0
IMPLICIT-505FB912A6900FF6,UNRESOLVED_IDENTITY,M0,E0,QUARANTINE_UNTIL_DEFINED,TASK99_MACHINE_TRIAGED_EXPLICIT_QUARANTINE,1,0,0
IMPLICIT-5061653F2F2DFA9F,ALGORITHM_OR_WORKFLOW,M1,E0,KEEP_AS_ALGORITHM,TASK99_REPOSITORY_EVIDENCE_ADJUDICATED,1,0,0
IMPLICIT-5061BF8EDA08CF14,UNRESOLVED_IDENTITY,M0,E0,QUARANTINE_UNTIL_DEFINED,TASK99_MACHINE_TRIAGED_EXPLICIT_QUARANTINE,1,0,0
IMPLICIT-506C419C9D31B2F1,UNRESOLVED_IDENTITY,M0,E0,QUARANTINE_UNTIL_DEFINED,TASK99_MACHINE_TRIAGED_EXPLICIT_QUARANTINE,1,0,0
IMPLICIT-506D0DB6341CD774,UNRESOLVED_IDENTITY,M0,E0,QUARANTINE_UNTIL_DEFINED,TASK99_MACHINE_TRIAGED_EXPLICIT_QUARANTINE,1,0,0
IMPLICIT-506F94E56BBCDF8F,UNRESOLVED_IDENTITY,M0,E0,QUARANTINE_UNTIL_DEFINED,TASK99_MACHINE_TRIAGED_EXPLICIT_QUARANTINE,1,0,0
IMPLICIT-50734DB481AE9A98,UNRESOLVED_IDENTITY,M0,E0,QUARANTINE_UNTIL_DEFINED,TASK99_MACHINE_TRIAGED_EXPLICIT_QUARANTINE,1,0,0
IMPLICIT-5077B44C7F375A6E,UNRESOLVED_IDENTITY,M0,E0,QUARANTINE_UNTIL_DEFINED,TASK99_MACHINE_TRIAGED_EXPLICIT_QUARANTINE,1,0,0
IMPLICIT-507C532129C4DA41,ALGORITHM_OR_WORKFLOW,M1,E0,KEEP_AS_ALGORITHM,TASK99_REPOSITORY_EVIDENCE_ADJUDICATED,1,0,0
IMPLICIT-5083861B55787FCE,UNRESOLVED_IDENTITY,M0,E0,QUARANTINE_UNTIL_DEFINED,TASK99_MACHINE_TRIAGED_EXPLICIT_QUARANTINE,1,0,0
IMPLICIT-50944CC9CB465719,UNRESOLVED_IDENTITY,M0,E0,QUARANTINE_UNTIL_DEFINED,TASK99_MACHINE_TRIAGED_EXPLICIT_QUARANTINE,1,0,0
IMPLICIT-509B7773526BD3C2,UNRESOLVED_IDENTITY,M0,E0,QUARANTINE_UNTIL_DEFINED,TASK99_MACHINE_TRIAGED_EXPLICIT_QUARANTINE,1,0,0
IMPLICIT-50DDB08561758931,UNRESOLVED_IDENTITY,M0,E0,QUARANTINE_UNTIL_DEFINED,TASK99_MACHINE_TRIAGED_EXPLICIT_QUARANTINE,1,0,0
IMPLICIT-50ED26CCB8FC68CD,ALGORITHM_OR_WORKFLOW,M1,E0,KEEP_AS_ALGORITHM,TASK99_REPOSITORY_EVIDENCE_ADJUDICATED,1,0,0
IMPLICIT-50FC6C3884BC6CE0,ALGORITHM_OR_WORKFLOW,M1,E0,KEEP_AS_ALGORITHM,TASK99_REPOSITORY_EVIDENCE_ADJUDICATED,1,0,0
IMPLICIT-510C4AE85EF0880B,UNRESOLVED_IDENTITY,M0,E0,QUARANTINE_UNTIL_DEFINED,TASK99_MACHINE_TRIAGED_EXPLICIT_QUARANTINE,1,0,0
IMPLICIT-5118A62A1F307A57,ALGORITHM_OR_WORKFLOW,M2,E0,KEEP_AS_ALGORITHM,TASK99_REPOSITORY_EVIDENCE_ADJUDICATED,1,0,0
IMPLICIT-5120BAC84AE5FC7C,UNRESOLVED_IDENTITY,M0,E0,QUARANTINE_UNTIL_DEFINED,TASK99_MACHINE_TRIAGED_EXPLICIT_QUARANTINE,1,0,0
IMPLICIT-5138CDA56444B2D2,UNRESOLVED_IDENTITY,M0,E0,QUARANTINE_UNTIL_DEFINED,TASK99_MACHINE_TRIAGED_EXPLICIT_QUARANTINE,1,0,0
IMPLICIT-5141B6C5279A193B,UNRESOLVED_IDENTITY,M0,E0,QUARANTINE_UNTIL_DEFINED,TASK99_MACHINE_TRIAGED_EXPLICIT_QUARANTINE,1,0,0
IMPLICIT-51495C393CA36D98,UNRESOLVED_IDENTITY,M0,E0,QUARANTINE_UNTIL_DEFINED,TASK99_MACHINE_TRIAGED_EXPLICIT_QUARANTINE,1,0,0
IMPLICIT-5155C728DF2EA41D,UNRESOLVED_IDENTITY,M0,E0,QUARANTINE_UNTIL_DEFINED,TASK99_MACHINE_TRIAGED_EXPLICIT_QUARANTINE,1,0,0
IMPLICIT-51569A81216CF2E3,UNRESOLVED_IDENTITY,M0,E0,QUARANTINE_UNTIL_DEFINED,TASK99_MACHINE_TRIAGED_EXPLICIT_QUARANTINE,1,0,0
IMPLICIT-51582CD5F67BD18F,UNRESOLVED_IDENTITY,M0,E0,QUARANTINE_UNTIL_DEFINED,TASK99_MACHINE_TRIAGED_EXPLICIT_QUARANTINE,1,0,0
IMPLICIT-517CA25BDD53135A,UNRESOLVED_IDENTITY,M0,E0,QUARANTINE_UNTIL_DEFINED,TASK99_MACHINE_TRIAGED_EXPLICIT_QUARANTINE,1,0,0
IMPLICIT-517D9EFA3F23FFE3,UNRESOLVED_IDENTITY,M0,E0,QUARANTINE_UNTIL_DEFINED,TASK99_MACHINE_TRIAGED_EXPLICIT_QUARANTINE,1,0,0
IMPLICIT-518A9418133B8994,UNRESOLVED_IDENTITY,M0,E0,QUARANTINE_UNTIL_DEFINED,TASK99_MACHINE_TRIAGED_EXPLICIT_QUARANTINE,1,0,0
IMPLICIT-51ACAC2D2CC1131E,UNRESOLVED_IDENTITY,M0,E0,QUARANTINE_UNTIL_DEFINED,TASK99_MACHINE_TRIAGED_EXPLICIT_QUARANTINE,1,0,0
IMPLICIT-51AD515D2336AF92,UNRESOLVED_IDENTITY,M0,E0,QUARANTINE_UNTIL_DEFINED,TASK99_MACHINE_TRIAGED_EXPLICIT_QUARANTINE,1,0,0
IMPLICIT-51B63E286E521937,ALGORITHM_OR_WORKFLOW,M1,E0,KEEP_AS_ALGORITHM,TASK99_REPOSITORY_EVIDENCE_ADJUDICATED,1,0,0
IMPLICIT-51B6A4A3D0792165,UNRESOLVED_IDENTITY,M0,E0,QUARANTINE_UNTIL_DEFINED,TASK99_MACHINE_TRIAGED_EXPLICIT_QUARANTINE,1,0,0
IMPLICIT-51C2B87BB7BE4F17,UNRESOLVED_IDENTITY,M0,E0,QUARANTINE_UNTIL_DEFINED,TASK99_MACHINE_TRIAGED_EXPLICIT_QUARANTINE,1,0,0
IMPLICIT-51C4F7063F45FC0F,ALGORITHM_OR_WORKFLOW,M1,E0,KEEP_AS_ALGORITHM,TASK99_REPOSITORY_EVIDENCE_ADJUDICATED,1,0,0
IMPLICIT-51CD077E25A00B4C,UNRESOLVED_IDENTITY,M0,E0,QUARANTINE_UNTIL_DEFINED,TASK99_MACHINE_TRIAGED_EXPLICIT_QUARANTINE,1,0,0
IMPLICIT-51DEDF3A94BE85B3,UNRESOLVED_IDENTITY,M0,E0,QUARANTINE_UNTIL_DEFINED,TASK99_MACHINE_TRIAGED_EXPLICIT_QUARANTINE,1,0,0
IMPLICIT-51EA1FFB0E85D1B7,UNRESOLVED_IDENTITY,M0,E0,QUARANTINE_UNTIL_DEFINED,TASK99_MACHINE_TRIAGED_EXPLICIT_QUARANTINE,1,0,0
IMPLICIT-51F92F115F24883C,UNRESOLVED_IDENTITY,M0,E0,QUARANTINE_UNTIL_DEFINED,TASK99_MACHINE_TRIAGED_EXPLICIT_QUARANTINE,1,0,0
IMPLICIT-520CA4B17112551D,ALGORITHM_OR_WORKFLOW,M1,E0,KEEP_AS_ALGORITHM,TASK99_REPOSITORY_EVIDENCE_ADJUDICATED,1,0,0
IMPLICIT-521AF988F533D96F,UNRESOLVED_IDENTITY,M0,E0,QUARANTINE_UNTIL_DEFINED,TASK99_MACHINE_TRIAGED_EXPLICIT_QUARANTINE,1,0,0
IMPLICIT-5226F4065B345447,ALGORITHM_OR_WORKFLOW,M1,E0,KEEP_AS_ALGORITHM,TASK99_REPOSITORY_EVIDENCE_ADJUDICATED,1,0,0
IMPLICIT-5228FC5C83665DA1,UNRESOLVED_IDENTITY,M0,E0,QUARANTINE_UNTIL_DEFINED,TASK99_MACHINE_TRIAGED_EXPLICIT_QUARANTINE,1,0,0
IMPLICIT-5240869DCAFC4080,ALGORITHM_OR_WORKFLOW,M1,E0,KEEP_AS_ALGORITHM,TASK99_REPOSITORY_EVIDENCE_ADJUDICATED,1,0,0
IMPLICIT-52555F87911DEB03,UNRESOLVED_IDENTITY,M0,E0,QUARANTINE_UNTIL_DEFINED,TASK99_MACHINE_TRIAGED_EXPLICIT_QUARANTINE,1,0,0
IMPLICIT-526835FEA98902EA,UNRESOLVED_IDENTITY,M0,E0,QUARANTINE_UNTIL_DEFINED,TASK99_MACHINE_TRIAGED_EXPLICIT_QUARANTINE,1,0,0
IMPLICIT-527CD66A54E606AF,UNRESOLVED_IDENTITY,M0,E0,QUARANTINE_UNTIL_DEFINED,TASK99_MACHINE_TRIAGED_EXPLICIT_QUARANTINE,1,0,0
IMPLICIT-527F9FB094BDD39B,UNRESOLVED_IDENTITY,M0,E0,QUARANTINE_UNTIL_DEFINED,TASK99_MACHINE_TRIAGED_EXPLICIT_QUARANTINE,1,0,0
IMPLICIT-528434CDA3829C5B,UNRESOLVED_IDENTITY,M0,E0,QUARANTINE_UNTIL_DEFINED,TASK99_MACHINE_TRIAGED_EXPLICIT_QUARANTINE,1,0,0
IMPLICIT-52A79C887A08E473,UNRESOLVED_IDENTITY,M0,E0,QUARANTINE_UNTIL_DEFINED,TASK99_MACHINE_TRIAGED_EXPLICIT_QUARANTINE,1,0,0
IMPLICIT-52BBC7C45A6F0B35,ALGORITHM_OR_WORKFLOW,M1,E0,KEEP_AS_ALGORITHM,TASK99_REPOSITORY_EVIDENCE_ADJUDICATED,1,0,0
IMPLICIT-52C65235FD852606,UNRESOLVED_IDENTITY,M0,E0,QUARANTINE_UNTIL_DEFINED,TASK99_MACHINE_TRIAGED_EXPLICIT_QUARANTINE,1,0,0
IMPLICIT-52E54903F7308BCE,ALGORITHM_OR_WORKFLOW,M1,E0,KEEP_AS_ALGORITHM,TASK99_REPOSITORY_EVIDENCE_ADJUDICATED,1,0,0
IMPLICIT-52EE774FC81CBD97,ALGORITHM_OR_WORKFLOW,M1,E0,KEEP_AS_ALGORITHM,TASK99_REPOSITORY_EVIDENCE_ADJUDICATED,1,0,0
IMPLICIT-52F17233D788D89F,ALGORITHM_OR_WORKFLOW,M1,E0,KEEP_AS_ALGORITHM,TASK99_REPOSITORY_EVIDENCE_ADJUDICATED,1,0,0
IMPLICIT-52F4C7A4F33E4E35,ALGORITHM_OR_WORKFLOW,M2,E0,KEEP_AS_ALGORITHM,TASK99_REPOSITORY_EVIDENCE_ADJUDICATED,1,0,0
IMPLICIT-53135DEFE2E503AB,UNRESOLVED_IDENTITY,M0,E0,QUARANTINE_UNTIL_DEFINED,TASK99_MACHINE_TRIAGED_EXPLICIT_QUARANTINE,1,0,0
IMPLICIT-53175133F5489491,UNRESOLVED_IDENTITY,M0,E0,QUARANTINE_UNTIL_DEFINED,TASK99_MACHINE_TRIAGED_EXPLICIT_QUARANTINE,1,0,0
IMPLICIT-5318C366492F2A11,UNRESOLVED_IDENTITY,M0,E0,QUARANTINE_UNTIL_DEFINED,TASK99_MACHINE_TRIAGED_EXPLICIT_QUARANTINE,1,0,0
IMPLICIT-53263B7F1FB25C6E,UNRESOLVED_IDENTITY,M0,E0,QUARANTINE_UNTIL_DEFINED,TASK99_MACHINE_TRIAGED_EXPLICIT_QUARANTINE,1,0,0
IMPLICIT-53271C60C7F7C72C,UNRESOLVED_IDENTITY,M0,E0,QUARANTINE_UNTIL_DEFINED,TASK99_MACHINE_TRIAGED_EXPLICIT_QUARANTINE,1,0,0
IMPLICIT-53283D3581FE340A,ALGORITHM_OR_WORKFLOW,M1,E0,KEEP_AS_ALGORITHM,TASK99_REPOSITORY_EVIDENCE_ADJUDICATED,1,0,0
IMPLICIT-5338F028BB806F10,ALGORITHM_OR_WORKFLOW,M2,E0,KEEP_AS_ALGORITHM,TASK99_REPOSITORY_EVIDENCE_ADJUDICATED,1,0,0
IMPLICIT-53480F5B54FF30A4,UNRESOLVED_IDENTITY,M0,E0,QUARANTINE_UNTIL_DEFINED,TASK99_MACHINE_TRIAGED_EXPLICIT_QUARANTINE,1,0,0
IMPLICIT-534C8D0273BAE862,ALGORITHM_OR_WORKFLOW,M1,E0,KEEP_AS_ALGORITHM,TASK99_REPOSITORY_EVIDENCE_ADJUDICATED,1,0,0
IMPLICIT-53608C960F3B1928,UNRESOLVED_IDENTITY,M0,E0,QUARANTINE_UNTIL_DEFINED,TASK99_MACHINE_TRIAGED_EXPLICIT_QUARANTINE,1,0,0
IMPLICIT-536267557742169B,ALGORITHM_OR_WORKFLOW,M2,E0,KEEP_AS_ALGORITHM,TASK99_REPOSITORY_EVIDENCE_ADJUDICATED,1,0,0
IMPLICIT-53730033D93B6A4A,ALGORITHM_OR_WORKFLOW,M1,E0,KEEP_AS_ALGORITHM,TASK99_REPOSITORY_EVIDENCE_ADJUDICATED,1,0,0
IMPLICIT-53A67DE189551A69,UNRESOLVED_IDENTITY,M0,E0,QUARANTINE_UNTIL_DEFINED,TASK99_MACHINE_TRIAGED_EXPLICIT_QUARANTINE,1,0,0
IMPLICIT-53AD552C10F09492,UNRESOLVED_IDENTITY,M0,E0,QUARANTINE_UNTIL_DEFINED,TASK99_MACHINE_TRIAGED_EXPLICIT_QUARANTINE,1,0,0
IMPLICIT-53C52D60D75396E6,ALGORITHM_OR_WORKFLOW,M1,E0,KEEP_AS_ALGORITHM,TASK99_REPOSITORY_EVIDENCE_ADJUDICATED,1,0,0
IMPLICIT-53F7172E02520062,ALGORITHM_OR_WORKFLOW,M1,E0,KEEP_AS_ALGORITHM,TASK99_REPOSITORY_EVIDENCE_ADJUDICATED,1,0,0
IMPLICIT-540162AF995FDC85,UNRESOLVED_IDENTITY,M0,E0,QUARANTINE_UNTIL_DEFINED,TASK99_MACHINE_TRIAGED_EXPLICIT_QUARANTINE,1,0,0
IMPLICIT-54050DBB3CB4E918,UNRESOLVED_IDENTITY,M0,E0,QUARANTINE_UNTIL_DEFINED,TASK99_MACHINE_TRIAGED_EXPLICIT_QUARANTINE,1,0,0
IMPLICIT-54203BAA1DA92C3C,ALGORITHM_OR_WORKFLOW,M1,E0,KEEP_AS_ALGORITHM,TASK99_REPOSITORY_EVIDENCE_ADJUDICATED,1,0,0
IMPLICIT-5434011DD048AEAE,UNRESOLVED_IDENTITY,M0,E0,QUARANTINE_UNTIL_DEFINED,TASK99_MACHINE_TRIAGED_EXPLICIT_QUARANTINE,1,0,0
IMPLICIT-5449028ED5585E49,UNRESOLVED_IDENTITY,M0,E0,QUARANTINE_UNTIL_DEFINED,TASK99_MACHINE_TRIAGED_EXPLICIT_QUARANTINE,1,0,0
IMPLICIT-544D7AA59B37CAF3,UNRESOLVED_IDENTITY,M0,E0,QUARANTINE_UNTIL_DEFINED,TASK99_MACHINE_TRIAGED_EXPLICIT_QUARANTINE,1,0,0
IMPLICIT-547BC035B9203A18,UNRESOLVED_IDENTITY,M0,E0,QUARANTINE_UNTIL_DEFINED,TASK99_MACHINE_TRIAGED_EXPLICIT_QUARANTINE,1,0,0
IMPLICIT-548AD48BBE5D96E5,UNRESOLVED_IDENTITY,M0,E0,QUARANTINE_UNTIL_DEFINED,TASK99_MACHINE_TRIAGED_EXPLICIT_QUARANTINE,1,0,0
IMPLICIT-548BC38BB115FBEE,UNRESOLVED_IDENTITY,M0,E0,QUARANTINE_UNTIL_DEFINED,TASK99_MACHINE_TRIAGED_EXPLICIT_QUARANTINE,1,0,0
IMPLICIT-54C59F1AE750392D,UNRESOLVED_IDENTITY,M0,E0,QUARANTINE_UNTIL_DEFINED,TASK99_MACHINE_TRIAGED_EXPLICIT_QUARANTINE,1,0,0
IMPLICIT-54DF462703AFE68E,ALGORITHM_OR_WORKFLOW,M1,E0,KEEP_AS_ALGORITHM,TASK99_REPOSITORY_EVIDENCE_ADJUDICATED,1,0,0
IMPLICIT-54E00E652547CA48,UNRESOLVED_IDENTITY,M0,E0,QUARANTINE_UNTIL_DEFINED,TASK99_MACHINE_TRIAGED_EXPLICIT_QUARANTINE,1,0,0
IMPLICIT-54E42E37590A9FA7,UNRESOLVED_IDENTITY,M0,E0,QUARANTINE_UNTIL_DEFINED,TASK99_MACHINE_TRIAGED_EXPLICIT_QUARANTINE,1,0,0
IMPLICIT-5503619B97A1BA17,UNRESOLVED_IDENTITY,M0,E0,QUARANTINE_UNTIL_DEFINED,TASK99_MACHINE_TRIAGED_EXPLICIT_QUARANTINE,1,0,0
IMPLICIT-5524C863341460F9,UNRESOLVED_IDENTITY,M0,E0,QUARANTINE_UNTIL_DEFINED,TASK99_MACHINE_TRIAGED_EXPLICIT_QUARANTINE,1,0,0
IMPLICIT-5531D0BAB40ED32A,ALGORITHM_OR_WORKFLOW,M1,E0,KEEP_AS_ALGORITHM,TASK99_REPOSITORY_EVIDENCE_ADJUDICATED,1,0,0
IMPLICIT-5549C8E859308BE4,UNRESOLVED_IDENTITY,M0,E0,QUARANTINE_UNTIL_DEFINED,TASK99_MACHINE_TRIAGED_EXPLICIT_QUARANTINE,1,0,0
IMPLICIT-557769848638E33D,UNRESOLVED_IDENTITY,M0,E0,QUARANTINE_UNTIL_DEFINED,TASK99_MACHINE_TRIAGED_EXPLICIT_QUARANTINE,1,0,0
IMPLICIT-559AA4BA5F43B8E6,UNRESOLVED_IDENTITY,M0,E0,QUARANTINE_UNTIL_DEFINED,TASK99_MACHINE_TRIAGED_EXPLICIT_QUARANTINE,1,0,0
IMPLICIT-55A5A41556929EEF,UNRESOLVED_IDENTITY,M0,E0,QUARANTINE_UNTIL_DEFINED,TASK99_MACHINE_TRIAGED_EXPLICIT_QUARANTINE,1,0,0
IMPLICIT-55A8CCE4E6DE55FE,UNRESOLVED_IDENTITY,M0,E0,QUARANTINE_UNTIL_DEFINED,TASK99_MACHINE_TRIAGED_EXPLICIT_QUARANTINE,1,0,0
IMPLICIT-55B03C50319B4763,UNRESOLVED_IDENTITY,M0,E0,QUARANTINE_UNTIL_DEFINED,TASK99_MACHINE_TRIAGED_EXPLICIT_QUARANTINE,1,0,0
IMPLICIT-55C6B35FAA327582,UNRESOLVED_IDENTITY,M0,E0,QUARANTINE_UNTIL_DEFINED,TASK99_MACHINE_TRIAGED_EXPLICIT_QUARANTINE,1,0,0
IMPLICIT-55CDCBEBBD5E0F5B,ALGORITHM_OR_WORKFLOW,M1,E0,KEEP_AS_ALGORITHM,TASK99_REPOSITORY_EVIDENCE_ADJUDICATED,1,0,0
IMPLICIT-55DAD7CA608BB878,UNRESOLVED_IDENTITY,M0,E0,QUARANTINE_UNTIL_DEFINED,TASK99_MACHINE_TRIAGED_EXPLICIT_QUARANTINE,1,0,0
IMPLICIT-55E56222A03D0494,UNRESOLVED_IDENTITY,M0,E0,QUARANTINE_UNTIL_DEFINED,TASK99_MACHINE_TRIAGED_EXPLICIT_QUARANTINE,1,0,0
IMPLICIT-55F6F1069B7FEBC3,UNRESOLVED_IDENTITY,M0,E0,QUARANTINE_UNTIL_DEFINED,TASK99_MACHINE_TRIAGED_EXPLICIT_QUARANTINE,1,0,0
IMPLICIT-55F97A2C54803449,UNRESOLVED_IDENTITY,M0,E0,QUARANTINE_UNTIL_DEFINED,TASK99_MACHINE_TRIAGED_EXPLICIT_QUARANTINE,1,0,0
IMPLICIT-56097D0A4729FA87,UNRESOLVED_IDENTITY,M0,E0,QUARANTINE_UNTIL_DEFINED,TASK99_MACHINE_TRIAGED_EXPLICIT_QUARANTINE,1,0,0
IMPLICIT-56127351C487B44B,ALGORITHM_OR_WORKFLOW,M1,E0,KEEP_AS_ALGORITHM,TASK99_REPOSITORY_EVIDENCE_ADJUDICATED,1,0,0
IMPLICIT-5625DE4781FFC902,UNRESOLVED_IDENTITY,M0,E0,QUARANTINE_UNTIL_DEFINED,TASK99_MACHINE_TRIAGED_EXPLICIT_QUARANTINE,1,0,0
IMPLICIT-562689F893F0A654,ALGORITHM_OR_WORKFLOW,M2,E0,KEEP_AS_ALGORITHM,TASK99_REPOSITORY_EVIDENCE_ADJUDICATED,1,0,0
IMPLICIT-5632111310E10A3D,UNRESOLVED_IDENTITY,M0,E0,QUARANTINE_UNTIL_DEFINED,TASK99_MACHINE_TRIAGED_EXPLICIT_QUARANTINE,1,0,0
IMPLICIT-5635B73E31A9CADB,UNRESOLVED_IDENTITY,M0,E0,QUARANTINE_UNTIL_DEFINED,TASK99_MACHINE_TRIAGED_EXPLICIT_QUARANTINE,1,0,0
IMPLICIT-5655E71EC9B57EE6,ALGORITHM_OR_WORKFLOW,M1,E0,KEEP_AS_ALGORITHM,TASK99_REPOSITORY_EVIDENCE_ADJUDICATED,1,0,0
IMPLICIT-565A0B01DD1E7502,UNRESOLVED_IDENTITY,M0,E0,QUARANTINE_UNTIL_DEFINED,TASK99_MACHINE_TRIAGED_EXPLICIT_QUARANTINE,1,0,0
IMPLICIT-5675A680533F4905,UNRESOLVED_IDENTITY,M0,E0,QUARANTINE_UNTIL_DEFINED,TASK99_MACHINE_TRIAGED_EXPLICIT_QUARANTINE,1,0,0
IMPLICIT-5676C0206291621F,UNRESOLVED_IDENTITY,M0,E0,QUARANTINE_UNTIL_DEFINED,TASK99_MACHINE_TRIAGED_EXPLICIT_QUARANTINE,1,0,0
IMPLICIT-568078C14AD9DE91,UNRESOLVED_IDENTITY,M0,E0,QUARANTINE_UNTIL_DEFINED,TASK99_MACHINE_TRIAGED_EXPLICIT_QUARANTINE,1,0,0
IMPLICIT-56858000F1624CC2,UNRESOLVED_IDENTITY,M0,E0,QUARANTINE_UNTIL_DEFINED,TASK99_MACHINE_TRIAGED_EXPLICIT_QUARANTINE,1,0,0
IMPLICIT-56A226325FEFBAF4,ALGORITHM_OR_WORKFLOW,M1,E0,KEEP_AS_ALGORITHM,TASK99_REPOSITORY_EVIDENCE_ADJUDICATED,1,0,0
IMPLICIT-56A25EFE3935AC00,UNRESOLVED_IDENTITY,M0,E0,QUARANTINE_UNTIL_DEFINED,TASK99_MACHINE_TRIAGED_EXPLICIT_QUARANTINE,1,0,0
IMPLICIT-56C025C0A71BB4E9,UNRESOLVED_IDENTITY,M0,E0,QUARANTINE_UNTIL_DEFINED,TASK99_MACHINE_TRIAGED_EXPLICIT_QUARANTINE,1,0,0
IMPLICIT-56C35B7302CDC8D3,UNRESOLVED_IDENTITY,M0,E0,QUARANTINE_UNTIL_DEFINED,TASK99_MACHINE_TRIAGED_EXPLICIT_QUARANTINE,1,0,0
IMPLICIT-56D5E4E6E61F07B7,UNRESOLVED_IDENTITY,M0,E0,QUARANTINE_UNTIL_DEFINED,TASK99_MACHINE_TRIAGED_EXPLICIT_QUARANTINE,1,0,0
IMPLICIT-56DE5B73DAA3548D,UNRESOLVED_IDENTITY,M0,E0,QUARANTINE_UNTIL_DEFINED,TASK99_MACHINE_TRIAGED_EXPLICIT_QUARANTINE,1,0,0
IMPLICIT-56FA39E8E65C94D1,UNRESOLVED_IDENTITY,M0,E0,QUARANTINE_UNTIL_DEFINED,TASK99_MACHINE_TRIAGED_EXPLICIT_QUARANTINE,1,0,0
IMPLICIT-5708CF3148EFF85C,UNRESOLVED_IDENTITY,M0,E0,QUARANTINE_UNTIL_DEFINED,TASK99_MACHINE_TRIAGED_EXPLICIT_QUARANTINE,1,0,0
IMPLICIT-570F74C2B5193816,UNRESOLVED_IDENTITY,M0,E0,QUARANTINE_UNTIL_DEFINED,TASK99_MACHINE_TRIAGED_EXPLICIT_QUARANTINE,1,0,0
IMPLICIT-57230C8847D7E655,ALGORITHM_OR_WORKFLOW,M1,E0,KEEP_AS_ALGORITHM,TASK99_REPOSITORY_EVIDENCE_ADJUDICATED,1,0,0
IMPLICIT-57249D2D07EEDF8D,UNRESOLVED_IDENTITY,M0,E0,QUARANTINE_UNTIL_DEFINED,TASK99_MACHINE_TRIAGED_EXPLICIT_QUARANTINE,1,0,0
IMPLICIT-5732DC76B0EB983A,UNRESOLVED_IDENTITY,M0,E0,QUARANTINE_UNTIL_DEFINED,TASK99_MACHINE_TRIAGED_EXPLICIT_QUARANTINE,1,0,0
IMPLICIT-5733CF429C7602A8,UNRESOLVED_IDENTITY,M0,E0,QUARANTINE_UNTIL_DEFINED,TASK99_MACHINE_TRIAGED_EXPLICIT_QUARANTINE,1,0,0
IMPLICIT-573E50223ED5A104,UNRESOLVED_IDENTITY,M0,E0,QUARANTINE_UNTIL_DEFINED,TASK99_MACHINE_TRIAGED_EXPLICIT_QUARANTINE,1,0,0
IMPLICIT-573F26FD71F49AA3,ALGORITHM_OR_WORKFLOW,M1,E0,KEEP_AS_ALGORITHM,TASK99_REPOSITORY_EVIDENCE_ADJUDICATED,1,0,0
IMPLICIT-574D8D79822A822A,UNRESOLVED_IDENTITY,M0,E0,QUARANTINE_UNTIL_DEFINED,TASK99_MACHINE_TRIAGED_EXPLICIT_QUARANTINE,1,0,0
IMPLICIT-575B8A8E6A958C6C,UNRESOLVED_IDENTITY,M0,E0,QUARANTINE_UNTIL_DEFINED,TASK99_MACHINE_TRIAGED_EXPLICIT_QUARANTINE,1,0,0
IMPLICIT-576EBFA7ECBF397F,ALGORITHM_OR_WORKFLOW,M1,E0,KEEP_AS_ALGORITHM,TASK99_REPOSITORY_EVIDENCE_ADJUDICATED,1,0,0
IMPLICIT-5773A426CE2E3E51,UNRESOLVED_IDENTITY,M0,E0,QUARANTINE_UNTIL_DEFINED,TASK99_MACHINE_TRIAGED_EXPLICIT_QUARANTINE,1,0,0
IMPLICIT-577EB4CB6AA62757,UNRESOLVED_IDENTITY,M0,E0,QUARANTINE_UNTIL_DEFINED,TASK99_MACHINE_TRIAGED_EXPLICIT_QUARANTINE,1,0,0
IMPLICIT-577FC69E0C2AD536,UNRESOLVED_IDENTITY,M0,E0,QUARANTINE_UNTIL_DEFINED,TASK99_MACHINE_TRIAGED_EXPLICIT_QUARANTINE,1,0,0
IMPLICIT-5791CE9A258DD1D5,ALGORITHM_OR_WORKFLOW,M1,E0,KEEP_AS_ALGORITHM,TASK99_REPOSITORY_EVIDENCE_ADJUDICATED,1,0,0
IMPLICIT-57AD9F134BF4EFD9,ALGORITHM_OR_WORKFLOW,M2,E0,KEEP_AS_ALGORITHM,TASK99_REPOSITORY_EVIDENCE_ADJUDICATED,1,0,0
IMPLICIT-57B786378720F62D,UNRESOLVED_IDENTITY,M0,E0,QUARANTINE_UNTIL_DEFINED,TASK99_MACHINE_TRIAGED_EXPLICIT_QUARANTINE,1,0,0
IMPLICIT-57B8D90FAB6A6558,ALGORITHM_OR_WORKFLOW,M1,E0,KEEP_AS_ALGORITHM,TASK99_REPOSITORY_EVIDENCE_ADJUDICATED,1,0,0
IMPLICIT-57CFF8BC37173BAB,ALGORITHM_OR_WORKFLOW,M1,E0,KEEP_AS_ALGORITHM,TASK99_REPOSITORY_EVIDENCE_ADJUDICATED,1,0,0
IMPLICIT-57D74FF607459935,ALGORITHM_OR_WORKFLOW,M1,E0,KEEP_AS_ALGORITHM,TASK99_REPOSITORY_EVIDENCE_ADJUDICATED,1,0,0
IMPLICIT-57E4B558EB78D577,UNRESOLVED_IDENTITY,M0,E0,QUARANTINE_UNTIL_DEFINED,TASK99_MACHINE_TRIAGED_EXPLICIT_QUARANTINE,1,0,0
IMPLICIT-57E9F4DD5E65427D,UNRESOLVED_IDENTITY,M0,E0,QUARANTINE_UNTIL_DEFINED,TASK99_MACHINE_TRIAGED_EXPLICIT_QUARANTINE,1,0,0
IMPLICIT-57F1BC2B38ABFDF5,UNRESOLVED_IDENTITY,M0,E0,QUARANTINE_UNTIL_DEFINED,TASK99_MACHINE_TRIAGED_EXPLICIT_QUARANTINE,1,0,0
IMPLICIT-57F4CEE23C4540D7,UNRESOLVED_IDENTITY,M0,E0,QUARANTINE_UNTIL_DEFINED,TASK99_MACHINE_TRIAGED_EXPLICIT_QUARANTINE,1,0,0
IMPLICIT-57F842D09A30097B,ALGORITHM_OR_WORKFLOW,M1,E0,KEEP_AS_ALGORITHM,TASK99_REPOSITORY_EVIDENCE_ADJUDICATED,1,0,0
IMPLICIT-58078A458C8DB79C,UNRESOLVED_IDENTITY,M0,E0,QUARANTINE_UNTIL_DEFINED,TASK99_MACHINE_TRIAGED_EXPLICIT_QUARANTINE,1,0,0
IMPLICIT-580E76B43D1B3ACC,ALGORITHM_OR_WORKFLOW,M2,E0,KEEP_AS_ALGORITHM,TASK99_REPOSITORY_EVIDENCE_ADJUDICATED,1,0,0
IMPLICIT-580F5910F958C2EC,ALGORITHM_OR_WORKFLOW,M2,E0,KEEP_AS_ALGORITHM,TASK99_REPOSITORY_EVIDENCE_ADJUDICATED,1,0,0
IMPLICIT-5819D192115567AE,UNRESOLVED_IDENTITY,M0,E0,QUARANTINE_UNTIL_DEFINED,TASK99_MACHINE_TRIAGED_EXPLICIT_QUARANTINE,1,0,0
IMPLICIT-5824F97C8F99E7C6,UNRESOLVED_IDENTITY,M0,E0,QUARANTINE_UNTIL_DEFINED,TASK99_MACHINE_TRIAGED_EXPLICIT_QUARANTINE,1,0,0
IMPLICIT-5837CF3870A7E49F,ALGORITHM_OR_WORKFLOW,M1,E0,KEEP_AS_ALGORITHM,TASK99_REPOSITORY_EVIDENCE_ADJUDICATED,1,0,0
IMPLICIT-5839DDCF90DC9F88,UNRESOLVED_IDENTITY,M0,E0,QUARANTINE_UNTIL_DEFINED,TASK99_MACHINE_TRIAGED_EXPLICIT_QUARANTINE,1,0,0
IMPLICIT-5839F83D48656E72,UNRESOLVED_IDENTITY,M0,E0,QUARANTINE_UNTIL_DEFINED,TASK99_MACHINE_TRIAGED_EXPLICIT_QUARANTINE,1,0,0
IMPLICIT-583C0FDF6DB6CA62,ALGORITHM_OR_WORKFLOW,M2,E0,KEEP_AS_ALGORITHM,TASK99_REPOSITORY_EVIDENCE_ADJUDICATED,1,0,0
IMPLICIT-583C28DD00CE0077,UNRESOLVED_IDENTITY,M0,E0,QUARANTINE_UNTIL_DEFINED,TASK99_MACHINE_TRIAGED_EXPLICIT_QUARANTINE,1,0,0
IMPLICIT-584055852935B8D7,UNRESOLVED_IDENTITY,M0,E0,QUARANTINE_UNTIL_DEFINED,TASK99_MACHINE_TRIAGED_EXPLICIT_QUARANTINE,1,0,0
IMPLICIT-585B01117C0CDB04,UNRESOLVED_IDENTITY,M0,E0,QUARANTINE_UNTIL_DEFINED,TASK99_MACHINE_TRIAGED_EXPLICIT_QUARANTINE,1,0,0
IMPLICIT-585D085937BA3A3C,UNRESOLVED_IDENTITY,M0,E0,QUARANTINE_UNTIL_DEFINED,TASK99_MACHINE_TRIAGED_EXPLICIT_QUARANTINE,1,0,0
IMPLICIT-5866891ADD8D1EC9,UNRESOLVED_IDENTITY,M0,E0,QUARANTINE_UNTIL_DEFINED,TASK99_MACHINE_TRIAGED_EXPLICIT_QUARANTINE,1,0,0
IMPLICIT-586951BF2FEF0751,ALGORITHM_OR_WORKFLOW,M2,E0,KEEP_AS_ALGORITHM,TASK99_REPOSITORY_EVIDENCE_ADJUDICATED,1,0,0
IMPLICIT-587ED699A6089ECA,UNRESOLVED_IDENTITY,M0,E0,QUARANTINE_UNTIL_DEFINED,TASK99_MACHINE_TRIAGED_EXPLICIT_QUARANTINE,1,0,0
IMPLICIT-58806EEE866D75B5,UNRESOLVED_IDENTITY,M0,E0,QUARANTINE_UNTIL_DEFINED,TASK99_MACHINE_TRIAGED_EXPLICIT_QUARANTINE,1,0,0
IMPLICIT-58965A451F28012E,UNRESOLVED_IDENTITY,M0,E0,QUARANTINE_UNTIL_DEFINED,TASK99_MACHINE_TRIAGED_EXPLICIT_QUARANTINE,1,0,0
IMPLICIT-58D9610EB5F37AEC,UNRESOLVED_IDENTITY,M0,E0,QUARANTINE_UNTIL_DEFINED,TASK99_MACHINE_TRIAGED_EXPLICIT_QUARANTINE,1,0,0
IMPLICIT-58DC5E3580D81C21,UNRESOLVED_IDENTITY,M0,E0,QUARANTINE_UNTIL_DEFINED,TASK99_MACHINE_TRIAGED_EXPLICIT_QUARANTINE,1,0,0
IMPLICIT-58E1972E2E49CEDA,ALGORITHM_OR_WORKFLOW,M1,E0,KEEP_AS_ALGORITHM,TASK99_REPOSITORY_EVIDENCE_ADJUDICATED,1,0,0
IMPLICIT-58E248FF5F657DEE,UNRESOLVED_IDENTITY,M0,E0,QUARANTINE_UNTIL_DEFINED,TASK99_MACHINE_TRIAGED_EXPLICIT_QUARANTINE,1,0,0
IMPLICIT-59163FE46247C69E,UNRESOLVED_IDENTITY,M0,E0,QUARANTINE_UNTIL_DEFINED,TASK99_MACHINE_TRIAGED_EXPLICIT_QUARANTINE,1,0,0
IMPLICIT-591CB59C71C4B7E6,UNRESOLVED_IDENTITY,M0,E0,QUARANTINE_UNTIL_DEFINED,TASK99_MACHINE_TRIAGED_EXPLICIT_QUARANTINE,1,0,0
IMPLICIT-592DE87440D3B46C,UNRESOLVED_IDENTITY,M0,E0,QUARANTINE_UNTIL_DEFINED,TASK99_MACHINE_TRIAGED_EXPLICIT_QUARANTINE,1,0,0
IMPLICIT-59326E85EA8BAE83,UNRESOLVED_IDENTITY,M0,E0,QUARANTINE_UNTIL_DEFINED,TASK99_MACHINE_TRIAGED_EXPLICIT_QUARANTINE,1,0,0
IMPLICIT-5938768A0B9134B3,UNRESOLVED_IDENTITY,M0,E0,QUARANTINE_UNTIL_DEFINED,TASK99_MACHINE_TRIAGED_EXPLICIT_QUARANTINE,1,0,0
IMPLICIT-593EC1F9B6861F4E,UNRESOLVED_IDENTITY,M0,E0,QUARANTINE_UNTIL_DEFINED,TASK99_MACHINE_TRIAGED_EXPLICIT_QUARANTINE,1,0,0
IMPLICIT-593F84D3885D73FC,ALGORITHM_OR_WORKFLOW,M1,E0,KEEP_AS_ALGORITHM,TASK99_REPOSITORY_EVIDENCE_ADJUDICATED,1,0,0
IMPLICIT-5949B7E3ABA49D36,ALGORITHM_OR_WORKFLOW,M1,E0,KEEP_AS_ALGORITHM,TASK99_REPOSITORY_EVIDENCE_ADJUDICATED,1,0,0
IMPLICIT-595625A44CF0506D,ALGORITHM_OR_WORKFLOW,M1,E0,KEEP_AS_ALGORITHM,TASK99_REPOSITORY_EVIDENCE_ADJUDICATED,1,0,0
IMPLICIT-595BF669A8CC44F5,UNRESOLVED_IDENTITY,M0,E0,QUARANTINE_UNTIL_DEFINED,TASK99_MACHINE_TRIAGED_EXPLICIT_QUARANTINE,1,0,0
IMPLICIT-596D0CDC91C97B3B,ALGORITHM_OR_WORKFLOW,M2,E0,KEEP_AS_ALGORITHM,TASK99_REPOSITORY_EVIDENCE_ADJUDICATED,1,0,0
IMPLICIT-597D4F3AC80EB79B,UNRESOLVED_IDENTITY,M0,E0,QUARANTINE_UNTIL_DEFINED,TASK99_MACHINE_TRIAGED_EXPLICIT_QUARANTINE,1,0,0
IMPLICIT-597D593047630682,UNRESOLVED_IDENTITY,M0,E0,QUARANTINE_UNTIL_DEFINED,TASK99_MACHINE_TRIAGED_EXPLICIT_QUARANTINE,1,0,0
IMPLICIT-597E75500300B423,ALGORITHM_OR_WORKFLOW,M1,E0,KEEP_AS_ALGORITHM,TASK99_REPOSITORY_EVIDENCE_ADJUDICATED,1,0,0
IMPLICIT-5987C8247FEDA61E,UNRESOLVED_IDENTITY,M0,E0,QUARANTINE_UNTIL_DEFINED,TASK99_MACHINE_TRIAGED_EXPLICIT_QUARANTINE,1,0,0
IMPLICIT-59B5A1E40BAF3D3E,UNRESOLVED_IDENTITY,M0,E0,QUARANTINE_UNTIL_DEFINED,TASK99_MACHINE_TRIAGED_EXPLICIT_QUARANTINE,1,0,0
IMPLICIT-59B758561149615F,ALGORITHM_OR_WORKFLOW,M2,E0,KEEP_AS_ALGORITHM,TASK99_REPOSITORY_EVIDENCE_ADJUDICATED,1,0,0
IMPLICIT-59C107947762C89D,UNRESOLVED_IDENTITY,M0,E0,QUARANTINE_UNTIL_DEFINED,TASK99_MACHINE_TRIAGED_EXPLICIT_QUARANTINE,1,0,0
IMPLICIT-59E567DFBED1EED9,UNRESOLVED_IDENTITY,M0,E0,QUARANTINE_UNTIL_DEFINED,TASK99_MACHINE_TRIAGED_EXPLICIT_QUARANTINE,1,0,0
IMPLICIT-59F3513E4050D3D2,UNRESOLVED_IDENTITY,M0,E0,QUARANTINE_UNTIL_DEFINED,TASK99_MACHINE_TRIAGED_EXPLICIT_QUARANTINE,1,0,0
IMPLICIT-59FF930332109D65,UNRESOLVED_IDENTITY,M0,E0,QUARANTINE_UNTIL_DEFINED,TASK99_MACHINE_TRIAGED_EXPLICIT_QUARANTINE,1,0,0
IMPLICIT-5A0D36222E8CCAC8,ALGORITHM_OR_WORKFLOW,M1,E0,KEEP_AS_ALGORITHM,TASK99_REPOSITORY_EVIDENCE_ADJUDICATED,1,0,0
IMPLICIT-5A12C613D831EC8B,UNRESOLVED_IDENTITY,M0,E0,QUARANTINE_UNTIL_DEFINED,TASK99_MACHINE_TRIAGED_EXPLICIT_QUARANTINE,1,0,0
IMPLICIT-5A2C6327961F074A,ALGORITHM_OR_WORKFLOW,M1,E0,KEEP_AS_ALGORITHM,TASK99_REPOSITORY_EVIDENCE_ADJUDICATED,1,0,0
IMPLICIT-5A3E2410C0486A83,ALGORITHM_OR_WORKFLOW,M1,E0,KEEP_AS_ALGORITHM,TASK99_REPOSITORY_EVIDENCE_ADJUDICATED,1,0,0
IMPLICIT-5A3ED9F23786B58F,UNRESOLVED_IDENTITY,M0,E0,QUARANTINE_UNTIL_DEFINED,TASK99_MACHINE_TRIAGED_EXPLICIT_QUARANTINE,1,0,0
IMPLICIT-5A500E5E1909BF72,UNRESOLVED_IDENTITY,M0,E0,QUARANTINE_UNTIL_DEFINED,TASK99_MACHINE_TRIAGED_EXPLICIT_QUARANTINE,1,0,0
IMPLICIT-5A5E5A20C0CBEB2D,UNRESOLVED_IDENTITY,M0,E0,QUARANTINE_UNTIL_DEFINED,TASK99_MACHINE_TRIAGED_EXPLICIT_QUARANTINE,1,0,0
IMPLICIT-5A623C9936E679CC,UNRESOLVED_IDENTITY,M0,E0,QUARANTINE_UNTIL_DEFINED,TASK99_MACHINE_TRIAGED_EXPLICIT_QUARANTINE,1,0,0
IMPLICIT-5A7079E2DA8C59CE,UNRESOLVED_IDENTITY,M0,E0,QUARANTINE_UNTIL_DEFINED,TASK99_MACHINE_TRIAGED_EXPLICIT_QUARANTINE,1,0,0
IMPLICIT-5A8C326BE969E8F7,UNRESOLVED_IDENTITY,M0,E0,QUARANTINE_UNTIL_DEFINED,TASK99_MACHINE_TRIAGED_EXPLICIT_QUARANTINE,1,0,0
IMPLICIT-5A910DDE2BBD327C,UNRESOLVED_IDENTITY,M0,E0,QUARANTINE_UNTIL_DEFINED,TASK99_MACHINE_TRIAGED_EXPLICIT_QUARANTINE,1,0,0
IMPLICIT-5A97C0C1FB366D56,UNRESOLVED_IDENTITY,M0,E0,QUARANTINE_UNTIL_DEFINED,TASK99_MACHINE_TRIAGED_EXPLICIT_QUARANTINE,1,0,0
IMPLICIT-5AF18172F61FE11D,ALGORITHM_OR_WORKFLOW,M2,E0,KEEP_AS_ALGORITHM,TASK99_REPOSITORY_EVIDENCE_ADJUDICATED,1,0,0
IMPLICIT-5B02BAEAC4F7FC2E,UNRESOLVED_IDENTITY,M0,E0,QUARANTINE_UNTIL_DEFINED,TASK99_MACHINE_TRIAGED_EXPLICIT_QUARANTINE,1,0,0
IMPLICIT-5B0758037E95E436,UNRESOLVED_IDENTITY,M0,E0,QUARANTINE_UNTIL_DEFINED,TASK99_MACHINE_TRIAGED_EXPLICIT_QUARANTINE,1,0,0
IMPLICIT-5B1972D46CF48F32,ALGORITHM_OR_WORKFLOW,M1,E0,KEEP_AS_ALGORITHM,TASK99_REPOSITORY_EVIDENCE_ADJUDICATED,1,0,0
IMPLICIT-5B224B632EBEECF9,ALGORITHM_OR_WORKFLOW,M2,E0,KEEP_AS_ALGORITHM,TASK99_REPOSITORY_EVIDENCE_ADJUDICATED,1,0,0
IMPLICIT-5B269CCD143D3BDC,UNRESOLVED_IDENTITY,M0,E0,QUARANTINE_UNTIL_DEFINED,TASK99_MACHINE_TRIAGED_EXPLICIT_QUARANTINE,1,0,0
IMPLICIT-5B4A8253D3CB1A60,UNRESOLVED_IDENTITY,M0,E0,QUARANTINE_UNTIL_DEFINED,TASK99_MACHINE_TRIAGED_EXPLICIT_QUARANTINE,1,0,0
IMPLICIT-5B54E5F47922FE28,UNRESOLVED_IDENTITY,M0,E0,QUARANTINE_UNTIL_DEFINED,TASK99_MACHINE_TRIAGED_EXPLICIT_QUARANTINE,1,0,0
IMPLICIT-5B618D6009AD8487,UNRESOLVED_IDENTITY,M0,E0,QUARANTINE_UNTIL_DEFINED,TASK99_MACHINE_TRIAGED_EXPLICIT_QUARANTINE,1,0,0
IMPLICIT-5B71A3B9DA41774C,UNRESOLVED_IDENTITY,M0,E0,QUARANTINE_UNTIL_DEFINED,TASK99_MACHINE_TRIAGED_EXPLICIT_QUARANTINE,1,0,0
IMPLICIT-5B7A0F461BB53240,UNRESOLVED_IDENTITY,M0,E0,QUARANTINE_UNTIL_DEFINED,TASK99_MACHINE_TRIAGED_EXPLICIT_QUARANTINE,1,0,0
IMPLICIT-5B8272207054A7C9,UNRESOLVED_IDENTITY,M0,E0,QUARANTINE_UNTIL_DEFINED,TASK99_MACHINE_TRIAGED_EXPLICIT_QUARANTINE,1,0,0
IMPLICIT-5B8637B3B9C027A9,UNRESOLVED_IDENTITY,M0,E0,QUARANTINE_UNTIL_DEFINED,TASK99_MACHINE_TRIAGED_EXPLICIT_QUARANTINE,1,0,0
IMPLICIT-5B8FD2228B947634,ALGORITHM_OR_WORKFLOW,M1,E0,KEEP_AS_ALGORITHM,TASK99_REPOSITORY_EVIDENCE_ADJUDICATED,1,0,0
IMPLICIT-5B9AC3F095D10459,UNRESOLVED_IDENTITY,M0,E0,QUARANTINE_UNTIL_DEFINED,TASK99_MACHINE_TRIAGED_EXPLICIT_QUARANTINE,1,0,0
IMPLICIT-5BAA5213B547D431,UNRESOLVED_IDENTITY,M0,E0,QUARANTINE_UNTIL_DEFINED,TASK99_MACHINE_TRIAGED_EXPLICIT_QUARANTINE,1,0,0
IMPLICIT-5BAAE3BCC2B8F83B,UNRESOLVED_IDENTITY,M0,E0,QUARANTINE_UNTIL_DEFINED,TASK99_MACHINE_TRIAGED_EXPLICIT_QUARANTINE,1,0,0
IMPLICIT-5BB81799668359F7,UNRESOLVED_IDENTITY,M0,E0,QUARANTINE_UNTIL_DEFINED,TASK99_MACHINE_TRIAGED_EXPLICIT_QUARANTINE,1,0,0
IMPLICIT-5BBB81D8123700B2,ALGORITHM_OR_WORKFLOW,M1,E0,KEEP_AS_ALGORITHM,TASK99_REPOSITORY_EVIDENCE_ADJUDICATED,1,0,0
IMPLICIT-5BC41D24CC08FA8C,UNRESOLVED_IDENTITY,M0,E0,QUARANTINE_UNTIL_DEFINED,TASK99_MACHINE_TRIAGED_EXPLICIT_QUARANTINE,1,0,0
IMPLICIT-5BD577DA155A8C3B,ALGORITHM_OR_WORKFLOW,M1,E0,KEEP_AS_ALGORITHM,TASK99_REPOSITORY_EVIDENCE_ADJUDICATED,1,0,0
IMPLICIT-5BE15EE487DA7DD2,ALGORITHM_OR_WORKFLOW,M2,E0,KEEP_AS_ALGORITHM,TASK99_REPOSITORY_EVIDENCE_ADJUDICATED,1,0,0
IMPLICIT-5C00B98FD6B9851D,UNRESOLVED_IDENTITY,M0,E0,QUARANTINE_UNTIL_DEFINED,TASK99_MACHINE_TRIAGED_EXPLICIT_QUARANTINE,1,0,0
IMPLICIT-5C00C6A87848E846,UNRESOLVED_IDENTITY,M0,E0,QUARANTINE_UNTIL_DEFINED,TASK99_MACHINE_TRIAGED_EXPLICIT_QUARANTINE,1,0,0
IMPLICIT-5C39C7416B55E5EC,UNRESOLVED_IDENTITY,M0,E0,QUARANTINE_UNTIL_DEFINED,TASK99_MACHINE_TRIAGED_EXPLICIT_QUARANTINE,1,0,0
IMPLICIT-5C526314D0289B3D,UNRESOLVED_IDENTITY,M0,E0,QUARANTINE_UNTIL_DEFINED,TASK99_MACHINE_TRIAGED_EXPLICIT_QUARANTINE,1,0,0
IMPLICIT-5C6EDD566912150F,UNRESOLVED_IDENTITY,M0,E0,QUARANTINE_UNTIL_DEFINED,TASK99_MACHINE_TRIAGED_EXPLICIT_QUARANTINE,1,0,0
IMPLICIT-5C8FE41EE04E8518,UNRESOLVED_IDENTITY,M0,E0,QUARANTINE_UNTIL_DEFINED,TASK99_MACHINE_TRIAGED_EXPLICIT_QUARANTINE,1,0,0
IMPLICIT-5CAF1448B2B31D12,UNRESOLVED_IDENTITY,M0,E0,QUARANTINE_UNTIL_DEFINED,TASK99_MACHINE_TRIAGED_EXPLICIT_QUARANTINE,1,0,0
IMPLICIT-5CB34F10778A389F,UNRESOLVED_IDENTITY,M0,E0,QUARANTINE_UNTIL_DEFINED,TASK99_MACHINE_TRIAGED_EXPLICIT_QUARANTINE,1,0,0
IMPLICIT-5CD0E1DFE90E4212,UNRESOLVED_IDENTITY,M0,E0,QUARANTINE_UNTIL_DEFINED,TASK99_MACHINE_TRIAGED_EXPLICIT_QUARANTINE,1,0,0
IMPLICIT-5CE87E7DCA174067,ALGORITHM_OR_WORKFLOW,M2,E0,KEEP_AS_ALGORITHM,TASK99_REPOSITORY_EVIDENCE_ADJUDICATED,1,0,0
IMPLICIT-5CE937404A223125,UNRESOLVED_IDENTITY,M0,E0,QUARANTINE_UNTIL_DEFINED,TASK99_MACHINE_TRIAGED_EXPLICIT_QUARANTINE,1,0,0
IMPLICIT-5CEC24C33E1B2E85,UNRESOLVED_IDENTITY,M0,E0,QUARANTINE_UNTIL_DEFINED,TASK99_MACHINE_TRIAGED_EXPLICIT_QUARANTINE,1,0,0
IMPLICIT-5D02F1AF428C002B,ALGORITHM_OR_WORKFLOW,M2,E0,KEEP_AS_ALGORITHM,TASK99_REPOSITORY_EVIDENCE_ADJUDICATED,1,0,0
IMPLICIT-5D2A514F4C667738,UNRESOLVED_IDENTITY,M0,E0,QUARANTINE_UNTIL_DEFINED,TASK99_MACHINE_TRIAGED_EXPLICIT_QUARANTINE,1,0,0
IMPLICIT-5D2E4514DB081FFB,UNRESOLVED_IDENTITY,M0,E0,QUARANTINE_UNTIL_DEFINED,TASK99_MACHINE_TRIAGED_EXPLICIT_QUARANTINE,1,0,0
IMPLICIT-5D3C9072516A29C3,ALGORITHM_OR_WORKFLOW,M1,E0,KEEP_AS_ALGORITHM,TASK99_REPOSITORY_EVIDENCE_ADJUDICATED,1,0,0
IMPLICIT-5D43B42C9541F3EC,UNRESOLVED_IDENTITY,M0,E0,QUARANTINE_UNTIL_DEFINED,TASK99_MACHINE_TRIAGED_EXPLICIT_QUARANTINE,1,0,0
IMPLICIT-5D4C7B5088783D8F,UNRESOLVED_IDENTITY,M0,E0,QUARANTINE_UNTIL_DEFINED,TASK99_MACHINE_TRIAGED_EXPLICIT_QUARANTINE,1,0,0
IMPLICIT-5D50729700A4B369,ALGORITHM_OR_WORKFLOW,M1,E0,KEEP_AS_ALGORITHM,TASK99_REPOSITORY_EVIDENCE_ADJUDICATED,1,0,0
IMPLICIT-5D54B747738B106B,UNRESOLVED_IDENTITY,M0,E0,QUARANTINE_UNTIL_DEFINED,TASK99_MACHINE_TRIAGED_EXPLICIT_QUARANTINE,1,0,0
IMPLICIT-5DA964F908072D5A,ALGORITHM_OR_WORKFLOW,M1,E0,KEEP_AS_ALGORITHM,TASK99_REPOSITORY_EVIDENCE_ADJUDICATED,1,0,0
IMPLICIT-5DBCE31779515D45,UNRESOLVED_IDENTITY,M0,E0,QUARANTINE_UNTIL_DEFINED,TASK99_MACHINE_TRIAGED_EXPLICIT_QUARANTINE,1,0,0
IMPLICIT-5DCE9CB5501FD68F,UNRESOLVED_IDENTITY,M0,E0,QUARANTINE_UNTIL_DEFINED,TASK99_MACHINE_TRIAGED_EXPLICIT_QUARANTINE,1,0,0
IMPLICIT-5DCED7CBE6A21176,ALGORITHM_OR_WORKFLOW,M1,E0,KEEP_AS_ALGORITHM,TASK99_REPOSITORY_EVIDENCE_ADJUDICATED,1,0,0
IMPLICIT-5DDE89DB6A9ADBF9,UNRESOLVED_IDENTITY,M0,E0,QUARANTINE_UNTIL_DEFINED,TASK99_MACHINE_TRIAGED_EXPLICIT_QUARANTINE,1,0,0
IMPLICIT-5DEA7BDCF5C8BBF6,UNRESOLVED_IDENTITY,M0,E0,QUARANTINE_UNTIL_DEFINED,TASK99_MACHINE_TRIAGED_EXPLICIT_QUARANTINE,1,0,0
IMPLICIT-5DF7D47F47C4E529,UNRESOLVED_IDENTITY,M0,E0,QUARANTINE_UNTIL_DEFINED,TASK99_MACHINE_TRIAGED_EXPLICIT_QUARANTINE,1,0,0
IMPLICIT-5E16A6BA59F56B42,ALGORITHM_OR_WORKFLOW,M1,E0,KEEP_AS_ALGORITHM,TASK99_REPOSITORY_EVIDENCE_ADJUDICATED,1,0,0
IMPLICIT-5E2209E9E43CC9F2,ALGORITHM_OR_WORKFLOW,M1,E0,KEEP_AS_ALGORITHM,TASK99_REPOSITORY_EVIDENCE_ADJUDICATED,1,0,0
IMPLICIT-5E3A0DF1A233A23A,ALGORITHM_OR_WORKFLOW,M1,E0,KEEP_AS_ALGORITHM,TASK99_REPOSITORY_EVIDENCE_ADJUDICATED,1,0,0
IMPLICIT-5E43A40F38B049AF,ALGORITHM_OR_WORKFLOW,M1,E0,KEEP_AS_ALGORITHM,TASK99_REPOSITORY_EVIDENCE_ADJUDICATED,1,0,0
IMPLICIT-5E488A4256F0DAE8,UNRESOLVED_IDENTITY,M0,E0,QUARANTINE_UNTIL_DEFINED,TASK99_MACHINE_TRIAGED_EXPLICIT_QUARANTINE,1,0,0
IMPLICIT-5E56F5DEC6FA4C71,UNRESOLVED_IDENTITY,M0,E0,QUARANTINE_UNTIL_DEFINED,TASK99_MACHINE_TRIAGED_EXPLICIT_QUARANTINE,1,0,0
IMPLICIT-5E66105D3257FF0A,UNRESOLVED_IDENTITY,M0,E0,QUARANTINE_UNTIL_DEFINED,TASK99_MACHINE_TRIAGED_EXPLICIT_QUARANTINE,1,0,0
IMPLICIT-5E73B99AABC09852,UNRESOLVED_IDENTITY,M0,E0,QUARANTINE_UNTIL_DEFINED,TASK99_MACHINE_TRIAGED_EXPLICIT_QUARANTINE,1,0,0
IMPLICIT-5E8BC79519B54591,ALGORITHM_OR_WORKFLOW,M1,E0,KEEP_AS_ALGORITHM,TASK99_REPOSITORY_EVIDENCE_ADJUDICATED,1,0,0
IMPLICIT-5E9998E91AA51975,UNRESOLVED_IDENTITY,M0,E0,QUARANTINE_UNTIL_DEFINED,TASK99_MACHINE_TRIAGED_EXPLICIT_QUARANTINE,1,0,0
IMPLICIT-5E9A9610362C895B,UNRESOLVED_IDENTITY,M0,E0,QUARANTINE_UNTIL_DEFINED,TASK99_MACHINE_TRIAGED_EXPLICIT_QUARANTINE,1,0,0
IMPLICIT-5E9D0DE2EBF9CE4D,UNRESOLVED_IDENTITY,M0,E0,QUARANTINE_UNTIL_DEFINED,TASK99_MACHINE_TRIAGED_EXPLICIT_QUARANTINE,1,0,0
IMPLICIT-5EA15F5D6AAB4CC9,UNRESOLVED_IDENTITY,M0,E0,QUARANTINE_UNTIL_DEFINED,TASK99_MACHINE_TRIAGED_EXPLICIT_QUARANTINE,1,0,0
IMPLICIT-5EA22B48825076A1,UNRESOLVED_IDENTITY,M0,E0,QUARANTINE_UNTIL_DEFINED,TASK99_MACHINE_TRIAGED_EXPLICIT_QUARANTINE,1,0,0
IMPLICIT-5EAEA1420A0DA082,UNRESOLVED_IDENTITY,M0,E0,QUARANTINE_UNTIL_DEFINED,TASK99_MACHINE_TRIAGED_EXPLICIT_QUARANTINE,1,0,0
IMPLICIT-5EB1122C62C0D1C1,ALGORITHM_OR_WORKFLOW,M2,E0,KEEP_AS_ALGORITHM,TASK99_REPOSITORY_EVIDENCE_ADJUDICATED,1,0,0
IMPLICIT-5EC4E9852CCDCA8E,ALGORITHM_OR_WORKFLOW,M1,E0,KEEP_AS_ALGORITHM,TASK99_REPOSITORY_EVIDENCE_ADJUDICATED,1,0,0
IMPLICIT-5ED81E3041D420A0,UNRESOLVED_IDENTITY,M0,E0,QUARANTINE_UNTIL_DEFINED,TASK99_MACHINE_TRIAGED_EXPLICIT_QUARANTINE,1,0,0
IMPLICIT-5EF748EA137E275E,UNRESOLVED_IDENTITY,M0,E0,QUARANTINE_UNTIL_DEFINED,TASK99_MACHINE_TRIAGED_EXPLICIT_QUARANTINE,1,0,0
IMPLICIT-5EFA4AAD499A4AB6,UNRESOLVED_IDENTITY,M0,E0,QUARANTINE_UNTIL_DEFINED,TASK99_MACHINE_TRIAGED_EXPLICIT_QUARANTINE,1,0,0
IMPLICIT-5EFFA036988D8E9C,ALGORITHM_OR_WORKFLOW,M2,E0,KEEP_AS_ALGORITHM,TASK99_REPOSITORY_EVIDENCE_ADJUDICATED,1,0,0
IMPLICIT-5F006A47FDC7D0C8,UNRESOLVED_IDENTITY,M0,E0,QUARANTINE_UNTIL_DEFINED,TASK99_MACHINE_TRIAGED_EXPLICIT_QUARANTINE,1,0,0
IMPLICIT-5F2BFCC6A0B03046,UNRESOLVED_IDENTITY,M0,E0,QUARANTINE_UNTIL_DEFINED,TASK99_MACHINE_TRIAGED_EXPLICIT_QUARANTINE,1,0,0
IMPLICIT-5F32FE1CC0350492,ALGORITHM_OR_WORKFLOW,M1,E0,KEEP_AS_ALGORITHM,TASK99_REPOSITORY_EVIDENCE_ADJUDICATED,1,0,0
IMPLICIT-5F50FF1B20F94115,UNRESOLVED_IDENTITY,M0,E0,QUARANTINE_UNTIL_DEFINED,TASK99_MACHINE_TRIAGED_EXPLICIT_QUARANTINE,1,0,0
IMPLICIT-5F6B03A37EB47946,UNRESOLVED_IDENTITY,M0,E0,QUARANTINE_UNTIL_DEFINED,TASK99_MACHINE_TRIAGED_EXPLICIT_QUARANTINE,1,0,0
IMPLICIT-5F81A886F31D44D4,UNRESOLVED_IDENTITY,M0,E0,QUARANTINE_UNTIL_DEFINED,TASK99_MACHINE_TRIAGED_EXPLICIT_QUARANTINE,1,0,0
IMPLICIT-5F8A11AF3EAFBE61,UNRESOLVED_IDENTITY,M0,E0,QUARANTINE_UNTIL_DEFINED,TASK99_MACHINE_TRIAGED_EXPLICIT_QUARANTINE,1,0,0
IMPLICIT-5F98A86BFF425EF9,UNRESOLVED_IDENTITY,M0,E0,QUARANTINE_UNTIL_DEFINED,TASK99_MACHINE_TRIAGED_EXPLICIT_QUARANTINE,1,0,0
IMPLICIT-5FA5FC22EE630E05,UNRESOLVED_IDENTITY,M0,E0,QUARANTINE_UNTIL_DEFINED,TASK99_MACHINE_TRIAGED_EXPLICIT_QUARANTINE,1,0,0
IMPLICIT-5FEE289B7A3C0AFE,UNRESOLVED_IDENTITY,M0,E0,QUARANTINE_UNTIL_DEFINED,TASK99_MACHINE_TRIAGED_EXPLICIT_QUARANTINE,1,0,0
IMPLICIT-600394BA212CA2EE,UNRESOLVED_IDENTITY,M0,E0,QUARANTINE_UNTIL_DEFINED,TASK99_MACHINE_TRIAGED_EXPLICIT_QUARANTINE,1,0,0
IMPLICIT-6013765694603C3F,UNRESOLVED_IDENTITY,M0,E0,QUARANTINE_UNTIL_DEFINED,TASK99_MACHINE_TRIAGED_EXPLICIT_QUARANTINE,1,0,0
IMPLICIT-603BE263C00AA1D1,UNRESOLVED_IDENTITY,M0,E0,QUARANTINE_UNTIL_DEFINED,TASK99_MACHINE_TRIAGED_EXPLICIT_QUARANTINE,1,0,0
IMPLICIT-605DB3A5315870E9,UNRESOLVED_IDENTITY,M0,E0,QUARANTINE_UNTIL_DEFINED,TASK99_MACHINE_TRIAGED_EXPLICIT_QUARANTINE,1,0,0
IMPLICIT-606A51E33FF72B4A,UNRESOLVED_IDENTITY,M0,E0,QUARANTINE_UNTIL_DEFINED,TASK99_MACHINE_TRIAGED_EXPLICIT_QUARANTINE,1,0,0
IMPLICIT-60846E41F659CBC3,UNRESOLVED_IDENTITY,M0,E0,QUARANTINE_UNTIL_DEFINED,TASK99_MACHINE_TRIAGED_EXPLICIT_QUARANTINE,1,0,0
IMPLICIT-60A449EF84B386F0,UNRESOLVED_IDENTITY,M0,E0,QUARANTINE_UNTIL_DEFINED,TASK99_MACHINE_TRIAGED_EXPLICIT_QUARANTINE,1,0,0
IMPLICIT-60AFF6268B775620,ALGORITHM_OR_WORKFLOW,M2,E0,KEEP_AS_ALGORITHM,TASK99_REPOSITORY_EVIDENCE_ADJUDICATED,1,0,0
IMPLICIT-60B0825200D0D8A8,ALGORITHM_OR_WORKFLOW,M1,E0,KEEP_AS_ALGORITHM,TASK99_REPOSITORY_EVIDENCE_ADJUDICATED,1,0,0
IMPLICIT-60BB93A67075081C,UNRESOLVED_IDENTITY,M0,E0,QUARANTINE_UNTIL_DEFINED,TASK99_MACHINE_TRIAGED_EXPLICIT_QUARANTINE,1,0,0
IMPLICIT-60C749DFB0949D09,UNRESOLVED_IDENTITY,M0,E0,QUARANTINE_UNTIL_DEFINED,TASK99_MACHINE_TRIAGED_EXPLICIT_QUARANTINE,1,0,0
IMPLICIT-60C9E5E7C42A2E60,UNRESOLVED_IDENTITY,M0,E0,QUARANTINE_UNTIL_DEFINED,TASK99_MACHINE_TRIAGED_EXPLICIT_QUARANTINE,1,0,0
IMPLICIT-60CAA4F1246EF07E,UNRESOLVED_IDENTITY,M0,E0,QUARANTINE_UNTIL_DEFINED,TASK99_MACHINE_TRIAGED_EXPLICIT_QUARANTINE,1,0,0
IMPLICIT-60D538CB6C68E0C5,UNRESOLVED_IDENTITY,M0,E0,QUARANTINE_UNTIL_DEFINED,TASK99_MACHINE_TRIAGED_EXPLICIT_QUARANTINE,1,0,0
IMPLICIT-60FCC61B71C92332,ALGORITHM_OR_WORKFLOW,M1,E0,KEEP_AS_ALGORITHM,TASK99_REPOSITORY_EVIDENCE_ADJUDICATED,1,0,0
IMPLICIT-610B84EA029BD6F1,UNRESOLVED_IDENTITY,M0,E0,QUARANTINE_UNTIL_DEFINED,TASK99_MACHINE_TRIAGED_EXPLICIT_QUARANTINE,1,0,0
IMPLICIT-6125AB0C69AABA91,UNRESOLVED_IDENTITY,M0,E0,QUARANTINE_UNTIL_DEFINED,TASK99_MACHINE_TRIAGED_EXPLICIT_QUARANTINE,1,0,0
IMPLICIT-614859887B540BF1,UNRESOLVED_IDENTITY,M0,E0,QUARANTINE_UNTIL_DEFINED,TASK99_MACHINE_TRIAGED_EXPLICIT_QUARANTINE,1,0,0
IMPLICIT-61517E1AEFB05F7B,UNRESOLVED_IDENTITY,M0,E0,QUARANTINE_UNTIL_DEFINED,TASK99_MACHINE_TRIAGED_EXPLICIT_QUARANTINE,1,0,0
IMPLICIT-61688DC46EDB42B3,UNRESOLVED_IDENTITY,M0,E0,QUARANTINE_UNTIL_DEFINED,TASK99_MACHINE_TRIAGED_EXPLICIT_QUARANTINE,1,0,0
IMPLICIT-6169393ECEAA3942,UNRESOLVED_IDENTITY,M0,E0,QUARANTINE_UNTIL_DEFINED,TASK99_MACHINE_TRIAGED_EXPLICIT_QUARANTINE,1,0,0
IMPLICIT-617C0230C9DF04E3,ALGORITHM_OR_WORKFLOW,M1,E0,KEEP_AS_ALGORITHM,TASK99_REPOSITORY_EVIDENCE_ADJUDICATED,1,0,0
IMPLICIT-6181F31B549C1784,ALGORITHM_OR_WORKFLOW,M1,E0,KEEP_AS_ALGORITHM,TASK99_REPOSITORY_EVIDENCE_ADJUDICATED,1,0,0
IMPLICIT-6186F08356823681,UNRESOLVED_IDENTITY,M0,E0,QUARANTINE_UNTIL_DEFINED,TASK99_MACHINE_TRIAGED_EXPLICIT_QUARANTINE,1,0,0
IMPLICIT-61969151805CD7F6,ALGORITHM_OR_WORKFLOW,M2,E0,KEEP_AS_ALGORITHM,TASK99_REPOSITORY_EVIDENCE_ADJUDICATED,1,0,0
IMPLICIT-61A0CBDB65DB6C3E,UNRESOLVED_IDENTITY,M0,E0,QUARANTINE_UNTIL_DEFINED,TASK99_MACHINE_TRIAGED_EXPLICIT_QUARANTINE,1,0,0
IMPLICIT-61AA02088155F219,UNRESOLVED_IDENTITY,M0,E0,QUARANTINE_UNTIL_DEFINED,TASK99_MACHINE_TRIAGED_EXPLICIT_QUARANTINE,1,0,0
IMPLICIT-61ACE54E4AD645C3,UNRESOLVED_IDENTITY,M0,E0,QUARANTINE_UNTIL_DEFINED,TASK99_MACHINE_TRIAGED_EXPLICIT_QUARANTINE,1,0,0
IMPLICIT-61B12893B60DC937,UNRESOLVED_IDENTITY,M0,E0,QUARANTINE_UNTIL_DEFINED,TASK99_MACHINE_TRIAGED_EXPLICIT_QUARANTINE,1,0,0
IMPLICIT-61CDDBF7A99C04CB,ALGORITHM_OR_WORKFLOW,M1,E0,KEEP_AS_ALGORITHM,TASK99_REPOSITORY_EVIDENCE_ADJUDICATED,1,0,0
IMPLICIT-61EC53984EAC2720,UNRESOLVED_IDENTITY,M0,E0,QUARANTINE_UNTIL_DEFINED,TASK99_MACHINE_TRIAGED_EXPLICIT_QUARANTINE,1,0,0
IMPLICIT-62217A0A72711D0D,UNRESOLVED_IDENTITY,M0,E0,QUARANTINE_UNTIL_DEFINED,TASK99_MACHINE_TRIAGED_EXPLICIT_QUARANTINE,1,0,0
IMPLICIT-62448B3035636E77,ALGORITHM_OR_WORKFLOW,M1,E0,KEEP_AS_ALGORITHM,TASK99_REPOSITORY_EVIDENCE_ADJUDICATED,1,0,0
IMPLICIT-625FBEE044775BF5,UNRESOLVED_IDENTITY,M0,E0,QUARANTINE_UNTIL_DEFINED,TASK99_MACHINE_TRIAGED_EXPLICIT_QUARANTINE,1,0,0
IMPLICIT-626057E7DF0FC23C,UNRESOLVED_IDENTITY,M0,E0,QUARANTINE_UNTIL_DEFINED,TASK99_MACHINE_TRIAGED_EXPLICIT_QUARANTINE,1,0,0
IMPLICIT-62731E580C9CEAF0,UNRESOLVED_IDENTITY,M0,E0,QUARANTINE_UNTIL_DEFINED,TASK99_MACHINE_TRIAGED_EXPLICIT_QUARANTINE,1,0,0
IMPLICIT-62732F15882A9357,UNRESOLVED_IDENTITY,M0,E0,QUARANTINE_UNTIL_DEFINED,TASK99_MACHINE_TRIAGED_EXPLICIT_QUARANTINE,1,0,0
IMPLICIT-6277EEFAF96B6E19,ALGORITHM_OR_WORKFLOW,M2,E0,KEEP_AS_ALGORITHM,TASK99_REPOSITORY_EVIDENCE_ADJUDICATED,1,0,0
IMPLICIT-62795F220B0CFDFF,UNRESOLVED_IDENTITY,M0,E0,QUARANTINE_UNTIL_DEFINED,TASK99_MACHINE_TRIAGED_EXPLICIT_QUARANTINE,1,0,0
IMPLICIT-627A41038D6FAE56,UNRESOLVED_IDENTITY,M0,E0,QUARANTINE_UNTIL_DEFINED,TASK99_MACHINE_TRIAGED_EXPLICIT_QUARANTINE,1,0,0
IMPLICIT-627D13448FC82A7B,UNRESOLVED_IDENTITY,M0,E0,QUARANTINE_UNTIL_DEFINED,TASK99_MACHINE_TRIAGED_EXPLICIT_QUARANTINE,1,0,0
IMPLICIT-6286B9F09CD6D00F,UNRESOLVED_IDENTITY,M0,E0,QUARANTINE_UNTIL_DEFINED,TASK99_MACHINE_TRIAGED_EXPLICIT_QUARANTINE,1,0,0
IMPLICIT-629EBBB26938D5C4,UNRESOLVED_IDENTITY,M0,E0,QUARANTINE_UNTIL_DEFINED,TASK99_MACHINE_TRIAGED_EXPLICIT_QUARANTINE,1,0,0
IMPLICIT-62BA45D37EE701D7,UNRESOLVED_IDENTITY,M0,E0,QUARANTINE_UNTIL_DEFINED,TASK99_MACHINE_TRIAGED_EXPLICIT_QUARANTINE,1,0,0
IMPLICIT-62BDDAC0E27F61FD,UNRESOLVED_IDENTITY,M0,E0,QUARANTINE_UNTIL_DEFINED,TASK99_MACHINE_TRIAGED_EXPLICIT_QUARANTINE,1,0,0
IMPLICIT-62C09C5A8D41AB01,UNRESOLVED_IDENTITY,M0,E0,QUARANTINE_UNTIL_DEFINED,TASK99_MACHINE_TRIAGED_EXPLICIT_QUARANTINE,1,0,0
IMPLICIT-62DA8DA7DB155735,ALGORITHM_OR_WORKFLOW,M1,E0,KEEP_AS_ALGORITHM,TASK99_REPOSITORY_EVIDENCE_ADJUDICATED,1,0,0
IMPLICIT-62E73F9E1BE7EB18,ALGORITHM_OR_WORKFLOW,M1,E0,KEEP_AS_ALGORITHM,TASK99_REPOSITORY_EVIDENCE_ADJUDICATED,1,0,0
IMPLICIT-62F3EFA9E723A33A,UNRESOLVED_IDENTITY,M0,E0,QUARANTINE_UNTIL_DEFINED,TASK99_MACHINE_TRIAGED_EXPLICIT_QUARANTINE,1,0,0
IMPLICIT-62F4C0F1786DD9A2,UNRESOLVED_IDENTITY,M0,E0,QUARANTINE_UNTIL_DEFINED,TASK99_MACHINE_TRIAGED_EXPLICIT_QUARANTINE,1,0,0
IMPLICIT-6306C7FA63E98226,ALGORITHM_OR_WORKFLOW,M1,E0,KEEP_AS_ALGORITHM,TASK99_REPOSITORY_EVIDENCE_ADJUDICATED,1,0,0
IMPLICIT-631D74C364C66070,ALGORITHM_OR_WORKFLOW,M1,E0,KEEP_AS_ALGORITHM,TASK99_REPOSITORY_EVIDENCE_ADJUDICATED,1,0,0
IMPLICIT-632A5D0B398B1B77,UNRESOLVED_IDENTITY,M0,E0,QUARANTINE_UNTIL_DEFINED,TASK99_MACHINE_TRIAGED_EXPLICIT_QUARANTINE,1,0,0
IMPLICIT-6357C21F532B576D,UNRESOLVED_IDENTITY,M0,E0,QUARANTINE_UNTIL_DEFINED,TASK99_MACHINE_TRIAGED_EXPLICIT_QUARANTINE,1,0,0
IMPLICIT-6372DBA004119DC0,UNRESOLVED_IDENTITY,M0,E0,QUARANTINE_UNTIL_DEFINED,TASK99_MACHINE_TRIAGED_EXPLICIT_QUARANTINE,1,0,0
IMPLICIT-637D71DA48A3B2F2,ALGORITHM_OR_WORKFLOW,M1,E0,KEEP_AS_ALGORITHM,TASK99_REPOSITORY_EVIDENCE_ADJUDICATED,1,0,0
IMPLICIT-63865700D1371589,UNRESOLVED_IDENTITY,M0,E0,QUARANTINE_UNTIL_DEFINED,TASK99_MACHINE_TRIAGED_EXPLICIT_QUARANTINE,1,0,0
IMPLICIT-63AB821E8E489960,UNRESOLVED_IDENTITY,M0,E0,QUARANTINE_UNTIL_DEFINED,TASK99_MACHINE_TRIAGED_EXPLICIT_QUARANTINE,1,0,0
IMPLICIT-63C1621018A56924,UNRESOLVED_IDENTITY,M0,E0,QUARANTINE_UNTIL_DEFINED,TASK99_MACHINE_TRIAGED_EXPLICIT_QUARANTINE,1,0,0
IMPLICIT-63CB3A4CEBD9A871,ALGORITHM_OR_WORKFLOW,M1,E0,KEEP_AS_ALGORITHM,TASK99_REPOSITORY_EVIDENCE_ADJUDICATED,1,0,0
IMPLICIT-63D758A66FFD78EF,UNRESOLVED_IDENTITY,M0,E0,QUARANTINE_UNTIL_DEFINED,TASK99_MACHINE_TRIAGED_EXPLICIT_QUARANTINE,1,0,0
IMPLICIT-63D7980F3173957B,UNRESOLVED_IDENTITY,M0,E0,QUARANTINE_UNTIL_DEFINED,TASK99_MACHINE_TRIAGED_EXPLICIT_QUARANTINE,1,0,0
IMPLICIT-63FAE8AD62F6660D,UNRESOLVED_IDENTITY,M0,E0,QUARANTINE_UNTIL_DEFINED,TASK99_MACHINE_TRIAGED_EXPLICIT_QUARANTINE,1,0,0
IMPLICIT-63FCCA823A5B9596,UNRESOLVED_IDENTITY,M0,E0,QUARANTINE_UNTIL_DEFINED,TASK99_MACHINE_TRIAGED_EXPLICIT_QUARANTINE,1,0,0
IMPLICIT-6405BE3E40FC9CBE,UNRESOLVED_IDENTITY,M0,E0,QUARANTINE_UNTIL_DEFINED,TASK99_MACHINE_TRIAGED_EXPLICIT_QUARANTINE,1,0,0
IMPLICIT-64106D1B5EE9E570,UNRESOLVED_IDENTITY,M0,E0,QUARANTINE_UNTIL_DEFINED,TASK99_MACHINE_TRIAGED_EXPLICIT_QUARANTINE,1,0,0
IMPLICIT-641338279B4725B5,ALGORITHM_OR_WORKFLOW,M1,E0,KEEP_AS_ALGORITHM,TASK99_REPOSITORY_EVIDENCE_ADJUDICATED,1,0,0
IMPLICIT-642A793BDA9438D8,UNRESOLVED_IDENTITY,M0,E0,QUARANTINE_UNTIL_DEFINED,TASK99_MACHINE_TRIAGED_EXPLICIT_QUARANTINE,1,0,0
IMPLICIT-643EF467ED0A5F9F,ALGORITHM_OR_WORKFLOW,M1,E0,KEEP_AS_ALGORITHM,TASK99_REPOSITORY_EVIDENCE_ADJUDICATED,1,0,0
IMPLICIT-6453BEA3B477660C,UNRESOLVED_IDENTITY,M0,E0,QUARANTINE_UNTIL_DEFINED,TASK99_MACHINE_TRIAGED_EXPLICIT_QUARANTINE,1,0,0
IMPLICIT-645FBBD53386E265,ALGORITHM_OR_WORKFLOW,M1,E0,KEEP_AS_ALGORITHM,TASK99_REPOSITORY_EVIDENCE_ADJUDICATED,1,0,0
IMPLICIT-64640E93BB82EFFD,UNRESOLVED_IDENTITY,M0,E0,QUARANTINE_UNTIL_DEFINED,TASK99_MACHINE_TRIAGED_EXPLICIT_QUARANTINE,1,0,0
IMPLICIT-6474BA6F19EB297C,UNRESOLVED_IDENTITY,M0,E0,QUARANTINE_UNTIL_DEFINED,TASK99_MACHINE_TRIAGED_EXPLICIT_QUARANTINE,1,0,0
IMPLICIT-6484127A3308B736,UNRESOLVED_IDENTITY,M0,E0,QUARANTINE_UNTIL_DEFINED,TASK99_MACHINE_TRIAGED_EXPLICIT_QUARANTINE,1,0,0
IMPLICIT-649265048FD43E77,UNRESOLVED_IDENTITY,M0,E0,QUARANTINE_UNTIL_DEFINED,TASK99_MACHINE_TRIAGED_EXPLICIT_QUARANTINE,1,0,0
IMPLICIT-649DD10A3361C593,UNRESOLVED_IDENTITY,M0,E0,QUARANTINE_UNTIL_DEFINED,TASK99_MACHINE_TRIAGED_EXPLICIT_QUARANTINE,1,0,0
IMPLICIT-64A29B8C230B1F8D,UNRESOLVED_IDENTITY,M0,E0,QUARANTINE_UNTIL_DEFINED,TASK99_MACHINE_TRIAGED_EXPLICIT_QUARANTINE,1,0,0
IMPLICIT-64A8FCF03159C275,UNRESOLVED_IDENTITY,M0,E0,QUARANTINE_UNTIL_DEFINED,TASK99_MACHINE_TRIAGED_EXPLICIT_QUARANTINE,1,0,0
IMPLICIT-64C9ACF414FD3E7B,UNRESOLVED_IDENTITY,M0,E0,QUARANTINE_UNTIL_DEFINED,TASK99_MACHINE_TRIAGED_EXPLICIT_QUARANTINE,1,0,0
IMPLICIT-64D8AD4A74EAADE1,UNRESOLVED_IDENTITY,M0,E0,QUARANTINE_UNTIL_DEFINED,TASK99_MACHINE_TRIAGED_EXPLICIT_QUARANTINE,1,0,0
IMPLICIT-64E19C73A6129C00,UNRESOLVED_IDENTITY,M0,E0,QUARANTINE_UNTIL_DEFINED,TASK99_MACHINE_TRIAGED_EXPLICIT_QUARANTINE,1,0,0
IMPLICIT-64E785B7E2595574,UNRESOLVED_IDENTITY,M0,E0,QUARANTINE_UNTIL_DEFINED,TASK99_MACHINE_TRIAGED_EXPLICIT_QUARANTINE,1,0,0
IMPLICIT-64F26D3379EFC8AB,UNRESOLVED_IDENTITY,M0,E0,QUARANTINE_UNTIL_DEFINED,TASK99_MACHINE_TRIAGED_EXPLICIT_QUARANTINE,1,0,0
IMPLICIT-64FC919ABA1B888E,UNRESOLVED_IDENTITY,M0,E0,QUARANTINE_UNTIL_DEFINED,TASK99_MACHINE_TRIAGED_EXPLICIT_QUARANTINE,1,0,0
IMPLICIT-6500A6FC08EF7D01,UNRESOLVED_IDENTITY,M0,E0,QUARANTINE_UNTIL_DEFINED,TASK99_MACHINE_TRIAGED_EXPLICIT_QUARANTINE,1,0,0
IMPLICIT-650CBE84A47F04AF,UNRESOLVED_IDENTITY,M0,E0,QUARANTINE_UNTIL_DEFINED,TASK99_MACHINE_TRIAGED_EXPLICIT_QUARANTINE,1,0,0
IMPLICIT-651069CCAE3D8159,UNRESOLVED_IDENTITY,M0,E0,QUARANTINE_UNTIL_DEFINED,TASK99_MACHINE_TRIAGED_EXPLICIT_QUARANTINE,1,0,0
IMPLICIT-651CC1B9F1BF2F0A,UNRESOLVED_IDENTITY,M0,E0,QUARANTINE_UNTIL_DEFINED,TASK99_MACHINE_TRIAGED_EXPLICIT_QUARANTINE,1,0,0
IMPLICIT-6521F15423E5E52A,ALGORITHM_OR_WORKFLOW,M1,E0,KEEP_AS_ALGORITHM,TASK99_REPOSITORY_EVIDENCE_ADJUDICATED,1,0,0
IMPLICIT-6553E2371438BC68,UNRESOLVED_IDENTITY,M0,E0,QUARANTINE_UNTIL_DEFINED,TASK99_MACHINE_TRIAGED_EXPLICIT_QUARANTINE,1,0,0
IMPLICIT-655FDA62AF52721E,UNRESOLVED_IDENTITY,M0,E0,QUARANTINE_UNTIL_DEFINED,TASK99_MACHINE_TRIAGED_EXPLICIT_QUARANTINE,1,0,0
IMPLICIT-65603E822888F1AC,UNRESOLVED_IDENTITY,M0,E0,QUARANTINE_UNTIL_DEFINED,TASK99_MACHINE_TRIAGED_EXPLICIT_QUARANTINE,1,0,0
IMPLICIT-65693939B1798C0C,UNRESOLVED_IDENTITY,M0,E0,QUARANTINE_UNTIL_DEFINED,TASK99_MACHINE_TRIAGED_EXPLICIT_QUARANTINE,1,0,0
IMPLICIT-656F00FF6C220D01,ALGORITHM_OR_WORKFLOW,M1,E0,KEEP_AS_ALGORITHM,TASK99_REPOSITORY_EVIDENCE_ADJUDICATED,1,0,0
IMPLICIT-6570A8123DCFEF61,UNRESOLVED_IDENTITY,M0,E0,QUARANTINE_UNTIL_DEFINED,TASK99_MACHINE_TRIAGED_EXPLICIT_QUARANTINE,1,0,0
IMPLICIT-659CEC9A7E40F95C,ALGORITHM_OR_WORKFLOW,M1,E0,KEEP_AS_ALGORITHM,TASK99_REPOSITORY_EVIDENCE_ADJUDICATED,1,0,0
IMPLICIT-65A124B7B3136661,UNRESOLVED_IDENTITY,M0,E0,QUARANTINE_UNTIL_DEFINED,TASK99_MACHINE_TRIAGED_EXPLICIT_QUARANTINE,1,0,0
IMPLICIT-65AE98A05F4A6413,UNRESOLVED_IDENTITY,M0,E0,QUARANTINE_UNTIL_DEFINED,TASK99_MACHINE_TRIAGED_EXPLICIT_QUARANTINE,1,0,0
IMPLICIT-65AEE6C7F3EEDAC7,ALGORITHM_OR_WORKFLOW,M2,E0,KEEP_AS_ALGORITHM,TASK99_REPOSITORY_EVIDENCE_ADJUDICATED,1,0,0
IMPLICIT-65B93CCE80652BA5,UNRESOLVED_IDENTITY,M0,E0,QUARANTINE_UNTIL_DEFINED,TASK99_MACHINE_TRIAGED_EXPLICIT_QUARANTINE,1,0,0
IMPLICIT-65C5C26768AA40F7,UNRESOLVED_IDENTITY,M0,E0,QUARANTINE_UNTIL_DEFINED,TASK99_MACHINE_TRIAGED_EXPLICIT_QUARANTINE,1,0,0
IMPLICIT-65C5FCC746D81994,UNRESOLVED_IDENTITY,M0,E0,QUARANTINE_UNTIL_DEFINED,TASK99_MACHINE_TRIAGED_EXPLICIT_QUARANTINE,1,0,0
IMPLICIT-65D71F5B6764B564,UNRESOLVED_IDENTITY,M0,E0,QUARANTINE_UNTIL_DEFINED,TASK99_MACHINE_TRIAGED_EXPLICIT_QUARANTINE,1,0,0
IMPLICIT-6613319BA8216DC1,UNRESOLVED_IDENTITY,M0,E0,QUARANTINE_UNTIL_DEFINED,TASK99_MACHINE_TRIAGED_EXPLICIT_QUARANTINE,1,0,0
IMPLICIT-66163BE5B374DE9B,UNRESOLVED_IDENTITY,M0,E0,QUARANTINE_UNTIL_DEFINED,TASK99_MACHINE_TRIAGED_EXPLICIT_QUARANTINE,1,0,0
IMPLICIT-66296A7E31796E5A,ALGORITHM_OR_WORKFLOW,M2,E0,KEEP_AS_ALGORITHM,TASK99_REPOSITORY_EVIDENCE_ADJUDICATED,1,0,0
IMPLICIT-6638D4FADBE2EFDC,UNRESOLVED_IDENTITY,M0,E0,QUARANTINE_UNTIL_DEFINED,TASK99_MACHINE_TRIAGED_EXPLICIT_QUARANTINE,1,0,0
IMPLICIT-663C627DE0D9779C,UNRESOLVED_IDENTITY,M0,E0,QUARANTINE_UNTIL_DEFINED,TASK99_MACHINE_TRIAGED_EXPLICIT_QUARANTINE,1,0,0
IMPLICIT-6644BF4F658E4210,ALGORITHM_OR_WORKFLOW,M2,E0,KEEP_AS_ALGORITHM,TASK99_REPOSITORY_EVIDENCE_ADJUDICATED,1,0,0
IMPLICIT-664A619B15BEB2B3,UNRESOLVED_IDENTITY,M0,E0,QUARANTINE_UNTIL_DEFINED,TASK99_MACHINE_TRIAGED_EXPLICIT_QUARANTINE,1,0,0
IMPLICIT-664B528C543267EB,ALGORITHM_OR_WORKFLOW,M1,E0,KEEP_AS_ALGORITHM,TASK99_REPOSITORY_EVIDENCE_ADJUDICATED,1,0,0
IMPLICIT-664F12BAE975357E,UNRESOLVED_IDENTITY,M0,E0,QUARANTINE_UNTIL_DEFINED,TASK99_MACHINE_TRIAGED_EXPLICIT_QUARANTINE,1,0,0
IMPLICIT-66542C1699243FD0,UNRESOLVED_IDENTITY,M0,E0,QUARANTINE_UNTIL_DEFINED,TASK99_MACHINE_TRIAGED_EXPLICIT_QUARANTINE,1,0,0
IMPLICIT-665452FB4390CE92,UNRESOLVED_IDENTITY,M0,E0,QUARANTINE_UNTIL_DEFINED,TASK99_MACHINE_TRIAGED_EXPLICIT_QUARANTINE,1,0,0
IMPLICIT-667134AC3C5255BF,UNRESOLVED_IDENTITY,M0,E0,QUARANTINE_UNTIL_DEFINED,TASK99_MACHINE_TRIAGED_EXPLICIT_QUARANTINE,1,0,0
IMPLICIT-668CA6322619E346,UNRESOLVED_IDENTITY,M0,E0,QUARANTINE_UNTIL_DEFINED,TASK99_MACHINE_TRIAGED_EXPLICIT_QUARANTINE,1,0,0
IMPLICIT-669CF22D978073C1,ALGORITHM_OR_WORKFLOW,M1,E0,KEEP_AS_ALGORITHM,TASK99_REPOSITORY_EVIDENCE_ADJUDICATED,1,0,0
IMPLICIT-669E2321850E097A,ALGORITHM_OR_WORKFLOW,M1,E0,KEEP_AS_ALGORITHM,TASK99_REPOSITORY_EVIDENCE_ADJUDICATED,1,0,0
IMPLICIT-66B52BC50C96B4E8,UNRESOLVED_IDENTITY,M0,E0,QUARANTINE_UNTIL_DEFINED,TASK99_MACHINE_TRIAGED_EXPLICIT_QUARANTINE,1,0,0
IMPLICIT-66D2D07EC8B8BE48,ALGORITHM_OR_WORKFLOW,M1,E0,KEEP_AS_ALGORITHM,TASK99_REPOSITORY_EVIDENCE_ADJUDICATED,1,0,0
IMPLICIT-66D2F7491FAE009F,UNRESOLVED_IDENTITY,M0,E0,QUARANTINE_UNTIL_DEFINED,TASK99_MACHINE_TRIAGED_EXPLICIT_QUARANTINE,1,0,0
IMPLICIT-66E0B81B50CC51D7,UNRESOLVED_IDENTITY,M0,E0,QUARANTINE_UNTIL_DEFINED,TASK99_MACHINE_TRIAGED_EXPLICIT_QUARANTINE,1,0,0
IMPLICIT-66F7A3B6415ABF59,UNRESOLVED_IDENTITY,M0,E0,QUARANTINE_UNTIL_DEFINED,TASK99_MACHINE_TRIAGED_EXPLICIT_QUARANTINE,1,0,0
IMPLICIT-671AF3FC55BA8D89,UNRESOLVED_IDENTITY,M0,E0,QUARANTINE_UNTIL_DEFINED,TASK99_MACHINE_TRIAGED_EXPLICIT_QUARANTINE,1,0,0
IMPLICIT-672A40DF3E331F58,UNRESOLVED_IDENTITY,M0,E0,QUARANTINE_UNTIL_DEFINED,TASK99_MACHINE_TRIAGED_EXPLICIT_QUARANTINE,1,0,0
IMPLICIT-6743207AB2E66B46,UNRESOLVED_IDENTITY,M0,E0,QUARANTINE_UNTIL_DEFINED,TASK99_MACHINE_TRIAGED_EXPLICIT_QUARANTINE,1,0,0
IMPLICIT-674AD3ADF02B7EB3,UNRESOLVED_IDENTITY,M0,E0,QUARANTINE_UNTIL_DEFINED,TASK99_MACHINE_TRIAGED_EXPLICIT_QUARANTINE,1,0,0
IMPLICIT-674B00A969A91F80,UNRESOLVED_IDENTITY,M0,E0,QUARANTINE_UNTIL_DEFINED,TASK99_MACHINE_TRIAGED_EXPLICIT_QUARANTINE,1,0,0
IMPLICIT-6751BE3BD460E460,UNRESOLVED_IDENTITY,M0,E0,QUARANTINE_UNTIL_DEFINED,TASK99_MACHINE_TRIAGED_EXPLICIT_QUARANTINE,1,0,0
IMPLICIT-6768A17E7FDFDFD0,UNRESOLVED_IDENTITY,M0,E0,QUARANTINE_UNTIL_DEFINED,TASK99_MACHINE_TRIAGED_EXPLICIT_QUARANTINE,1,0,0
IMPLICIT-679BE77756B442C9,UNRESOLVED_IDENTITY,M0,E0,QUARANTINE_UNTIL_DEFINED,TASK99_MACHINE_TRIAGED_EXPLICIT_QUARANTINE,1,0,0
IMPLICIT-679C92156B721BBB,UNRESOLVED_IDENTITY,M0,E0,QUARANTINE_UNTIL_DEFINED,TASK99_MACHINE_TRIAGED_EXPLICIT_QUARANTINE,1,0,0
IMPLICIT-67A285E29F566920,ALGORITHM_OR_WORKFLOW,M2,E0,KEEP_AS_ALGORITHM,TASK99_REPOSITORY_EVIDENCE_ADJUDICATED,1,0,0
IMPLICIT-67B1EE9E5AF63138,ALGORITHM_OR_WORKFLOW,M1,E0,KEEP_AS_ALGORITHM,TASK99_REPOSITORY_EVIDENCE_ADJUDICATED,1,0,0
IMPLICIT-67B7A14352717038,UNRESOLVED_IDENTITY,M0,E0,QUARANTINE_UNTIL_DEFINED,TASK99_MACHINE_TRIAGED_EXPLICIT_QUARANTINE,1,0,0
IMPLICIT-67BD9ED03DB83238,UNRESOLVED_IDENTITY,M0,E0,QUARANTINE_UNTIL_DEFINED,TASK99_MACHINE_TRIAGED_EXPLICIT_QUARANTINE,1,0,0
IMPLICIT-67D28A9C1C787419,UNRESOLVED_IDENTITY,M0,E0,QUARANTINE_UNTIL_DEFINED,TASK99_MACHINE_TRIAGED_EXPLICIT_QUARANTINE,1,0,0
IMPLICIT-67FE88F0F8D15D1E,ALGORITHM_OR_WORKFLOW,M1,E0,KEEP_AS_ALGORITHM,TASK99_REPOSITORY_EVIDENCE_ADJUDICATED,1,0,0
IMPLICIT-6805B0932F836267,UNRESOLVED_IDENTITY,M0,E0,QUARANTINE_UNTIL_DEFINED,TASK99_MACHINE_TRIAGED_EXPLICIT_QUARANTINE,1,0,0
IMPLICIT-681CF9CD4643533F,UNRESOLVED_IDENTITY,M0,E0,QUARANTINE_UNTIL_DEFINED,TASK99_MACHINE_TRIAGED_EXPLICIT_QUARANTINE,1,0,0
IMPLICIT-6823090CA011969C,UNRESOLVED_IDENTITY,M0,E0,QUARANTINE_UNTIL_DEFINED,TASK99_MACHINE_TRIAGED_EXPLICIT_QUARANTINE,1,0,0
IMPLICIT-6837815248B1D871,UNRESOLVED_IDENTITY,M0,E0,QUARANTINE_UNTIL_DEFINED,TASK99_MACHINE_TRIAGED_EXPLICIT_QUARANTINE,1,0,0
IMPLICIT-6845FE6A359FB79D,UNRESOLVED_IDENTITY,M0,E0,QUARANTINE_UNTIL_DEFINED,TASK99_MACHINE_TRIAGED_EXPLICIT_QUARANTINE,1,0,0
IMPLICIT-6850F7785AFEC530,UNRESOLVED_IDENTITY,M0,E0,QUARANTINE_UNTIL_DEFINED,TASK99_MACHINE_TRIAGED_EXPLICIT_QUARANTINE,1,0,0
IMPLICIT-6863127D708BF3CC,UNRESOLVED_IDENTITY,M0,E0,QUARANTINE_UNTIL_DEFINED,TASK99_MACHINE_TRIAGED_EXPLICIT_QUARANTINE,1,0,0
IMPLICIT-6864E3F884E0B365,ALGORITHM_OR_WORKFLOW,M1,E0,KEEP_AS_ALGORITHM,TASK99_REPOSITORY_EVIDENCE_ADJUDICATED,1,0,0
IMPLICIT-6881C02279C82A38,UNRESOLVED_IDENTITY,M0,E0,QUARANTINE_UNTIL_DEFINED,TASK99_MACHINE_TRIAGED_EXPLICIT_QUARANTINE,1,0,0
IMPLICIT-68892BB40F496C42,UNRESOLVED_IDENTITY,M0,E0,QUARANTINE_UNTIL_DEFINED,TASK99_MACHINE_TRIAGED_EXPLICIT_QUARANTINE,1,0,0
IMPLICIT-6899092547602833,UNRESOLVED_IDENTITY,M0,E0,QUARANTINE_UNTIL_DEFINED,TASK99_MACHINE_TRIAGED_EXPLICIT_QUARANTINE,1,0,0
IMPLICIT-68B2148E6EA7E743,UNRESOLVED_IDENTITY,M0,E0,QUARANTINE_UNTIL_DEFINED,TASK99_MACHINE_TRIAGED_EXPLICIT_QUARANTINE,1,0,0
IMPLICIT-68C7600733DA6D15,UNRESOLVED_IDENTITY,M0,E0,QUARANTINE_UNTIL_DEFINED,TASK99_MACHINE_TRIAGED_EXPLICIT_QUARANTINE,1,0,0
IMPLICIT-68F3324C88312BD3,UNRESOLVED_IDENTITY,M0,E0,QUARANTINE_UNTIL_DEFINED,TASK99_MACHINE_TRIAGED_EXPLICIT_QUARANTINE,1,0,0
IMPLICIT-68F73820BCB47E67,ALGORITHM_OR_WORKFLOW,M1,E0,KEEP_AS_ALGORITHM,TASK99_REPOSITORY_EVIDENCE_ADJUDICATED,1,0,0
IMPLICIT-69128FAD5D2EAB90,ALGORITHM_OR_WORKFLOW,M1,E0,KEEP_AS_ALGORITHM,TASK99_REPOSITORY_EVIDENCE_ADJUDICATED,1,0,0
IMPLICIT-69500BE4D2CE8875,UNRESOLVED_IDENTITY,M0,E0,QUARANTINE_UNTIL_DEFINED,TASK99_MACHINE_TRIAGED_EXPLICIT_QUARANTINE,1,0,0
IMPLICIT-6971D85C2FA86373,UNRESOLVED_IDENTITY,M0,E0,QUARANTINE_UNTIL_DEFINED,TASK99_MACHINE_TRIAGED_EXPLICIT_QUARANTINE,1,0,0
IMPLICIT-697F6559C2F1DB14,UNRESOLVED_IDENTITY,M0,E0,QUARANTINE_UNTIL_DEFINED,TASK99_MACHINE_TRIAGED_EXPLICIT_QUARANTINE,1,0,0
IMPLICIT-6984C6701BE0FB4F,UNRESOLVED_IDENTITY,M0,E0,QUARANTINE_UNTIL_DEFINED,TASK99_MACHINE_TRIAGED_EXPLICIT_QUARANTINE,1,0,0
IMPLICIT-698F468DA2FC92C7,UNRESOLVED_IDENTITY,M0,E0,QUARANTINE_UNTIL_DEFINED,TASK99_MACHINE_TRIAGED_EXPLICIT_QUARANTINE,1,0,0
IMPLICIT-699CF08E9C73F070,UNRESOLVED_IDENTITY,M0,E0,QUARANTINE_UNTIL_DEFINED,TASK99_MACHINE_TRIAGED_EXPLICIT_QUARANTINE,1,0,0
IMPLICIT-69B6B2990C046678,ALGORITHM_OR_WORKFLOW,M1,E0,KEEP_AS_ALGORITHM,TASK99_REPOSITORY_EVIDENCE_ADJUDICATED,1,0,0
IMPLICIT-69D73B50BAB8CA46,UNRESOLVED_IDENTITY,M0,E0,QUARANTINE_UNTIL_DEFINED,TASK99_MACHINE_TRIAGED_EXPLICIT_QUARANTINE,1,0,0
IMPLICIT-69E39673227A7B1C,ALGORITHM_OR_WORKFLOW,M2,E0,KEEP_AS_ALGORITHM,TASK99_REPOSITORY_EVIDENCE_ADJUDICATED,1,0,0
IMPLICIT-69FEF86E0A1D6548,UNRESOLVED_IDENTITY,M0,E0,QUARANTINE_UNTIL_DEFINED,TASK99_MACHINE_TRIAGED_EXPLICIT_QUARANTINE,1,0,0
IMPLICIT-6A165142BC162F0D,ALGORITHM_OR_WORKFLOW,M1,E0,KEEP_AS_ALGORITHM,TASK99_REPOSITORY_EVIDENCE_ADJUDICATED,1,0,0
IMPLICIT-6A1D611B40FC65C9,UNRESOLVED_IDENTITY,M0,E0,QUARANTINE_UNTIL_DEFINED,TASK99_MACHINE_TRIAGED_EXPLICIT_QUARANTINE,1,0,0
IMPLICIT-6A1E2635BBB77AFF,UNRESOLVED_IDENTITY,M0,E0,QUARANTINE_UNTIL_DEFINED,TASK99_MACHINE_TRIAGED_EXPLICIT_QUARANTINE,1,0,0
IMPLICIT-6A2EDE623E5A6EBA,ALGORITHM_OR_WORKFLOW,M2,E0,KEEP_AS_ALGORITHM,TASK99_REPOSITORY_EVIDENCE_ADJUDICATED,1,0,0
IMPLICIT-6A33A16D6C44897B,UNRESOLVED_IDENTITY,M0,E0,QUARANTINE_UNTIL_DEFINED,TASK99_MACHINE_TRIAGED_EXPLICIT_QUARANTINE,1,0,0
IMPLICIT-6A467F7370353209,ALGORITHM_OR_WORKFLOW,M2,E0,KEEP_AS_ALGORITHM,TASK99_REPOSITORY_EVIDENCE_ADJUDICATED,1,0,0
IMPLICIT-6A61A586BBB40C8B,UNRESOLVED_IDENTITY,M0,E0,QUARANTINE_UNTIL_DEFINED,TASK99_MACHINE_TRIAGED_EXPLICIT_QUARANTINE,1,0,0
IMPLICIT-6A75C0C9E95F3DA5,UNRESOLVED_IDENTITY,M0,E0,QUARANTINE_UNTIL_DEFINED,TASK99_MACHINE_TRIAGED_EXPLICIT_QUARANTINE,1,0,0
IMPLICIT-6A76FDF5D32E894E,UNRESOLVED_IDENTITY,M0,E0,QUARANTINE_UNTIL_DEFINED,TASK99_MACHINE_TRIAGED_EXPLICIT_QUARANTINE,1,0,0
IMPLICIT-6A9536AAFA808E47,UNRESOLVED_IDENTITY,M0,E0,QUARANTINE_UNTIL_DEFINED,TASK99_MACHINE_TRIAGED_EXPLICIT_QUARANTINE,1,0,0
IMPLICIT-6ABF5564344382BB,UNRESOLVED_IDENTITY,M0,E0,QUARANTINE_UNTIL_DEFINED,TASK99_MACHINE_TRIAGED_EXPLICIT_QUARANTINE,1,0,0
IMPLICIT-6AC4914A48957347,UNRESOLVED_IDENTITY,M0,E0,QUARANTINE_UNTIL_DEFINED,TASK99_MACHINE_TRIAGED_EXPLICIT_QUARANTINE,1,0,0
IMPLICIT-6AF4B0280D74DD85,ALGORITHM_OR_WORKFLOW,M1,E0,KEEP_AS_ALGORITHM,TASK99_REPOSITORY_EVIDENCE_ADJUDICATED,1,0,0
IMPLICIT-6AFA1C6E3AC1714F,UNRESOLVED_IDENTITY,M0,E0,QUARANTINE_UNTIL_DEFINED,TASK99_MACHINE_TRIAGED_EXPLICIT_QUARANTINE,1,0,0
IMPLICIT-6B010AC4A59601B5,ALGORITHM_OR_WORKFLOW,M1,E0,KEEP_AS_ALGORITHM,TASK99_REPOSITORY_EVIDENCE_ADJUDICATED,1,0,0
IMPLICIT-6B2CFB5C298DC3B7,UNRESOLVED_IDENTITY,M0,E0,QUARANTINE_UNTIL_DEFINED,TASK99_MACHINE_TRIAGED_EXPLICIT_QUARANTINE,1,0,0
IMPLICIT-6B2F0C810D212A13,UNRESOLVED_IDENTITY,M0,E0,QUARANTINE_UNTIL_DEFINED,TASK99_MACHINE_TRIAGED_EXPLICIT_QUARANTINE,1,0,0
IMPLICIT-6B35A907D9991216,UNRESOLVED_IDENTITY,M0,E0,QUARANTINE_UNTIL_DEFINED,TASK99_MACHINE_TRIAGED_EXPLICIT_QUARANTINE,1,0,0
IMPLICIT-6B3AE0813F0507F2,UNRESOLVED_IDENTITY,M0,E0,QUARANTINE_UNTIL_DEFINED,TASK99_MACHINE_TRIAGED_EXPLICIT_QUARANTINE,1,0,0
IMPLICIT-6B3DF817600B2A95,UNRESOLVED_IDENTITY,M0,E0,QUARANTINE_UNTIL_DEFINED,TASK99_MACHINE_TRIAGED_EXPLICIT_QUARANTINE,1,0,0
IMPLICIT-6B49E31FCAF52B74,UNRESOLVED_IDENTITY,M0,E0,QUARANTINE_UNTIL_DEFINED,TASK99_MACHINE_TRIAGED_EXPLICIT_QUARANTINE,1,0,0
IMPLICIT-6B4B73BB348B8189,UNRESOLVED_IDENTITY,M0,E0,QUARANTINE_UNTIL_DEFINED,TASK99_MACHINE_TRIAGED_EXPLICIT_QUARANTINE,1,0,0
IMPLICIT-6B598935C5FEBF7C,UNRESOLVED_IDENTITY,M0,E0,QUARANTINE_UNTIL_DEFINED,TASK99_MACHINE_TRIAGED_EXPLICIT_QUARANTINE,1,0,0
IMPLICIT-6B664B9796D324E0,UNRESOLVED_IDENTITY,M0,E0,QUARANTINE_UNTIL_DEFINED,TASK99_MACHINE_TRIAGED_EXPLICIT_QUARANTINE,1,0,0
IMPLICIT-6B887CBD6FD75DC1,UNRESOLVED_IDENTITY,M0,E0,QUARANTINE_UNTIL_DEFINED,TASK99_MACHINE_TRIAGED_EXPLICIT_QUARANTINE,1,0,0
IMPLICIT-6B8FF89FDDCCB619,UNRESOLVED_IDENTITY,M0,E0,QUARANTINE_UNTIL_DEFINED,TASK99_MACHINE_TRIAGED_EXPLICIT_QUARANTINE,1,0,0
IMPLICIT-6B90B1E3DC9476A7,UNRESOLVED_IDENTITY,M0,E0,QUARANTINE_UNTIL_DEFINED,TASK99_MACHINE_TRIAGED_EXPLICIT_QUARANTINE,1,0,0
IMPLICIT-6BA2C6E2A924C37F,ALGORITHM_OR_WORKFLOW,M1,E0,KEEP_AS_ALGORITHM,TASK99_REPOSITORY_EVIDENCE_ADJUDICATED,1,0,0
IMPLICIT-6BBD767AA579B730,UNRESOLVED_IDENTITY,M0,E0,QUARANTINE_UNTIL_DEFINED,TASK99_MACHINE_TRIAGED_EXPLICIT_QUARANTINE,1,0,0
IMPLICIT-6BCF583C933A0FC7,ALGORITHM_OR_WORKFLOW,M1,E0,KEEP_AS_ALGORITHM,TASK99_REPOSITORY_EVIDENCE_ADJUDICATED,1,0,0
IMPLICIT-6BE9302FB67754A8,UNRESOLVED_IDENTITY,M0,E0,QUARANTINE_UNTIL_DEFINED,TASK99_MACHINE_TRIAGED_EXPLICIT_QUARANTINE,1,0,0
IMPLICIT-6BFF4928CDFF1AAB,UNRESOLVED_IDENTITY,M0,E0,QUARANTINE_UNTIL_DEFINED,TASK99_MACHINE_TRIAGED_EXPLICIT_QUARANTINE,1,0,0
IMPLICIT-6C043E64B6C0C1D1,ALGORITHM_OR_WORKFLOW,M1,E0,KEEP_AS_ALGORITHM,TASK99_REPOSITORY_EVIDENCE_ADJUDICATED,1,0,0
IMPLICIT-6C1DF25EB400D0AB,ALGORITHM_OR_WORKFLOW,M2,E0,KEEP_AS_ALGORITHM,TASK99_REPOSITORY_EVIDENCE_ADJUDICATED,1,0,0
IMPLICIT-6C4BA778F05D0623,UNRESOLVED_IDENTITY,M0,E0,QUARANTINE_UNTIL_DEFINED,TASK99_MACHINE_TRIAGED_EXPLICIT_QUARANTINE,1,0,0
IMPLICIT-6C5FABD2F50C55A5,UNRESOLVED_IDENTITY,M0,E0,QUARANTINE_UNTIL_DEFINED,TASK99_MACHINE_TRIAGED_EXPLICIT_QUARANTINE,1,0,0
IMPLICIT-6C653A41FB50D568,UNRESOLVED_IDENTITY,M0,E0,QUARANTINE_UNTIL_DEFINED,TASK99_MACHINE_TRIAGED_EXPLICIT_QUARANTINE,1,0,0
IMPLICIT-6C67A1C5708EAFDA,UNRESOLVED_IDENTITY,M0,E0,QUARANTINE_UNTIL_DEFINED,TASK99_MACHINE_TRIAGED_EXPLICIT_QUARANTINE,1,0,0
IMPLICIT-6C70B6A856EE5807,UNRESOLVED_IDENTITY,M0,E0,QUARANTINE_UNTIL_DEFINED,TASK99_MACHINE_TRIAGED_EXPLICIT_QUARANTINE,1,0,0
IMPLICIT-6C75B92EDFEA6198,ALGORITHM_OR_WORKFLOW,M1,E0,KEEP_AS_ALGORITHM,TASK99_REPOSITORY_EVIDENCE_ADJUDICATED,1,0,0
IMPLICIT-6C7F0CC879C94C2E,UNRESOLVED_IDENTITY,M0,E0,QUARANTINE_UNTIL_DEFINED,TASK99_MACHINE_TRIAGED_EXPLICIT_QUARANTINE,1,0,0
IMPLICIT-6C873D048D8B56BB,UNRESOLVED_IDENTITY,M0,E0,QUARANTINE_UNTIL_DEFINED,TASK99_MACHINE_TRIAGED_EXPLICIT_QUARANTINE,1,0,0
IMPLICIT-6CAEC5C3999546D1,UNRESOLVED_IDENTITY,M0,E0,QUARANTINE_UNTIL_DEFINED,TASK99_MACHINE_TRIAGED_EXPLICIT_QUARANTINE,1,0,0
IMPLICIT-6CCD5337D9E7305C,ALGORITHM_OR_WORKFLOW,M2,E0,KEEP_AS_ALGORITHM,TASK99_REPOSITORY_EVIDENCE_ADJUDICATED,1,0,0
IMPLICIT-6CD5AD026E067F88,ALGORITHM_OR_WORKFLOW,M1,E0,KEEP_AS_ALGORITHM,TASK99_REPOSITORY_EVIDENCE_ADJUDICATED,1,0,0
IMPLICIT-6CE75529B9E8FE35,UNRESOLVED_IDENTITY,M0,E0,QUARANTINE_UNTIL_DEFINED,TASK99_MACHINE_TRIAGED_EXPLICIT_QUARANTINE,1,0,0
IMPLICIT-6CF53743926BD7C7,UNRESOLVED_IDENTITY,M0,E0,QUARANTINE_UNTIL_DEFINED,TASK99_MACHINE_TRIAGED_EXPLICIT_QUARANTINE,1,0,0
IMPLICIT-6D0D1F3F17B86831,UNRESOLVED_IDENTITY,M0,E0,QUARANTINE_UNTIL_DEFINED,TASK99_MACHINE_TRIAGED_EXPLICIT_QUARANTINE,1,0,0
IMPLICIT-6D0FE37CB76AD8BA,ALGORITHM_OR_WORKFLOW,M2,E0,KEEP_AS_ALGORITHM,TASK99_REPOSITORY_EVIDENCE_ADJUDICATED,1,0,0
IMPLICIT-6D15FB5A9994C4EA,UNRESOLVED_IDENTITY,M0,E0,QUARANTINE_UNTIL_DEFINED,TASK99_MACHINE_TRIAGED_EXPLICIT_QUARANTINE,1,0,0
IMPLICIT-6D2339C546FAFEF3,ALGORITHM_OR_WORKFLOW,M2,E0,KEEP_AS_ALGORITHM,TASK99_REPOSITORY_EVIDENCE_ADJUDICATED,1,0,0
IMPLICIT-6D27592FF7746041,UNRESOLVED_IDENTITY,M0,E0,QUARANTINE_UNTIL_DEFINED,TASK99_MACHINE_TRIAGED_EXPLICIT_QUARANTINE,1,0,0
IMPLICIT-6D37D589E02F3F57,UNRESOLVED_IDENTITY,M0,E0,QUARANTINE_UNTIL_DEFINED,TASK99_MACHINE_TRIAGED_EXPLICIT_QUARANTINE,1,0,0
IMPLICIT-6D3E29AE7BD9C03C,UNRESOLVED_IDENTITY,M0,E0,QUARANTINE_UNTIL_DEFINED,TASK99_MACHINE_TRIAGED_EXPLICIT_QUARANTINE,1,0,0
IMPLICIT-6D5172E985BF110F,UNRESOLVED_IDENTITY,M0,E0,QUARANTINE_UNTIL_DEFINED,TASK99_MACHINE_TRIAGED_EXPLICIT_QUARANTINE,1,0,0
IMPLICIT-6D6174A95D2E751B,UNRESOLVED_IDENTITY,M0,E0,QUARANTINE_UNTIL_DEFINED,TASK99_MACHINE_TRIAGED_EXPLICIT_QUARANTINE,1,0,0
IMPLICIT-6D62D2DADEBBE39C,UNRESOLVED_IDENTITY,M0,E0,QUARANTINE_UNTIL_DEFINED,TASK99_MACHINE_TRIAGED_EXPLICIT_QUARANTINE,1,0,0
IMPLICIT-6D6FF17770ABD95A,UNRESOLVED_IDENTITY,M0,E0,QUARANTINE_UNTIL_DEFINED,TASK99_MACHINE_TRIAGED_EXPLICIT_QUARANTINE,1,0,0
IMPLICIT-6D72D9436953E4F6,ALGORITHM_OR_WORKFLOW,M1,E0,KEEP_AS_ALGORITHM,TASK99_REPOSITORY_EVIDENCE_ADJUDICATED,1,0,0
IMPLICIT-6D747C108ACAAAE1,UNRESOLVED_IDENTITY,M0,E0,QUARANTINE_UNTIL_DEFINED,TASK99_MACHINE_TRIAGED_EXPLICIT_QUARANTINE,1,0,0
IMPLICIT-6D7E7022FE721125,UNRESOLVED_IDENTITY,M0,E0,QUARANTINE_UNTIL_DEFINED,TASK99_MACHINE_TRIAGED_EXPLICIT_QUARANTINE,1,0,0
IMPLICIT-6D83C95A468BC87E,UNRESOLVED_IDENTITY,M0,E0,QUARANTINE_UNTIL_DEFINED,TASK99_MACHINE_TRIAGED_EXPLICIT_QUARANTINE,1,0,0
IMPLICIT-6D88E7A446568E66,UNRESOLVED_IDENTITY,M0,E0,QUARANTINE_UNTIL_DEFINED,TASK99_MACHINE_TRIAGED_EXPLICIT_QUARANTINE,1,0,0
IMPLICIT-6D93C5614B10375E,UNRESOLVED_IDENTITY,M0,E0,QUARANTINE_UNTIL_DEFINED,TASK99_MACHINE_TRIAGED_EXPLICIT_QUARANTINE,1,0,0
IMPLICIT-6D93CB37C5B8905E,UNRESOLVED_IDENTITY,M0,E0,QUARANTINE_UNTIL_DEFINED,TASK99_MACHINE_TRIAGED_EXPLICIT_QUARANTINE,1,0,0
IMPLICIT-6DA19111363DA18A,ALGORITHM_OR_WORKFLOW,M1,E0,KEEP_AS_ALGORITHM,TASK99_REPOSITORY_EVIDENCE_ADJUDICATED,1,0,0
IMPLICIT-6DAECB8CF8BDC6C7,UNRESOLVED_IDENTITY,M0,E0,QUARANTINE_UNTIL_DEFINED,TASK99_MACHINE_TRIAGED_EXPLICIT_QUARANTINE,1,0,0
IMPLICIT-6DB9094F55C6FB23,ALGORITHM_OR_WORKFLOW,M1,E0,KEEP_AS_ALGORITHM,TASK99_REPOSITORY_EVIDENCE_ADJUDICATED,1,0,0
IMPLICIT-6DC763F687378427,UNRESOLVED_IDENTITY,M0,E0,QUARANTINE_UNTIL_DEFINED,TASK99_MACHINE_TRIAGED_EXPLICIT_QUARANTINE,1,0,0
IMPLICIT-6DE6F5513C783859,UNRESOLVED_IDENTITY,M0,E0,QUARANTINE_UNTIL_DEFINED,TASK99_MACHINE_TRIAGED_EXPLICIT_QUARANTINE,1,0,0
IMPLICIT-6DF1244E0F4E1F5D,UNRESOLVED_IDENTITY,M0,E0,QUARANTINE_UNTIL_DEFINED,TASK99_MACHINE_TRIAGED_EXPLICIT_QUARANTINE,1,0,0
IMPLICIT-6E11A269E0E95047,UNRESOLVED_IDENTITY,M0,E0,QUARANTINE_UNTIL_DEFINED,TASK99_MACHINE_TRIAGED_EXPLICIT_QUARANTINE,1,0,0
IMPLICIT-6E2115EDA41BA2B6,UNRESOLVED_IDENTITY,M0,E0,QUARANTINE_UNTIL_DEFINED,TASK99_MACHINE_TRIAGED_EXPLICIT_QUARANTINE,1,0,0
IMPLICIT-6E2A589997BF1CF2,ALGORITHM_OR_WORKFLOW,M1,E0,KEEP_AS_ALGORITHM,TASK99_REPOSITORY_EVIDENCE_ADJUDICATED,1,0,0
IMPLICIT-6E2B2F3FF55D1E69,UNRESOLVED_IDENTITY,M0,E0,QUARANTINE_UNTIL_DEFINED,TASK99_MACHINE_TRIAGED_EXPLICIT_QUARANTINE,1,0,0
IMPLICIT-6E2D14CA841B5E11,UNRESOLVED_IDENTITY,M0,E0,QUARANTINE_UNTIL_DEFINED,TASK99_MACHINE_TRIAGED_EXPLICIT_QUARANTINE,1,0,0
IMPLICIT-6E5B05A92B01441D,ALGORITHM_OR_WORKFLOW,M2,E0,KEEP_AS_ALGORITHM,TASK99_REPOSITORY_EVIDENCE_ADJUDICATED,1,0,0
IMPLICIT-6E5CBF92A917E142,UNRESOLVED_IDENTITY,M0,E0,QUARANTINE_UNTIL_DEFINED,TASK99_MACHINE_TRIAGED_EXPLICIT_QUARANTINE,1,0,0
IMPLICIT-6E624C84338B9B41,UNRESOLVED_IDENTITY,M0,E0,QUARANTINE_UNTIL_DEFINED,TASK99_MACHINE_TRIAGED_EXPLICIT_QUARANTINE,1,0,0
IMPLICIT-6E6ACA1270BE5A37,UNRESOLVED_IDENTITY,M0,E0,QUARANTINE_UNTIL_DEFINED,TASK99_MACHINE_TRIAGED_EXPLICIT_QUARANTINE,1,0,0
IMPLICIT-6E73303D1FFEBDBC,UNRESOLVED_IDENTITY,M0,E0,QUARANTINE_UNTIL_DEFINED,TASK99_MACHINE_TRIAGED_EXPLICIT_QUARANTINE,1,0,0
IMPLICIT-6E779488064362B3,UNRESOLVED_IDENTITY,M0,E0,QUARANTINE_UNTIL_DEFINED,TASK99_MACHINE_TRIAGED_EXPLICIT_QUARANTINE,1,0,0
IMPLICIT-6E7C25D83DD2CFEC,UNRESOLVED_IDENTITY,M0,E0,QUARANTINE_UNTIL_DEFINED,TASK99_MACHINE_TRIAGED_EXPLICIT_QUARANTINE,1,0,0
IMPLICIT-6EB91221C4E1EDE2,UNRESOLVED_IDENTITY,M0,E0,QUARANTINE_UNTIL_DEFINED,TASK99_MACHINE_TRIAGED_EXPLICIT_QUARANTINE,1,0,0
IMPLICIT-6EBBA40B2C12FBF6,UNRESOLVED_IDENTITY,M0,E0,QUARANTINE_UNTIL_DEFINED,TASK99_MACHINE_TRIAGED_EXPLICIT_QUARANTINE,1,0,0
IMPLICIT-6EC7CB7EA2FE991A,UNRESOLVED_IDENTITY,M0,E0,QUARANTINE_UNTIL_DEFINED,TASK99_MACHINE_TRIAGED_EXPLICIT_QUARANTINE,1,0,0
IMPLICIT-6EDB5ED2DD72EFCA,UNRESOLVED_IDENTITY,M0,E0,QUARANTINE_UNTIL_DEFINED,TASK99_MACHINE_TRIAGED_EXPLICIT_QUARANTINE,1,0,0
IMPLICIT-6EF314AA41E798DE,ALGORITHM_OR_WORKFLOW,M1,E0,KEEP_AS_ALGORITHM,TASK99_REPOSITORY_EVIDENCE_ADJUDICATED,1,0,0
IMPLICIT-6F1B225C1A2D068B,UNRESOLVED_IDENTITY,M0,E0,QUARANTINE_UNTIL_DEFINED,TASK99_MACHINE_TRIAGED_EXPLICIT_QUARANTINE,1,0,0
IMPLICIT-6F22969A540D5AC8,ALGORITHM_OR_WORKFLOW,M1,E0,KEEP_AS_ALGORITHM,TASK99_REPOSITORY_EVIDENCE_ADJUDICATED,1,0,0
IMPLICIT-6F243CDB89F238DA,UNRESOLVED_IDENTITY,M0,E0,QUARANTINE_UNTIL_DEFINED,TASK99_MACHINE_TRIAGED_EXPLICIT_QUARANTINE,1,0,0
IMPLICIT-6F3B33B6222E601D,ALGORITHM_OR_WORKFLOW,M2,E0,KEEP_AS_ALGORITHM,TASK99_REPOSITORY_EVIDENCE_ADJUDICATED,1,0,0
IMPLICIT-6F4A9C69B3471065,ALGORITHM_OR_WORKFLOW,M1,E0,KEEP_AS_ALGORITHM,TASK99_REPOSITORY_EVIDENCE_ADJUDICATED,1,0,0
IMPLICIT-6F539245CD419A32,ALGORITHM_OR_WORKFLOW,M1,E0,KEEP_AS_ALGORITHM,TASK99_REPOSITORY_EVIDENCE_ADJUDICATED,1,0,0
IMPLICIT-6F590D81709F273B,UNRESOLVED_IDENTITY,M0,E0,QUARANTINE_UNTIL_DEFINED,TASK99_MACHINE_TRIAGED_EXPLICIT_QUARANTINE,1,0,0
IMPLICIT-6F5FDF54D80E3D2F,UNRESOLVED_IDENTITY,M0,E0,QUARANTINE_UNTIL_DEFINED,TASK99_MACHINE_TRIAGED_EXPLICIT_QUARANTINE,1,0,0
IMPLICIT-6F6089F720483378,ALGORITHM_OR_WORKFLOW,M2,E0,KEEP_AS_ALGORITHM,TASK99_REPOSITORY_EVIDENCE_ADJUDICATED,1,0,0
IMPLICIT-6F64939117C3932D,UNRESOLVED_IDENTITY,M0,E0,QUARANTINE_UNTIL_DEFINED,TASK99_MACHINE_TRIAGED_EXPLICIT_QUARANTINE,1,0,0
IMPLICIT-6F64A4E1CBF1A1D7,UNRESOLVED_IDENTITY,M0,E0,QUARANTINE_UNTIL_DEFINED,TASK99_MACHINE_TRIAGED_EXPLICIT_QUARANTINE,1,0,0
IMPLICIT-6FA47682A639B6CF,UNRESOLVED_IDENTITY,M0,E0,QUARANTINE_UNTIL_DEFINED,TASK99_MACHINE_TRIAGED_EXPLICIT_QUARANTINE,1,0,0
IMPLICIT-6FA60CEAC6EC19D9,UNRESOLVED_IDENTITY,M0,E0,QUARANTINE_UNTIL_DEFINED,TASK99_MACHINE_TRIAGED_EXPLICIT_QUARANTINE,1,0,0
IMPLICIT-6FBDB0339DF9BB98,UNRESOLVED_IDENTITY,M0,E0,QUARANTINE_UNTIL_DEFINED,TASK99_MACHINE_TRIAGED_EXPLICIT_QUARANTINE,1,0,0
IMPLICIT-6FD063FD5C88412C,UNRESOLVED_IDENTITY,M0,E0,QUARANTINE_UNTIL_DEFINED,TASK99_MACHINE_TRIAGED_EXPLICIT_QUARANTINE,1,0,0
IMPLICIT-6FD6005C1D561CFF,ALGORITHM_OR_WORKFLOW,M2,E0,KEEP_AS_ALGORITHM,TASK99_REPOSITORY_EVIDENCE_ADJUDICATED,1,0,0
IMPLICIT-6FDA696D80514495,ALGORITHM_OR_WORKFLOW,M1,E0,KEEP_AS_ALGORITHM,TASK99_REPOSITORY_EVIDENCE_ADJUDICATED,1,0,0
IMPLICIT-70057D750C09DFF6,UNRESOLVED_IDENTITY,M0,E0,QUARANTINE_UNTIL_DEFINED,TASK99_MACHINE_TRIAGED_EXPLICIT_QUARANTINE,1,0,0
IMPLICIT-70126DDABADF3DCF,UNRESOLVED_IDENTITY,M0,E0,QUARANTINE_UNTIL_DEFINED,TASK99_MACHINE_TRIAGED_EXPLICIT_QUARANTINE,1,0,0
IMPLICIT-701FCB7C735DE09F,UNRESOLVED_IDENTITY,M0,E0,QUARANTINE_UNTIL_DEFINED,TASK99_MACHINE_TRIAGED_EXPLICIT_QUARANTINE,1,0,0
IMPLICIT-7023AA2F39D322C8,ALGORITHM_OR_WORKFLOW,M1,E0,KEEP_AS_ALGORITHM,TASK99_REPOSITORY_EVIDENCE_ADJUDICATED,1,0,0
IMPLICIT-703EBE8FDEF12CB4,UNRESOLVED_IDENTITY,M0,E0,QUARANTINE_UNTIL_DEFINED,TASK99_MACHINE_TRIAGED_EXPLICIT_QUARANTINE,1,0,0
IMPLICIT-704BA14D1C5C1B8A,UNRESOLVED_IDENTITY,M0,E0,QUARANTINE_UNTIL_DEFINED,TASK99_MACHINE_TRIAGED_EXPLICIT_QUARANTINE,1,0,0
IMPLICIT-704CA175838F0C19,ALGORITHM_OR_WORKFLOW,M2,E0,KEEP_AS_ALGORITHM,TASK99_REPOSITORY_EVIDENCE_ADJUDICATED,1,0,0
IMPLICIT-704D83A851D1694F,UNRESOLVED_IDENTITY,M0,E0,QUARANTINE_UNTIL_DEFINED,TASK99_MACHINE_TRIAGED_EXPLICIT_QUARANTINE,1,0,0
IMPLICIT-705C16A5BBD4FBA0,ALGORITHM_OR_WORKFLOW,M2,E0,KEEP_AS_ALGORITHM,TASK99_REPOSITORY_EVIDENCE_ADJUDICATED,1,0,0
IMPLICIT-706B03526FA96936,UNRESOLVED_IDENTITY,M0,E0,QUARANTINE_UNTIL_DEFINED,TASK99_MACHINE_TRIAGED_EXPLICIT_QUARANTINE,1,0,0
IMPLICIT-7071C8835B6C7D2F,UNRESOLVED_IDENTITY,M0,E0,QUARANTINE_UNTIL_DEFINED,TASK99_MACHINE_TRIAGED_EXPLICIT_QUARANTINE,1,0,0
IMPLICIT-707A4A46DCCC5532,UNRESOLVED_IDENTITY,M0,E0,QUARANTINE_UNTIL_DEFINED,TASK99_MACHINE_TRIAGED_EXPLICIT_QUARANTINE,1,0,0
IMPLICIT-70835ED6D1A6E8DD,UNRESOLVED_IDENTITY,M0,E0,QUARANTINE_UNTIL_DEFINED,TASK99_MACHINE_TRIAGED_EXPLICIT_QUARANTINE,1,0,0
IMPLICIT-708414E7E57A7C7E,UNRESOLVED_IDENTITY,M0,E0,QUARANTINE_UNTIL_DEFINED,TASK99_MACHINE_TRIAGED_EXPLICIT_QUARANTINE,1,0,0
IMPLICIT-7087004FA73D83C8,UNRESOLVED_IDENTITY,M0,E0,QUARANTINE_UNTIL_DEFINED,TASK99_MACHINE_TRIAGED_EXPLICIT_QUARANTINE,1,0,0
IMPLICIT-708967CBCB76C23F,ALGORITHM_OR_WORKFLOW,M2,E0,KEEP_AS_ALGORITHM,TASK99_REPOSITORY_EVIDENCE_ADJUDICATED,1,0,0
IMPLICIT-70A1522CC532BE6F,UNRESOLVED_IDENTITY,M0,E0,QUARANTINE_UNTIL_DEFINED,TASK99_MACHINE_TRIAGED_EXPLICIT_QUARANTINE,1,0,0
IMPLICIT-70BDA0D0BB65A68A,UNRESOLVED_IDENTITY,M0,E0,QUARANTINE_UNTIL_DEFINED,TASK99_MACHINE_TRIAGED_EXPLICIT_QUARANTINE,1,0,0
IMPLICIT-70C80CD51E6198CA,UNRESOLVED_IDENTITY,M0,E0,QUARANTINE_UNTIL_DEFINED,TASK99_MACHINE_TRIAGED_EXPLICIT_QUARANTINE,1,0,0
IMPLICIT-70D21A035CF0BB14,ALGORITHM_OR_WORKFLOW,M1,E0,KEEP_AS_ALGORITHM,TASK99_REPOSITORY_EVIDENCE_ADJUDICATED,1,0,0
IMPLICIT-70D75899A8B6B1E6,UNRESOLVED_IDENTITY,M0,E0,QUARANTINE_UNTIL_DEFINED,TASK99_MACHINE_TRIAGED_EXPLICIT_QUARANTINE,1,0,0
IMPLICIT-7142AC9F71F58ADD,UNRESOLVED_IDENTITY,M0,E0,QUARANTINE_UNTIL_DEFINED,TASK99_MACHINE_TRIAGED_EXPLICIT_QUARANTINE,1,0,0
IMPLICIT-71484743C1317355,UNRESOLVED_IDENTITY,M0,E0,QUARANTINE_UNTIL_DEFINED,TASK99_MACHINE_TRIAGED_EXPLICIT_QUARANTINE,1,0,0
IMPLICIT-714A0947AB1A41C8,UNRESOLVED_IDENTITY,M0,E0,QUARANTINE_UNTIL_DEFINED,TASK99_MACHINE_TRIAGED_EXPLICIT_QUARANTINE,1,0,0
IMPLICIT-7161C839D2F066BA,UNRESOLVED_IDENTITY,M0,E0,QUARANTINE_UNTIL_DEFINED,TASK99_MACHINE_TRIAGED_EXPLICIT_QUARANTINE,1,0,0
IMPLICIT-7169E5A2688D610B,UNRESOLVED_IDENTITY,M0,E0,QUARANTINE_UNTIL_DEFINED,TASK99_MACHINE_TRIAGED_EXPLICIT_QUARANTINE,1,0,0
IMPLICIT-716DA1D22B83DF70,UNRESOLVED_IDENTITY,M0,E0,QUARANTINE_UNTIL_DEFINED,TASK99_MACHINE_TRIAGED_EXPLICIT_QUARANTINE,1,0,0
IMPLICIT-7171FB7A471D3E24,ALGORITHM_OR_WORKFLOW,M2,E0,KEEP_AS_ALGORITHM,TASK99_REPOSITORY_EVIDENCE_ADJUDICATED,1,0,0
IMPLICIT-717722C691B33CFC,ALGORITHM_OR_WORKFLOW,M1,E0,KEEP_AS_ALGORITHM,TASK99_REPOSITORY_EVIDENCE_ADJUDICATED,1,0,0
IMPLICIT-7179BA1E0E3A088A,UNRESOLVED_IDENTITY,M0,E0,QUARANTINE_UNTIL_DEFINED,TASK99_MACHINE_TRIAGED_EXPLICIT_QUARANTINE,1,0,0
IMPLICIT-718BB3F5C0657F03,UNRESOLVED_IDENTITY,M0,E0,QUARANTINE_UNTIL_DEFINED,TASK99_MACHINE_TRIAGED_EXPLICIT_QUARANTINE,1,0,0
IMPLICIT-71B01B64BD0492B7,UNRESOLVED_IDENTITY,M0,E0,QUARANTINE_UNTIL_DEFINED,TASK99_MACHINE_TRIAGED_EXPLICIT_QUARANTINE,1,0,0
IMPLICIT-71C30753AF7778B0,UNRESOLVED_IDENTITY,M0,E0,QUARANTINE_UNTIL_DEFINED,TASK99_MACHINE_TRIAGED_EXPLICIT_QUARANTINE,1,0,0
IMPLICIT-71DC9BF9900E5463,ALGORITHM_OR_WORKFLOW,M2,E0,KEEP_AS_ALGORITHM,TASK99_REPOSITORY_EVIDENCE_ADJUDICATED,1,0,0
IMPLICIT-721850A74955D936,ALGORITHM_OR_WORKFLOW,M2,E0,KEEP_AS_ALGORITHM,TASK99_REPOSITORY_EVIDENCE_ADJUDICATED,1,0,0
IMPLICIT-721FDD652C45E182,UNRESOLVED_IDENTITY,M0,E0,QUARANTINE_UNTIL_DEFINED,TASK99_MACHINE_TRIAGED_EXPLICIT_QUARANTINE,1,0,0
IMPLICIT-722F143FEBE6A36D,UNRESOLVED_IDENTITY,M0,E0,QUARANTINE_UNTIL_DEFINED,TASK99_MACHINE_TRIAGED_EXPLICIT_QUARANTINE,1,0,0
IMPLICIT-72357272C1B73875,ALGORITHM_OR_WORKFLOW,M1,E0,KEEP_AS_ALGORITHM,TASK99_REPOSITORY_EVIDENCE_ADJUDICATED,1,0,0
IMPLICIT-724B1EB12E3D1F35,UNRESOLVED_IDENTITY,M0,E0,QUARANTINE_UNTIL_DEFINED,TASK99_MACHINE_TRIAGED_EXPLICIT_QUARANTINE,1,0,0
IMPLICIT-725A84588A105C5F,ALGORITHM_OR_WORKFLOW,M1,E0,KEEP_AS_ALGORITHM,TASK99_REPOSITORY_EVIDENCE_ADJUDICATED,1,0,0
IMPLICIT-725F704D96045DAD,UNRESOLVED_IDENTITY,M0,E0,QUARANTINE_UNTIL_DEFINED,TASK99_MACHINE_TRIAGED_EXPLICIT_QUARANTINE,1,0,0
IMPLICIT-7260E63F7390A5D7,UNRESOLVED_IDENTITY,M0,E0,QUARANTINE_UNTIL_DEFINED,TASK99_MACHINE_TRIAGED_EXPLICIT_QUARANTINE,1,0,0
IMPLICIT-726D97301BD63229,UNRESOLVED_IDENTITY,M0,E0,QUARANTINE_UNTIL_DEFINED,TASK99_MACHINE_TRIAGED_EXPLICIT_QUARANTINE,1,0,0
IMPLICIT-7282DE1962865265,UNRESOLVED_IDENTITY,M0,E0,QUARANTINE_UNTIL_DEFINED,TASK99_MACHINE_TRIAGED_EXPLICIT_QUARANTINE,1,0,0
IMPLICIT-729020028BFAFCDD,UNRESOLVED_IDENTITY,M0,E0,QUARANTINE_UNTIL_DEFINED,TASK99_MACHINE_TRIAGED_EXPLICIT_QUARANTINE,1,0,0
IMPLICIT-72A20346D8C7E75C,ALGORITHM_OR_WORKFLOW,M2,E0,KEEP_AS_ALGORITHM,TASK99_REPOSITORY_EVIDENCE_ADJUDICATED,1,0,0
IMPLICIT-72A6D0394F69D00D,UNRESOLVED_IDENTITY,M0,E0,QUARANTINE_UNTIL_DEFINED,TASK99_MACHINE_TRIAGED_EXPLICIT_QUARANTINE,1,0,0
IMPLICIT-72ABDFEA11D6C59C,ALGORITHM_OR_WORKFLOW,M1,E0,KEEP_AS_ALGORITHM,TASK99_REPOSITORY_EVIDENCE_ADJUDICATED,1,0,0
IMPLICIT-72AD2E170CDE9A8E,ALGORITHM_OR_WORKFLOW,M1,E0,KEEP_AS_ALGORITHM,TASK99_REPOSITORY_EVIDENCE_ADJUDICATED,1,0,0
IMPLICIT-72B8E1A2D2A24D5E,UNRESOLVED_IDENTITY,M0,E0,QUARANTINE_UNTIL_DEFINED,TASK99_MACHINE_TRIAGED_EXPLICIT_QUARANTINE,1,0,0
IMPLICIT-72C8307AA0F369AE,UNRESOLVED_IDENTITY,M0,E0,QUARANTINE_UNTIL_DEFINED,TASK99_MACHINE_TRIAGED_EXPLICIT_QUARANTINE,1,0,0
IMPLICIT-72CD9065CC4F1DDD,UNRESOLVED_IDENTITY,M0,E0,QUARANTINE_UNTIL_DEFINED,TASK99_MACHINE_TRIAGED_EXPLICIT_QUARANTINE,1,0,0
IMPLICIT-72D33F1E23A5A4C1,UNRESOLVED_IDENTITY,M0,E0,QUARANTINE_UNTIL_DEFINED,TASK99_MACHINE_TRIAGED_EXPLICIT_QUARANTINE,1,0,0
IMPLICIT-72D5A3EF854B1B6A,UNRESOLVED_IDENTITY,M0,E0,QUARANTINE_UNTIL_DEFINED,TASK99_MACHINE_TRIAGED_EXPLICIT_QUARANTINE,1,0,0
IMPLICIT-72DA9587EBFB28F3,UNRESOLVED_IDENTITY,M0,E0,QUARANTINE_UNTIL_DEFINED,TASK99_MACHINE_TRIAGED_EXPLICIT_QUARANTINE,1,0,0
IMPLICIT-72E2C8F78923CF46,UNRESOLVED_IDENTITY,M0,E0,QUARANTINE_UNTIL_DEFINED,TASK99_MACHINE_TRIAGED_EXPLICIT_QUARANTINE,1,0,0
IMPLICIT-72E398CCEF165BAC,ALGORITHM_OR_WORKFLOW,M1,E0,KEEP_AS_ALGORITHM,TASK99_REPOSITORY_EVIDENCE_ADJUDICATED,1,0,0
IMPLICIT-7307C4FBD3D48E36,ALGORITHM_OR_WORKFLOW,M1,E0,KEEP_AS_ALGORITHM,TASK99_REPOSITORY_EVIDENCE_ADJUDICATED,1,0,0
IMPLICIT-731497E791249DC4,UNRESOLVED_IDENTITY,M0,E0,QUARANTINE_UNTIL_DEFINED,TASK99_MACHINE_TRIAGED_EXPLICIT_QUARANTINE,1,0,0
IMPLICIT-73400977F0A5163B,UNRESOLVED_IDENTITY,M0,E0,QUARANTINE_UNTIL_DEFINED,TASK99_MACHINE_TRIAGED_EXPLICIT_QUARANTINE,1,0,0
IMPLICIT-73452E8AFCD19241,UNRESOLVED_IDENTITY,M0,E0,QUARANTINE_UNTIL_DEFINED,TASK99_MACHINE_TRIAGED_EXPLICIT_QUARANTINE,1,0,0
IMPLICIT-734F899273ED293F,ALGORITHM_OR_WORKFLOW,M1,E0,KEEP_AS_ALGORITHM,TASK99_REPOSITORY_EVIDENCE_ADJUDICATED,1,0,0
IMPLICIT-73522B89C68AD930,UNRESOLVED_IDENTITY,M0,E0,QUARANTINE_UNTIL_DEFINED,TASK99_MACHINE_TRIAGED_EXPLICIT_QUARANTINE,1,0,0
IMPLICIT-7368A67E6FD37780,UNRESOLVED_IDENTITY,M0,E0,QUARANTINE_UNTIL_DEFINED,TASK99_MACHINE_TRIAGED_EXPLICIT_QUARANTINE,1,0,0
IMPLICIT-736CDF84CD733770,UNRESOLVED_IDENTITY,M0,E0,QUARANTINE_UNTIL_DEFINED,TASK99_MACHINE_TRIAGED_EXPLICIT_QUARANTINE,1,0,0
IMPLICIT-737C131DEE826BA8,UNRESOLVED_IDENTITY,M0,E0,QUARANTINE_UNTIL_DEFINED,TASK99_MACHINE_TRIAGED_EXPLICIT_QUARANTINE,1,0,0
IMPLICIT-738DD7B5B6C9A263,ALGORITHM_OR_WORKFLOW,M1,E0,KEEP_AS_ALGORITHM,TASK99_REPOSITORY_EVIDENCE_ADJUDICATED,1,0,0
IMPLICIT-73A357BA4E751A29,UNRESOLVED_IDENTITY,M0,E0,QUARANTINE_UNTIL_DEFINED,TASK99_MACHINE_TRIAGED_EXPLICIT_QUARANTINE,1,0,0
IMPLICIT-73A89339C5ED080B,UNRESOLVED_IDENTITY,M0,E0,QUARANTINE_UNTIL_DEFINED,TASK99_MACHINE_TRIAGED_EXPLICIT_QUARANTINE,1,0,0
IMPLICIT-73D00E1DCE05F7A9,UNRESOLVED_IDENTITY,M0,E0,QUARANTINE_UNTIL_DEFINED,TASK99_MACHINE_TRIAGED_EXPLICIT_QUARANTINE,1,0,0
IMPLICIT-73D12597976E83DD,UNRESOLVED_IDENTITY,M0,E0,QUARANTINE_UNTIL_DEFINED,TASK99_MACHINE_TRIAGED_EXPLICIT_QUARANTINE,1,0,0
IMPLICIT-73D6859DE0547A16,UNRESOLVED_IDENTITY,M0,E0,QUARANTINE_UNTIL_DEFINED,TASK99_MACHINE_TRIAGED_EXPLICIT_QUARANTINE,1,0,0
IMPLICIT-73DFBBE301FCC3C3,UNRESOLVED_IDENTITY,M0,E0,QUARANTINE_UNTIL_DEFINED,TASK99_MACHINE_TRIAGED_EXPLICIT_QUARANTINE,1,0,0
IMPLICIT-743C28C54F6AE34A,UNRESOLVED_IDENTITY,M0,E0,QUARANTINE_UNTIL_DEFINED,TASK99_MACHINE_TRIAGED_EXPLICIT_QUARANTINE,1,0,0
IMPLICIT-743E037F4C744AF9,UNRESOLVED_IDENTITY,M0,E0,QUARANTINE_UNTIL_DEFINED,TASK99_MACHINE_TRIAGED_EXPLICIT_QUARANTINE,1,0,0
IMPLICIT-7440FE9314D9C2BE,ALGORITHM_OR_WORKFLOW,M1,E0,KEEP_AS_ALGORITHM,TASK99_REPOSITORY_EVIDENCE_ADJUDICATED,1,0,0
IMPLICIT-7445CF36BD2A50C2,UNRESOLVED_IDENTITY,M0,E0,QUARANTINE_UNTIL_DEFINED,TASK99_MACHINE_TRIAGED_EXPLICIT_QUARANTINE,1,0,0
IMPLICIT-744AFD0EB722A8AB,UNRESOLVED_IDENTITY,M0,E0,QUARANTINE_UNTIL_DEFINED,TASK99_MACHINE_TRIAGED_EXPLICIT_QUARANTINE,1,0,0
IMPLICIT-745DF207E0D45900,ALGORITHM_OR_WORKFLOW,M1,E0,KEEP_AS_ALGORITHM,TASK99_REPOSITORY_EVIDENCE_ADJUDICATED,1,0,0
IMPLICIT-745FF0594148E2DE,UNRESOLVED_IDENTITY,M0,E0,QUARANTINE_UNTIL_DEFINED,TASK99_MACHINE_TRIAGED_EXPLICIT_QUARANTINE,1,0,0
IMPLICIT-74635904546F32C0,UNRESOLVED_IDENTITY,M0,E0,QUARANTINE_UNTIL_DEFINED,TASK99_MACHINE_TRIAGED_EXPLICIT_QUARANTINE,1,0,0
IMPLICIT-7479DF70B8852375,ALGORITHM_OR_WORKFLOW,M1,E0,KEEP_AS_ALGORITHM,TASK99_REPOSITORY_EVIDENCE_ADJUDICATED,1,0,0
IMPLICIT-74CD2D78319F50EE,UNRESOLVED_IDENTITY,M0,E0,QUARANTINE_UNTIL_DEFINED,TASK99_MACHINE_TRIAGED_EXPLICIT_QUARANTINE,1,0,0
IMPLICIT-74D5E524D6AD5A22,UNRESOLVED_IDENTITY,M0,E0,QUARANTINE_UNTIL_DEFINED,TASK99_MACHINE_TRIAGED_EXPLICIT_QUARANTINE,1,0,0
IMPLICIT-74DC04D683C8B0E6,ALGORITHM_OR_WORKFLOW,M2,E0,KEEP_AS_ALGORITHM,TASK99_REPOSITORY_EVIDENCE_ADJUDICATED,1,0,0
IMPLICIT-74F7ED662B26AE1E,UNRESOLVED_IDENTITY,M0,E0,QUARANTINE_UNTIL_DEFINED,TASK99_MACHINE_TRIAGED_EXPLICIT_QUARANTINE,1,0,0
IMPLICIT-7506B88F1F0D7FCD,UNRESOLVED_IDENTITY,M0,E0,QUARANTINE_UNTIL_DEFINED,TASK99_MACHINE_TRIAGED_EXPLICIT_QUARANTINE,1,0,0
IMPLICIT-7528BE11D5560F55,UNRESOLVED_IDENTITY,M0,E0,QUARANTINE_UNTIL_DEFINED,TASK99_MACHINE_TRIAGED_EXPLICIT_QUARANTINE,1,0,0
IMPLICIT-753923F3458DD678,UNRESOLVED_IDENTITY,M0,E0,QUARANTINE_UNTIL_DEFINED,TASK99_MACHINE_TRIAGED_EXPLICIT_QUARANTINE,1,0,0
IMPLICIT-7563185F2FD0FA6C,UNRESOLVED_IDENTITY,M0,E0,QUARANTINE_UNTIL_DEFINED,TASK99_MACHINE_TRIAGED_EXPLICIT_QUARANTINE,1,0,0
IMPLICIT-75691180FF3F8A7C,ALGORITHM_OR_WORKFLOW,M1,E0,KEEP_AS_ALGORITHM,TASK99_REPOSITORY_EVIDENCE_ADJUDICATED,1,0,0
IMPLICIT-757F2BD6602B56C2,UNRESOLVED_IDENTITY,M0,E0,QUARANTINE_UNTIL_DEFINED,TASK99_MACHINE_TRIAGED_EXPLICIT_QUARANTINE,1,0,0
IMPLICIT-75A0195100BB89B7,UNRESOLVED_IDENTITY,M0,E0,QUARANTINE_UNTIL_DEFINED,TASK99_MACHINE_TRIAGED_EXPLICIT_QUARANTINE,1,0,0
IMPLICIT-75AFE5EBE0339B21,UNRESOLVED_IDENTITY,M0,E0,QUARANTINE_UNTIL_DEFINED,TASK99_MACHINE_TRIAGED_EXPLICIT_QUARANTINE,1,0,0
IMPLICIT-75C8C0EBF98EF3A7,UNRESOLVED_IDENTITY,M0,E0,QUARANTINE_UNTIL_DEFINED,TASK99_MACHINE_TRIAGED_EXPLICIT_QUARANTINE,1,0,0
IMPLICIT-75CC554A840F6A95,UNRESOLVED_IDENTITY,M0,E0,QUARANTINE_UNTIL_DEFINED,TASK99_MACHINE_TRIAGED_EXPLICIT_QUARANTINE,1,0,0
IMPLICIT-75CF8E1C2F59899F,UNRESOLVED_IDENTITY,M0,E0,QUARANTINE_UNTIL_DEFINED,TASK99_MACHINE_TRIAGED_EXPLICIT_QUARANTINE,1,0,0
IMPLICIT-75D6591BEF373D39,ALGORITHM_OR_WORKFLOW,M1,E0,KEEP_AS_ALGORITHM,TASK99_REPOSITORY_EVIDENCE_ADJUDICATED,1,0,0
IMPLICIT-75DAEF27BAF5E003,UNRESOLVED_IDENTITY,M0,E0,QUARANTINE_UNTIL_DEFINED,TASK99_MACHINE_TRIAGED_EXPLICIT_QUARANTINE,1,0,0
IMPLICIT-75E09251C48A1D31,ALGORITHM_OR_WORKFLOW,M1,E0,KEEP_AS_ALGORITHM,TASK99_REPOSITORY_EVIDENCE_ADJUDICATED,1,0,0
IMPLICIT-75E6788E99365EAD,ALGORITHM_OR_WORKFLOW,M2,E0,KEEP_AS_ALGORITHM,TASK99_REPOSITORY_EVIDENCE_ADJUDICATED,1,0,0
IMPLICIT-75ECA4FFCFDD1A3A,UNRESOLVED_IDENTITY,M0,E0,QUARANTINE_UNTIL_DEFINED,TASK99_MACHINE_TRIAGED_EXPLICIT_QUARANTINE,1,0,0
IMPLICIT-760A7BA1C8333791,UNRESOLVED_IDENTITY,M0,E0,QUARANTINE_UNTIL_DEFINED,TASK99_MACHINE_TRIAGED_EXPLICIT_QUARANTINE,1,0,0
IMPLICIT-760BD9357BA99E1B,UNRESOLVED_IDENTITY,M0,E0,QUARANTINE_UNTIL_DEFINED,TASK99_MACHINE_TRIAGED_EXPLICIT_QUARANTINE,1,0,0
IMPLICIT-760F4EAD7FCDB691,UNRESOLVED_IDENTITY,M0,E0,QUARANTINE_UNTIL_DEFINED,TASK99_MACHINE_TRIAGED_EXPLICIT_QUARANTINE,1,0,0
IMPLICIT-7616657AD24024FE,UNRESOLVED_IDENTITY,M0,E0,QUARANTINE_UNTIL_DEFINED,TASK99_MACHINE_TRIAGED_EXPLICIT_QUARANTINE,1,0,0
IMPLICIT-76182107084DD9B2,ALGORITHM_OR_WORKFLOW,M1,E0,KEEP_AS_ALGORITHM,TASK99_REPOSITORY_EVIDENCE_ADJUDICATED,1,0,0
IMPLICIT-7631D76F381BAA5F,ALGORITHM_OR_WORKFLOW,M1,E0,KEEP_AS_ALGORITHM,TASK99_REPOSITORY_EVIDENCE_ADJUDICATED,1,0,0
IMPLICIT-763596DD2A87978A,UNRESOLVED_IDENTITY,M0,E0,QUARANTINE_UNTIL_DEFINED,TASK99_MACHINE_TRIAGED_EXPLICIT_QUARANTINE,1,0,0
IMPLICIT-763C43DAFFF93B51,UNRESOLVED_IDENTITY,M0,E0,QUARANTINE_UNTIL_DEFINED,TASK99_MACHINE_TRIAGED_EXPLICIT_QUARANTINE,1,0,0
IMPLICIT-7640FADDB5ECF2A2,ALGORITHM_OR_WORKFLOW,M1,E0,KEEP_AS_ALGORITHM,TASK99_REPOSITORY_EVIDENCE_ADJUDICATED,1,0,0
IMPLICIT-7654694796DE8FB2,UNRESOLVED_IDENTITY,M0,E0,QUARANTINE_UNTIL_DEFINED,TASK99_MACHINE_TRIAGED_EXPLICIT_QUARANTINE,1,0,0
IMPLICIT-769B92AD9662A00E,UNRESOLVED_IDENTITY,M0,E0,QUARANTINE_UNTIL_DEFINED,TASK99_MACHINE_TRIAGED_EXPLICIT_QUARANTINE,1,0,0
IMPLICIT-76A44E735AB6E499,UNRESOLVED_IDENTITY,M0,E0,QUARANTINE_UNTIL_DEFINED,TASK99_MACHINE_TRIAGED_EXPLICIT_QUARANTINE,1,0,0
IMPLICIT-76B35CFE0976AB03,UNRESOLVED_IDENTITY,M0,E0,QUARANTINE_UNTIL_DEFINED,TASK99_MACHINE_TRIAGED_EXPLICIT_QUARANTINE,1,0,0
IMPLICIT-76BACE6BD31D2A6A,ALGORITHM_OR_WORKFLOW,M2,E0,KEEP_AS_ALGORITHM,TASK99_REPOSITORY_EVIDENCE_ADJUDICATED,1,0,0
IMPLICIT-76CE78879F200704,UNRESOLVED_IDENTITY,M0,E0,QUARANTINE_UNTIL_DEFINED,TASK99_MACHINE_TRIAGED_EXPLICIT_QUARANTINE,1,0,0
IMPLICIT-76E3BD414BFC8222,UNRESOLVED_IDENTITY,M0,E0,QUARANTINE_UNTIL_DEFINED,TASK99_MACHINE_TRIAGED_EXPLICIT_QUARANTINE,1,0,0
IMPLICIT-76F4ABE3DC5193B5,UNRESOLVED_IDENTITY,M0,E0,QUARANTINE_UNTIL_DEFINED,TASK99_MACHINE_TRIAGED_EXPLICIT_QUARANTINE,1,0,0
IMPLICIT-77101720C3FADD52,UNRESOLVED_IDENTITY,M0,E0,QUARANTINE_UNTIL_DEFINED,TASK99_MACHINE_TRIAGED_EXPLICIT_QUARANTINE,1,0,0
IMPLICIT-771450B09E4D5A8D,UNRESOLVED_IDENTITY,M0,E0,QUARANTINE_UNTIL_DEFINED,TASK99_MACHINE_TRIAGED_EXPLICIT_QUARANTINE,1,0,0
IMPLICIT-771E863CC6E190AC,UNRESOLVED_IDENTITY,M0,E0,QUARANTINE_UNTIL_DEFINED,TASK99_MACHINE_TRIAGED_EXPLICIT_QUARANTINE,1,0,0
IMPLICIT-7725C53ABDC50479,UNRESOLVED_IDENTITY,M0,E0,QUARANTINE_UNTIL_DEFINED,TASK99_MACHINE_TRIAGED_EXPLICIT_QUARANTINE,1,0,0
IMPLICIT-77468F3AD3EF8237,UNRESOLVED_IDENTITY,M0,E0,QUARANTINE_UNTIL_DEFINED,TASK99_MACHINE_TRIAGED_EXPLICIT_QUARANTINE,1,0,0
IMPLICIT-7772FB3E6B568AE5,UNRESOLVED_IDENTITY,M0,E0,QUARANTINE_UNTIL_DEFINED,TASK99_MACHINE_TRIAGED_EXPLICIT_QUARANTINE,1,0,0
IMPLICIT-778ED6F7F56184BB,UNRESOLVED_IDENTITY,M0,E0,QUARANTINE_UNTIL_DEFINED,TASK99_MACHINE_TRIAGED_EXPLICIT_QUARANTINE,1,0,0
IMPLICIT-779445CF40863103,ALGORITHM_OR_WORKFLOW,M1,E0,KEEP_AS_ALGORITHM,TASK99_REPOSITORY_EVIDENCE_ADJUDICATED,1,0,0
IMPLICIT-77947EA2045A8510,UNRESOLVED_IDENTITY,M0,E0,QUARANTINE_UNTIL_DEFINED,TASK99_MACHINE_TRIAGED_EXPLICIT_QUARANTINE,1,0,0
IMPLICIT-77B47268A3598742,ALGORITHM_OR_WORKFLOW,M2,E0,KEEP_AS_ALGORITHM,TASK99_REPOSITORY_EVIDENCE_ADJUDICATED,1,0,0
IMPLICIT-77D00263663DC1BD,UNRESOLVED_IDENTITY,M0,E0,QUARANTINE_UNTIL_DEFINED,TASK99_MACHINE_TRIAGED_EXPLICIT_QUARANTINE,1,0,0
IMPLICIT-77DE9F3948928D70,ALGORITHM_OR_WORKFLOW,M1,E0,KEEP_AS_ALGORITHM,TASK99_REPOSITORY_EVIDENCE_ADJUDICATED,1,0,0
IMPLICIT-77E5DAB49D44C7CF,UNRESOLVED_IDENTITY,M0,E0,QUARANTINE_UNTIL_DEFINED,TASK99_MACHINE_TRIAGED_EXPLICIT_QUARANTINE,1,0,0
IMPLICIT-7823FD005D70AA26,ALGORITHM_OR_WORKFLOW,M1,E0,KEEP_AS_ALGORITHM,TASK99_REPOSITORY_EVIDENCE_ADJUDICATED,1,0,0
IMPLICIT-78281BC4CE01D295,ALGORITHM_OR_WORKFLOW,M2,E0,KEEP_AS_ALGORITHM,TASK99_REPOSITORY_EVIDENCE_ADJUDICATED,1,0,0
IMPLICIT-78492CD342D5B627,UNRESOLVED_IDENTITY,M0,E0,QUARANTINE_UNTIL_DEFINED,TASK99_MACHINE_TRIAGED_EXPLICIT_QUARANTINE,1,0,0
IMPLICIT-785006FDA2C6598D,UNRESOLVED_IDENTITY,M0,E0,QUARANTINE_UNTIL_DEFINED,TASK99_MACHINE_TRIAGED_EXPLICIT_QUARANTINE,1,0,0
IMPLICIT-7864F1225A7CE7E3,ALGORITHM_OR_WORKFLOW,M1,E0,KEEP_AS_ALGORITHM,TASK99_REPOSITORY_EVIDENCE_ADJUDICATED,1,0,0
IMPLICIT-786A4FE12AF59A3E,ALGORITHM_OR_WORKFLOW,M1,E0,KEEP_AS_ALGORITHM,TASK99_REPOSITORY_EVIDENCE_ADJUDICATED,1,0,0
IMPLICIT-7875F2B2665D7C82,UNRESOLVED_IDENTITY,M0,E0,QUARANTINE_UNTIL_DEFINED,TASK99_MACHINE_TRIAGED_EXPLICIT_QUARANTINE,1,0,0
IMPLICIT-788D473ADDC84C39,UNRESOLVED_IDENTITY,M0,E0,QUARANTINE_UNTIL_DEFINED,TASK99_MACHINE_TRIAGED_EXPLICIT_QUARANTINE,1,0,0
IMPLICIT-788E06D44CD157FC,UNRESOLVED_IDENTITY,M0,E0,QUARANTINE_UNTIL_DEFINED,TASK99_MACHINE_TRIAGED_EXPLICIT_QUARANTINE,1,0,0
IMPLICIT-789A8098C17B5E4A,UNRESOLVED_IDENTITY,M0,E0,QUARANTINE_UNTIL_DEFINED,TASK99_MACHINE_TRIAGED_EXPLICIT_QUARANTINE,1,0,0
IMPLICIT-78A9714E3B0769D7,UNRESOLVED_IDENTITY,M0,E0,QUARANTINE_UNTIL_DEFINED,TASK99_MACHINE_TRIAGED_EXPLICIT_QUARANTINE,1,0,0
IMPLICIT-78C675C751B125E6,UNRESOLVED_IDENTITY,M0,E0,QUARANTINE_UNTIL_DEFINED,TASK99_MACHINE_TRIAGED_EXPLICIT_QUARANTINE,1,0,0
IMPLICIT-78CE974807242CDE,UNRESOLVED_IDENTITY,M0,E0,QUARANTINE_UNTIL_DEFINED,TASK99_MACHINE_TRIAGED_EXPLICIT_QUARANTINE,1,0,0
IMPLICIT-78D20EE068DECD7D,UNRESOLVED_IDENTITY,M0,E0,QUARANTINE_UNTIL_DEFINED,TASK99_MACHINE_TRIAGED_EXPLICIT_QUARANTINE,1,0,0
IMPLICIT-78D3B43178281154,ALGORITHM_OR_WORKFLOW,M1,E0,KEEP_AS_ALGORITHM,TASK99_REPOSITORY_EVIDENCE_ADJUDICATED,1,0,0
IMPLICIT-78D5AA6C9687060B,UNRESOLVED_IDENTITY,M0,E0,QUARANTINE_UNTIL_DEFINED,TASK99_MACHINE_TRIAGED_EXPLICIT_QUARANTINE,1,0,0
IMPLICIT-78D7BB705E5702EE,UNRESOLVED_IDENTITY,M0,E0,QUARANTINE_UNTIL_DEFINED,TASK99_MACHINE_TRIAGED_EXPLICIT_QUARANTINE,1,0,0
IMPLICIT-78E0EFD5B9E7CC7C,UNRESOLVED_IDENTITY,M0,E0,QUARANTINE_UNTIL_DEFINED,TASK99_MACHINE_TRIAGED_EXPLICIT_QUARANTINE,1,0,0
IMPLICIT-78E9B3BE305CB70B,UNRESOLVED_IDENTITY,M0,E0,QUARANTINE_UNTIL_DEFINED,TASK99_MACHINE_TRIAGED_EXPLICIT_QUARANTINE,1,0,0
IMPLICIT-78FE303154C98074,UNRESOLVED_IDENTITY,M0,E0,QUARANTINE_UNTIL_DEFINED,TASK99_MACHINE_TRIAGED_EXPLICIT_QUARANTINE,1,0,0
IMPLICIT-79117F3D5113E2C8,ALGORITHM_OR_WORKFLOW,M1,E0,KEEP_AS_ALGORITHM,TASK99_REPOSITORY_EVIDENCE_ADJUDICATED,1,0,0
IMPLICIT-7958114097B5AED4,ALGORITHM_OR_WORKFLOW,M1,E0,KEEP_AS_ALGORITHM,TASK99_REPOSITORY_EVIDENCE_ADJUDICATED,1,0,0
IMPLICIT-795E76EE133A61B1,UNRESOLVED_IDENTITY,M0,E0,QUARANTINE_UNTIL_DEFINED,TASK99_MACHINE_TRIAGED_EXPLICIT_QUARANTINE,1,0,0
IMPLICIT-796B027583043C23,ALGORITHM_OR_WORKFLOW,M1,E0,KEEP_AS_ALGORITHM,TASK99_REPOSITORY_EVIDENCE_ADJUDICATED,1,0,0
IMPLICIT-79715DB632A266D8,UNRESOLVED_IDENTITY,M0,E0,QUARANTINE_UNTIL_DEFINED,TASK99_MACHINE_TRIAGED_EXPLICIT_QUARANTINE,1,0,0
IMPLICIT-7977F7148773F52C,UNRESOLVED_IDENTITY,M0,E0,QUARANTINE_UNTIL_DEFINED,TASK99_MACHINE_TRIAGED_EXPLICIT_QUARANTINE,1,0,0
IMPLICIT-79BD7E2F6C6D373A,UNRESOLVED_IDENTITY,M0,E0,QUARANTINE_UNTIL_DEFINED,TASK99_MACHINE_TRIAGED_EXPLICIT_QUARANTINE,1,0,0
IMPLICIT-79C4ED9A0B2D6474,UNRESOLVED_IDENTITY,M0,E0,QUARANTINE_UNTIL_DEFINED,TASK99_MACHINE_TRIAGED_EXPLICIT_QUARANTINE,1,0,0
IMPLICIT-79C84C31226C9A70,UNRESOLVED_IDENTITY,M0,E0,QUARANTINE_UNTIL_DEFINED,TASK99_MACHINE_TRIAGED_EXPLICIT_QUARANTINE,1,0,0
IMPLICIT-79C8BDAF500B79BC,UNRESOLVED_IDENTITY,M0,E0,QUARANTINE_UNTIL_DEFINED,TASK99_MACHINE_TRIAGED_EXPLICIT_QUARANTINE,1,0,0
IMPLICIT-79CC3712E269007D,UNRESOLVED_IDENTITY,M0,E0,QUARANTINE_UNTIL_DEFINED,TASK99_MACHINE_TRIAGED_EXPLICIT_QUARANTINE,1,0,0
IMPLICIT-79DDB2EF045733BB,UNRESOLVED_IDENTITY,M0,E0,QUARANTINE_UNTIL_DEFINED,TASK99_MACHINE_TRIAGED_EXPLICIT_QUARANTINE,1,0,0
IMPLICIT-79E80B6B664EC906,ALGORITHM_OR_WORKFLOW,M1,E0,KEEP_AS_ALGORITHM,TASK99_REPOSITORY_EVIDENCE_ADJUDICATED,1,0,0
IMPLICIT-79F53902F4722685,UNRESOLVED_IDENTITY,M0,E0,QUARANTINE_UNTIL_DEFINED,TASK99_MACHINE_TRIAGED_EXPLICIT_QUARANTINE,1,0,0
IMPLICIT-7A03A14101A0AA51,UNRESOLVED_IDENTITY,M0,E0,QUARANTINE_UNTIL_DEFINED,TASK99_MACHINE_TRIAGED_EXPLICIT_QUARANTINE,1,0,0
IMPLICIT-7A142BAAA5F1833D,UNRESOLVED_IDENTITY,M0,E0,QUARANTINE_UNTIL_DEFINED,TASK99_MACHINE_TRIAGED_EXPLICIT_QUARANTINE,1,0,0
IMPLICIT-7A18A71E2FB387E6,UNRESOLVED_IDENTITY,M0,E0,QUARANTINE_UNTIL_DEFINED,TASK99_MACHINE_TRIAGED_EXPLICIT_QUARANTINE,1,0,0
IMPLICIT-7A2A772786BE9A3D,UNRESOLVED_IDENTITY,M0,E0,QUARANTINE_UNTIL_DEFINED,TASK99_MACHINE_TRIAGED_EXPLICIT_QUARANTINE,1,0,0
IMPLICIT-7A41B32FCC34FCFA,UNRESOLVED_IDENTITY,M0,E0,QUARANTINE_UNTIL_DEFINED,TASK99_MACHINE_TRIAGED_EXPLICIT_QUARANTINE,1,0,0
IMPLICIT-7A45EA9F66E433F2,UNRESOLVED_IDENTITY,M0,E0,QUARANTINE_UNTIL_DEFINED,TASK99_MACHINE_TRIAGED_EXPLICIT_QUARANTINE,1,0,0
IMPLICIT-7A4D6B225799F3F9,ALGORITHM_OR_WORKFLOW,M1,E0,KEEP_AS_ALGORITHM,TASK99_REPOSITORY_EVIDENCE_ADJUDICATED,1,0,0
IMPLICIT-7A62CE171064F16E,UNRESOLVED_IDENTITY,M0,E0,QUARANTINE_UNTIL_DEFINED,TASK99_MACHINE_TRIAGED_EXPLICIT_QUARANTINE,1,0,0
IMPLICIT-7A6EEE09BA4C337B,ALGORITHM_OR_WORKFLOW,M1,E0,KEEP_AS_ALGORITHM,TASK99_REPOSITORY_EVIDENCE_ADJUDICATED,1,0,0
IMPLICIT-7A87F9F099800868,ALGORITHM_OR_WORKFLOW,M2,E0,KEEP_AS_ALGORITHM,TASK99_REPOSITORY_EVIDENCE_ADJUDICATED,1,0,0
IMPLICIT-7AB1CD94AC628554,ALGORITHM_OR_WORKFLOW,M2,E0,KEEP_AS_ALGORITHM,TASK99_REPOSITORY_EVIDENCE_ADJUDICATED,1,0,0
IMPLICIT-7ABE7365E769CE2A,ALGORITHM_OR_WORKFLOW,M1,E0,KEEP_AS_ALGORITHM,TASK99_REPOSITORY_EVIDENCE_ADJUDICATED,1,0,0
IMPLICIT-7AD3CE4E9D35A57A,UNRESOLVED_IDENTITY,M0,E0,QUARANTINE_UNTIL_DEFINED,TASK99_MACHINE_TRIAGED_EXPLICIT_QUARANTINE,1,0,0
IMPLICIT-7AFCF26DAA0932F7,UNRESOLVED_IDENTITY,M0,E0,QUARANTINE_UNTIL_DEFINED,TASK99_MACHINE_TRIAGED_EXPLICIT_QUARANTINE,1,0,0
IMPLICIT-7AFE8A2912C49602,UNRESOLVED_IDENTITY,M0,E0,QUARANTINE_UNTIL_DEFINED,TASK99_MACHINE_TRIAGED_EXPLICIT_QUARANTINE,1,0,0
IMPLICIT-7B06B3298D7D7517,ALGORITHM_OR_WORKFLOW,M1,E0,KEEP_AS_ALGORITHM,TASK99_REPOSITORY_EVIDENCE_ADJUDICATED,1,0,0
IMPLICIT-7B09BE9D4C976268,UNRESOLVED_IDENTITY,M0,E0,QUARANTINE_UNTIL_DEFINED,TASK99_MACHINE_TRIAGED_EXPLICIT_QUARANTINE,1,0,0
IMPLICIT-7B238A1938E95C30,ALGORITHM_OR_WORKFLOW,M1,E0,KEEP_AS_ALGORITHM,TASK99_REPOSITORY_EVIDENCE_ADJUDICATED,1,0,0
IMPLICIT-7B23940B6FEADDCB,UNRESOLVED_IDENTITY,M0,E0,QUARANTINE_UNTIL_DEFINED,TASK99_MACHINE_TRIAGED_EXPLICIT_QUARANTINE,1,0,0
IMPLICIT-7B404713546DE5CE,UNRESOLVED_IDENTITY,M0,E0,QUARANTINE_UNTIL_DEFINED,TASK99_MACHINE_TRIAGED_EXPLICIT_QUARANTINE,1,0,0
IMPLICIT-7B40A42C9223EF5C,UNRESOLVED_IDENTITY,M0,E0,QUARANTINE_UNTIL_DEFINED,TASK99_MACHINE_TRIAGED_EXPLICIT_QUARANTINE,1,0,0
IMPLICIT-7B6216F4488154D8,ALGORITHM_OR_WORKFLOW,M1,E0,KEEP_AS_ALGORITHM,TASK99_REPOSITORY_EVIDENCE_ADJUDICATED,1,0,0
IMPLICIT-7B6A01393977F76F,ALGORITHM_OR_WORKFLOW,M1,E0,KEEP_AS_ALGORITHM,TASK99_REPOSITORY_EVIDENCE_ADJUDICATED,1,0,0
IMPLICIT-7B6E50CC6F0BCC93,UNRESOLVED_IDENTITY,M0,E0,QUARANTINE_UNTIL_DEFINED,TASK99_MACHINE_TRIAGED_EXPLICIT_QUARANTINE,1,0,0
IMPLICIT-7B70F795FCBD90DE,UNRESOLVED_IDENTITY,M0,E0,QUARANTINE_UNTIL_DEFINED,TASK99_MACHINE_TRIAGED_EXPLICIT_QUARANTINE,1,0,0
IMPLICIT-7B88B450A1FEF6AD,UNRESOLVED_IDENTITY,M0,E0,QUARANTINE_UNTIL_DEFINED,TASK99_MACHINE_TRIAGED_EXPLICIT_QUARANTINE,1,0,0
IMPLICIT-7BD18F5B3B075BE9,UNRESOLVED_IDENTITY,M0,E0,QUARANTINE_UNTIL_DEFINED,TASK99_MACHINE_TRIAGED_EXPLICIT_QUARANTINE,1,0,0
IMPLICIT-7BE72F57A31EDFD8,UNRESOLVED_IDENTITY,M0,E0,QUARANTINE_UNTIL_DEFINED,TASK99_MACHINE_TRIAGED_EXPLICIT_QUARANTINE,1,0,0
IMPLICIT-7BEC5D323199E7E6,ALGORITHM_OR_WORKFLOW,M2,E0,KEEP_AS_ALGORITHM,TASK99_REPOSITORY_EVIDENCE_ADJUDICATED,1,0,0
IMPLICIT-7C08D6401689ACE2,UNRESOLVED_IDENTITY,M0,E0,QUARANTINE_UNTIL_DEFINED,TASK99_MACHINE_TRIAGED_EXPLICIT_QUARANTINE,1,0,0
IMPLICIT-7C0CEC50C6A2748F,UNRESOLVED_IDENTITY,M0,E0,QUARANTINE_UNTIL_DEFINED,TASK99_MACHINE_TRIAGED_EXPLICIT_QUARANTINE,1,0,0
IMPLICIT-7C10A5864A563371,UNRESOLVED_IDENTITY,M0,E0,QUARANTINE_UNTIL_DEFINED,TASK99_MACHINE_TRIAGED_EXPLICIT_QUARANTINE,1,0,0
IMPLICIT-7C154A335A12EF2D,ALGORITHM_OR_WORKFLOW,M1,E0,KEEP_AS_ALGORITHM,TASK99_REPOSITORY_EVIDENCE_ADJUDICATED,1,0,0
IMPLICIT-7C16CEB171457CD9,ALGORITHM_OR_WORKFLOW,M1,E0,KEEP_AS_ALGORITHM,TASK99_REPOSITORY_EVIDENCE_ADJUDICATED,1,0,0
IMPLICIT-7C2222FE74524912,UNRESOLVED_IDENTITY,M0,E0,QUARANTINE_UNTIL_DEFINED,TASK99_MACHINE_TRIAGED_EXPLICIT_QUARANTINE,1,0,0
IMPLICIT-7C2399EBEC3EF69C,UNRESOLVED_IDENTITY,M0,E0,QUARANTINE_UNTIL_DEFINED,TASK99_MACHINE_TRIAGED_EXPLICIT_QUARANTINE,1,0,0
IMPLICIT-7C2EED62B7DC66AA,UNRESOLVED_IDENTITY,M0,E0,QUARANTINE_UNTIL_DEFINED,TASK99_MACHINE_TRIAGED_EXPLICIT_QUARANTINE,1,0,0
IMPLICIT-7C46D8E2F5D2077F,ALGORITHM_OR_WORKFLOW,M1,E0,KEEP_AS_ALGORITHM,TASK99_REPOSITORY_EVIDENCE_ADJUDICATED,1,0,0
IMPLICIT-7C47567C766E133F,UNRESOLVED_IDENTITY,M0,E0,QUARANTINE_UNTIL_DEFINED,TASK99_MACHINE_TRIAGED_EXPLICIT_QUARANTINE,1,0,0
IMPLICIT-7C54CDA0BC237FAF,UNRESOLVED_IDENTITY,M0,E0,QUARANTINE_UNTIL_DEFINED,TASK99_MACHINE_TRIAGED_EXPLICIT_QUARANTINE,1,0,0
IMPLICIT-7C728EA9580D3100,UNRESOLVED_IDENTITY,M0,E0,QUARANTINE_UNTIL_DEFINED,TASK99_MACHINE_TRIAGED_EXPLICIT_QUARANTINE,1,0,0
IMPLICIT-7C862C0DD695646C,UNRESOLVED_IDENTITY,M0,E0,QUARANTINE_UNTIL_DEFINED,TASK99_MACHINE_TRIAGED_EXPLICIT_QUARANTINE,1,0,0
IMPLICIT-7C8F36C7774A1B80,UNRESOLVED_IDENTITY,M0,E0,QUARANTINE_UNTIL_DEFINED,TASK99_MACHINE_TRIAGED_EXPLICIT_QUARANTINE,1,0,0
IMPLICIT-7C8FBD4D5AD00619,ALGORITHM_OR_WORKFLOW,M1,E0,KEEP_AS_ALGORITHM,TASK99_REPOSITORY_EVIDENCE_ADJUDICATED,1,0,0
IMPLICIT-7C97C331CEF68AEE,UNRESOLVED_IDENTITY,M0,E0,QUARANTINE_UNTIL_DEFINED,TASK99_MACHINE_TRIAGED_EXPLICIT_QUARANTINE,1,0,0
IMPLICIT-7CB1093137EA1B81,UNRESOLVED_IDENTITY,M0,E0,QUARANTINE_UNTIL_DEFINED,TASK99_MACHINE_TRIAGED_EXPLICIT_QUARANTINE,1,0,0
IMPLICIT-7CBACE5598C4F1D6,UNRESOLVED_IDENTITY,M0,E0,QUARANTINE_UNTIL_DEFINED,TASK99_MACHINE_TRIAGED_EXPLICIT_QUARANTINE,1,0,0
IMPLICIT-7CCB30DFAFF5F024,UNRESOLVED_IDENTITY,M0,E0,QUARANTINE_UNTIL_DEFINED,TASK99_MACHINE_TRIAGED_EXPLICIT_QUARANTINE,1,0,0
IMPLICIT-7CD2048818F8792F,UNRESOLVED_IDENTITY,M0,E0,QUARANTINE_UNTIL_DEFINED,TASK99_MACHINE_TRIAGED_EXPLICIT_QUARANTINE,1,0,0
IMPLICIT-7CDA1A534FC9D5FA,ALGORITHM_OR_WORKFLOW,M2,E0,KEEP_AS_ALGORITHM,TASK99_REPOSITORY_EVIDENCE_ADJUDICATED,1,0,0
IMPLICIT-7D08C0500228EDD9,UNRESOLVED_IDENTITY,M0,E0,QUARANTINE_UNTIL_DEFINED,TASK99_MACHINE_TRIAGED_EXPLICIT_QUARANTINE,1,0,0
IMPLICIT-7D16F1A79CF30CF8,ALGORITHM_OR_WORKFLOW,M1,E0,KEEP_AS_ALGORITHM,TASK99_REPOSITORY_EVIDENCE_ADJUDICATED,1,0,0
IMPLICIT-7D1E0B1D9482A5D6,UNRESOLVED_IDENTITY,M0,E0,QUARANTINE_UNTIL_DEFINED,TASK99_MACHINE_TRIAGED_EXPLICIT_QUARANTINE,1,0,0
IMPLICIT-7D2D0F932C659F9E,UNRESOLVED_IDENTITY,M0,E0,QUARANTINE_UNTIL_DEFINED,TASK99_MACHINE_TRIAGED_EXPLICIT_QUARANTINE,1,0,0
IMPLICIT-7D3D16B995C8EF8D,UNRESOLVED_IDENTITY,M0,E0,QUARANTINE_UNTIL_DEFINED,TASK99_MACHINE_TRIAGED_EXPLICIT_QUARANTINE,1,0,0
IMPLICIT-7D3FBF018D5818B7,ALGORITHM_OR_WORKFLOW,M1,E0,KEEP_AS_ALGORITHM,TASK99_REPOSITORY_EVIDENCE_ADJUDICATED,1,0,0
IMPLICIT-7D46D498B1E71E59,UNRESOLVED_IDENTITY,M0,E0,QUARANTINE_UNTIL_DEFINED,TASK99_MACHINE_TRIAGED_EXPLICIT_QUARANTINE,1,0,0
IMPLICIT-7D4ABCA1B20020F4,UNRESOLVED_IDENTITY,M0,E0,QUARANTINE_UNTIL_DEFINED,TASK99_MACHINE_TRIAGED_EXPLICIT_QUARANTINE,1,0,0
IMPLICIT-7D5638C0FC885B5C,ALGORITHM_OR_WORKFLOW,M2,E0,KEEP_AS_ALGORITHM,TASK99_REPOSITORY_EVIDENCE_ADJUDICATED,1,0,0
IMPLICIT-7D5E859043317ECD,UNRESOLVED_IDENTITY,M0,E0,QUARANTINE_UNTIL_DEFINED,TASK99_MACHINE_TRIAGED_EXPLICIT_QUARANTINE,1,0,0
IMPLICIT-7D60A22E7B1218A5,ALGORITHM_OR_WORKFLOW,M2,E0,KEEP_AS_ALGORITHM,TASK99_REPOSITORY_EVIDENCE_ADJUDICATED,1,0,0
IMPLICIT-7D6637A26796E13D,UNRESOLVED_IDENTITY,M0,E0,QUARANTINE_UNTIL_DEFINED,TASK99_MACHINE_TRIAGED_EXPLICIT_QUARANTINE,1,0,0
IMPLICIT-7D6B001E7CA0FF68,UNRESOLVED_IDENTITY,M0,E0,QUARANTINE_UNTIL_DEFINED,TASK99_MACHINE_TRIAGED_EXPLICIT_QUARANTINE,1,0,0
IMPLICIT-7D8D6CD64B399261,UNRESOLVED_IDENTITY,M0,E0,QUARANTINE_UNTIL_DEFINED,TASK99_MACHINE_TRIAGED_EXPLICIT_QUARANTINE,1,0,0
IMPLICIT-7D9F06E495611E40,UNRESOLVED_IDENTITY,M0,E0,QUARANTINE_UNTIL_DEFINED,TASK99_MACHINE_TRIAGED_EXPLICIT_QUARANTINE,1,0,0
IMPLICIT-7DA9656059AA2661,UNRESOLVED_IDENTITY,M0,E0,QUARANTINE_UNTIL_DEFINED,TASK99_MACHINE_TRIAGED_EXPLICIT_QUARANTINE,1,0,0
IMPLICIT-7DB07207E6DAB66A,UNRESOLVED_IDENTITY,M0,E0,QUARANTINE_UNTIL_DEFINED,TASK99_MACHINE_TRIAGED_EXPLICIT_QUARANTINE,1,0,0
IMPLICIT-7DD2D8A68DFC9641,UNRESOLVED_IDENTITY,M0,E0,QUARANTINE_UNTIL_DEFINED,TASK99_MACHINE_TRIAGED_EXPLICIT_QUARANTINE,1,0,0
IMPLICIT-7DEE10F6C212C944,UNRESOLVED_IDENTITY,M0,E0,QUARANTINE_UNTIL_DEFINED,TASK99_MACHINE_TRIAGED_EXPLICIT_QUARANTINE,1,0,0
IMPLICIT-7DF445E2F2765FFE,ALGORITHM_OR_WORKFLOW,M2,E0,KEEP_AS_ALGORITHM,TASK99_REPOSITORY_EVIDENCE_ADJUDICATED,1,0,0
IMPLICIT-7E289724C94B2215,UNRESOLVED_IDENTITY,M0,E0,QUARANTINE_UNTIL_DEFINED,TASK99_MACHINE_TRIAGED_EXPLICIT_QUARANTINE,1,0,0
IMPLICIT-7E316C485E26B13D,UNRESOLVED_IDENTITY,M0,E0,QUARANTINE_UNTIL_DEFINED,TASK99_MACHINE_TRIAGED_EXPLICIT_QUARANTINE,1,0,0
IMPLICIT-7E351C611EFB6A90,UNRESOLVED_IDENTITY,M0,E0,QUARANTINE_UNTIL_DEFINED,TASK99_MACHINE_TRIAGED_EXPLICIT_QUARANTINE,1,0,0
IMPLICIT-7E3B952917D53429,ALGORITHM_OR_WORKFLOW,M2,E0,KEEP_AS_ALGORITHM,TASK99_REPOSITORY_EVIDENCE_ADJUDICATED,1,0,0
IMPLICIT-7E4DFEE2D84F9CC4,UNRESOLVED_IDENTITY,M0,E0,QUARANTINE_UNTIL_DEFINED,TASK99_MACHINE_TRIAGED_EXPLICIT_QUARANTINE,1,0,0
IMPLICIT-7E7648AB7046C0D8,UNRESOLVED_IDENTITY,M0,E0,QUARANTINE_UNTIL_DEFINED,TASK99_MACHINE_TRIAGED_EXPLICIT_QUARANTINE,1,0,0
IMPLICIT-7E8B80A55601B000,ALGORITHM_OR_WORKFLOW,M2,E0,KEEP_AS_ALGORITHM,TASK99_REPOSITORY_EVIDENCE_ADJUDICATED,1,0,0
IMPLICIT-7E92FC44285573D3,UNRESOLVED_IDENTITY,M0,E0,QUARANTINE_UNTIL_DEFINED,TASK99_MACHINE_TRIAGED_EXPLICIT_QUARANTINE,1,0,0
IMPLICIT-7E993B0D5EA9EAAE,UNRESOLVED_IDENTITY,M0,E0,QUARANTINE_UNTIL_DEFINED,TASK99_MACHINE_TRIAGED_EXPLICIT_QUARANTINE,1,0,0
IMPLICIT-7EB0AE37378B0F23,UNRESOLVED_IDENTITY,M0,E0,QUARANTINE_UNTIL_DEFINED,TASK99_MACHINE_TRIAGED_EXPLICIT_QUARANTINE,1,0,0
IMPLICIT-7EC1C9F796492CDE,UNRESOLVED_IDENTITY,M0,E0,QUARANTINE_UNTIL_DEFINED,TASK99_MACHINE_TRIAGED_EXPLICIT_QUARANTINE,1,0,0
IMPLICIT-7EC90C21AAC6AD70,UNRESOLVED_IDENTITY,M0,E0,QUARANTINE_UNTIL_DEFINED,TASK99_MACHINE_TRIAGED_EXPLICIT_QUARANTINE,1,0,0
IMPLICIT-7ECE46296381F4DF,UNRESOLVED_IDENTITY,M0,E0,QUARANTINE_UNTIL_DEFINED,TASK99_MACHINE_TRIAGED_EXPLICIT_QUARANTINE,1,0,0
IMPLICIT-7ED9C2D5328F25C5,UNRESOLVED_IDENTITY,M0,E0,QUARANTINE_UNTIL_DEFINED,TASK99_MACHINE_TRIAGED_EXPLICIT_QUARANTINE,1,0,0
IMPLICIT-7EFC49161EA3C71A,UNRESOLVED_IDENTITY,M0,E0,QUARANTINE_UNTIL_DEFINED,TASK99_MACHINE_TRIAGED_EXPLICIT_QUARANTINE,1,0,0
IMPLICIT-7F38B8E6A04EF706,UNRESOLVED_IDENTITY,M0,E0,QUARANTINE_UNTIL_DEFINED,TASK99_MACHINE_TRIAGED_EXPLICIT_QUARANTINE,1,0,0
IMPLICIT-7F3A7B2CA6439AF1,ALGORITHM_OR_WORKFLOW,M1,E0,KEEP_AS_ALGORITHM,TASK99_REPOSITORY_EVIDENCE_ADJUDICATED,1,0,0
IMPLICIT-7F505C59A85AC592,UNRESOLVED_IDENTITY,M0,E0,QUARANTINE_UNTIL_DEFINED,TASK99_MACHINE_TRIAGED_EXPLICIT_QUARANTINE,1,0,0
IMPLICIT-7F632FE21B67D084,UNRESOLVED_IDENTITY,M0,E0,QUARANTINE_UNTIL_DEFINED,TASK99_MACHINE_TRIAGED_EXPLICIT_QUARANTINE,1,0,0
IMPLICIT-7F7816A028C75EFA,UNRESOLVED_IDENTITY,M0,E0,QUARANTINE_UNTIL_DEFINED,TASK99_MACHINE_TRIAGED_EXPLICIT_QUARANTINE,1,0,0
IMPLICIT-7F833B28682DC595,ALGORITHM_OR_WORKFLOW,M2,E0,KEEP_AS_ALGORITHM,TASK99_REPOSITORY_EVIDENCE_ADJUDICATED,1,0,0
IMPLICIT-7F8EBDDAE0397CD6,UNRESOLVED_IDENTITY,M0,E0,QUARANTINE_UNTIL_DEFINED,TASK99_MACHINE_TRIAGED_EXPLICIT_QUARANTINE,1,0,0
IMPLICIT-7F8FF5550FF7EE17,UNRESOLVED_IDENTITY,M0,E0,QUARANTINE_UNTIL_DEFINED,TASK99_MACHINE_TRIAGED_EXPLICIT_QUARANTINE,1,0,0
IMPLICIT-7F90EFD74CAB3B43,UNRESOLVED_IDENTITY,M0,E0,QUARANTINE_UNTIL_DEFINED,TASK99_MACHINE_TRIAGED_EXPLICIT_QUARANTINE,1,0,0
IMPLICIT-7F91AEB86D9109DB,ALGORITHM_OR_WORKFLOW,M2,E0,KEEP_AS_ALGORITHM,TASK99_REPOSITORY_EVIDENCE_ADJUDICATED,1,0,0
IMPLICIT-7F9A91D78148C651,UNRESOLVED_IDENTITY,M0,E0,QUARANTINE_UNTIL_DEFINED,TASK99_MACHINE_TRIAGED_EXPLICIT_QUARANTINE,1,0,0
IMPLICIT-7F9D129F44993865,UNRESOLVED_IDENTITY,M0,E0,QUARANTINE_UNTIL_DEFINED,TASK99_MACHINE_TRIAGED_EXPLICIT_QUARANTINE,1,0,0
IMPLICIT-7FCED2D138811BF2,UNRESOLVED_IDENTITY,M0,E0,QUARANTINE_UNTIL_DEFINED,TASK99_MACHINE_TRIAGED_EXPLICIT_QUARANTINE,1,0,0
IMPLICIT-7FDE33F2EDDE3793,UNRESOLVED_IDENTITY,M0,E0,QUARANTINE_UNTIL_DEFINED,TASK99_MACHINE_TRIAGED_EXPLICIT_QUARANTINE,1,0,0
IMPLICIT-7FF9CE8AB2B53E03,ALGORITHM_OR_WORKFLOW,M1,E0,KEEP_AS_ALGORITHM,TASK99_REPOSITORY_EVIDENCE_ADJUDICATED,1,0,0
IMPLICIT-800C60D3B9CD68A0,UNRESOLVED_IDENTITY,M0,E0,QUARANTINE_UNTIL_DEFINED,TASK99_MACHINE_TRIAGED_EXPLICIT_QUARANTINE,1,0,0
IMPLICIT-800C630A93E8FAA0,ALGORITHM_OR_WORKFLOW,M1,E0,KEEP_AS_ALGORITHM,TASK99_REPOSITORY_EVIDENCE_ADJUDICATED,1,0,0
IMPLICIT-80188B02103A8293,ALGORITHM_OR_WORKFLOW,M1,E0,KEEP_AS_ALGORITHM,TASK99_REPOSITORY_EVIDENCE_ADJUDICATED,1,0,0
IMPLICIT-80248F92D844A9E7,UNRESOLVED_IDENTITY,M0,E0,QUARANTINE_UNTIL_DEFINED,TASK99_MACHINE_TRIAGED_EXPLICIT_QUARANTINE,1,0,0
IMPLICIT-802A3A2C0A251BB4,UNRESOLVED_IDENTITY,M0,E0,QUARANTINE_UNTIL_DEFINED,TASK99_MACHINE_TRIAGED_EXPLICIT_QUARANTINE,1,0,0
IMPLICIT-803B57289ACAF653,UNRESOLVED_IDENTITY,M0,E0,QUARANTINE_UNTIL_DEFINED,TASK99_MACHINE_TRIAGED_EXPLICIT_QUARANTINE,1,0,0
IMPLICIT-8043454489A22539,UNRESOLVED_IDENTITY,M0,E0,QUARANTINE_UNTIL_DEFINED,TASK99_MACHINE_TRIAGED_EXPLICIT_QUARANTINE,1,0,0
IMPLICIT-805CC614B5555D20,UNRESOLVED_IDENTITY,M0,E0,QUARANTINE_UNTIL_DEFINED,TASK99_MACHINE_TRIAGED_EXPLICIT_QUARANTINE,1,0,0
IMPLICIT-806232FC674095FA,UNRESOLVED_IDENTITY,M0,E0,QUARANTINE_UNTIL_DEFINED,TASK99_MACHINE_TRIAGED_EXPLICIT_QUARANTINE,1,0,0
IMPLICIT-8064B677F7A2F245,UNRESOLVED_IDENTITY,M0,E0,QUARANTINE_UNTIL_DEFINED,TASK99_MACHINE_TRIAGED_EXPLICIT_QUARANTINE,1,0,0
IMPLICIT-80957DA18DE64A01,UNRESOLVED_IDENTITY,M0,E0,QUARANTINE_UNTIL_DEFINED,TASK99_MACHINE_TRIAGED_EXPLICIT_QUARANTINE,1,0,0
IMPLICIT-80C212D141C63D13,ALGORITHM_OR_WORKFLOW,M1,E0,KEEP_AS_ALGORITHM,TASK99_REPOSITORY_EVIDENCE_ADJUDICATED,1,0,0
IMPLICIT-80C4CA8ED525C020,UNRESOLVED_IDENTITY,M0,E0,QUARANTINE_UNTIL_DEFINED,TASK99_MACHINE_TRIAGED_EXPLICIT_QUARANTINE,1,0,0
IMPLICIT-80CA33D4650E7DDE,UNRESOLVED_IDENTITY,M0,E0,QUARANTINE_UNTIL_DEFINED,TASK99_MACHINE_TRIAGED_EXPLICIT_QUARANTINE,1,0,0
IMPLICIT-80D8DAEB7B70D4BB,UNRESOLVED_IDENTITY,M0,E0,QUARANTINE_UNTIL_DEFINED,TASK99_MACHINE_TRIAGED_EXPLICIT_QUARANTINE,1,0,0
IMPLICIT-80F23A4EBC52B35E,UNRESOLVED_IDENTITY,M0,E0,QUARANTINE_UNTIL_DEFINED,TASK99_MACHINE_TRIAGED_EXPLICIT_QUARANTINE,1,0,0
IMPLICIT-810C673EFBB69399,UNRESOLVED_IDENTITY,M0,E0,QUARANTINE_UNTIL_DEFINED,TASK99_MACHINE_TRIAGED_EXPLICIT_QUARANTINE,1,0,0
IMPLICIT-815031B4E04FC55D,UNRESOLVED_IDENTITY,M0,E0,QUARANTINE_UNTIL_DEFINED,TASK99_MACHINE_TRIAGED_EXPLICIT_QUARANTINE,1,0,0
IMPLICIT-81522EF5CE065884,UNRESOLVED_IDENTITY,M0,E0,QUARANTINE_UNTIL_DEFINED,TASK99_MACHINE_TRIAGED_EXPLICIT_QUARANTINE,1,0,0
IMPLICIT-815C6461DC8B6A5B,UNRESOLVED_IDENTITY,M0,E0,QUARANTINE_UNTIL_DEFINED,TASK99_MACHINE_TRIAGED_EXPLICIT_QUARANTINE,1,0,0
IMPLICIT-815D61E054B0B917,UNRESOLVED_IDENTITY,M0,E0,QUARANTINE_UNTIL_DEFINED,TASK99_MACHINE_TRIAGED_EXPLICIT_QUARANTINE,1,0,0
IMPLICIT-8162042276C83EF0,UNRESOLVED_IDENTITY,M0,E0,QUARANTINE_UNTIL_DEFINED,TASK99_MACHINE_TRIAGED_EXPLICIT_QUARANTINE,1,0,0
IMPLICIT-816D0809F882F50E,UNRESOLVED_IDENTITY,M0,E0,QUARANTINE_UNTIL_DEFINED,TASK99_MACHINE_TRIAGED_EXPLICIT_QUARANTINE,1,0,0
IMPLICIT-816E5C0F6B64F81D,UNRESOLVED_IDENTITY,M0,E0,QUARANTINE_UNTIL_DEFINED,TASK99_MACHINE_TRIAGED_EXPLICIT_QUARANTINE,1,0,0
IMPLICIT-816FCDF2F3267F2D,UNRESOLVED_IDENTITY,M0,E0,QUARANTINE_UNTIL_DEFINED,TASK99_MACHINE_TRIAGED_EXPLICIT_QUARANTINE,1,0,0
IMPLICIT-817B64651E35BF5B,UNRESOLVED_IDENTITY,M0,E0,QUARANTINE_UNTIL_DEFINED,TASK99_MACHINE_TRIAGED_EXPLICIT_QUARANTINE,1,0,0
IMPLICIT-818DAE19E01A8356,UNRESOLVED_IDENTITY,M0,E0,QUARANTINE_UNTIL_DEFINED,TASK99_MACHINE_TRIAGED_EXPLICIT_QUARANTINE,1,0,0
IMPLICIT-81A1AD3B0D8DC712,UNRESOLVED_IDENTITY,M0,E0,QUARANTINE_UNTIL_DEFINED,TASK99_MACHINE_TRIAGED_EXPLICIT_QUARANTINE,1,0,0
IMPLICIT-81D08491EDAFC45B,UNRESOLVED_IDENTITY,M0,E0,QUARANTINE_UNTIL_DEFINED,TASK99_MACHINE_TRIAGED_EXPLICIT_QUARANTINE,1,0,0
IMPLICIT-81DCE019E4BE4AD2,UNRESOLVED_IDENTITY,M0,E0,QUARANTINE_UNTIL_DEFINED,TASK99_MACHINE_TRIAGED_EXPLICIT_QUARANTINE,1,0,0
IMPLICIT-81E03D56F4B88674,ALGORITHM_OR_WORKFLOW,M1,E0,KEEP_AS_ALGORITHM,TASK99_REPOSITORY_EVIDENCE_ADJUDICATED,1,0,0
IMPLICIT-81E0510791433146,ALGORITHM_OR_WORKFLOW,M1,E0,KEEP_AS_ALGORITHM,TASK99_REPOSITORY_EVIDENCE_ADJUDICATED,1,0,0
IMPLICIT-81E8DC884D85620E,UNRESOLVED_IDENTITY,M0,E0,QUARANTINE_UNTIL_DEFINED,TASK99_MACHINE_TRIAGED_EXPLICIT_QUARANTINE,1,0,0
IMPLICIT-81EA776CBE12F3CE,ALGORITHM_OR_WORKFLOW,M2,E0,KEEP_AS_ALGORITHM,TASK99_REPOSITORY_EVIDENCE_ADJUDICATED,1,0,0
IMPLICIT-81EE90D6BF80F7F3,ALGORITHM_OR_WORKFLOW,M2,E0,KEEP_AS_ALGORITHM,TASK99_REPOSITORY_EVIDENCE_ADJUDICATED,1,0,0
IMPLICIT-81F4EADAFE7C6FCF,UNRESOLVED_IDENTITY,M0,E0,QUARANTINE_UNTIL_DEFINED,TASK99_MACHINE_TRIAGED_EXPLICIT_QUARANTINE,1,0,0
IMPLICIT-81F780C97E0D1A08,ALGORITHM_OR_WORKFLOW,M2,E0,KEEP_AS_ALGORITHM,TASK99_REPOSITORY_EVIDENCE_ADJUDICATED,1,0,0
IMPLICIT-8202BD39B4D2A7C1,UNRESOLVED_IDENTITY,M0,E0,QUARANTINE_UNTIL_DEFINED,TASK99_MACHINE_TRIAGED_EXPLICIT_QUARANTINE,1,0,0
IMPLICIT-8208E5054631BA5E,ALGORITHM_OR_WORKFLOW,M2,E0,KEEP_AS_ALGORITHM,TASK99_REPOSITORY_EVIDENCE_ADJUDICATED,1,0,0
IMPLICIT-820AE06AC7603634,ALGORITHM_OR_WORKFLOW,M1,E0,KEEP_AS_ALGORITHM,TASK99_REPOSITORY_EVIDENCE_ADJUDICATED,1,0,0
IMPLICIT-8216420A31C8B04E,UNRESOLVED_IDENTITY,M0,E0,QUARANTINE_UNTIL_DEFINED,TASK99_MACHINE_TRIAGED_EXPLICIT_QUARANTINE,1,0,0
IMPLICIT-823EC70EBF801102,UNRESOLVED_IDENTITY,M0,E0,QUARANTINE_UNTIL_DEFINED,TASK99_MACHINE_TRIAGED_EXPLICIT_QUARANTINE,1,0,0
IMPLICIT-8260E3912F40EDA7,UNRESOLVED_IDENTITY,M0,E0,QUARANTINE_UNTIL_DEFINED,TASK99_MACHINE_TRIAGED_EXPLICIT_QUARANTINE,1,0,0
IMPLICIT-8283AA10BCACD392,UNRESOLVED_IDENTITY,M0,E0,QUARANTINE_UNTIL_DEFINED,TASK99_MACHINE_TRIAGED_EXPLICIT_QUARANTINE,1,0,0
IMPLICIT-82AEDE556B9055FC,UNRESOLVED_IDENTITY,M0,E0,QUARANTINE_UNTIL_DEFINED,TASK99_MACHINE_TRIAGED_EXPLICIT_QUARANTINE,1,0,0
IMPLICIT-82F6BC99AAD16D9A,UNRESOLVED_IDENTITY,M0,E0,QUARANTINE_UNTIL_DEFINED,TASK99_MACHINE_TRIAGED_EXPLICIT_QUARANTINE,1,0,0
IMPLICIT-8338FFDF8CDCBDA9,UNRESOLVED_IDENTITY,M0,E0,QUARANTINE_UNTIL_DEFINED,TASK99_MACHINE_TRIAGED_EXPLICIT_QUARANTINE,1,0,0
IMPLICIT-833AD7F9CD249FF1,ALGORITHM_OR_WORKFLOW,M1,E0,KEEP_AS_ALGORITHM,TASK99_REPOSITORY_EVIDENCE_ADJUDICATED,1,0,0
IMPLICIT-83692E4C4A0EE6C0,UNRESOLVED_IDENTITY,M0,E0,QUARANTINE_UNTIL_DEFINED,TASK99_MACHINE_TRIAGED_EXPLICIT_QUARANTINE,1,0,0
IMPLICIT-836E28634CC713FA,UNRESOLVED_IDENTITY,M0,E0,QUARANTINE_UNTIL_DEFINED,TASK99_MACHINE_TRIAGED_EXPLICIT_QUARANTINE,1,0,0
IMPLICIT-837767434BBA2950,ALGORITHM_OR_WORKFLOW,M2,E0,KEEP_AS_ALGORITHM,TASK99_REPOSITORY_EVIDENCE_ADJUDICATED,1,0,0
IMPLICIT-837855E889C44DB4,UNRESOLVED_IDENTITY,M0,E0,QUARANTINE_UNTIL_DEFINED,TASK99_MACHINE_TRIAGED_EXPLICIT_QUARANTINE,1,0,0
IMPLICIT-8378B36DDB8D80F6,UNRESOLVED_IDENTITY,M0,E0,QUARANTINE_UNTIL_DEFINED,TASK99_MACHINE_TRIAGED_EXPLICIT_QUARANTINE,1,0,0
IMPLICIT-839A1DCB36B83F13,UNRESOLVED_IDENTITY,M0,E0,QUARANTINE_UNTIL_DEFINED,TASK99_MACHINE_TRIAGED_EXPLICIT_QUARANTINE,1,0,0
IMPLICIT-83BD9727261119F6,UNRESOLVED_IDENTITY,M0,E0,QUARANTINE_UNTIL_DEFINED,TASK99_MACHINE_TRIAGED_EXPLICIT_QUARANTINE,1,0,0
IMPLICIT-83CED574F01B7483,UNRESOLVED_IDENTITY,M0,E0,QUARANTINE_UNTIL_DEFINED,TASK99_MACHINE_TRIAGED_EXPLICIT_QUARANTINE,1,0,0
IMPLICIT-83DA1A2A62F41F7F,UNRESOLVED_IDENTITY,M0,E0,QUARANTINE_UNTIL_DEFINED,TASK99_MACHINE_TRIAGED_EXPLICIT_QUARANTINE,1,0,0
IMPLICIT-840D0E1D6F111397,UNRESOLVED_IDENTITY,M0,E0,QUARANTINE_UNTIL_DEFINED,TASK99_MACHINE_TRIAGED_EXPLICIT_QUARANTINE,1,0,0
IMPLICIT-84296648F304D09A,ALGORITHM_OR_WORKFLOW,M1,E0,KEEP_AS_ALGORITHM,TASK99_REPOSITORY_EVIDENCE_ADJUDICATED,1,0,0
IMPLICIT-8435C6DD1804BAFF,ALGORITHM_OR_WORKFLOW,M2,E0,KEEP_AS_ALGORITHM,TASK99_REPOSITORY_EVIDENCE_ADJUDICATED,1,0,0
IMPLICIT-84372BB5B4CC5C14,UNRESOLVED_IDENTITY,M0,E0,QUARANTINE_UNTIL_DEFINED,TASK99_MACHINE_TRIAGED_EXPLICIT_QUARANTINE,1,0,0
IMPLICIT-8447A4CB486654AF,UNRESOLVED_IDENTITY,M0,E0,QUARANTINE_UNTIL_DEFINED,TASK99_MACHINE_TRIAGED_EXPLICIT_QUARANTINE,1,0,0
IMPLICIT-844C9D21D563AE5D,UNRESOLVED_IDENTITY,M0,E0,QUARANTINE_UNTIL_DEFINED,TASK99_MACHINE_TRIAGED_EXPLICIT_QUARANTINE,1,0,0
IMPLICIT-84583BD810B7F4AF,ALGORITHM_OR_WORKFLOW,M1,E0,KEEP_AS_ALGORITHM,TASK99_REPOSITORY_EVIDENCE_ADJUDICATED,1,0,0
IMPLICIT-8466D2546DBBC8D3,UNRESOLVED_IDENTITY,M0,E0,QUARANTINE_UNTIL_DEFINED,TASK99_MACHINE_TRIAGED_EXPLICIT_QUARANTINE,1,0,0
IMPLICIT-8491C68506F65D45,UNRESOLVED_IDENTITY,M0,E0,QUARANTINE_UNTIL_DEFINED,TASK99_MACHINE_TRIAGED_EXPLICIT_QUARANTINE,1,0,0
IMPLICIT-849C846217A95BE1,UNRESOLVED_IDENTITY,M0,E0,QUARANTINE_UNTIL_DEFINED,TASK99_MACHINE_TRIAGED_EXPLICIT_QUARANTINE,1,0,0
IMPLICIT-84A1762B8D9CC548,ALGORITHM_OR_WORKFLOW,M2,E0,KEEP_AS_ALGORITHM,TASK99_REPOSITORY_EVIDENCE_ADJUDICATED,1,0,0
IMPLICIT-84D04DCFC4A031C8,ALGORITHM_OR_WORKFLOW,M1,E0,KEEP_AS_ALGORITHM,TASK99_REPOSITORY_EVIDENCE_ADJUDICATED,1,0,0
IMPLICIT-84E703271E6C7C09,ALGORITHM_OR_WORKFLOW,M2,E0,KEEP_AS_ALGORITHM,TASK99_REPOSITORY_EVIDENCE_ADJUDICATED,1,0,0
IMPLICIT-84F508E0DED2DC60,UNRESOLVED_IDENTITY,M0,E0,QUARANTINE_UNTIL_DEFINED,TASK99_MACHINE_TRIAGED_EXPLICIT_QUARANTINE,1,0,0
IMPLICIT-85027B91770242CD,UNRESOLVED_IDENTITY,M0,E0,QUARANTINE_UNTIL_DEFINED,TASK99_MACHINE_TRIAGED_EXPLICIT_QUARANTINE,1,0,0
IMPLICIT-8505F775CFB985D6,UNRESOLVED_IDENTITY,M0,E0,QUARANTINE_UNTIL_DEFINED,TASK99_MACHINE_TRIAGED_EXPLICIT_QUARANTINE,1,0,0
IMPLICIT-850F61215DF6B742,UNRESOLVED_IDENTITY,M0,E0,QUARANTINE_UNTIL_DEFINED,TASK99_MACHINE_TRIAGED_EXPLICIT_QUARANTINE,1,0,0
IMPLICIT-8531FC9DC5E4930A,UNRESOLVED_IDENTITY,M0,E0,QUARANTINE_UNTIL_DEFINED,TASK99_MACHINE_TRIAGED_EXPLICIT_QUARANTINE,1,0,0
IMPLICIT-85401F07C8B09F27,UNRESOLVED_IDENTITY,M0,E0,QUARANTINE_UNTIL_DEFINED,TASK99_MACHINE_TRIAGED_EXPLICIT_QUARANTINE,1,0,0
IMPLICIT-854C67528F7AB092,UNRESOLVED_IDENTITY,M0,E0,QUARANTINE_UNTIL_DEFINED,TASK99_MACHINE_TRIAGED_EXPLICIT_QUARANTINE,1,0,0
IMPLICIT-854C9E7C0AD01410,UNRESOLVED_IDENTITY,M0,E0,QUARANTINE_UNTIL_DEFINED,TASK99_MACHINE_TRIAGED_EXPLICIT_QUARANTINE,1,0,0
IMPLICIT-855037AA07AE12E2,UNRESOLVED_IDENTITY,M0,E0,QUARANTINE_UNTIL_DEFINED,TASK99_MACHINE_TRIAGED_EXPLICIT_QUARANTINE,1,0,0
IMPLICIT-8556994A88A304B8,UNRESOLVED_IDENTITY,M0,E0,QUARANTINE_UNTIL_DEFINED,TASK99_MACHINE_TRIAGED_EXPLICIT_QUARANTINE,1,0,0
IMPLICIT-856B9F6156989BE9,UNRESOLVED_IDENTITY,M0,E0,QUARANTINE_UNTIL_DEFINED,TASK99_MACHINE_TRIAGED_EXPLICIT_QUARANTINE,1,0,0
IMPLICIT-85764D40F89B6026,UNRESOLVED_IDENTITY,M0,E0,QUARANTINE_UNTIL_DEFINED,TASK99_MACHINE_TRIAGED_EXPLICIT_QUARANTINE,1,0,0
IMPLICIT-857B303B0F043AC8,ALGORITHM_OR_WORKFLOW,M2,E0,KEEP_AS_ALGORITHM,TASK99_REPOSITORY_EVIDENCE_ADJUDICATED,1,0,0
IMPLICIT-858662FEC69FEED1,UNRESOLVED_IDENTITY,M0,E0,QUARANTINE_UNTIL_DEFINED,TASK99_MACHINE_TRIAGED_EXPLICIT_QUARANTINE,1,0,0
IMPLICIT-8586D24697CBEF48,UNRESOLVED_IDENTITY,M0,E0,QUARANTINE_UNTIL_DEFINED,TASK99_MACHINE_TRIAGED_EXPLICIT_QUARANTINE,1,0,0
IMPLICIT-858DB201D1DF5D3F,UNRESOLVED_IDENTITY,M0,E0,QUARANTINE_UNTIL_DEFINED,TASK99_MACHINE_TRIAGED_EXPLICIT_QUARANTINE,1,0,0
IMPLICIT-85A83695519F798E,ALGORITHM_OR_WORKFLOW,M1,E0,KEEP_AS_ALGORITHM,TASK99_REPOSITORY_EVIDENCE_ADJUDICATED,1,0,0
IMPLICIT-85B89CF1A0967CDF,UNRESOLVED_IDENTITY,M0,E0,QUARANTINE_UNTIL_DEFINED,TASK99_MACHINE_TRIAGED_EXPLICIT_QUARANTINE,1,0,0
IMPLICIT-85BD4D05233110FE,UNRESOLVED_IDENTITY,M0,E0,QUARANTINE_UNTIL_DEFINED,TASK99_MACHINE_TRIAGED_EXPLICIT_QUARANTINE,1,0,0
IMPLICIT-85C40B081056DEBA,ALGORITHM_OR_WORKFLOW,M1,E0,KEEP_AS_ALGORITHM,TASK99_REPOSITORY_EVIDENCE_ADJUDICATED,1,0,0
IMPLICIT-85C83F56F4FCC9A3,UNRESOLVED_IDENTITY,M0,E0,QUARANTINE_UNTIL_DEFINED,TASK99_MACHINE_TRIAGED_EXPLICIT_QUARANTINE,1,0,0
IMPLICIT-85CF3690E427D478,UNRESOLVED_IDENTITY,M0,E0,QUARANTINE_UNTIL_DEFINED,TASK99_MACHINE_TRIAGED_EXPLICIT_QUARANTINE,1,0,0
IMPLICIT-85DECB56658258F2,ALGORITHM_OR_WORKFLOW,M1,E0,KEEP_AS_ALGORITHM,TASK99_REPOSITORY_EVIDENCE_ADJUDICATED,1,0,0
IMPLICIT-85E69D2E41949FA9,UNRESOLVED_IDENTITY,M0,E0,QUARANTINE_UNTIL_DEFINED,TASK99_MACHINE_TRIAGED_EXPLICIT_QUARANTINE,1,0,0
IMPLICIT-85EB19C739FEE56B,ALGORITHM_OR_WORKFLOW,M2,E0,KEEP_AS_ALGORITHM,TASK99_REPOSITORY_EVIDENCE_ADJUDICATED,1,0,0
IMPLICIT-864C55E012FB95BA,UNRESOLVED_IDENTITY,M0,E0,QUARANTINE_UNTIL_DEFINED,TASK99_MACHINE_TRIAGED_EXPLICIT_QUARANTINE,1,0,0
IMPLICIT-8656A02D2C1C043F,UNRESOLVED_IDENTITY,M0,E0,QUARANTINE_UNTIL_DEFINED,TASK99_MACHINE_TRIAGED_EXPLICIT_QUARANTINE,1,0,0
IMPLICIT-866360AD4BFEA4FA,UNRESOLVED_IDENTITY,M0,E0,QUARANTINE_UNTIL_DEFINED,TASK99_MACHINE_TRIAGED_EXPLICIT_QUARANTINE,1,0,0
IMPLICIT-8667EA55C34667CD,UNRESOLVED_IDENTITY,M0,E0,QUARANTINE_UNTIL_DEFINED,TASK99_MACHINE_TRIAGED_EXPLICIT_QUARANTINE,1,0,0
IMPLICIT-8683BBE7F2641C48,UNRESOLVED_IDENTITY,M0,E0,QUARANTINE_UNTIL_DEFINED,TASK99_MACHINE_TRIAGED_EXPLICIT_QUARANTINE,1,0,0
IMPLICIT-868E3234B2BEC52B,UNRESOLVED_IDENTITY,M0,E0,QUARANTINE_UNTIL_DEFINED,TASK99_MACHINE_TRIAGED_EXPLICIT_QUARANTINE,1,0,0
IMPLICIT-86A7C71CB7609994,ALGORITHM_OR_WORKFLOW,M1,E0,KEEP_AS_ALGORITHM,TASK99_REPOSITORY_EVIDENCE_ADJUDICATED,1,0,0
IMPLICIT-86B2FA45171561E6,ALGORITHM_OR_WORKFLOW,M1,E0,KEEP_AS_ALGORITHM,TASK99_REPOSITORY_EVIDENCE_ADJUDICATED,1,0,0
IMPLICIT-86B63A96B42C9114,ALGORITHM_OR_WORKFLOW,M1,E0,KEEP_AS_ALGORITHM,TASK99_REPOSITORY_EVIDENCE_ADJUDICATED,1,0,0
IMPLICIT-86BA9D2EDC489653,UNRESOLVED_IDENTITY,M0,E0,QUARANTINE_UNTIL_DEFINED,TASK99_MACHINE_TRIAGED_EXPLICIT_QUARANTINE,1,0,0
IMPLICIT-86E52946BB352461,UNRESOLVED_IDENTITY,M0,E0,QUARANTINE_UNTIL_DEFINED,TASK99_MACHINE_TRIAGED_EXPLICIT_QUARANTINE,1,0,0
IMPLICIT-86E72A6CF18DEB25,UNRESOLVED_IDENTITY,M0,E0,QUARANTINE_UNTIL_DEFINED,TASK99_MACHINE_TRIAGED_EXPLICIT_QUARANTINE,1,0,0
IMPLICIT-870436B527308D11,UNRESOLVED_IDENTITY,M0,E0,QUARANTINE_UNTIL_DEFINED,TASK99_MACHINE_TRIAGED_EXPLICIT_QUARANTINE,1,0,0
IMPLICIT-871CA1038A49A3A6,UNRESOLVED_IDENTITY,M0,E0,QUARANTINE_UNTIL_DEFINED,TASK99_MACHINE_TRIAGED_EXPLICIT_QUARANTINE,1,0,0
IMPLICIT-8725C345FC0FA5E6,UNRESOLVED_IDENTITY,M0,E0,QUARANTINE_UNTIL_DEFINED,TASK99_MACHINE_TRIAGED_EXPLICIT_QUARANTINE,1,0,0
IMPLICIT-874491DE93AA01D1,UNRESOLVED_IDENTITY,M0,E0,QUARANTINE_UNTIL_DEFINED,TASK99_MACHINE_TRIAGED_EXPLICIT_QUARANTINE,1,0,0
IMPLICIT-87466C8DDAD87C28,UNRESOLVED_IDENTITY,M0,E0,QUARANTINE_UNTIL_DEFINED,TASK99_MACHINE_TRIAGED_EXPLICIT_QUARANTINE,1,0,0
IMPLICIT-876170483E600399,UNRESOLVED_IDENTITY,M0,E0,QUARANTINE_UNTIL_DEFINED,TASK99_MACHINE_TRIAGED_EXPLICIT_QUARANTINE,1,0,0
IMPLICIT-876D24DD78E954F4,UNRESOLVED_IDENTITY,M0,E0,QUARANTINE_UNTIL_DEFINED,TASK99_MACHINE_TRIAGED_EXPLICIT_QUARANTINE,1,0,0
IMPLICIT-87784F70D65615F9,UNRESOLVED_IDENTITY,M0,E0,QUARANTINE_UNTIL_DEFINED,TASK99_MACHINE_TRIAGED_EXPLICIT_QUARANTINE,1,0,0
IMPLICIT-878397D8B475A94C,ALGORITHM_OR_WORKFLOW,M2,E0,KEEP_AS_ALGORITHM,TASK99_REPOSITORY_EVIDENCE_ADJUDICATED,1,0,0
IMPLICIT-8790C4B8316F1E0C,UNRESOLVED_IDENTITY,M0,E0,QUARANTINE_UNTIL_DEFINED,TASK99_MACHINE_TRIAGED_EXPLICIT_QUARANTINE,1,0,0
IMPLICIT-8794F91F4C3EA2B7,UNRESOLVED_IDENTITY,M0,E0,QUARANTINE_UNTIL_DEFINED,TASK99_MACHINE_TRIAGED_EXPLICIT_QUARANTINE,1,0,0
IMPLICIT-87AC2BDB11797828,UNRESOLVED_IDENTITY,M0,E0,QUARANTINE_UNTIL_DEFINED,TASK99_MACHINE_TRIAGED_EXPLICIT_QUARANTINE,1,0,0
IMPLICIT-87D06B93E89C5189,UNRESOLVED_IDENTITY,M0,E0,QUARANTINE_UNTIL_DEFINED,TASK99_MACHINE_TRIAGED_EXPLICIT_QUARANTINE,1,0,0
IMPLICIT-87E19C0BBDBCE9FB,UNRESOLVED_IDENTITY,M0,E0,QUARANTINE_UNTIL_DEFINED,TASK99_MACHINE_TRIAGED_EXPLICIT_QUARANTINE,1,0,0
IMPLICIT-87E2C2E44B5D1E54,UNRESOLVED_IDENTITY,M0,E0,QUARANTINE_UNTIL_DEFINED,TASK99_MACHINE_TRIAGED_EXPLICIT_QUARANTINE,1,0,0
IMPLICIT-87FC08FCDB65AE2B,UNRESOLVED_IDENTITY,M0,E0,QUARANTINE_UNTIL_DEFINED,TASK99_MACHINE_TRIAGED_EXPLICIT_QUARANTINE,1,0,0
IMPLICIT-8806B3283D376931,ALGORITHM_OR_WORKFLOW,M1,E0,KEEP_AS_ALGORITHM,TASK99_REPOSITORY_EVIDENCE_ADJUDICATED,1,0,0
IMPLICIT-880734A8550A2456,ALGORITHM_OR_WORKFLOW,M1,E0,KEEP_AS_ALGORITHM,TASK99_REPOSITORY_EVIDENCE_ADJUDICATED,1,0,0
IMPLICIT-881B474F1E4CEDC1,ALGORITHM_OR_WORKFLOW,M1,E0,KEEP_AS_ALGORITHM,TASK99_REPOSITORY_EVIDENCE_ADJUDICATED,1,0,0
IMPLICIT-881BD7264C35A77A,UNRESOLVED_IDENTITY,M0,E0,QUARANTINE_UNTIL_DEFINED,TASK99_MACHINE_TRIAGED_EXPLICIT_QUARANTINE,1,0,0
IMPLICIT-88428A3A58BD1572,UNRESOLVED_IDENTITY,M0,E0,QUARANTINE_UNTIL_DEFINED,TASK99_MACHINE_TRIAGED_EXPLICIT_QUARANTINE,1,0,0
IMPLICIT-884EFA095D113ACC,UNRESOLVED_IDENTITY,M0,E0,QUARANTINE_UNTIL_DEFINED,TASK99_MACHINE_TRIAGED_EXPLICIT_QUARANTINE,1,0,0
IMPLICIT-884F414124CA3B71,UNRESOLVED_IDENTITY,M0,E0,QUARANTINE_UNTIL_DEFINED,TASK99_MACHINE_TRIAGED_EXPLICIT_QUARANTINE,1,0,0
IMPLICIT-8868796DB27B5C0E,UNRESOLVED_IDENTITY,M0,E0,QUARANTINE_UNTIL_DEFINED,TASK99_MACHINE_TRIAGED_EXPLICIT_QUARANTINE,1,0,0
IMPLICIT-8876545CDCF54F82,UNRESOLVED_IDENTITY,M0,E0,QUARANTINE_UNTIL_DEFINED,TASK99_MACHINE_TRIAGED_EXPLICIT_QUARANTINE,1,0,0
IMPLICIT-88B5E1324ED0C30A,UNRESOLVED_IDENTITY,M0,E0,QUARANTINE_UNTIL_DEFINED,TASK99_MACHINE_TRIAGED_EXPLICIT_QUARANTINE,1,0,0
IMPLICIT-88B8E7E37A33D533,UNRESOLVED_IDENTITY,M0,E0,QUARANTINE_UNTIL_DEFINED,TASK99_MACHINE_TRIAGED_EXPLICIT_QUARANTINE,1,0,0
IMPLICIT-88BEE75E208A14CF,UNRESOLVED_IDENTITY,M0,E0,QUARANTINE_UNTIL_DEFINED,TASK99_MACHINE_TRIAGED_EXPLICIT_QUARANTINE,1,0,0
IMPLICIT-88D23EB768AB2D6A,ALGORITHM_OR_WORKFLOW,M1,E0,KEEP_AS_ALGORITHM,TASK99_REPOSITORY_EVIDENCE_ADJUDICATED,1,0,0
IMPLICIT-88D7E6316D5F3876,UNRESOLVED_IDENTITY,M0,E0,QUARANTINE_UNTIL_DEFINED,TASK99_MACHINE_TRIAGED_EXPLICIT_QUARANTINE,1,0,0
IMPLICIT-88F6EC9F41DB5A4E,UNRESOLVED_IDENTITY,M0,E0,QUARANTINE_UNTIL_DEFINED,TASK99_MACHINE_TRIAGED_EXPLICIT_QUARANTINE,1,0,0
IMPLICIT-8907737701D3680A,UNRESOLVED_IDENTITY,M0,E0,QUARANTINE_UNTIL_DEFINED,TASK99_MACHINE_TRIAGED_EXPLICIT_QUARANTINE,1,0,0
IMPLICIT-89301DF6135136E6,UNRESOLVED_IDENTITY,M0,E0,QUARANTINE_UNTIL_DEFINED,TASK99_MACHINE_TRIAGED_EXPLICIT_QUARANTINE,1,0,0
IMPLICIT-894B5222126A8CED,ALGORITHM_OR_WORKFLOW,M1,E0,KEEP_AS_ALGORITHM,TASK99_REPOSITORY_EVIDENCE_ADJUDICATED,1,0,0
IMPLICIT-89711BEEA6509B3F,UNRESOLVED_IDENTITY,M0,E0,QUARANTINE_UNTIL_DEFINED,TASK99_MACHINE_TRIAGED_EXPLICIT_QUARANTINE,1,0,0
IMPLICIT-89792CFA5A3D656D,UNRESOLVED_IDENTITY,M0,E0,QUARANTINE_UNTIL_DEFINED,TASK99_MACHINE_TRIAGED_EXPLICIT_QUARANTINE,1,0,0
IMPLICIT-89853AEF150F6DBC,UNRESOLVED_IDENTITY,M0,E0,QUARANTINE_UNTIL_DEFINED,TASK99_MACHINE_TRIAGED_EXPLICIT_QUARANTINE,1,0,0
IMPLICIT-89A30E2D3D025379,ALGORITHM_OR_WORKFLOW,M1,E0,KEEP_AS_ALGORITHM,TASK99_REPOSITORY_EVIDENCE_ADJUDICATED,1,0,0
IMPLICIT-89A55C09674138A5,UNRESOLVED_IDENTITY,M0,E0,QUARANTINE_UNTIL_DEFINED,TASK99_MACHINE_TRIAGED_EXPLICIT_QUARANTINE,1,0,0
IMPLICIT-89B7EA317BAAB620,UNRESOLVED_IDENTITY,M0,E0,QUARANTINE_UNTIL_DEFINED,TASK99_MACHINE_TRIAGED_EXPLICIT_QUARANTINE,1,0,0
IMPLICIT-89B948BE7955B64F,UNRESOLVED_IDENTITY,M0,E0,QUARANTINE_UNTIL_DEFINED,TASK99_MACHINE_TRIAGED_EXPLICIT_QUARANTINE,1,0,0
IMPLICIT-89D7D84E7E2F5735,UNRESOLVED_IDENTITY,M0,E0,QUARANTINE_UNTIL_DEFINED,TASK99_MACHINE_TRIAGED_EXPLICIT_QUARANTINE,1,0,0
IMPLICIT-89F9D45957E25CDF,UNRESOLVED_IDENTITY,M0,E0,QUARANTINE_UNTIL_DEFINED,TASK99_MACHINE_TRIAGED_EXPLICIT_QUARANTINE,1,0,0
IMPLICIT-8A22F7733C760AF1,ALGORITHM_OR_WORKFLOW,M1,E0,KEEP_AS_ALGORITHM,TASK99_REPOSITORY_EVIDENCE_ADJUDICATED,1,0,0
IMPLICIT-8A264819D2973940,UNRESOLVED_IDENTITY,M0,E0,QUARANTINE_UNTIL_DEFINED,TASK99_MACHINE_TRIAGED_EXPLICIT_QUARANTINE,1,0,0
IMPLICIT-8A49016E7D6E2BA8,UNRESOLVED_IDENTITY,M0,E0,QUARANTINE_UNTIL_DEFINED,TASK99_MACHINE_TRIAGED_EXPLICIT_QUARANTINE,1,0,0
IMPLICIT-8A5C7DAFA84E0406,UNRESOLVED_IDENTITY,M0,E0,QUARANTINE_UNTIL_DEFINED,TASK99_MACHINE_TRIAGED_EXPLICIT_QUARANTINE,1,0,0
IMPLICIT-8A702F81EBF947CC,ALGORITHM_OR_WORKFLOW,M1,E0,KEEP_AS_ALGORITHM,TASK99_REPOSITORY_EVIDENCE_ADJUDICATED,1,0,0
IMPLICIT-8A763CCA00E7001F,UNRESOLVED_IDENTITY,M0,E0,QUARANTINE_UNTIL_DEFINED,TASK99_MACHINE_TRIAGED_EXPLICIT_QUARANTINE,1,0,0
IMPLICIT-8AA8ED1AAD418F8D,UNRESOLVED_IDENTITY,M0,E0,QUARANTINE_UNTIL_DEFINED,TASK99_MACHINE_TRIAGED_EXPLICIT_QUARANTINE,1,0,0
IMPLICIT-8ACA24D7F7900737,UNRESOLVED_IDENTITY,M0,E0,QUARANTINE_UNTIL_DEFINED,TASK99_MACHINE_TRIAGED_EXPLICIT_QUARANTINE,1,0,0
IMPLICIT-8ACF034FD195F618,UNRESOLVED_IDENTITY,M0,E0,QUARANTINE_UNTIL_DEFINED,TASK99_MACHINE_TRIAGED_EXPLICIT_QUARANTINE,1,0,0
IMPLICIT-8ADB5DC93A5534DA,UNRESOLVED_IDENTITY,M0,E0,QUARANTINE_UNTIL_DEFINED,TASK99_MACHINE_TRIAGED_EXPLICIT_QUARANTINE,1,0,0
IMPLICIT-8ADD8F84337B3EA8,UNRESOLVED_IDENTITY,M0,E0,QUARANTINE_UNTIL_DEFINED,TASK99_MACHINE_TRIAGED_EXPLICIT_QUARANTINE,1,0,0
IMPLICIT-8AE4DA258979A9CA,ALGORITHM_OR_WORKFLOW,M2,E0,KEEP_AS_ALGORITHM,TASK99_REPOSITORY_EVIDENCE_ADJUDICATED,1,0,0
IMPLICIT-8B02A55FDDC7E2B4,ALGORITHM_OR_WORKFLOW,M2,E0,KEEP_AS_ALGORITHM,TASK99_REPOSITORY_EVIDENCE_ADJUDICATED,1,0,0
IMPLICIT-8B276E59496AA2F7,UNRESOLVED_IDENTITY,M0,E0,QUARANTINE_UNTIL_DEFINED,TASK99_MACHINE_TRIAGED_EXPLICIT_QUARANTINE,1,0,0
IMPLICIT-8B2FCFF1CB7EFEA6,ALGORITHM_OR_WORKFLOW,M2,E0,KEEP_AS_ALGORITHM,TASK99_REPOSITORY_EVIDENCE_ADJUDICATED,1,0,0
IMPLICIT-8B3D55D8D587C654,UNRESOLVED_IDENTITY,M0,E0,QUARANTINE_UNTIL_DEFINED,TASK99_MACHINE_TRIAGED_EXPLICIT_QUARANTINE,1,0,0
IMPLICIT-8B42947FF638E47E,UNRESOLVED_IDENTITY,M0,E0,QUARANTINE_UNTIL_DEFINED,TASK99_MACHINE_TRIAGED_EXPLICIT_QUARANTINE,1,0,0
IMPLICIT-8B571055EE4FA9A4,UNRESOLVED_IDENTITY,M0,E0,QUARANTINE_UNTIL_DEFINED,TASK99_MACHINE_TRIAGED_EXPLICIT_QUARANTINE,1,0,0
IMPLICIT-8B5D4E3DE7F0E7FB,ALGORITHM_OR_WORKFLOW,M2,E0,KEEP_AS_ALGORITHM,TASK99_REPOSITORY_EVIDENCE_ADJUDICATED,1,0,0
IMPLICIT-8B6B44C9AB27437B,UNRESOLVED_IDENTITY,M0,E0,QUARANTINE_UNTIL_DEFINED,TASK99_MACHINE_TRIAGED_EXPLICIT_QUARANTINE,1,0,0
IMPLICIT-8B8274A72DE9696A,ALGORITHM_OR_WORKFLOW,M1,E0,KEEP_AS_ALGORITHM,TASK99_REPOSITORY_EVIDENCE_ADJUDICATED,1,0,0
IMPLICIT-8B8708C4C881F745,UNRESOLVED_IDENTITY,M0,E0,QUARANTINE_UNTIL_DEFINED,TASK99_MACHINE_TRIAGED_EXPLICIT_QUARANTINE,1,0,0
IMPLICIT-8B982D31F6010C8E,UNRESOLVED_IDENTITY,M0,E0,QUARANTINE_UNTIL_DEFINED,TASK99_MACHINE_TRIAGED_EXPLICIT_QUARANTINE,1,0,0
IMPLICIT-8B9998766863897C,UNRESOLVED_IDENTITY,M0,E0,QUARANTINE_UNTIL_DEFINED,TASK99_MACHINE_TRIAGED_EXPLICIT_QUARANTINE,1,0,0
IMPLICIT-8BA3E44F1B5131F2,UNRESOLVED_IDENTITY,M0,E0,QUARANTINE_UNTIL_DEFINED,TASK99_MACHINE_TRIAGED_EXPLICIT_QUARANTINE,1,0,0
IMPLICIT-8BBAEB21F54FB1A8,UNRESOLVED_IDENTITY,M0,E0,QUARANTINE_UNTIL_DEFINED,TASK99_MACHINE_TRIAGED_EXPLICIT_QUARANTINE,1,0,0
IMPLICIT-8BBFFADD68D503F8,UNRESOLVED_IDENTITY,M0,E0,QUARANTINE_UNTIL_DEFINED,TASK99_MACHINE_TRIAGED_EXPLICIT_QUARANTINE,1,0,0
IMPLICIT-8BC068F362EB917A,UNRESOLVED_IDENTITY,M0,E0,QUARANTINE_UNTIL_DEFINED,TASK99_MACHINE_TRIAGED_EXPLICIT_QUARANTINE,1,0,0
IMPLICIT-8BCB345027CD595B,ALGORITHM_OR_WORKFLOW,M2,E0,KEEP_AS_ALGORITHM,TASK99_REPOSITORY_EVIDENCE_ADJUDICATED,1,0,0
IMPLICIT-8BD41FC93BDF3037,UNRESOLVED_IDENTITY,M0,E0,QUARANTINE_UNTIL_DEFINED,TASK99_MACHINE_TRIAGED_EXPLICIT_QUARANTINE,1,0,0
IMPLICIT-8BF311E802C0D220,UNRESOLVED_IDENTITY,M0,E0,QUARANTINE_UNTIL_DEFINED,TASK99_MACHINE_TRIAGED_EXPLICIT_QUARANTINE,1,0,0
IMPLICIT-8C222778D2123B7F,ALGORITHM_OR_WORKFLOW,M1,E0,KEEP_AS_ALGORITHM,TASK99_REPOSITORY_EVIDENCE_ADJUDICATED,1,0,0
IMPLICIT-8C23806341FF2200,UNRESOLVED_IDENTITY,M0,E0,QUARANTINE_UNTIL_DEFINED,TASK99_MACHINE_TRIAGED_EXPLICIT_QUARANTINE,1,0,0
IMPLICIT-8C3478CC2A27F9DD,UNRESOLVED_IDENTITY,M0,E0,QUARANTINE_UNTIL_DEFINED,TASK99_MACHINE_TRIAGED_EXPLICIT_QUARANTINE,1,0,0
IMPLICIT-8C45A8A2835FDF45,ALGORITHM_OR_WORKFLOW,M1,E0,KEEP_AS_ALGORITHM,TASK99_REPOSITORY_EVIDENCE_ADJUDICATED,1,0,0
IMPLICIT-8C6C3A3D00D82525,UNRESOLVED_IDENTITY,M0,E0,QUARANTINE_UNTIL_DEFINED,TASK99_MACHINE_TRIAGED_EXPLICIT_QUARANTINE,1,0,0
IMPLICIT-8C6C70BDD2D63796,UNRESOLVED_IDENTITY,M0,E0,QUARANTINE_UNTIL_DEFINED,TASK99_MACHINE_TRIAGED_EXPLICIT_QUARANTINE,1,0,0
IMPLICIT-8C763471ED59FA50,ALGORITHM_OR_WORKFLOW,M2,E0,KEEP_AS_ALGORITHM,TASK99_REPOSITORY_EVIDENCE_ADJUDICATED,1,0,0
IMPLICIT-8C79F54F4AEB8770,ALGORITHM_OR_WORKFLOW,M1,E0,KEEP_AS_ALGORITHM,TASK99_REPOSITORY_EVIDENCE_ADJUDICATED,1,0,0
IMPLICIT-8C85F8B48052AE82,UNRESOLVED_IDENTITY,M0,E0,QUARANTINE_UNTIL_DEFINED,TASK99_MACHINE_TRIAGED_EXPLICIT_QUARANTINE,1,0,0
IMPLICIT-8C93A196DE60DAE9,ALGORITHM_OR_WORKFLOW,M1,E0,KEEP_AS_ALGORITHM,TASK99_REPOSITORY_EVIDENCE_ADJUDICATED,1,0,0
IMPLICIT-8CCB82F39D100044,UNRESOLVED_IDENTITY,M0,E0,QUARANTINE_UNTIL_DEFINED,TASK99_MACHINE_TRIAGED_EXPLICIT_QUARANTINE,1,0,0
IMPLICIT-8CCDD18A82CC1558,UNRESOLVED_IDENTITY,M0,E0,QUARANTINE_UNTIL_DEFINED,TASK99_MACHINE_TRIAGED_EXPLICIT_QUARANTINE,1,0,0
IMPLICIT-8CD8A9CB1318169B,UNRESOLVED_IDENTITY,M0,E0,QUARANTINE_UNTIL_DEFINED,TASK99_MACHINE_TRIAGED_EXPLICIT_QUARANTINE,1,0,0
IMPLICIT-8CDF0C7E9DDA9EA0,UNRESOLVED_IDENTITY,M0,E0,QUARANTINE_UNTIL_DEFINED,TASK99_MACHINE_TRIAGED_EXPLICIT_QUARANTINE,1,0,0
IMPLICIT-8CDF2420D8AE5D36,UNRESOLVED_IDENTITY,M0,E0,QUARANTINE_UNTIL_DEFINED,TASK99_MACHINE_TRIAGED_EXPLICIT_QUARANTINE,1,0,0
IMPLICIT-8CE166C51920A38F,ALGORITHM_OR_WORKFLOW,M2,E0,KEEP_AS_ALGORITHM,TASK99_REPOSITORY_EVIDENCE_ADJUDICATED,1,0,0
IMPLICIT-8D0CC22BAADF21D6,ALGORITHM_OR_WORKFLOW,M1,E0,KEEP_AS_ALGORITHM,TASK99_REPOSITORY_EVIDENCE_ADJUDICATED,1,0,0
IMPLICIT-8D17ACA5248F6771,UNRESOLVED_IDENTITY,M0,E0,QUARANTINE_UNTIL_DEFINED,TASK99_MACHINE_TRIAGED_EXPLICIT_QUARANTINE,1,0,0
IMPLICIT-8D306137C395643B,UNRESOLVED_IDENTITY,M0,E0,QUARANTINE_UNTIL_DEFINED,TASK99_MACHINE_TRIAGED_EXPLICIT_QUARANTINE,1,0,0
IMPLICIT-8D3D6A5F3B5FC524,UNRESOLVED_IDENTITY,M0,E0,QUARANTINE_UNTIL_DEFINED,TASK99_MACHINE_TRIAGED_EXPLICIT_QUARANTINE,1,0,0
IMPLICIT-8D3EDF515A60B33E,UNRESOLVED_IDENTITY,M0,E0,QUARANTINE_UNTIL_DEFINED,TASK99_MACHINE_TRIAGED_EXPLICIT_QUARANTINE,1,0,0
IMPLICIT-8D40BA061B261B4D,UNRESOLVED_IDENTITY,M0,E0,QUARANTINE_UNTIL_DEFINED,TASK99_MACHINE_TRIAGED_EXPLICIT_QUARANTINE,1,0,0
IMPLICIT-8D4D01FD367E7F51,ALGORITHM_OR_WORKFLOW,M1,E0,KEEP_AS_ALGORITHM,TASK99_REPOSITORY_EVIDENCE_ADJUDICATED,1,0,0
IMPLICIT-8D5561E1CFFD7B8E,UNRESOLVED_IDENTITY,M0,E0,QUARANTINE_UNTIL_DEFINED,TASK99_MACHINE_TRIAGED_EXPLICIT_QUARANTINE,1,0,0
IMPLICIT-8D70A958B15DB468,UNRESOLVED_IDENTITY,M0,E0,QUARANTINE_UNTIL_DEFINED,TASK99_MACHINE_TRIAGED_EXPLICIT_QUARANTINE,1,0,0
IMPLICIT-8D7C1CCFDA3015F6,UNRESOLVED_IDENTITY,M0,E0,QUARANTINE_UNTIL_DEFINED,TASK99_MACHINE_TRIAGED_EXPLICIT_QUARANTINE,1,0,0
IMPLICIT-8D89384E2BC0A3EF,UNRESOLVED_IDENTITY,M0,E0,QUARANTINE_UNTIL_DEFINED,TASK99_MACHINE_TRIAGED_EXPLICIT_QUARANTINE,1,0,0
IMPLICIT-8D9D7A1217F401E7,ALGORITHM_OR_WORKFLOW,M1,E0,KEEP_AS_ALGORITHM,TASK99_REPOSITORY_EVIDENCE_ADJUDICATED,1,0,0
IMPLICIT-8DAC650ECFCD0343,UNRESOLVED_IDENTITY,M0,E0,QUARANTINE_UNTIL_DEFINED,TASK99_MACHINE_TRIAGED_EXPLICIT_QUARANTINE,1,0,0
IMPLICIT-8DB79D8289632A85,UNRESOLVED_IDENTITY,M0,E0,QUARANTINE_UNTIL_DEFINED,TASK99_MACHINE_TRIAGED_EXPLICIT_QUARANTINE,1,0,0
IMPLICIT-8DC205D936F1B2FE,UNRESOLVED_IDENTITY,M0,E0,QUARANTINE_UNTIL_DEFINED,TASK99_MACHINE_TRIAGED_EXPLICIT_QUARANTINE,1,0,0
IMPLICIT-8DEFCB279435DB6A,UNRESOLVED_IDENTITY,M0,E0,QUARANTINE_UNTIL_DEFINED,TASK99_MACHINE_TRIAGED_EXPLICIT_QUARANTINE,1,0,0
IMPLICIT-8E03DE89FEB209DC,ALGORITHM_OR_WORKFLOW,M2,E0,KEEP_AS_ALGORITHM,TASK99_REPOSITORY_EVIDENCE_ADJUDICATED,1,0,0
IMPLICIT-8E0A5E985CB7AB59,UNRESOLVED_IDENTITY,M0,E0,QUARANTINE_UNTIL_DEFINED,TASK99_MACHINE_TRIAGED_EXPLICIT_QUARANTINE,1,0,0
IMPLICIT-8E145983C8B6179D,UNRESOLVED_IDENTITY,M0,E0,QUARANTINE_UNTIL_DEFINED,TASK99_MACHINE_TRIAGED_EXPLICIT_QUARANTINE,1,0,0
IMPLICIT-8E18FCDA81068DA5,UNRESOLVED_IDENTITY,M0,E0,QUARANTINE_UNTIL_DEFINED,TASK99_MACHINE_TRIAGED_EXPLICIT_QUARANTINE,1,0,0
IMPLICIT-8E2D41CC55A4A348,ALGORITHM_OR_WORKFLOW,M2,E0,KEEP_AS_ALGORITHM,TASK99_REPOSITORY_EVIDENCE_ADJUDICATED,1,0,0
IMPLICIT-8E335DCF76565E5D,UNRESOLVED_IDENTITY,M0,E0,QUARANTINE_UNTIL_DEFINED,TASK99_MACHINE_TRIAGED_EXPLICIT_QUARANTINE,1,0,0
IMPLICIT-8E50416D28C717E4,ALGORITHM_OR_WORKFLOW,M1,E0,KEEP_AS_ALGORITHM,TASK99_REPOSITORY_EVIDENCE_ADJUDICATED,1,0,0
IMPLICIT-8E53962E996CAD3C,UNRESOLVED_IDENTITY,M0,E0,QUARANTINE_UNTIL_DEFINED,TASK99_MACHINE_TRIAGED_EXPLICIT_QUARANTINE,1,0,0
IMPLICIT-8E5703173059CE3B,ALGORITHM_OR_WORKFLOW,M2,E0,KEEP_AS_ALGORITHM,TASK99_REPOSITORY_EVIDENCE_ADJUDICATED,1,0,0
IMPLICIT-8E62F6EDD1DE4985,UNRESOLVED_IDENTITY,M0,E0,QUARANTINE_UNTIL_DEFINED,TASK99_MACHINE_TRIAGED_EXPLICIT_QUARANTINE,1,0,0
IMPLICIT-8E78C85CCBC7BCDF,ALGORITHM_OR_WORKFLOW,M1,E0,KEEP_AS_ALGORITHM,TASK99_REPOSITORY_EVIDENCE_ADJUDICATED,1,0,0
IMPLICIT-8E83F2AEB372B203,UNRESOLVED_IDENTITY,M0,E0,QUARANTINE_UNTIL_DEFINED,TASK99_MACHINE_TRIAGED_EXPLICIT_QUARANTINE,1,0,0
IMPLICIT-8E9B584E16025762,UNRESOLVED_IDENTITY,M0,E0,QUARANTINE_UNTIL_DEFINED,TASK99_MACHINE_TRIAGED_EXPLICIT_QUARANTINE,1,0,0
IMPLICIT-8E9E1C848DCF436C,UNRESOLVED_IDENTITY,M0,E0,QUARANTINE_UNTIL_DEFINED,TASK99_MACHINE_TRIAGED_EXPLICIT_QUARANTINE,1,0,0
IMPLICIT-8EADBB50611A540F,UNRESOLVED_IDENTITY,M0,E0,QUARANTINE_UNTIL_DEFINED,TASK99_MACHINE_TRIAGED_EXPLICIT_QUARANTINE,1,0,0
IMPLICIT-8ED2D6C4EA3D0CEE,ALGORITHM_OR_WORKFLOW,M1,E0,KEEP_AS_ALGORITHM,TASK99_REPOSITORY_EVIDENCE_ADJUDICATED,1,0,0
IMPLICIT-8EF61A7063A4F4B3,ALGORITHM_OR_WORKFLOW,M1,E0,KEEP_AS_ALGORITHM,TASK99_REPOSITORY_EVIDENCE_ADJUDICATED,1,0,0
IMPLICIT-8F0524862508E90B,UNRESOLVED_IDENTITY,M0,E0,QUARANTINE_UNTIL_DEFINED,TASK99_MACHINE_TRIAGED_EXPLICIT_QUARANTINE,1,0,0
IMPLICIT-8F0B687F6198D488,UNRESOLVED_IDENTITY,M0,E0,QUARANTINE_UNTIL_DEFINED,TASK99_MACHINE_TRIAGED_EXPLICIT_QUARANTINE,1,0,0
IMPLICIT-8F0BE6508F9D3A5F,UNRESOLVED_IDENTITY,M0,E0,QUARANTINE_UNTIL_DEFINED,TASK99_MACHINE_TRIAGED_EXPLICIT_QUARANTINE,1,0,0
IMPLICIT-8F12E55F15BE1360,UNRESOLVED_IDENTITY,M0,E0,QUARANTINE_UNTIL_DEFINED,TASK99_MACHINE_TRIAGED_EXPLICIT_QUARANTINE,1,0,0
IMPLICIT-8F2876243D7BBE1E,UNRESOLVED_IDENTITY,M0,E0,QUARANTINE_UNTIL_DEFINED,TASK99_MACHINE_TRIAGED_EXPLICIT_QUARANTINE,1,0,0
IMPLICIT-8F32B3DFDF7F7E6C,UNRESOLVED_IDENTITY,M0,E0,QUARANTINE_UNTIL_DEFINED,TASK99_MACHINE_TRIAGED_EXPLICIT_QUARANTINE,1,0,0
IMPLICIT-8F4F95318F01D3EE,UNRESOLVED_IDENTITY,M0,E0,QUARANTINE_UNTIL_DEFINED,TASK99_MACHINE_TRIAGED_EXPLICIT_QUARANTINE,1,0,0
IMPLICIT-8F5D0056C96499EF,ALGORITHM_OR_WORKFLOW,M1,E0,KEEP_AS_ALGORITHM,TASK99_REPOSITORY_EVIDENCE_ADJUDICATED,1,0,0
IMPLICIT-8F688CF9452D9C78,UNRESOLVED_IDENTITY,M0,E0,QUARANTINE_UNTIL_DEFINED,TASK99_MACHINE_TRIAGED_EXPLICIT_QUARANTINE,1,0,0
IMPLICIT-8F9158F8995A3B7B,ALGORITHM_OR_WORKFLOW,M2,E0,KEEP_AS_ALGORITHM,TASK99_REPOSITORY_EVIDENCE_ADJUDICATED,1,0,0
IMPLICIT-8FA5944F74BFA35B,ALGORITHM_OR_WORKFLOW,M2,E0,KEEP_AS_ALGORITHM,TASK99_REPOSITORY_EVIDENCE_ADJUDICATED,1,0,0
IMPLICIT-8FC396CED57EC5C1,UNRESOLVED_IDENTITY,M0,E0,QUARANTINE_UNTIL_DEFINED,TASK99_MACHINE_TRIAGED_EXPLICIT_QUARANTINE,1,0,0
IMPLICIT-8FC55F969848D1A1,UNRESOLVED_IDENTITY,M0,E0,QUARANTINE_UNTIL_DEFINED,TASK99_MACHINE_TRIAGED_EXPLICIT_QUARANTINE,1,0,0
IMPLICIT-8FCF8C865D471BD1,UNRESOLVED_IDENTITY,M0,E0,QUARANTINE_UNTIL_DEFINED,TASK99_MACHINE_TRIAGED_EXPLICIT_QUARANTINE,1,0,0
IMPLICIT-8FF004EB087BDB73,UNRESOLVED_IDENTITY,M0,E0,QUARANTINE_UNTIL_DEFINED,TASK99_MACHINE_TRIAGED_EXPLICIT_QUARANTINE,1,0,0
IMPLICIT-8FFD76F04A45A911,UNRESOLVED_IDENTITY,M0,E0,QUARANTINE_UNTIL_DEFINED,TASK99_MACHINE_TRIAGED_EXPLICIT_QUARANTINE,1,0,0
IMPLICIT-8FFE8B7BE9EEB66D,ALGORITHM_OR_WORKFLOW,M1,E0,KEEP_AS_ALGORITHM,TASK99_REPOSITORY_EVIDENCE_ADJUDICATED,1,0,0
IMPLICIT-900F9104CAAAF579,UNRESOLVED_IDENTITY,M0,E0,QUARANTINE_UNTIL_DEFINED,TASK99_MACHINE_TRIAGED_EXPLICIT_QUARANTINE,1,0,0
IMPLICIT-901BF933F2505C67,UNRESOLVED_IDENTITY,M0,E0,QUARANTINE_UNTIL_DEFINED,TASK99_MACHINE_TRIAGED_EXPLICIT_QUARANTINE,1,0,0
IMPLICIT-902BDBE438F746CB,UNRESOLVED_IDENTITY,M0,E0,QUARANTINE_UNTIL_DEFINED,TASK99_MACHINE_TRIAGED_EXPLICIT_QUARANTINE,1,0,0
IMPLICIT-902D5D2B05AAF0C1,UNRESOLVED_IDENTITY,M0,E0,QUARANTINE_UNTIL_DEFINED,TASK99_MACHINE_TRIAGED_EXPLICIT_QUARANTINE,1,0,0
IMPLICIT-904EFC7E9A5801B2,UNRESOLVED_IDENTITY,M0,E0,QUARANTINE_UNTIL_DEFINED,TASK99_MACHINE_TRIAGED_EXPLICIT_QUARANTINE,1,0,0
IMPLICIT-90713EE99A0D5881,UNRESOLVED_IDENTITY,M0,E0,QUARANTINE_UNTIL_DEFINED,TASK99_MACHINE_TRIAGED_EXPLICIT_QUARANTINE,1,0,0
IMPLICIT-908D59723515DDC4,UNRESOLVED_IDENTITY,M0,E0,QUARANTINE_UNTIL_DEFINED,TASK99_MACHINE_TRIAGED_EXPLICIT_QUARANTINE,1,0,0
IMPLICIT-9092F8933623BF6A,UNRESOLVED_IDENTITY,M0,E0,QUARANTINE_UNTIL_DEFINED,TASK99_MACHINE_TRIAGED_EXPLICIT_QUARANTINE,1,0,0
IMPLICIT-909EABD5D22822D7,UNRESOLVED_IDENTITY,M0,E0,QUARANTINE_UNTIL_DEFINED,TASK99_MACHINE_TRIAGED_EXPLICIT_QUARANTINE,1,0,0
IMPLICIT-909FCADC855E4352,UNRESOLVED_IDENTITY,M0,E0,QUARANTINE_UNTIL_DEFINED,TASK99_MACHINE_TRIAGED_EXPLICIT_QUARANTINE,1,0,0
IMPLICIT-90A630F7441BCD22,UNRESOLVED_IDENTITY,M0,E0,QUARANTINE_UNTIL_DEFINED,TASK99_MACHINE_TRIAGED_EXPLICIT_QUARANTINE,1,0,0
IMPLICIT-90AF8D83EF22B185,ALGORITHM_OR_WORKFLOW,M2,E0,KEEP_AS_ALGORITHM,TASK99_REPOSITORY_EVIDENCE_ADJUDICATED,1,0,0
IMPLICIT-90D11DC439ED1B86,UNRESOLVED_IDENTITY,M0,E0,QUARANTINE_UNTIL_DEFINED,TASK99_MACHINE_TRIAGED_EXPLICIT_QUARANTINE,1,0,0
IMPLICIT-90D25659E0C448D9,UNRESOLVED_IDENTITY,M0,E0,QUARANTINE_UNTIL_DEFINED,TASK99_MACHINE_TRIAGED_EXPLICIT_QUARANTINE,1,0,0
IMPLICIT-90E1EE8B89E1F9FC,UNRESOLVED_IDENTITY,M0,E0,QUARANTINE_UNTIL_DEFINED,TASK99_MACHINE_TRIAGED_EXPLICIT_QUARANTINE,1,0,0
IMPLICIT-90F2D065A0378111,UNRESOLVED_IDENTITY,M0,E0,QUARANTINE_UNTIL_DEFINED,TASK99_MACHINE_TRIAGED_EXPLICIT_QUARANTINE,1,0,0
IMPLICIT-90FA036ED4223897,UNRESOLVED_IDENTITY,M0,E0,QUARANTINE_UNTIL_DEFINED,TASK99_MACHINE_TRIAGED_EXPLICIT_QUARANTINE,1,0,0
IMPLICIT-91035AA3901117D3,UNRESOLVED_IDENTITY,M0,E0,QUARANTINE_UNTIL_DEFINED,TASK99_MACHINE_TRIAGED_EXPLICIT_QUARANTINE,1,0,0
IMPLICIT-9109BB5AE59CEA82,UNRESOLVED_IDENTITY,M0,E0,QUARANTINE_UNTIL_DEFINED,TASK99_MACHINE_TRIAGED_EXPLICIT_QUARANTINE,1,0,0
IMPLICIT-91143AF2265E0948,UNRESOLVED_IDENTITY,M0,E0,QUARANTINE_UNTIL_DEFINED,TASK99_MACHINE_TRIAGED_EXPLICIT_QUARANTINE,1,0,0
IMPLICIT-911ADA6BD4907849,UNRESOLVED_IDENTITY,M0,E0,QUARANTINE_UNTIL_DEFINED,TASK99_MACHINE_TRIAGED_EXPLICIT_QUARANTINE,1,0,0
IMPLICIT-913293CD5E43CD58,UNRESOLVED_IDENTITY,M0,E0,QUARANTINE_UNTIL_DEFINED,TASK99_MACHINE_TRIAGED_EXPLICIT_QUARANTINE,1,0,0
IMPLICIT-913A42517871B574,UNRESOLVED_IDENTITY,M0,E0,QUARANTINE_UNTIL_DEFINED,TASK99_MACHINE_TRIAGED_EXPLICIT_QUARANTINE,1,0,0
IMPLICIT-91547F02434CAD49,UNRESOLVED_IDENTITY,M0,E0,QUARANTINE_UNTIL_DEFINED,TASK99_MACHINE_TRIAGED_EXPLICIT_QUARANTINE,1,0,0
IMPLICIT-915FD6B1323D2DB8,UNRESOLVED_IDENTITY,M0,E0,QUARANTINE_UNTIL_DEFINED,TASK99_MACHINE_TRIAGED_EXPLICIT_QUARANTINE,1,0,0
IMPLICIT-9166097B994C2453,UNRESOLVED_IDENTITY,M0,E0,QUARANTINE_UNTIL_DEFINED,TASK99_MACHINE_TRIAGED_EXPLICIT_QUARANTINE,1,0,0
IMPLICIT-9172D280A45CB270,UNRESOLVED_IDENTITY,M0,E0,QUARANTINE_UNTIL_DEFINED,TASK99_MACHINE_TRIAGED_EXPLICIT_QUARANTINE,1,0,0
IMPLICIT-9173A6CB08FA4194,UNRESOLVED_IDENTITY,M0,E0,QUARANTINE_UNTIL_DEFINED,TASK99_MACHINE_TRIAGED_EXPLICIT_QUARANTINE,1,0,0
IMPLICIT-917E123E8F644E50,UNRESOLVED_IDENTITY,M0,E0,QUARANTINE_UNTIL_DEFINED,TASK99_MACHINE_TRIAGED_EXPLICIT_QUARANTINE,1,0,0
IMPLICIT-91808867E8DC8B53,UNRESOLVED_IDENTITY,M0,E0,QUARANTINE_UNTIL_DEFINED,TASK99_MACHINE_TRIAGED_EXPLICIT_QUARANTINE,1,0,0
IMPLICIT-9196C079ACFFEAC2,UNRESOLVED_IDENTITY,M0,E0,QUARANTINE_UNTIL_DEFINED,TASK99_MACHINE_TRIAGED_EXPLICIT_QUARANTINE,1,0,0
IMPLICIT-919FC6EE734D67D1,UNRESOLVED_IDENTITY,M0,E0,QUARANTINE_UNTIL_DEFINED,TASK99_MACHINE_TRIAGED_EXPLICIT_QUARANTINE,1,0,0
IMPLICIT-91A8B66F22A77809,ALGORITHM_OR_WORKFLOW,M2,E0,KEEP_AS_ALGORITHM,TASK99_REPOSITORY_EVIDENCE_ADJUDICATED,1,0,0
IMPLICIT-91C1868932D8B221,UNRESOLVED_IDENTITY,M0,E0,QUARANTINE_UNTIL_DEFINED,TASK99_MACHINE_TRIAGED_EXPLICIT_QUARANTINE,1,0,0
IMPLICIT-91D7A052664A7B66,UNRESOLVED_IDENTITY,M0,E0,QUARANTINE_UNTIL_DEFINED,TASK99_MACHINE_TRIAGED_EXPLICIT_QUARANTINE,1,0,0
IMPLICIT-91D9B0F629EAA52C,UNRESOLVED_IDENTITY,M0,E0,QUARANTINE_UNTIL_DEFINED,TASK99_MACHINE_TRIAGED_EXPLICIT_QUARANTINE,1,0,0
IMPLICIT-91E24518B6750864,UNRESOLVED_IDENTITY,M0,E0,QUARANTINE_UNTIL_DEFINED,TASK99_MACHINE_TRIAGED_EXPLICIT_QUARANTINE,1,0,0
IMPLICIT-921E4D424E6EA82A,ALGORITHM_OR_WORKFLOW,M2,E0,KEEP_AS_ALGORITHM,TASK99_REPOSITORY_EVIDENCE_ADJUDICATED,1,0,0
IMPLICIT-9221D25A9B3FB426,ALGORITHM_OR_WORKFLOW,M2,E0,KEEP_AS_ALGORITHM,TASK99_REPOSITORY_EVIDENCE_ADJUDICATED,1,0,0
IMPLICIT-9225D68A6DA5846F,ALGORITHM_OR_WORKFLOW,M1,E0,KEEP_AS_ALGORITHM,TASK99_REPOSITORY_EVIDENCE_ADJUDICATED,1,0,0
IMPLICIT-92285AC7A60A3475,UNRESOLVED_IDENTITY,M0,E0,QUARANTINE_UNTIL_DEFINED,TASK99_MACHINE_TRIAGED_EXPLICIT_QUARANTINE,1,0,0
IMPLICIT-922FBD790736C6A7,ALGORITHM_OR_WORKFLOW,M1,E0,KEEP_AS_ALGORITHM,TASK99_REPOSITORY_EVIDENCE_ADJUDICATED,1,0,0
IMPLICIT-923298EDA525CEAE,UNRESOLVED_IDENTITY,M0,E0,QUARANTINE_UNTIL_DEFINED,TASK99_MACHINE_TRIAGED_EXPLICIT_QUARANTINE,1,0,0
IMPLICIT-9234CDD4D98889D7,ALGORITHM_OR_WORKFLOW,M1,E0,KEEP_AS_ALGORITHM,TASK99_REPOSITORY_EVIDENCE_ADJUDICATED,1,0,0
IMPLICIT-9243413E59DF982D,UNRESOLVED_IDENTITY,M0,E0,QUARANTINE_UNTIL_DEFINED,TASK99_MACHINE_TRIAGED_EXPLICIT_QUARANTINE,1,0,0
IMPLICIT-9244195833C065A0,UNRESOLVED_IDENTITY,M0,E0,QUARANTINE_UNTIL_DEFINED,TASK99_MACHINE_TRIAGED_EXPLICIT_QUARANTINE,1,0,0
IMPLICIT-9245464967B7311A,UNRESOLVED_IDENTITY,M0,E0,QUARANTINE_UNTIL_DEFINED,TASK99_MACHINE_TRIAGED_EXPLICIT_QUARANTINE,1,0,0
IMPLICIT-92493E422D23081A,UNRESOLVED_IDENTITY,M0,E0,QUARANTINE_UNTIL_DEFINED,TASK99_MACHINE_TRIAGED_EXPLICIT_QUARANTINE,1,0,0
IMPLICIT-925BEB708A3C928E,UNRESOLVED_IDENTITY,M0,E0,QUARANTINE_UNTIL_DEFINED,TASK99_MACHINE_TRIAGED_EXPLICIT_QUARANTINE,1,0,0
IMPLICIT-9262BC2A8E6E14EE,UNRESOLVED_IDENTITY,M0,E0,QUARANTINE_UNTIL_DEFINED,TASK99_MACHINE_TRIAGED_EXPLICIT_QUARANTINE,1,0,0
IMPLICIT-926FB93AA8FDD776,UNRESOLVED_IDENTITY,M0,E0,QUARANTINE_UNTIL_DEFINED,TASK99_MACHINE_TRIAGED_EXPLICIT_QUARANTINE,1,0,0
IMPLICIT-92745D3501EA0EDD,UNRESOLVED_IDENTITY,M0,E0,QUARANTINE_UNTIL_DEFINED,TASK99_MACHINE_TRIAGED_EXPLICIT_QUARANTINE,1,0,0
IMPLICIT-9278184E8E5D42EE,ALGORITHM_OR_WORKFLOW,M1,E0,KEEP_AS_ALGORITHM,TASK99_REPOSITORY_EVIDENCE_ADJUDICATED,1,0,0
IMPLICIT-927B002898C83F9A,UNRESOLVED_IDENTITY,M0,E0,QUARANTINE_UNTIL_DEFINED,TASK99_MACHINE_TRIAGED_EXPLICIT_QUARANTINE,1,0,0
IMPLICIT-929C91FC9D6BFDD4,UNRESOLVED_IDENTITY,M0,E0,QUARANTINE_UNTIL_DEFINED,TASK99_MACHINE_TRIAGED_EXPLICIT_QUARANTINE,1,0,0
IMPLICIT-929F456ACB7F6F9B,UNRESOLVED_IDENTITY,M0,E0,QUARANTINE_UNTIL_DEFINED,TASK99_MACHINE_TRIAGED_EXPLICIT_QUARANTINE,1,0,0
IMPLICIT-92A8788E7AE20367,UNRESOLVED_IDENTITY,M0,E0,QUARANTINE_UNTIL_DEFINED,TASK99_MACHINE_TRIAGED_EXPLICIT_QUARANTINE,1,0,0
IMPLICIT-92AAE8F51554B002,UNRESOLVED_IDENTITY,M0,E0,QUARANTINE_UNTIL_DEFINED,TASK99_MACHINE_TRIAGED_EXPLICIT_QUARANTINE,1,0,0
IMPLICIT-92B383A6433DA4F5,UNRESOLVED_IDENTITY,M0,E0,QUARANTINE_UNTIL_DEFINED,TASK99_MACHINE_TRIAGED_EXPLICIT_QUARANTINE,1,0,0
IMPLICIT-92BF093149319E11,UNRESOLVED_IDENTITY,M0,E0,QUARANTINE_UNTIL_DEFINED,TASK99_MACHINE_TRIAGED_EXPLICIT_QUARANTINE,1,0,0
IMPLICIT-92C1EAA84E437F60,ALGORITHM_OR_WORKFLOW,M2,E0,KEEP_AS_ALGORITHM,TASK99_REPOSITORY_EVIDENCE_ADJUDICATED,1,0,0
IMPLICIT-92E4191E97053486,UNRESOLVED_IDENTITY,M0,E0,QUARANTINE_UNTIL_DEFINED,TASK99_MACHINE_TRIAGED_EXPLICIT_QUARANTINE,1,0,0
IMPLICIT-92E564FD0BA63550,UNRESOLVED_IDENTITY,M0,E0,QUARANTINE_UNTIL_DEFINED,TASK99_MACHINE_TRIAGED_EXPLICIT_QUARANTINE,1,0,0
IMPLICIT-92E5C68894AA874B,UNRESOLVED_IDENTITY,M0,E0,QUARANTINE_UNTIL_DEFINED,TASK99_MACHINE_TRIAGED_EXPLICIT_QUARANTINE,1,0,0
IMPLICIT-93008B5C09C878C2,UNRESOLVED_IDENTITY,M0,E0,QUARANTINE_UNTIL_DEFINED,TASK99_MACHINE_TRIAGED_EXPLICIT_QUARANTINE,1,0,0
IMPLICIT-932E0A040055997B,UNRESOLVED_IDENTITY,M0,E0,QUARANTINE_UNTIL_DEFINED,TASK99_MACHINE_TRIAGED_EXPLICIT_QUARANTINE,1,0,0
IMPLICIT-93363EF065BB4B4D,UNRESOLVED_IDENTITY,M0,E0,QUARANTINE_UNTIL_DEFINED,TASK99_MACHINE_TRIAGED_EXPLICIT_QUARANTINE,1,0,0
IMPLICIT-9340C84A48891C3E,UNRESOLVED_IDENTITY,M0,E0,QUARANTINE_UNTIL_DEFINED,TASK99_MACHINE_TRIAGED_EXPLICIT_QUARANTINE,1,0,0
IMPLICIT-9343BA50DCFF6DE6,UNRESOLVED_IDENTITY,M0,E0,QUARANTINE_UNTIL_DEFINED,TASK99_MACHINE_TRIAGED_EXPLICIT_QUARANTINE,1,0,0
IMPLICIT-936E0469A8EAB139,UNRESOLVED_IDENTITY,M0,E0,QUARANTINE_UNTIL_DEFINED,TASK99_MACHINE_TRIAGED_EXPLICIT_QUARANTINE,1,0,0
IMPLICIT-937A780526C6DDCC,UNRESOLVED_IDENTITY,M0,E0,QUARANTINE_UNTIL_DEFINED,TASK99_MACHINE_TRIAGED_EXPLICIT_QUARANTINE,1,0,0
IMPLICIT-937C7ED4DDA843BD,ALGORITHM_OR_WORKFLOW,M1,E0,KEEP_AS_ALGORITHM,TASK99_REPOSITORY_EVIDENCE_ADJUDICATED,1,0,0
IMPLICIT-937D52E421B48BB4,ALGORITHM_OR_WORKFLOW,M2,E0,KEEP_AS_ALGORITHM,TASK99_REPOSITORY_EVIDENCE_ADJUDICATED,1,0,0
IMPLICIT-938355AC9F588111,UNRESOLVED_IDENTITY,M0,E0,QUARANTINE_UNTIL_DEFINED,TASK99_MACHINE_TRIAGED_EXPLICIT_QUARANTINE,1,0,0
IMPLICIT-93908F7A43901858,UNRESOLVED_IDENTITY,M0,E0,QUARANTINE_UNTIL_DEFINED,TASK99_MACHINE_TRIAGED_EXPLICIT_QUARANTINE,1,0,0
IMPLICIT-93DE22308374591C,ALGORITHM_OR_WORKFLOW,M1,E0,KEEP_AS_ALGORITHM,TASK99_REPOSITORY_EVIDENCE_ADJUDICATED,1,0,0
IMPLICIT-93E96B51147AA583,ALGORITHM_OR_WORKFLOW,M1,E0,KEEP_AS_ALGORITHM,TASK99_REPOSITORY_EVIDENCE_ADJUDICATED,1,0,0
IMPLICIT-93F7C9FD078D9212,UNRESOLVED_IDENTITY,M0,E0,QUARANTINE_UNTIL_DEFINED,TASK99_MACHINE_TRIAGED_EXPLICIT_QUARANTINE,1,0,0
IMPLICIT-940CA31AAB62B48C,UNRESOLVED_IDENTITY,M0,E0,QUARANTINE_UNTIL_DEFINED,TASK99_MACHINE_TRIAGED_EXPLICIT_QUARANTINE,1,0,0
IMPLICIT-940D36A67D29A105,UNRESOLVED_IDENTITY,M0,E0,QUARANTINE_UNTIL_DEFINED,TASK99_MACHINE_TRIAGED_EXPLICIT_QUARANTINE,1,0,0
IMPLICIT-94193EFE8B31A8A6,UNRESOLVED_IDENTITY,M0,E0,QUARANTINE_UNTIL_DEFINED,TASK99_MACHINE_TRIAGED_EXPLICIT_QUARANTINE,1,0,0
IMPLICIT-942BE59E7B064FE5,UNRESOLVED_IDENTITY,M0,E0,QUARANTINE_UNTIL_DEFINED,TASK99_MACHINE_TRIAGED_EXPLICIT_QUARANTINE,1,0,0
IMPLICIT-9443912D2D65B587,UNRESOLVED_IDENTITY,M0,E0,QUARANTINE_UNTIL_DEFINED,TASK99_MACHINE_TRIAGED_EXPLICIT_QUARANTINE,1,0,0
IMPLICIT-94498713B67768D2,UNRESOLVED_IDENTITY,M0,E0,QUARANTINE_UNTIL_DEFINED,TASK99_MACHINE_TRIAGED_EXPLICIT_QUARANTINE,1,0,0
IMPLICIT-9460549E862DD538,UNRESOLVED_IDENTITY,M0,E0,QUARANTINE_UNTIL_DEFINED,TASK99_MACHINE_TRIAGED_EXPLICIT_QUARANTINE,1,0,0
IMPLICIT-946097F48231980A,UNRESOLVED_IDENTITY,M0,E0,QUARANTINE_UNTIL_DEFINED,TASK99_MACHINE_TRIAGED_EXPLICIT_QUARANTINE,1,0,0
IMPLICIT-948B341D3D5AD0EA,UNRESOLVED_IDENTITY,M0,E0,QUARANTINE_UNTIL_DEFINED,TASK99_MACHINE_TRIAGED_EXPLICIT_QUARANTINE,1,0,0
IMPLICIT-949613FC3BB418EA,UNRESOLVED_IDENTITY,M0,E0,QUARANTINE_UNTIL_DEFINED,TASK99_MACHINE_TRIAGED_EXPLICIT_QUARANTINE,1,0,0
IMPLICIT-949FA5755D5918CD,UNRESOLVED_IDENTITY,M0,E0,QUARANTINE_UNTIL_DEFINED,TASK99_MACHINE_TRIAGED_EXPLICIT_QUARANTINE,1,0,0
IMPLICIT-94AA617F90AD9B82,UNRESOLVED_IDENTITY,M0,E0,QUARANTINE_UNTIL_DEFINED,TASK99_MACHINE_TRIAGED_EXPLICIT_QUARANTINE,1,0,0
IMPLICIT-94B1DDE674C8DAB5,ALGORITHM_OR_WORKFLOW,M1,E0,KEEP_AS_ALGORITHM,TASK99_REPOSITORY_EVIDENCE_ADJUDICATED,1,0,0
IMPLICIT-94B78C273E56885E,ALGORITHM_OR_WORKFLOW,M2,E0,KEEP_AS_ALGORITHM,TASK99_REPOSITORY_EVIDENCE_ADJUDICATED,1,0,0
IMPLICIT-94BEA1FF86F1D6B7,UNRESOLVED_IDENTITY,M0,E0,QUARANTINE_UNTIL_DEFINED,TASK99_MACHINE_TRIAGED_EXPLICIT_QUARANTINE,1,0,0
IMPLICIT-94CD6574BD4B7B58,UNRESOLVED_IDENTITY,M0,E0,QUARANTINE_UNTIL_DEFINED,TASK99_MACHINE_TRIAGED_EXPLICIT_QUARANTINE,1,0,0
IMPLICIT-94D621AFA7767236,ALGORITHM_OR_WORKFLOW,M1,E0,KEEP_AS_ALGORITHM,TASK99_REPOSITORY_EVIDENCE_ADJUDICATED,1,0,0
IMPLICIT-94E646EC25ADB449,UNRESOLVED_IDENTITY,M0,E0,QUARANTINE_UNTIL_DEFINED,TASK99_MACHINE_TRIAGED_EXPLICIT_QUARANTINE,1,0,0
IMPLICIT-94ECBF5B937F366E,UNRESOLVED_IDENTITY,M0,E0,QUARANTINE_UNTIL_DEFINED,TASK99_MACHINE_TRIAGED_EXPLICIT_QUARANTINE,1,0,0
IMPLICIT-95052A16445CD378,UNRESOLVED_IDENTITY,M0,E0,QUARANTINE_UNTIL_DEFINED,TASK99_MACHINE_TRIAGED_EXPLICIT_QUARANTINE,1,0,0
IMPLICIT-952001E03D4E5CF3,UNRESOLVED_IDENTITY,M0,E0,QUARANTINE_UNTIL_DEFINED,TASK99_MACHINE_TRIAGED_EXPLICIT_QUARANTINE,1,0,0
IMPLICIT-952DD50D89FE89A1,UNRESOLVED_IDENTITY,M0,E0,QUARANTINE_UNTIL_DEFINED,TASK99_MACHINE_TRIAGED_EXPLICIT_QUARANTINE,1,0,0
IMPLICIT-9537295C74384E47,UNRESOLVED_IDENTITY,M0,E0,QUARANTINE_UNTIL_DEFINED,TASK99_MACHINE_TRIAGED_EXPLICIT_QUARANTINE,1,0,0
IMPLICIT-95373A07149F87CB,UNRESOLVED_IDENTITY,M0,E0,QUARANTINE_UNTIL_DEFINED,TASK99_MACHINE_TRIAGED_EXPLICIT_QUARANTINE,1,0,0
IMPLICIT-953CF320AD88EB07,UNRESOLVED_IDENTITY,M0,E0,QUARANTINE_UNTIL_DEFINED,TASK99_MACHINE_TRIAGED_EXPLICIT_QUARANTINE,1,0,0
IMPLICIT-954B2636F52F0214,UNRESOLVED_IDENTITY,M0,E0,QUARANTINE_UNTIL_DEFINED,TASK99_MACHINE_TRIAGED_EXPLICIT_QUARANTINE,1,0,0
IMPLICIT-956F54FB1CBF40C0,UNRESOLVED_IDENTITY,M0,E0,QUARANTINE_UNTIL_DEFINED,TASK99_MACHINE_TRIAGED_EXPLICIT_QUARANTINE,1,0,0
IMPLICIT-9570CB396BFED62E,UNRESOLVED_IDENTITY,M0,E0,QUARANTINE_UNTIL_DEFINED,TASK99_MACHINE_TRIAGED_EXPLICIT_QUARANTINE,1,0,0
IMPLICIT-957D4038F28FE854,ALGORITHM_OR_WORKFLOW,M1,E0,KEEP_AS_ALGORITHM,TASK99_REPOSITORY_EVIDENCE_ADJUDICATED,1,0,0
IMPLICIT-958523EA5EA33B8D,UNRESOLVED_IDENTITY,M0,E0,QUARANTINE_UNTIL_DEFINED,TASK99_MACHINE_TRIAGED_EXPLICIT_QUARANTINE,1,0,0
IMPLICIT-9587445F04D79D9C,UNRESOLVED_IDENTITY,M0,E0,QUARANTINE_UNTIL_DEFINED,TASK99_MACHINE_TRIAGED_EXPLICIT_QUARANTINE,1,0,0
IMPLICIT-959A9A35D0186306,ALGORITHM_OR_WORKFLOW,M1,E0,KEEP_AS_ALGORITHM,TASK99_REPOSITORY_EVIDENCE_ADJUDICATED,1,0,0
IMPLICIT-95A13B84298DF511,UNRESOLVED_IDENTITY,M0,E0,QUARANTINE_UNTIL_DEFINED,TASK99_MACHINE_TRIAGED_EXPLICIT_QUARANTINE,1,0,0
IMPLICIT-95A99DD304A90E18,UNRESOLVED_IDENTITY,M0,E0,QUARANTINE_UNTIL_DEFINED,TASK99_MACHINE_TRIAGED_EXPLICIT_QUARANTINE,1,0,0
IMPLICIT-95C6197CDE9B8C80,UNRESOLVED_IDENTITY,M0,E0,QUARANTINE_UNTIL_DEFINED,TASK99_MACHINE_TRIAGED_EXPLICIT_QUARANTINE,1,0,0
IMPLICIT-95D48DF10204D996,ALGORITHM_OR_WORKFLOW,M2,E0,KEEP_AS_ALGORITHM,TASK99_REPOSITORY_EVIDENCE_ADJUDICATED,1,0,0
IMPLICIT-95D53A930A9B40D4,UNRESOLVED_IDENTITY,M0,E0,QUARANTINE_UNTIL_DEFINED,TASK99_MACHINE_TRIAGED_EXPLICIT_QUARANTINE,1,0,0
IMPLICIT-95F96A8D3005064A,UNRESOLVED_IDENTITY,M0,E0,QUARANTINE_UNTIL_DEFINED,TASK99_MACHINE_TRIAGED_EXPLICIT_QUARANTINE,1,0,0
IMPLICIT-95FE043EDB5BD1DB,UNRESOLVED_IDENTITY,M0,E0,QUARANTINE_UNTIL_DEFINED,TASK99_MACHINE_TRIAGED_EXPLICIT_QUARANTINE,1,0,0
IMPLICIT-962552A210C61E73,UNRESOLVED_IDENTITY,M0,E0,QUARANTINE_UNTIL_DEFINED,TASK99_MACHINE_TRIAGED_EXPLICIT_QUARANTINE,1,0,0
IMPLICIT-963C42371C3534FF,ALGORITHM_OR_WORKFLOW,M1,E0,KEEP_AS_ALGORITHM,TASK99_REPOSITORY_EVIDENCE_ADJUDICATED,1,0,0
IMPLICIT-9641D539D62F8DB8,UNRESOLVED_IDENTITY,M0,E0,QUARANTINE_UNTIL_DEFINED,TASK99_MACHINE_TRIAGED_EXPLICIT_QUARANTINE,1,0,0
IMPLICIT-96595B183B9E38EA,UNRESOLVED_IDENTITY,M0,E0,QUARANTINE_UNTIL_DEFINED,TASK99_MACHINE_TRIAGED_EXPLICIT_QUARANTINE,1,0,0
IMPLICIT-9665FE2DF414A452,UNRESOLVED_IDENTITY,M0,E0,QUARANTINE_UNTIL_DEFINED,TASK99_MACHINE_TRIAGED_EXPLICIT_QUARANTINE,1,0,0
IMPLICIT-968D3BDA9FB63839,UNRESOLVED_IDENTITY,M0,E0,QUARANTINE_UNTIL_DEFINED,TASK99_MACHINE_TRIAGED_EXPLICIT_QUARANTINE,1,0,0
IMPLICIT-968D76B8F129A479,UNRESOLVED_IDENTITY,M0,E0,QUARANTINE_UNTIL_DEFINED,TASK99_MACHINE_TRIAGED_EXPLICIT_QUARANTINE,1,0,0
IMPLICIT-96AEC37C0D049766,UNRESOLVED_IDENTITY,M0,E0,QUARANTINE_UNTIL_DEFINED,TASK99_MACHINE_TRIAGED_EXPLICIT_QUARANTINE,1,0,0
IMPLICIT-96B0D98EAD8A497C,UNRESOLVED_IDENTITY,M0,E0,QUARANTINE_UNTIL_DEFINED,TASK99_MACHINE_TRIAGED_EXPLICIT_QUARANTINE,1,0,0
IMPLICIT-96D1AFF4576E6EE0,UNRESOLVED_IDENTITY,M0,E0,QUARANTINE_UNTIL_DEFINED,TASK99_MACHINE_TRIAGED_EXPLICIT_QUARANTINE,1,0,0
IMPLICIT-96D9F76707099695,UNRESOLVED_IDENTITY,M0,E0,QUARANTINE_UNTIL_DEFINED,TASK99_MACHINE_TRIAGED_EXPLICIT_QUARANTINE,1,0,0
IMPLICIT-96F3F25E54B128E9,UNRESOLVED_IDENTITY,M0,E0,QUARANTINE_UNTIL_DEFINED,TASK99_MACHINE_TRIAGED_EXPLICIT_QUARANTINE,1,0,0
IMPLICIT-96F532C6A88022F9,UNRESOLVED_IDENTITY,M0,E0,QUARANTINE_UNTIL_DEFINED,TASK99_MACHINE_TRIAGED_EXPLICIT_QUARANTINE,1,0,0
IMPLICIT-9701DA327D79F7C3,UNRESOLVED_IDENTITY,M0,E0,QUARANTINE_UNTIL_DEFINED,TASK99_MACHINE_TRIAGED_EXPLICIT_QUARANTINE,1,0,0
IMPLICIT-9703A3505FCAB1CD,UNRESOLVED_IDENTITY,M0,E0,QUARANTINE_UNTIL_DEFINED,TASK99_MACHINE_TRIAGED_EXPLICIT_QUARANTINE,1,0,0
IMPLICIT-970F4EC41B37A041,UNRESOLVED_IDENTITY,M0,E0,QUARANTINE_UNTIL_DEFINED,TASK99_MACHINE_TRIAGED_EXPLICIT_QUARANTINE,1,0,0
IMPLICIT-9731E65665C76DFE,UNRESOLVED_IDENTITY,M0,E0,QUARANTINE_UNTIL_DEFINED,TASK99_MACHINE_TRIAGED_EXPLICIT_QUARANTINE,1,0,0
IMPLICIT-9783477BA70AE648,UNRESOLVED_IDENTITY,M0,E0,QUARANTINE_UNTIL_DEFINED,TASK99_MACHINE_TRIAGED_EXPLICIT_QUARANTINE,1,0,0
IMPLICIT-978773373D764393,UNRESOLVED_IDENTITY,M0,E0,QUARANTINE_UNTIL_DEFINED,TASK99_MACHINE_TRIAGED_EXPLICIT_QUARANTINE,1,0,0
IMPLICIT-97A481DCF7C16A81,UNRESOLVED_IDENTITY,M0,E0,QUARANTINE_UNTIL_DEFINED,TASK99_MACHINE_TRIAGED_EXPLICIT_QUARANTINE,1,0,0
IMPLICIT-97A809FC3E3885D1,UNRESOLVED_IDENTITY,M0,E0,QUARANTINE_UNTIL_DEFINED,TASK99_MACHINE_TRIAGED_EXPLICIT_QUARANTINE,1,0,0
IMPLICIT-97AF3383052E5754,UNRESOLVED_IDENTITY,M0,E0,QUARANTINE_UNTIL_DEFINED,TASK99_MACHINE_TRIAGED_EXPLICIT_QUARANTINE,1,0,0
IMPLICIT-97D7C500C1493BCD,ALGORITHM_OR_WORKFLOW,M1,E0,KEEP_AS_ALGORITHM,TASK99_REPOSITORY_EVIDENCE_ADJUDICATED,1,0,0
IMPLICIT-97D9BCFF2725B1EE,UNRESOLVED_IDENTITY,M0,E0,QUARANTINE_UNTIL_DEFINED,TASK99_MACHINE_TRIAGED_EXPLICIT_QUARANTINE,1,0,0
IMPLICIT-97EDC919D40414E5,UNRESOLVED_IDENTITY,M0,E0,QUARANTINE_UNTIL_DEFINED,TASK99_MACHINE_TRIAGED_EXPLICIT_QUARANTINE,1,0,0
IMPLICIT-980C0AF2004DA74B,UNRESOLVED_IDENTITY,M0,E0,QUARANTINE_UNTIL_DEFINED,TASK99_MACHINE_TRIAGED_EXPLICIT_QUARANTINE,1,0,0
IMPLICIT-980D18DB972DCB5E,UNRESOLVED_IDENTITY,M0,E0,QUARANTINE_UNTIL_DEFINED,TASK99_MACHINE_TRIAGED_EXPLICIT_QUARANTINE,1,0,0
IMPLICIT-9812BF79BEB86A08,UNRESOLVED_IDENTITY,M0,E0,QUARANTINE_UNTIL_DEFINED,TASK99_MACHINE_TRIAGED_EXPLICIT_QUARANTINE,1,0,0
IMPLICIT-982754AA1547AB4D,UNRESOLVED_IDENTITY,M0,E0,QUARANTINE_UNTIL_DEFINED,TASK99_MACHINE_TRIAGED_EXPLICIT_QUARANTINE,1,0,0
IMPLICIT-98590738D8F27EE7,UNRESOLVED_IDENTITY,M0,E0,QUARANTINE_UNTIL_DEFINED,TASK99_MACHINE_TRIAGED_EXPLICIT_QUARANTINE,1,0,0
IMPLICIT-9869BF1FFF319133,UNRESOLVED_IDENTITY,M0,E0,QUARANTINE_UNTIL_DEFINED,TASK99_MACHINE_TRIAGED_EXPLICIT_QUARANTINE,1,0,0
IMPLICIT-9881D33956F975F0,UNRESOLVED_IDENTITY,M0,E0,QUARANTINE_UNTIL_DEFINED,TASK99_MACHINE_TRIAGED_EXPLICIT_QUARANTINE,1,0,0
IMPLICIT-989676A51E81D49E,UNRESOLVED_IDENTITY,M0,E0,QUARANTINE_UNTIL_DEFINED,TASK99_MACHINE_TRIAGED_EXPLICIT_QUARANTINE,1,0,0
IMPLICIT-9896F714F9BDD9EF,UNRESOLVED_IDENTITY,M0,E0,QUARANTINE_UNTIL_DEFINED,TASK99_MACHINE_TRIAGED_EXPLICIT_QUARANTINE,1,0,0
IMPLICIT-98A13EAC09EB695A,ALGORITHM_OR_WORKFLOW,M1,E0,KEEP_AS_ALGORITHM,TASK99_REPOSITORY_EVIDENCE_ADJUDICATED,1,0,0
IMPLICIT-98A203B378E88E1F,ALGORITHM_OR_WORKFLOW,M1,E0,KEEP_AS_ALGORITHM,TASK99_REPOSITORY_EVIDENCE_ADJUDICATED,1,0,0
IMPLICIT-98B1A6F9241DAB83,UNRESOLVED_IDENTITY,M0,E0,QUARANTINE_UNTIL_DEFINED,TASK99_MACHINE_TRIAGED_EXPLICIT_QUARANTINE,1,0,0
IMPLICIT-98CF636F8AB7520F,UNRESOLVED_IDENTITY,M0,E0,QUARANTINE_UNTIL_DEFINED,TASK99_MACHINE_TRIAGED_EXPLICIT_QUARANTINE,1,0,0
IMPLICIT-98D5BBC8B0D12DD9,UNRESOLVED_IDENTITY,M0,E0,QUARANTINE_UNTIL_DEFINED,TASK99_MACHINE_TRIAGED_EXPLICIT_QUARANTINE,1,0,0
IMPLICIT-98EC99E533D821D1,UNRESOLVED_IDENTITY,M0,E0,QUARANTINE_UNTIL_DEFINED,TASK99_MACHINE_TRIAGED_EXPLICIT_QUARANTINE,1,0,0
IMPLICIT-98F3FD7606FF6D60,UNRESOLVED_IDENTITY,M0,E0,QUARANTINE_UNTIL_DEFINED,TASK99_MACHINE_TRIAGED_EXPLICIT_QUARANTINE,1,0,0
IMPLICIT-991E4FE829BBE5AF,ALGORITHM_OR_WORKFLOW,M2,E0,KEEP_AS_ALGORITHM,TASK99_REPOSITORY_EVIDENCE_ADJUDICATED,1,0,0
IMPLICIT-9938082D48E0AF6F,ALGORITHM_OR_WORKFLOW,M1,E0,KEEP_AS_ALGORITHM,TASK99_REPOSITORY_EVIDENCE_ADJUDICATED,1,0,0
IMPLICIT-9947EDADBE714215,UNRESOLVED_IDENTITY,M0,E0,QUARANTINE_UNTIL_DEFINED,TASK99_MACHINE_TRIAGED_EXPLICIT_QUARANTINE,1,0,0
IMPLICIT-994B70DC53B44DB4,UNRESOLVED_IDENTITY,M0,E0,QUARANTINE_UNTIL_DEFINED,TASK99_MACHINE_TRIAGED_EXPLICIT_QUARANTINE,1,0,0
IMPLICIT-995C1A4166ABC088,UNRESOLVED_IDENTITY,M0,E0,QUARANTINE_UNTIL_DEFINED,TASK99_MACHINE_TRIAGED_EXPLICIT_QUARANTINE,1,0,0
IMPLICIT-9965F9410828E48D,UNRESOLVED_IDENTITY,M0,E0,QUARANTINE_UNTIL_DEFINED,TASK99_MACHINE_TRIAGED_EXPLICIT_QUARANTINE,1,0,0
IMPLICIT-996DD7C6138D5501,UNRESOLVED_IDENTITY,M0,E0,QUARANTINE_UNTIL_DEFINED,TASK99_MACHINE_TRIAGED_EXPLICIT_QUARANTINE,1,0,0
IMPLICIT-99791555F0A06EE5,ALGORITHM_OR_WORKFLOW,M2,E0,KEEP_AS_ALGORITHM,TASK99_REPOSITORY_EVIDENCE_ADJUDICATED,1,0,0
IMPLICIT-998817902FE10484,UNRESOLVED_IDENTITY,M0,E0,QUARANTINE_UNTIL_DEFINED,TASK99_MACHINE_TRIAGED_EXPLICIT_QUARANTINE,1,0,0
IMPLICIT-998858336877DEFA,UNRESOLVED_IDENTITY,M0,E0,QUARANTINE_UNTIL_DEFINED,TASK99_MACHINE_TRIAGED_EXPLICIT_QUARANTINE,1,0,0
IMPLICIT-9993FF6996351FC5,UNRESOLVED_IDENTITY,M0,E0,QUARANTINE_UNTIL_DEFINED,TASK99_MACHINE_TRIAGED_EXPLICIT_QUARANTINE,1,0,0
IMPLICIT-9999CC61661501EC,UNRESOLVED_IDENTITY,M0,E0,QUARANTINE_UNTIL_DEFINED,TASK99_MACHINE_TRIAGED_EXPLICIT_QUARANTINE,1,0,0
IMPLICIT-999A4D92DC3485AE,UNRESOLVED_IDENTITY,M0,E0,QUARANTINE_UNTIL_DEFINED,TASK99_MACHINE_TRIAGED_EXPLICIT_QUARANTINE,1,0,0
IMPLICIT-999D29C558D07E39,UNRESOLVED_IDENTITY,M0,E0,QUARANTINE_UNTIL_DEFINED,TASK99_MACHINE_TRIAGED_EXPLICIT_QUARANTINE,1,0,0
IMPLICIT-99A7D27B022BD591,UNRESOLVED_IDENTITY,M0,E0,QUARANTINE_UNTIL_DEFINED,TASK99_MACHINE_TRIAGED_EXPLICIT_QUARANTINE,1,0,0
IMPLICIT-99BEC121983DF5DC,UNRESOLVED_IDENTITY,M0,E0,QUARANTINE_UNTIL_DEFINED,TASK99_MACHINE_TRIAGED_EXPLICIT_QUARANTINE,1,0,0
IMPLICIT-99C0E611EC0497AA,ALGORITHM_OR_WORKFLOW,M1,E0,KEEP_AS_ALGORITHM,TASK99_REPOSITORY_EVIDENCE_ADJUDICATED,1,0,0
IMPLICIT-99CC901579B0030D,UNRESOLVED_IDENTITY,M0,E0,QUARANTINE_UNTIL_DEFINED,TASK99_MACHINE_TRIAGED_EXPLICIT_QUARANTINE,1,0,0
IMPLICIT-99D51675EC72A601,UNRESOLVED_IDENTITY,M0,E0,QUARANTINE_UNTIL_DEFINED,TASK99_MACHINE_TRIAGED_EXPLICIT_QUARANTINE,1,0,0
IMPLICIT-9A022A75AD8B29B2,UNRESOLVED_IDENTITY,M0,E0,QUARANTINE_UNTIL_DEFINED,TASK99_MACHINE_TRIAGED_EXPLICIT_QUARANTINE,1,0,0
IMPLICIT-9A1500E9C0565981,UNRESOLVED_IDENTITY,M0,E0,QUARANTINE_UNTIL_DEFINED,TASK99_MACHINE_TRIAGED_EXPLICIT_QUARANTINE,1,0,0
IMPLICIT-9A1BAEBCCE398636,UNRESOLVED_IDENTITY,M0,E0,QUARANTINE_UNTIL_DEFINED,TASK99_MACHINE_TRIAGED_EXPLICIT_QUARANTINE,1,0,0
IMPLICIT-9A2DFE6F1A628304,UNRESOLVED_IDENTITY,M0,E0,QUARANTINE_UNTIL_DEFINED,TASK99_MACHINE_TRIAGED_EXPLICIT_QUARANTINE,1,0,0
IMPLICIT-9A3164AB05E107AE,UNRESOLVED_IDENTITY,M0,E0,QUARANTINE_UNTIL_DEFINED,TASK99_MACHINE_TRIAGED_EXPLICIT_QUARANTINE,1,0,0
IMPLICIT-9A48AF772962BC36,ALGORITHM_OR_WORKFLOW,M1,E0,KEEP_AS_ALGORITHM,TASK99_REPOSITORY_EVIDENCE_ADJUDICATED,1,0,0
IMPLICIT-9A4BDF83D4EE1D7B,UNRESOLVED_IDENTITY,M0,E0,QUARANTINE_UNTIL_DEFINED,TASK99_MACHINE_TRIAGED_EXPLICIT_QUARANTINE,1,0,0
IMPLICIT-9A766142819444B7,UNRESOLVED_IDENTITY,M0,E0,QUARANTINE_UNTIL_DEFINED,TASK99_MACHINE_TRIAGED_EXPLICIT_QUARANTINE,1,0,0
IMPLICIT-9AB9F811EC16C5DD,UNRESOLVED_IDENTITY,M0,E0,QUARANTINE_UNTIL_DEFINED,TASK99_MACHINE_TRIAGED_EXPLICIT_QUARANTINE,1,0,0
IMPLICIT-9AC14939BF42BECE,UNRESOLVED_IDENTITY,M0,E0,QUARANTINE_UNTIL_DEFINED,TASK99_MACHINE_TRIAGED_EXPLICIT_QUARANTINE,1,0,0
IMPLICIT-9AC205D1ACDFE9C6,UNRESOLVED_IDENTITY,M0,E0,QUARANTINE_UNTIL_DEFINED,TASK99_MACHINE_TRIAGED_EXPLICIT_QUARANTINE,1,0,0
IMPLICIT-9AD6E5062D82C9E6,UNRESOLVED_IDENTITY,M0,E0,QUARANTINE_UNTIL_DEFINED,TASK99_MACHINE_TRIAGED_EXPLICIT_QUARANTINE,1,0,0
IMPLICIT-9ADF7AD4A431C625,UNRESOLVED_IDENTITY,M0,E0,QUARANTINE_UNTIL_DEFINED,TASK99_MACHINE_TRIAGED_EXPLICIT_QUARANTINE,1,0,0
IMPLICIT-9AEDC5D84E321B5B,UNRESOLVED_IDENTITY,M0,E0,QUARANTINE_UNTIL_DEFINED,TASK99_MACHINE_TRIAGED_EXPLICIT_QUARANTINE,1,0,0
IMPLICIT-9AEF5D8ED577C770,UNRESOLVED_IDENTITY,M0,E0,QUARANTINE_UNTIL_DEFINED,TASK99_MACHINE_TRIAGED_EXPLICIT_QUARANTINE,1,0,0
IMPLICIT-9B0FF8B2EA60E651,UNRESOLVED_IDENTITY,M0,E0,QUARANTINE_UNTIL_DEFINED,TASK99_MACHINE_TRIAGED_EXPLICIT_QUARANTINE,1,0,0
IMPLICIT-9B37242C758F7CA8,UNRESOLVED_IDENTITY,M0,E0,QUARANTINE_UNTIL_DEFINED,TASK99_MACHINE_TRIAGED_EXPLICIT_QUARANTINE,1,0,0
IMPLICIT-9B39557502612904,UNRESOLVED_IDENTITY,M0,E0,QUARANTINE_UNTIL_DEFINED,TASK99_MACHINE_TRIAGED_EXPLICIT_QUARANTINE,1,0,0
IMPLICIT-9B3B62132217547F,UNRESOLVED_IDENTITY,M0,E0,QUARANTINE_UNTIL_DEFINED,TASK99_MACHINE_TRIAGED_EXPLICIT_QUARANTINE,1,0,0
IMPLICIT-9B563394C07667BA,ALGORITHM_OR_WORKFLOW,M2,E0,KEEP_AS_ALGORITHM,TASK99_REPOSITORY_EVIDENCE_ADJUDICATED,1,0,0
IMPLICIT-9B57A51F8ADA431C,UNRESOLVED_IDENTITY,M0,E0,QUARANTINE_UNTIL_DEFINED,TASK99_MACHINE_TRIAGED_EXPLICIT_QUARANTINE,1,0,0
IMPLICIT-9B5AA6B20E74D3FE,UNRESOLVED_IDENTITY,M0,E0,QUARANTINE_UNTIL_DEFINED,TASK99_MACHINE_TRIAGED_EXPLICIT_QUARANTINE,1,0,0
IMPLICIT-9B72116075C71B3D,UNRESOLVED_IDENTITY,M0,E0,QUARANTINE_UNTIL_DEFINED,TASK99_MACHINE_TRIAGED_EXPLICIT_QUARANTINE,1,0,0
IMPLICIT-9B79E912651DD083,UNRESOLVED_IDENTITY,M0,E0,QUARANTINE_UNTIL_DEFINED,TASK99_MACHINE_TRIAGED_EXPLICIT_QUARANTINE,1,0,0
IMPLICIT-9B844378E995214B,ALGORITHM_OR_WORKFLOW,M1,E0,KEEP_AS_ALGORITHM,TASK99_REPOSITORY_EVIDENCE_ADJUDICATED,1,0,0
IMPLICIT-9B87124205FBD2ED,UNRESOLVED_IDENTITY,M0,E0,QUARANTINE_UNTIL_DEFINED,TASK99_MACHINE_TRIAGED_EXPLICIT_QUARANTINE,1,0,0
IMPLICIT-9B8CE0AB68F18C9C,UNRESOLVED_IDENTITY,M0,E0,QUARANTINE_UNTIL_DEFINED,TASK99_MACHINE_TRIAGED_EXPLICIT_QUARANTINE,1,0,0
IMPLICIT-9B9EC8F14B4160BA,ALGORITHM_OR_WORKFLOW,M1,E0,KEEP_AS_ALGORITHM,TASK99_REPOSITORY_EVIDENCE_ADJUDICATED,1,0,0
IMPLICIT-9BA081A084529694,UNRESOLVED_IDENTITY,M0,E0,QUARANTINE_UNTIL_DEFINED,TASK99_MACHINE_TRIAGED_EXPLICIT_QUARANTINE,1,0,0
IMPLICIT-9BA39232D2EAE230,UNRESOLVED_IDENTITY,M0,E0,QUARANTINE_UNTIL_DEFINED,TASK99_MACHINE_TRIAGED_EXPLICIT_QUARANTINE,1,0,0
IMPLICIT-9BB36CC67E660601,UNRESOLVED_IDENTITY,M0,E0,QUARANTINE_UNTIL_DEFINED,TASK99_MACHINE_TRIAGED_EXPLICIT_QUARANTINE,1,0,0
IMPLICIT-9BE276AE37CFA7F5,UNRESOLVED_IDENTITY,M0,E0,QUARANTINE_UNTIL_DEFINED,TASK99_MACHINE_TRIAGED_EXPLICIT_QUARANTINE,1,0,0
IMPLICIT-9BFA3099B7C8AF38,UNRESOLVED_IDENTITY,M0,E0,QUARANTINE_UNTIL_DEFINED,TASK99_MACHINE_TRIAGED_EXPLICIT_QUARANTINE,1,0,0
IMPLICIT-9C00D24F3F3C3884,ALGORITHM_OR_WORKFLOW,M2,E0,KEEP_AS_ALGORITHM,TASK99_REPOSITORY_EVIDENCE_ADJUDICATED,1,0,0
IMPLICIT-9C08BBED1A4380A8,UNRESOLVED_IDENTITY,M0,E0,QUARANTINE_UNTIL_DEFINED,TASK99_MACHINE_TRIAGED_EXPLICIT_QUARANTINE,1,0,0
IMPLICIT-9C0A33A7E430BDB1,UNRESOLVED_IDENTITY,M0,E0,QUARANTINE_UNTIL_DEFINED,TASK99_MACHINE_TRIAGED_EXPLICIT_QUARANTINE,1,0,0
IMPLICIT-9C1BA92630BB400C,UNRESOLVED_IDENTITY,M0,E0,QUARANTINE_UNTIL_DEFINED,TASK99_MACHINE_TRIAGED_EXPLICIT_QUARANTINE,1,0,0
IMPLICIT-9C3811E39B60055C,UNRESOLVED_IDENTITY,M0,E0,QUARANTINE_UNTIL_DEFINED,TASK99_MACHINE_TRIAGED_EXPLICIT_QUARANTINE,1,0,0
IMPLICIT-9C5AA95C37E27A81,UNRESOLVED_IDENTITY,M0,E0,QUARANTINE_UNTIL_DEFINED,TASK99_MACHINE_TRIAGED_EXPLICIT_QUARANTINE,1,0,0
IMPLICIT-9C60D7F88CD78E23,UNRESOLVED_IDENTITY,M0,E0,QUARANTINE_UNTIL_DEFINED,TASK99_MACHINE_TRIAGED_EXPLICIT_QUARANTINE,1,0,0
IMPLICIT-9C89362D2072B657,ALGORITHM_OR_WORKFLOW,M2,E0,KEEP_AS_ALGORITHM,TASK99_REPOSITORY_EVIDENCE_ADJUDICATED,1,0,0
IMPLICIT-9C9450582A65D20E,ALGORITHM_OR_WORKFLOW,M2,E0,KEEP_AS_ALGORITHM,TASK99_REPOSITORY_EVIDENCE_ADJUDICATED,1,0,0
IMPLICIT-9CA82A4088AD5B9B,ALGORITHM_OR_WORKFLOW,M2,E0,KEEP_AS_ALGORITHM,TASK99_REPOSITORY_EVIDENCE_ADJUDICATED,1,0,0
IMPLICIT-9CBB8A32964F4E6A,UNRESOLVED_IDENTITY,M0,E0,QUARANTINE_UNTIL_DEFINED,TASK99_MACHINE_TRIAGED_EXPLICIT_QUARANTINE,1,0,0
IMPLICIT-9CBCD8A67E5E6F04,UNRESOLVED_IDENTITY,M0,E0,QUARANTINE_UNTIL_DEFINED,TASK99_MACHINE_TRIAGED_EXPLICIT_QUARANTINE,1,0,0
IMPLICIT-9CC68D0A32EC8E30,UNRESOLVED_IDENTITY,M0,E0,QUARANTINE_UNTIL_DEFINED,TASK99_MACHINE_TRIAGED_EXPLICIT_QUARANTINE,1,0,0
IMPLICIT-9CDEDDB796FB3E4D,ALGORITHM_OR_WORKFLOW,M1,E0,KEEP_AS_ALGORITHM,TASK99_REPOSITORY_EVIDENCE_ADJUDICATED,1,0,0
IMPLICIT-9D0B03F022A7ED21,UNRESOLVED_IDENTITY,M0,E0,QUARANTINE_UNTIL_DEFINED,TASK99_MACHINE_TRIAGED_EXPLICIT_QUARANTINE,1,0,0
IMPLICIT-9D13D786EF9E85EC,UNRESOLVED_IDENTITY,M0,E0,QUARANTINE_UNTIL_DEFINED,TASK99_MACHINE_TRIAGED_EXPLICIT_QUARANTINE,1,0,0
IMPLICIT-9D22E8C7C458ABBE,UNRESOLVED_IDENTITY,M0,E0,QUARANTINE_UNTIL_DEFINED,TASK99_MACHINE_TRIAGED_EXPLICIT_QUARANTINE,1,0,0
IMPLICIT-9D33BA5B765002CC,UNRESOLVED_IDENTITY,M0,E0,QUARANTINE_UNTIL_DEFINED,TASK99_MACHINE_TRIAGED_EXPLICIT_QUARANTINE,1,0,0
IMPLICIT-9D378D29EC9B3C2C,ALGORITHM_OR_WORKFLOW,M1,E0,KEEP_AS_ALGORITHM,TASK99_REPOSITORY_EVIDENCE_ADJUDICATED,1,0,0
IMPLICIT-9D88A12C8340373A,UNRESOLVED_IDENTITY,M0,E0,QUARANTINE_UNTIL_DEFINED,TASK99_MACHINE_TRIAGED_EXPLICIT_QUARANTINE,1,0,0
IMPLICIT-9D949C6F139273FD,UNRESOLVED_IDENTITY,M0,E0,QUARANTINE_UNTIL_DEFINED,TASK99_MACHINE_TRIAGED_EXPLICIT_QUARANTINE,1,0,0
IMPLICIT-9D96FD12BFC65FCE,ALGORITHM_OR_WORKFLOW,M1,E0,KEEP_AS_ALGORITHM,TASK99_REPOSITORY_EVIDENCE_ADJUDICATED,1,0,0
IMPLICIT-9DABDB89582EDF60,UNRESOLVED_IDENTITY,M0,E0,QUARANTINE_UNTIL_DEFINED,TASK99_MACHINE_TRIAGED_EXPLICIT_QUARANTINE,1,0,0
IMPLICIT-9DADA9A006D9CE10,UNRESOLVED_IDENTITY,M0,E0,QUARANTINE_UNTIL_DEFINED,TASK99_MACHINE_TRIAGED_EXPLICIT_QUARANTINE,1,0,0
IMPLICIT-9DB5A059E572A6ED,UNRESOLVED_IDENTITY,M0,E0,QUARANTINE_UNTIL_DEFINED,TASK99_MACHINE_TRIAGED_EXPLICIT_QUARANTINE,1,0,0
IMPLICIT-9DD437F7CA05404A,UNRESOLVED_IDENTITY,M0,E0,QUARANTINE_UNTIL_DEFINED,TASK99_MACHINE_TRIAGED_EXPLICIT_QUARANTINE,1,0,0
IMPLICIT-9DE71875DF3C7B15,UNRESOLVED_IDENTITY,M0,E0,QUARANTINE_UNTIL_DEFINED,TASK99_MACHINE_TRIAGED_EXPLICIT_QUARANTINE,1,0,0
IMPLICIT-9DEC4A148C694CB5,UNRESOLVED_IDENTITY,M0,E0,QUARANTINE_UNTIL_DEFINED,TASK99_MACHINE_TRIAGED_EXPLICIT_QUARANTINE,1,0,0
IMPLICIT-9E1DFD1644619DEA,UNRESOLVED_IDENTITY,M0,E0,QUARANTINE_UNTIL_DEFINED,TASK99_MACHINE_TRIAGED_EXPLICIT_QUARANTINE,1,0,0
IMPLICIT-9E230E052D460151,UNRESOLVED_IDENTITY,M0,E0,QUARANTINE_UNTIL_DEFINED,TASK99_MACHINE_TRIAGED_EXPLICIT_QUARANTINE,1,0,0
IMPLICIT-9E28FD1281C36F2A,UNRESOLVED_IDENTITY,M0,E0,QUARANTINE_UNTIL_DEFINED,TASK99_MACHINE_TRIAGED_EXPLICIT_QUARANTINE,1,0,0
IMPLICIT-9E5DC6796DDB7AB4,ALGORITHM_OR_WORKFLOW,M2,E0,KEEP_AS_ALGORITHM,TASK99_REPOSITORY_EVIDENCE_ADJUDICATED,1,0,0
IMPLICIT-9E5F2DF19B3F35C9,ALGORITHM_OR_WORKFLOW,M2,E0,KEEP_AS_ALGORITHM,TASK99_REPOSITORY_EVIDENCE_ADJUDICATED,1,0,0
IMPLICIT-9E8D10CEF514D95F,UNRESOLVED_IDENTITY,M0,E0,QUARANTINE_UNTIL_DEFINED,TASK99_MACHINE_TRIAGED_EXPLICIT_QUARANTINE,1,0,0
IMPLICIT-9EA1D701A0E7271C,UNRESOLVED_IDENTITY,M0,E0,QUARANTINE_UNTIL_DEFINED,TASK99_MACHINE_TRIAGED_EXPLICIT_QUARANTINE,1,0,0
IMPLICIT-9EAD8EAF7A6900A2,UNRESOLVED_IDENTITY,M0,E0,QUARANTINE_UNTIL_DEFINED,TASK99_MACHINE_TRIAGED_EXPLICIT_QUARANTINE,1,0,0
IMPLICIT-9EB253743939290D,ALGORITHM_OR_WORKFLOW,M2,E0,KEEP_AS_ALGORITHM,TASK99_REPOSITORY_EVIDENCE_ADJUDICATED,1,0,0
IMPLICIT-9EB5B9DD5278A91A,ALGORITHM_OR_WORKFLOW,M1,E0,KEEP_AS_ALGORITHM,TASK99_REPOSITORY_EVIDENCE_ADJUDICATED,1,0,0
IMPLICIT-9ED5F0BA1590B48F,UNRESOLVED_IDENTITY,M0,E0,QUARANTINE_UNTIL_DEFINED,TASK99_MACHINE_TRIAGED_EXPLICIT_QUARANTINE,1,0,0
IMPLICIT-9EF128E85508A61D,UNRESOLVED_IDENTITY,M0,E0,QUARANTINE_UNTIL_DEFINED,TASK99_MACHINE_TRIAGED_EXPLICIT_QUARANTINE,1,0,0
IMPLICIT-9F035E905D82FC0B,ALGORITHM_OR_WORKFLOW,M2,E0,KEEP_AS_ALGORITHM,TASK99_REPOSITORY_EVIDENCE_ADJUDICATED,1,0,0
IMPLICIT-9F0F742389C6A596,ALGORITHM_OR_WORKFLOW,M1,E0,KEEP_AS_ALGORITHM,TASK99_REPOSITORY_EVIDENCE_ADJUDICATED,1,0,0
IMPLICIT-9F184BD636C48002,ALGORITHM_OR_WORKFLOW,M2,E0,KEEP_AS_ALGORITHM,TASK99_REPOSITORY_EVIDENCE_ADJUDICATED,1,0,0
IMPLICIT-9F29FED4A033E7C9,UNRESOLVED_IDENTITY,M0,E0,QUARANTINE_UNTIL_DEFINED,TASK99_MACHINE_TRIAGED_EXPLICIT_QUARANTINE,1,0,0
IMPLICIT-9F38A3C6711635F2,UNRESOLVED_IDENTITY,M0,E0,QUARANTINE_UNTIL_DEFINED,TASK99_MACHINE_TRIAGED_EXPLICIT_QUARANTINE,1,0,0
IMPLICIT-9F46B1DCFA946ABA,ALGORITHM_OR_WORKFLOW,M1,E0,KEEP_AS_ALGORITHM,TASK99_REPOSITORY_EVIDENCE_ADJUDICATED,1,0,0
IMPLICIT-9F54B4979D1E51A4,UNRESOLVED_IDENTITY,M0,E0,QUARANTINE_UNTIL_DEFINED,TASK99_MACHINE_TRIAGED_EXPLICIT_QUARANTINE,1,0,0
IMPLICIT-9F64EDAE2E3FD3A5,UNRESOLVED_IDENTITY,M0,E0,QUARANTINE_UNTIL_DEFINED,TASK99_MACHINE_TRIAGED_EXPLICIT_QUARANTINE,1,0,0
IMPLICIT-9F7B90D788394F98,UNRESOLVED_IDENTITY,M0,E0,QUARANTINE_UNTIL_DEFINED,TASK99_MACHINE_TRIAGED_EXPLICIT_QUARANTINE,1,0,0
IMPLICIT-9FB7A5D97109D03F,UNRESOLVED_IDENTITY,M0,E0,QUARANTINE_UNTIL_DEFINED,TASK99_MACHINE_TRIAGED_EXPLICIT_QUARANTINE,1,0,0
IMPLICIT-9FC16556DBBBD4BE,UNRESOLVED_IDENTITY,M0,E0,QUARANTINE_UNTIL_DEFINED,TASK99_MACHINE_TRIAGED_EXPLICIT_QUARANTINE,1,0,0
IMPLICIT-9FD2232656F18ABF,UNRESOLVED_IDENTITY,M0,E0,QUARANTINE_UNTIL_DEFINED,TASK99_MACHINE_TRIAGED_EXPLICIT_QUARANTINE,1,0,0
IMPLICIT-9FD5F757EAF242D1,UNRESOLVED_IDENTITY,M0,E0,QUARANTINE_UNTIL_DEFINED,TASK99_MACHINE_TRIAGED_EXPLICIT_QUARANTINE,1,0,0
IMPLICIT-9FD88C47BED4E4D2,UNRESOLVED_IDENTITY,M0,E0,QUARANTINE_UNTIL_DEFINED,TASK99_MACHINE_TRIAGED_EXPLICIT_QUARANTINE,1,0,0
IMPLICIT-9FE1D7ED2E6B04F1,UNRESOLVED_IDENTITY,M0,E0,QUARANTINE_UNTIL_DEFINED,TASK99_MACHINE_TRIAGED_EXPLICIT_QUARANTINE,1,0,0
IMPLICIT-9FF3605E40D8B51D,ALGORITHM_OR_WORKFLOW,M1,E0,KEEP_AS_ALGORITHM,TASK99_REPOSITORY_EVIDENCE_ADJUDICATED,1,0,0
IMPLICIT-9FF37C23DCDFD42D,UNRESOLVED_IDENTITY,M0,E0,QUARANTINE_UNTIL_DEFINED,TASK99_MACHINE_TRIAGED_EXPLICIT_QUARANTINE,1,0,0
IMPLICIT-A00973555F163567,UNRESOLVED_IDENTITY,M0,E0,QUARANTINE_UNTIL_DEFINED,TASK99_MACHINE_TRIAGED_EXPLICIT_QUARANTINE,1,0,0
IMPLICIT-A01385101701B8ED,UNRESOLVED_IDENTITY,M0,E0,QUARANTINE_UNTIL_DEFINED,TASK99_MACHINE_TRIAGED_EXPLICIT_QUARANTINE,1,0,0
IMPLICIT-A0169B1F748CB909,ALGORITHM_OR_WORKFLOW,M2,E0,KEEP_AS_ALGORITHM,TASK99_REPOSITORY_EVIDENCE_ADJUDICATED,1,0,0
IMPLICIT-A020D8048B556C3D,UNRESOLVED_IDENTITY,M0,E0,QUARANTINE_UNTIL_DEFINED,TASK99_MACHINE_TRIAGED_EXPLICIT_QUARANTINE,1,0,0
IMPLICIT-A02F11550F365BD5,UNRESOLVED_IDENTITY,M0,E0,QUARANTINE_UNTIL_DEFINED,TASK99_MACHINE_TRIAGED_EXPLICIT_QUARANTINE,1,0,0
IMPLICIT-A040619454DA5B32,UNRESOLVED_IDENTITY,M0,E0,QUARANTINE_UNTIL_DEFINED,TASK99_MACHINE_TRIAGED_EXPLICIT_QUARANTINE,1,0,0
IMPLICIT-A064956D4C7442E8,ALGORITHM_OR_WORKFLOW,M2,E0,KEEP_AS_ALGORITHM,TASK99_REPOSITORY_EVIDENCE_ADJUDICATED,1,0,0
IMPLICIT-A06CE2EE901191CD,UNRESOLVED_IDENTITY,M0,E0,QUARANTINE_UNTIL_DEFINED,TASK99_MACHINE_TRIAGED_EXPLICIT_QUARANTINE,1,0,0
IMPLICIT-A09CF0EE3B9E6862,UNRESOLVED_IDENTITY,M0,E0,QUARANTINE_UNTIL_DEFINED,TASK99_MACHINE_TRIAGED_EXPLICIT_QUARANTINE,1,0,0
IMPLICIT-A0A6057A78B97378,UNRESOLVED_IDENTITY,M0,E0,QUARANTINE_UNTIL_DEFINED,TASK99_MACHINE_TRIAGED_EXPLICIT_QUARANTINE,1,0,0
IMPLICIT-A0A88AB6BD3823DF,UNRESOLVED_IDENTITY,M0,E0,QUARANTINE_UNTIL_DEFINED,TASK99_MACHINE_TRIAGED_EXPLICIT_QUARANTINE,1,0,0
IMPLICIT-A0C4AE9E10930F86,UNRESOLVED_IDENTITY,M0,E0,QUARANTINE_UNTIL_DEFINED,TASK99_MACHINE_TRIAGED_EXPLICIT_QUARANTINE,1,0,0
IMPLICIT-A0D0705B05B16A7C,UNRESOLVED_IDENTITY,M0,E0,QUARANTINE_UNTIL_DEFINED,TASK99_MACHINE_TRIAGED_EXPLICIT_QUARANTINE,1,0,0
IMPLICIT-A0D222BB7ECDCC94,UNRESOLVED_IDENTITY,M0,E0,QUARANTINE_UNTIL_DEFINED,TASK99_MACHINE_TRIAGED_EXPLICIT_QUARANTINE,1,0,0
IMPLICIT-A0DFB8B6DAD12D7E,UNRESOLVED_IDENTITY,M0,E0,QUARANTINE_UNTIL_DEFINED,TASK99_MACHINE_TRIAGED_EXPLICIT_QUARANTINE,1,0,0
IMPLICIT-A1124DD573F25456,UNRESOLVED_IDENTITY,M0,E0,QUARANTINE_UNTIL_DEFINED,TASK99_MACHINE_TRIAGED_EXPLICIT_QUARANTINE,1,0,0
IMPLICIT-A11A603CDB97FCD3,UNRESOLVED_IDENTITY,M0,E0,QUARANTINE_UNTIL_DEFINED,TASK99_MACHINE_TRIAGED_EXPLICIT_QUARANTINE,1,0,0
IMPLICIT-A1214D349D8D80B9,ALGORITHM_OR_WORKFLOW,M1,E0,KEEP_AS_ALGORITHM,TASK99_REPOSITORY_EVIDENCE_ADJUDICATED,1,0,0
IMPLICIT-A124308F4C82A4F0,ALGORITHM_OR_WORKFLOW,M2,E0,KEEP_AS_ALGORITHM,TASK99_REPOSITORY_EVIDENCE_ADJUDICATED,1,0,0
IMPLICIT-A13946E18521B96D,UNRESOLVED_IDENTITY,M0,E0,QUARANTINE_UNTIL_DEFINED,TASK99_MACHINE_TRIAGED_EXPLICIT_QUARANTINE,1,0,0
IMPLICIT-A1486D6D090F8B8A,UNRESOLVED_IDENTITY,M0,E0,QUARANTINE_UNTIL_DEFINED,TASK99_MACHINE_TRIAGED_EXPLICIT_QUARANTINE,1,0,0
IMPLICIT-A148D89BDE80FF25,ALGORITHM_OR_WORKFLOW,M1,E0,KEEP_AS_ALGORITHM,TASK99_REPOSITORY_EVIDENCE_ADJUDICATED,1,0,0
IMPLICIT-A14E05D87C23FB9B,UNRESOLVED_IDENTITY,M0,E0,QUARANTINE_UNTIL_DEFINED,TASK99_MACHINE_TRIAGED_EXPLICIT_QUARANTINE,1,0,0
IMPLICIT-A14E8FA7C17946C4,UNRESOLVED_IDENTITY,M0,E0,QUARANTINE_UNTIL_DEFINED,TASK99_MACHINE_TRIAGED_EXPLICIT_QUARANTINE,1,0,0
IMPLICIT-A14EF836410B2875,UNRESOLVED_IDENTITY,M0,E0,QUARANTINE_UNTIL_DEFINED,TASK99_MACHINE_TRIAGED_EXPLICIT_QUARANTINE,1,0,0
IMPLICIT-A1668FEB376BA5AB,UNRESOLVED_IDENTITY,M0,E0,QUARANTINE_UNTIL_DEFINED,TASK99_MACHINE_TRIAGED_EXPLICIT_QUARANTINE,1,0,0
IMPLICIT-A17D7CD425C61795,UNRESOLVED_IDENTITY,M0,E0,QUARANTINE_UNTIL_DEFINED,TASK99_MACHINE_TRIAGED_EXPLICIT_QUARANTINE,1,0,0
IMPLICIT-A192BE70914CDE7D,UNRESOLVED_IDENTITY,M0,E0,QUARANTINE_UNTIL_DEFINED,TASK99_MACHINE_TRIAGED_EXPLICIT_QUARANTINE,1,0,0
IMPLICIT-A19690DA3E3E3DD5,ALGORITHM_OR_WORKFLOW,M1,E0,KEEP_AS_ALGORITHM,TASK99_REPOSITORY_EVIDENCE_ADJUDICATED,1,0,0
IMPLICIT-A1FA2C0DE819237D,UNRESOLVED_IDENTITY,M0,E0,QUARANTINE_UNTIL_DEFINED,TASK99_MACHINE_TRIAGED_EXPLICIT_QUARANTINE,1,0,0
IMPLICIT-A202246B8D3E3CC1,UNRESOLVED_IDENTITY,M0,E0,QUARANTINE_UNTIL_DEFINED,TASK99_MACHINE_TRIAGED_EXPLICIT_QUARANTINE,1,0,0
IMPLICIT-A219F1CCFEAC0BCE,UNRESOLVED_IDENTITY,M0,E0,QUARANTINE_UNTIL_DEFINED,TASK99_MACHINE_TRIAGED_EXPLICIT_QUARANTINE,1,0,0
IMPLICIT-A21E4863B17E7265,ALGORITHM_OR_WORKFLOW,M2,E0,KEEP_AS_ALGORITHM,TASK99_REPOSITORY_EVIDENCE_ADJUDICATED,1,0,0
IMPLICIT-A2278F973C868DE1,UNRESOLVED_IDENTITY,M0,E0,QUARANTINE_UNTIL_DEFINED,TASK99_MACHINE_TRIAGED_EXPLICIT_QUARANTINE,1,0,0
IMPLICIT-A236B3EC8D8C00FB,UNRESOLVED_IDENTITY,M0,E0,QUARANTINE_UNTIL_DEFINED,TASK99_MACHINE_TRIAGED_EXPLICIT_QUARANTINE,1,0,0
IMPLICIT-A23966E7DB02CF3F,UNRESOLVED_IDENTITY,M0,E0,QUARANTINE_UNTIL_DEFINED,TASK99_MACHINE_TRIAGED_EXPLICIT_QUARANTINE,1,0,0
IMPLICIT-A2570D2B5BF05C45,UNRESOLVED_IDENTITY,M0,E0,QUARANTINE_UNTIL_DEFINED,TASK99_MACHINE_TRIAGED_EXPLICIT_QUARANTINE,1,0,0
IMPLICIT-A262E843E4371127,UNRESOLVED_IDENTITY,M0,E0,QUARANTINE_UNTIL_DEFINED,TASK99_MACHINE_TRIAGED_EXPLICIT_QUARANTINE,1,0,0
IMPLICIT-A27105BCBD51D56E,ALGORITHM_OR_WORKFLOW,M1,E0,KEEP_AS_ALGORITHM,TASK99_REPOSITORY_EVIDENCE_ADJUDICATED,1,0,0
IMPLICIT-A2712B41CA5CE66D,UNRESOLVED_IDENTITY,M0,E0,QUARANTINE_UNTIL_DEFINED,TASK99_MACHINE_TRIAGED_EXPLICIT_QUARANTINE,1,0,0
IMPLICIT-A271C8AC3A06BA50,UNRESOLVED_IDENTITY,M0,E0,QUARANTINE_UNTIL_DEFINED,TASK99_MACHINE_TRIAGED_EXPLICIT_QUARANTINE,1,0,0
IMPLICIT-A2750F2D3C105C11,ALGORITHM_OR_WORKFLOW,M2,E0,KEEP_AS_ALGORITHM,TASK99_REPOSITORY_EVIDENCE_ADJUDICATED,1,0,0
IMPLICIT-A27B525A88CF25B4,ALGORITHM_OR_WORKFLOW,M1,E0,KEEP_AS_ALGORITHM,TASK99_REPOSITORY_EVIDENCE_ADJUDICATED,1,0,0
IMPLICIT-A29F2AAA959A4826,UNRESOLVED_IDENTITY,M0,E0,QUARANTINE_UNTIL_DEFINED,TASK99_MACHINE_TRIAGED_EXPLICIT_QUARANTINE,1,0,0
IMPLICIT-A2A70EBC45E43C4D,UNRESOLVED_IDENTITY,M0,E0,QUARANTINE_UNTIL_DEFINED,TASK99_MACHINE_TRIAGED_EXPLICIT_QUARANTINE,1,0,0
IMPLICIT-A2C06F2BC32290B4,UNRESOLVED_IDENTITY,M0,E0,QUARANTINE_UNTIL_DEFINED,TASK99_MACHINE_TRIAGED_EXPLICIT_QUARANTINE,1,0,0
IMPLICIT-A2C6C7F291E3C115,UNRESOLVED_IDENTITY,M0,E0,QUARANTINE_UNTIL_DEFINED,TASK99_MACHINE_TRIAGED_EXPLICIT_QUARANTINE,1,0,0
IMPLICIT-A2ECE5CCBA050698,UNRESOLVED_IDENTITY,M0,E0,QUARANTINE_UNTIL_DEFINED,TASK99_MACHINE_TRIAGED_EXPLICIT_QUARANTINE,1,0,0
IMPLICIT-A2FE955439DFA556,UNRESOLVED_IDENTITY,M0,E0,QUARANTINE_UNTIL_DEFINED,TASK99_MACHINE_TRIAGED_EXPLICIT_QUARANTINE,1,0,0
IMPLICIT-A315AE3FD42826A9,ALGORITHM_OR_WORKFLOW,M2,E0,KEEP_AS_ALGORITHM,TASK99_REPOSITORY_EVIDENCE_ADJUDICATED,1,0,0
IMPLICIT-A31CA3BF31DA143C,UNRESOLVED_IDENTITY,M0,E0,QUARANTINE_UNTIL_DEFINED,TASK99_MACHINE_TRIAGED_EXPLICIT_QUARANTINE,1,0,0
IMPLICIT-A331A71FC741176B,UNRESOLVED_IDENTITY,M0,E0,QUARANTINE_UNTIL_DEFINED,TASK99_MACHINE_TRIAGED_EXPLICIT_QUARANTINE,1,0,0
IMPLICIT-A34D2499E97901BD,UNRESOLVED_IDENTITY,M0,E0,QUARANTINE_UNTIL_DEFINED,TASK99_MACHINE_TRIAGED_EXPLICIT_QUARANTINE,1,0,0
IMPLICIT-A359A3CFB3ADC293,UNRESOLVED_IDENTITY,M0,E0,QUARANTINE_UNTIL_DEFINED,TASK99_MACHINE_TRIAGED_EXPLICIT_QUARANTINE,1,0,0
IMPLICIT-A35C8F453D650212,ALGORITHM_OR_WORKFLOW,M1,E0,KEEP_AS_ALGORITHM,TASK99_REPOSITORY_EVIDENCE_ADJUDICATED,1,0,0
IMPLICIT-A37EEB5D961BF04C,ALGORITHM_OR_WORKFLOW,M1,E0,KEEP_AS_ALGORITHM,TASK99_REPOSITORY_EVIDENCE_ADJUDICATED,1,0,0
IMPLICIT-A38250F2307BC6A5,ALGORITHM_OR_WORKFLOW,M2,E0,KEEP_AS_ALGORITHM,TASK99_REPOSITORY_EVIDENCE_ADJUDICATED,1,0,0
IMPLICIT-A394244E7E09D4F0,UNRESOLVED_IDENTITY,M0,E0,QUARANTINE_UNTIL_DEFINED,TASK99_MACHINE_TRIAGED_EXPLICIT_QUARANTINE,1,0,0
IMPLICIT-A3AC2FDF1E43CB8C,UNRESOLVED_IDENTITY,M0,E0,QUARANTINE_UNTIL_DEFINED,TASK99_MACHINE_TRIAGED_EXPLICIT_QUARANTINE,1,0,0
IMPLICIT-A3D1C00212B49B41,ALGORITHM_OR_WORKFLOW,M2,E0,KEEP_AS_ALGORITHM,TASK99_REPOSITORY_EVIDENCE_ADJUDICATED,1,0,0
IMPLICIT-A3E30A77D91148B8,UNRESOLVED_IDENTITY,M0,E0,QUARANTINE_UNTIL_DEFINED,TASK99_MACHINE_TRIAGED_EXPLICIT_QUARANTINE,1,0,0
IMPLICIT-A3FAF88D37437841,UNRESOLVED_IDENTITY,M0,E0,QUARANTINE_UNTIL_DEFINED,TASK99_MACHINE_TRIAGED_EXPLICIT_QUARANTINE,1,0,0
IMPLICIT-A3FC5DACBEFD9A5F,UNRESOLVED_IDENTITY,M0,E0,QUARANTINE_UNTIL_DEFINED,TASK99_MACHINE_TRIAGED_EXPLICIT_QUARANTINE,1,0,0
IMPLICIT-A4074B1FDC2E3AB7,UNRESOLVED_IDENTITY,M0,E0,QUARANTINE_UNTIL_DEFINED,TASK99_MACHINE_TRIAGED_EXPLICIT_QUARANTINE,1,0,0
IMPLICIT-A40F44B97E24E72D,UNRESOLVED_IDENTITY,M0,E0,QUARANTINE_UNTIL_DEFINED,TASK99_MACHINE_TRIAGED_EXPLICIT_QUARANTINE,1,0,0
IMPLICIT-A416A6E7FCCB6B5F,UNRESOLVED_IDENTITY,M0,E0,QUARANTINE_UNTIL_DEFINED,TASK99_MACHINE_TRIAGED_EXPLICIT_QUARANTINE,1,0,0
IMPLICIT-A4259277C66E7C25,UNRESOLVED_IDENTITY,M0,E0,QUARANTINE_UNTIL_DEFINED,TASK99_MACHINE_TRIAGED_EXPLICIT_QUARANTINE,1,0,0
IMPLICIT-A46FD18DA6CD8164,UNRESOLVED_IDENTITY,M0,E0,QUARANTINE_UNTIL_DEFINED,TASK99_MACHINE_TRIAGED_EXPLICIT_QUARANTINE,1,0,0
IMPLICIT-A47CC2AD7AC24AEE,ALGORITHM_OR_WORKFLOW,M2,E0,KEEP_AS_ALGORITHM,TASK99_REPOSITORY_EVIDENCE_ADJUDICATED,1,0,0
IMPLICIT-A4862DE558377F88,UNRESOLVED_IDENTITY,M0,E0,QUARANTINE_UNTIL_DEFINED,TASK99_MACHINE_TRIAGED_EXPLICIT_QUARANTINE,1,0,0
IMPLICIT-A48755CD11D8DD5E,ALGORITHM_OR_WORKFLOW,M1,E0,KEEP_AS_ALGORITHM,TASK99_REPOSITORY_EVIDENCE_ADJUDICATED,1,0,0
IMPLICIT-A4925A3685247D8D,ALGORITHM_OR_WORKFLOW,M2,E0,KEEP_AS_ALGORITHM,TASK99_REPOSITORY_EVIDENCE_ADJUDICATED,1,0,0
IMPLICIT-A492957359AAC1ED,ALGORITHM_OR_WORKFLOW,M2,E0,KEEP_AS_ALGORITHM,TASK99_REPOSITORY_EVIDENCE_ADJUDICATED,1,0,0
IMPLICIT-A4BE9BE2913EF6BF,UNRESOLVED_IDENTITY,M0,E0,QUARANTINE_UNTIL_DEFINED,TASK99_MACHINE_TRIAGED_EXPLICIT_QUARANTINE,1,0,0
IMPLICIT-A4C523CAE8CB2E72,UNRESOLVED_IDENTITY,M0,E0,QUARANTINE_UNTIL_DEFINED,TASK99_MACHINE_TRIAGED_EXPLICIT_QUARANTINE,1,0,0
IMPLICIT-A4C855D59711CC74,UNRESOLVED_IDENTITY,M0,E0,QUARANTINE_UNTIL_DEFINED,TASK99_MACHINE_TRIAGED_EXPLICIT_QUARANTINE,1,0,0
IMPLICIT-A4D172245D460BC5,UNRESOLVED_IDENTITY,M0,E0,QUARANTINE_UNTIL_DEFINED,TASK99_MACHINE_TRIAGED_EXPLICIT_QUARANTINE,1,0,0
IMPLICIT-A4D3E5E6C47A9C95,UNRESOLVED_IDENTITY,M0,E0,QUARANTINE_UNTIL_DEFINED,TASK99_MACHINE_TRIAGED_EXPLICIT_QUARANTINE,1,0,0
IMPLICIT-A4D8C7B59C9E531C,UNRESOLVED_IDENTITY,M0,E0,QUARANTINE_UNTIL_DEFINED,TASK99_MACHINE_TRIAGED_EXPLICIT_QUARANTINE,1,0,0
IMPLICIT-A4E6FCF77EC84733,ALGORITHM_OR_WORKFLOW,M1,E0,KEEP_AS_ALGORITHM,TASK99_REPOSITORY_EVIDENCE_ADJUDICATED,1,0,0
IMPLICIT-A5048570CD49A35C,UNRESOLVED_IDENTITY,M0,E0,QUARANTINE_UNTIL_DEFINED,TASK99_MACHINE_TRIAGED_EXPLICIT_QUARANTINE,1,0,0
IMPLICIT-A50485F10649D134,ALGORITHM_OR_WORKFLOW,M2,E0,KEEP_AS_ALGORITHM,TASK99_REPOSITORY_EVIDENCE_ADJUDICATED,1,0,0
IMPLICIT-A511CB73A8FF5565,UNRESOLVED_IDENTITY,M0,E0,QUARANTINE_UNTIL_DEFINED,TASK99_MACHINE_TRIAGED_EXPLICIT_QUARANTINE,1,0,0
IMPLICIT-A5154D2A83CC52FC,UNRESOLVED_IDENTITY,M0,E0,QUARANTINE_UNTIL_DEFINED,TASK99_MACHINE_TRIAGED_EXPLICIT_QUARANTINE,1,0,0
IMPLICIT-A515BD8E0B9726FF,UNRESOLVED_IDENTITY,M0,E0,QUARANTINE_UNTIL_DEFINED,TASK99_MACHINE_TRIAGED_EXPLICIT_QUARANTINE,1,0,0
IMPLICIT-A523FC7207817312,UNRESOLVED_IDENTITY,M0,E0,QUARANTINE_UNTIL_DEFINED,TASK99_MACHINE_TRIAGED_EXPLICIT_QUARANTINE,1,0,0
IMPLICIT-A54284154129DEB5,UNRESOLVED_IDENTITY,M0,E0,QUARANTINE_UNTIL_DEFINED,TASK99_MACHINE_TRIAGED_EXPLICIT_QUARANTINE,1,0,0
IMPLICIT-A55ADBA69A5FFD1E,UNRESOLVED_IDENTITY,M0,E0,QUARANTINE_UNTIL_DEFINED,TASK99_MACHINE_TRIAGED_EXPLICIT_QUARANTINE,1,0,0
IMPLICIT-A566A4002516BF7F,UNRESOLVED_IDENTITY,M0,E0,QUARANTINE_UNTIL_DEFINED,TASK99_MACHINE_TRIAGED_EXPLICIT_QUARANTINE,1,0,0
IMPLICIT-A566E114A89FBA0D,UNRESOLVED_IDENTITY,M0,E0,QUARANTINE_UNTIL_DEFINED,TASK99_MACHINE_TRIAGED_EXPLICIT_QUARANTINE,1,0,0
IMPLICIT-A5696F149839CDB0,UNRESOLVED_IDENTITY,M0,E0,QUARANTINE_UNTIL_DEFINED,TASK99_MACHINE_TRIAGED_EXPLICIT_QUARANTINE,1,0,0
IMPLICIT-A571B58101A0E0A6,ALGORITHM_OR_WORKFLOW,M2,E0,KEEP_AS_ALGORITHM,TASK99_REPOSITORY_EVIDENCE_ADJUDICATED,1,0,0
IMPLICIT-A57CB1A21CC52676,ALGORITHM_OR_WORKFLOW,M2,E0,KEEP_AS_ALGORITHM,TASK99_REPOSITORY_EVIDENCE_ADJUDICATED,1,0,0
IMPLICIT-A57E26065DAA9F86,ALGORITHM_OR_WORKFLOW,M1,E0,KEEP_AS_ALGORITHM,TASK99_REPOSITORY_EVIDENCE_ADJUDICATED,1,0,0
IMPLICIT-A57F6BA5D729C684,ALGORITHM_OR_WORKFLOW,M1,E0,KEEP_AS_ALGORITHM,TASK99_REPOSITORY_EVIDENCE_ADJUDICATED,1,0,0
IMPLICIT-A5A05EE42AA8E019,UNRESOLVED_IDENTITY,M0,E0,QUARANTINE_UNTIL_DEFINED,TASK99_MACHINE_TRIAGED_EXPLICIT_QUARANTINE,1,0,0
IMPLICIT-A5A5A92EB9870470,UNRESOLVED_IDENTITY,M0,E0,QUARANTINE_UNTIL_DEFINED,TASK99_MACHINE_TRIAGED_EXPLICIT_QUARANTINE,1,0,0
IMPLICIT-A5C32D4B4D7DCC40,UNRESOLVED_IDENTITY,M0,E0,QUARANTINE_UNTIL_DEFINED,TASK99_MACHINE_TRIAGED_EXPLICIT_QUARANTINE,1,0,0
IMPLICIT-A5CD18D3448D1349,UNRESOLVED_IDENTITY,M0,E0,QUARANTINE_UNTIL_DEFINED,TASK99_MACHINE_TRIAGED_EXPLICIT_QUARANTINE,1,0,0
IMPLICIT-A5D60AA645A035DC,UNRESOLVED_IDENTITY,M0,E0,QUARANTINE_UNTIL_DEFINED,TASK99_MACHINE_TRIAGED_EXPLICIT_QUARANTINE,1,0,0
IMPLICIT-A5DF6093B08534A7,ALGORITHM_OR_WORKFLOW,M2,E0,KEEP_AS_ALGORITHM,TASK99_REPOSITORY_EVIDENCE_ADJUDICATED,1,0,0
IMPLICIT-A5ECF35895B9F2BA,ALGORITHM_OR_WORKFLOW,M1,E0,KEEP_AS_ALGORITHM,TASK99_REPOSITORY_EVIDENCE_ADJUDICATED,1,0,0
IMPLICIT-A5EE62A7F6835D93,UNRESOLVED_IDENTITY,M0,E0,QUARANTINE_UNTIL_DEFINED,TASK99_MACHINE_TRIAGED_EXPLICIT_QUARANTINE,1,0,0
IMPLICIT-A60D1BEFD5716190,ALGORITHM_OR_WORKFLOW,M1,E0,KEEP_AS_ALGORITHM,TASK99_REPOSITORY_EVIDENCE_ADJUDICATED,1,0,0
IMPLICIT-A63AD3D276D202D7,ALGORITHM_OR_WORKFLOW,M2,E0,KEEP_AS_ALGORITHM,TASK99_REPOSITORY_EVIDENCE_ADJUDICATED,1,0,0
IMPLICIT-A657F69968145A15,UNRESOLVED_IDENTITY,M0,E0,QUARANTINE_UNTIL_DEFINED,TASK99_MACHINE_TRIAGED_EXPLICIT_QUARANTINE,1,0,0
IMPLICIT-A66B3A73A49C3CE1,UNRESOLVED_IDENTITY,M0,E0,QUARANTINE_UNTIL_DEFINED,TASK99_MACHINE_TRIAGED_EXPLICIT_QUARANTINE,1,0,0
IMPLICIT-A66C6A5DA35EB078,UNRESOLVED_IDENTITY,M0,E0,QUARANTINE_UNTIL_DEFINED,TASK99_MACHINE_TRIAGED_EXPLICIT_QUARANTINE,1,0,0
IMPLICIT-A6735C505B6CC5C8,UNRESOLVED_IDENTITY,M0,E0,QUARANTINE_UNTIL_DEFINED,TASK99_MACHINE_TRIAGED_EXPLICIT_QUARANTINE,1,0,0
IMPLICIT-A67F26A2127BA84D,UNRESOLVED_IDENTITY,M0,E0,QUARANTINE_UNTIL_DEFINED,TASK99_MACHINE_TRIAGED_EXPLICIT_QUARANTINE,1,0,0
IMPLICIT-A690AEC87491F0F2,ALGORITHM_OR_WORKFLOW,M2,E0,KEEP_AS_ALGORITHM,TASK99_REPOSITORY_EVIDENCE_ADJUDICATED,1,0,0
IMPLICIT-A6B36E4D56B8760B,UNRESOLVED_IDENTITY,M0,E0,QUARANTINE_UNTIL_DEFINED,TASK99_MACHINE_TRIAGED_EXPLICIT_QUARANTINE,1,0,0
IMPLICIT-A6B41704E0D2FDF7,UNRESOLVED_IDENTITY,M0,E0,QUARANTINE_UNTIL_DEFINED,TASK99_MACHINE_TRIAGED_EXPLICIT_QUARANTINE,1,0,0
IMPLICIT-A6B5683AD1E85259,UNRESOLVED_IDENTITY,M0,E0,QUARANTINE_UNTIL_DEFINED,TASK99_MACHINE_TRIAGED_EXPLICIT_QUARANTINE,1,0,0
IMPLICIT-A6C59C677B3CE038,UNRESOLVED_IDENTITY,M0,E0,QUARANTINE_UNTIL_DEFINED,TASK99_MACHINE_TRIAGED_EXPLICIT_QUARANTINE,1,0,0
IMPLICIT-A6CB96257D552063,UNRESOLVED_IDENTITY,M0,E0,QUARANTINE_UNTIL_DEFINED,TASK99_MACHINE_TRIAGED_EXPLICIT_QUARANTINE,1,0,0
IMPLICIT-A6CF993D3EE0977F,UNRESOLVED_IDENTITY,M0,E0,QUARANTINE_UNTIL_DEFINED,TASK99_MACHINE_TRIAGED_EXPLICIT_QUARANTINE,1,0,0
IMPLICIT-A6D557E24F3C4759,ALGORITHM_OR_WORKFLOW,M1,E0,KEEP_AS_ALGORITHM,TASK99_REPOSITORY_EVIDENCE_ADJUDICATED,1,0,0
IMPLICIT-A6D66EB8254BD75F,UNRESOLVED_IDENTITY,M0,E0,QUARANTINE_UNTIL_DEFINED,TASK99_MACHINE_TRIAGED_EXPLICIT_QUARANTINE,1,0,0
IMPLICIT-A6D92529C0D3D36A,UNRESOLVED_IDENTITY,M0,E0,QUARANTINE_UNTIL_DEFINED,TASK99_MACHINE_TRIAGED_EXPLICIT_QUARANTINE,1,0,0
IMPLICIT-A6E6D6D89754E847,UNRESOLVED_IDENTITY,M0,E0,QUARANTINE_UNTIL_DEFINED,TASK99_MACHINE_TRIAGED_EXPLICIT_QUARANTINE,1,0,0
IMPLICIT-A6EAD0976076B0B2,UNRESOLVED_IDENTITY,M0,E0,QUARANTINE_UNTIL_DEFINED,TASK99_MACHINE_TRIAGED_EXPLICIT_QUARANTINE,1,0,0
IMPLICIT-A70E1C34511AC98E,UNRESOLVED_IDENTITY,M0,E0,QUARANTINE_UNTIL_DEFINED,TASK99_MACHINE_TRIAGED_EXPLICIT_QUARANTINE,1,0,0
IMPLICIT-A70E4A570754F1A7,UNRESOLVED_IDENTITY,M0,E0,QUARANTINE_UNTIL_DEFINED,TASK99_MACHINE_TRIAGED_EXPLICIT_QUARANTINE,1,0,0
IMPLICIT-A719D2D80E958F61,UNRESOLVED_IDENTITY,M0,E0,QUARANTINE_UNTIL_DEFINED,TASK99_MACHINE_TRIAGED_EXPLICIT_QUARANTINE,1,0,0
IMPLICIT-A723141B7E8D45A6,UNRESOLVED_IDENTITY,M0,E0,QUARANTINE_UNTIL_DEFINED,TASK99_MACHINE_TRIAGED_EXPLICIT_QUARANTINE,1,0,0
IMPLICIT-A72385396C87993F,UNRESOLVED_IDENTITY,M0,E0,QUARANTINE_UNTIL_DEFINED,TASK99_MACHINE_TRIAGED_EXPLICIT_QUARANTINE,1,0,0
IMPLICIT-A74DDB7F7587CB1B,UNRESOLVED_IDENTITY,M0,E0,QUARANTINE_UNTIL_DEFINED,TASK99_MACHINE_TRIAGED_EXPLICIT_QUARANTINE,1,0,0
IMPLICIT-A763F2DD75CCBD77,UNRESOLVED_IDENTITY,M0,E0,QUARANTINE_UNTIL_DEFINED,TASK99_MACHINE_TRIAGED_EXPLICIT_QUARANTINE,1,0,0
IMPLICIT-A768502E4C6F211C,UNRESOLVED_IDENTITY,M0,E0,QUARANTINE_UNTIL_DEFINED,TASK99_MACHINE_TRIAGED_EXPLICIT_QUARANTINE,1,0,0
IMPLICIT-A7848B0BE2EDC869,UNRESOLVED_IDENTITY,M0,E0,QUARANTINE_UNTIL_DEFINED,TASK99_MACHINE_TRIAGED_EXPLICIT_QUARANTINE,1,0,0
IMPLICIT-A7A58F8A45C66859,UNRESOLVED_IDENTITY,M0,E0,QUARANTINE_UNTIL_DEFINED,TASK99_MACHINE_TRIAGED_EXPLICIT_QUARANTINE,1,0,0
IMPLICIT-A7D326A994C55807,UNRESOLVED_IDENTITY,M0,E0,QUARANTINE_UNTIL_DEFINED,TASK99_MACHINE_TRIAGED_EXPLICIT_QUARANTINE,1,0,0
IMPLICIT-A7D5471AB3C3EF68,UNRESOLVED_IDENTITY,M0,E0,QUARANTINE_UNTIL_DEFINED,TASK99_MACHINE_TRIAGED_EXPLICIT_QUARANTINE,1,0,0
IMPLICIT-A7E7A12CA02657D5,UNRESOLVED_IDENTITY,M0,E0,QUARANTINE_UNTIL_DEFINED,TASK99_MACHINE_TRIAGED_EXPLICIT_QUARANTINE,1,0,0
IMPLICIT-A7F2DB9BBC636953,UNRESOLVED_IDENTITY,M0,E0,QUARANTINE_UNTIL_DEFINED,TASK99_MACHINE_TRIAGED_EXPLICIT_QUARANTINE,1,0,0
IMPLICIT-A7F7EB78E1F14B8B,UNRESOLVED_IDENTITY,M0,E0,QUARANTINE_UNTIL_DEFINED,TASK99_MACHINE_TRIAGED_EXPLICIT_QUARANTINE,1,0,0
IMPLICIT-A7FF43C815F28F6D,ALGORITHM_OR_WORKFLOW,M2,E0,KEEP_AS_ALGORITHM,TASK99_REPOSITORY_EVIDENCE_ADJUDICATED,1,0,0
IMPLICIT-A8002391595D3B5A,UNRESOLVED_IDENTITY,M0,E0,QUARANTINE_UNTIL_DEFINED,TASK99_MACHINE_TRIAGED_EXPLICIT_QUARANTINE,1,0,0
IMPLICIT-A80FE733FE28698B,UNRESOLVED_IDENTITY,M0,E0,QUARANTINE_UNTIL_DEFINED,TASK99_MACHINE_TRIAGED_EXPLICIT_QUARANTINE,1,0,0
IMPLICIT-A81ACD84D20101A0,ALGORITHM_OR_WORKFLOW,M1,E0,KEEP_AS_ALGORITHM,TASK99_REPOSITORY_EVIDENCE_ADJUDICATED,1,0,0
IMPLICIT-A81E130E70C48C24,UNRESOLVED_IDENTITY,M0,E0,QUARANTINE_UNTIL_DEFINED,TASK99_MACHINE_TRIAGED_EXPLICIT_QUARANTINE,1,0,0
IMPLICIT-A826BFB7869F2ABB,ALGORITHM_OR_WORKFLOW,M2,E0,KEEP_AS_ALGORITHM,TASK99_REPOSITORY_EVIDENCE_ADJUDICATED,1,0,0
IMPLICIT-A83E324A95D93EDA,UNRESOLVED_IDENTITY,M0,E0,QUARANTINE_UNTIL_DEFINED,TASK99_MACHINE_TRIAGED_EXPLICIT_QUARANTINE,1,0,0
IMPLICIT-A846131BDFD112F1,UNRESOLVED_IDENTITY,M0,E0,QUARANTINE_UNTIL_DEFINED,TASK99_MACHINE_TRIAGED_EXPLICIT_QUARANTINE,1,0,0
IMPLICIT-A852989C64FC3DD0,UNRESOLVED_IDENTITY,M0,E0,QUARANTINE_UNTIL_DEFINED,TASK99_MACHINE_TRIAGED_EXPLICIT_QUARANTINE,1,0,0
IMPLICIT-A86596E4434B8783,ALGORITHM_OR_WORKFLOW,M1,E0,KEEP_AS_ALGORITHM,TASK99_REPOSITORY_EVIDENCE_ADJUDICATED,1,0,0
IMPLICIT-A86A0009F1343107,UNRESOLVED_IDENTITY,M0,E0,QUARANTINE_UNTIL_DEFINED,TASK99_MACHINE_TRIAGED_EXPLICIT_QUARANTINE,1,0,0
IMPLICIT-A89CFFA15D22C1AF,UNRESOLVED_IDENTITY,M0,E0,QUARANTINE_UNTIL_DEFINED,TASK99_MACHINE_TRIAGED_EXPLICIT_QUARANTINE,1,0,0
IMPLICIT-A8B6C1069929F701,UNRESOLVED_IDENTITY,M0,E0,QUARANTINE_UNTIL_DEFINED,TASK99_MACHINE_TRIAGED_EXPLICIT_QUARANTINE,1,0,0
IMPLICIT-A8B8929561A8E62A,UNRESOLVED_IDENTITY,M0,E0,QUARANTINE_UNTIL_DEFINED,TASK99_MACHINE_TRIAGED_EXPLICIT_QUARANTINE,1,0,0
IMPLICIT-A8DBA3DBD094BB09,UNRESOLVED_IDENTITY,M0,E0,QUARANTINE_UNTIL_DEFINED,TASK99_MACHINE_TRIAGED_EXPLICIT_QUARANTINE,1,0,0
IMPLICIT-A8E3AABAD62245DA,ALGORITHM_OR_WORKFLOW,M2,E0,KEEP_AS_ALGORITHM,TASK99_REPOSITORY_EVIDENCE_ADJUDICATED,1,0,0
IMPLICIT-A8E7DBEC8E7D12E7,ALGORITHM_OR_WORKFLOW,M2,E0,KEEP_AS_ALGORITHM,TASK99_REPOSITORY_EVIDENCE_ADJUDICATED,1,0,0
IMPLICIT-A8EC18089AD6332E,UNRESOLVED_IDENTITY,M0,E0,QUARANTINE_UNTIL_DEFINED,TASK99_MACHINE_TRIAGED_EXPLICIT_QUARANTINE,1,0,0
IMPLICIT-A8EE0E7B9BF8C796,ALGORITHM_OR_WORKFLOW,M1,E0,KEEP_AS_ALGORITHM,TASK99_REPOSITORY_EVIDENCE_ADJUDICATED,1,0,0
IMPLICIT-A8EF736464C35762,UNRESOLVED_IDENTITY,M0,E0,QUARANTINE_UNTIL_DEFINED,TASK99_MACHINE_TRIAGED_EXPLICIT_QUARANTINE,1,0,0
IMPLICIT-A8FC232E0145BF47,UNRESOLVED_IDENTITY,M0,E0,QUARANTINE_UNTIL_DEFINED,TASK99_MACHINE_TRIAGED_EXPLICIT_QUARANTINE,1,0,0
IMPLICIT-A8FCA784EA9D3F67,UNRESOLVED_IDENTITY,M0,E0,QUARANTINE_UNTIL_DEFINED,TASK99_MACHINE_TRIAGED_EXPLICIT_QUARANTINE,1,0,0
IMPLICIT-A92F11F032ACA5E0,UNRESOLVED_IDENTITY,M0,E0,QUARANTINE_UNTIL_DEFINED,TASK99_MACHINE_TRIAGED_EXPLICIT_QUARANTINE,1,0,0
IMPLICIT-A942558ACA6DD91E,ALGORITHM_OR_WORKFLOW,M1,E0,KEEP_AS_ALGORITHM,TASK99_REPOSITORY_EVIDENCE_ADJUDICATED,1,0,0
IMPLICIT-A95B7F57475B7D51,ALGORITHM_OR_WORKFLOW,M1,E0,KEEP_AS_ALGORITHM,TASK99_REPOSITORY_EVIDENCE_ADJUDICATED,1,0,0
IMPLICIT-A96710997585ECF3,UNRESOLVED_IDENTITY,M0,E0,QUARANTINE_UNTIL_DEFINED,TASK99_MACHINE_TRIAGED_EXPLICIT_QUARANTINE,1,0,0
IMPLICIT-A96995DF2EBC3257,UNRESOLVED_IDENTITY,M0,E0,QUARANTINE_UNTIL_DEFINED,TASK99_MACHINE_TRIAGED_EXPLICIT_QUARANTINE,1,0,0
IMPLICIT-A96F6BF352EA737F,UNRESOLVED_IDENTITY,M0,E0,QUARANTINE_UNTIL_DEFINED,TASK99_MACHINE_TRIAGED_EXPLICIT_QUARANTINE,1,0,0
IMPLICIT-A97DE5A07AD23870,ALGORITHM_OR_WORKFLOW,M2,E0,KEEP_AS_ALGORITHM,TASK99_REPOSITORY_EVIDENCE_ADJUDICATED,1,0,0
IMPLICIT-A9894A5F689145FF,UNRESOLVED_IDENTITY,M0,E0,QUARANTINE_UNTIL_DEFINED,TASK99_MACHINE_TRIAGED_EXPLICIT_QUARANTINE,1,0,0
IMPLICIT-A99A3D76BDCBE024,UNRESOLVED_IDENTITY,M0,E0,QUARANTINE_UNTIL_DEFINED,TASK99_MACHINE_TRIAGED_EXPLICIT_QUARANTINE,1,0,0
IMPLICIT-A99EDE974A5CB19D,UNRESOLVED_IDENTITY,M0,E0,QUARANTINE_UNTIL_DEFINED,TASK99_MACHINE_TRIAGED_EXPLICIT_QUARANTINE,1,0,0
IMPLICIT-A9AA6477056D0AF3,UNRESOLVED_IDENTITY,M0,E0,QUARANTINE_UNTIL_DEFINED,TASK99_MACHINE_TRIAGED_EXPLICIT_QUARANTINE,1,0,0
IMPLICIT-A9B05210A363D02B,UNRESOLVED_IDENTITY,M0,E0,QUARANTINE_UNTIL_DEFINED,TASK99_MACHINE_TRIAGED_EXPLICIT_QUARANTINE,1,0,0
IMPLICIT-A9D4D0C28EB0E194,UNRESOLVED_IDENTITY,M0,E0,QUARANTINE_UNTIL_DEFINED,TASK99_MACHINE_TRIAGED_EXPLICIT_QUARANTINE,1,0,0
IMPLICIT-A9E587B3F04863CE,ALGORITHM_OR_WORKFLOW,M1,E0,KEEP_AS_ALGORITHM,TASK99_REPOSITORY_EVIDENCE_ADJUDICATED,1,0,0
IMPLICIT-A9EA9BFC9C456177,ALGORITHM_OR_WORKFLOW,M1,E0,KEEP_AS_ALGORITHM,TASK99_REPOSITORY_EVIDENCE_ADJUDICATED,1,0,0
IMPLICIT-A9EC6467FEB2A638,UNRESOLVED_IDENTITY,M0,E0,QUARANTINE_UNTIL_DEFINED,TASK99_MACHINE_TRIAGED_EXPLICIT_QUARANTINE,1,0,0
IMPLICIT-A9EDC7D15BF5A7C9,UNRESOLVED_IDENTITY,M0,E0,QUARANTINE_UNTIL_DEFINED,TASK99_MACHINE_TRIAGED_EXPLICIT_QUARANTINE,1,0,0
IMPLICIT-A9EF382EA0A75DF9,ALGORITHM_OR_WORKFLOW,M1,E0,KEEP_AS_ALGORITHM,TASK99_REPOSITORY_EVIDENCE_ADJUDICATED,1,0,0
IMPLICIT-A9FA98F547424F1C,UNRESOLVED_IDENTITY,M0,E0,QUARANTINE_UNTIL_DEFINED,TASK99_MACHINE_TRIAGED_EXPLICIT_QUARANTINE,1,0,0
IMPLICIT-AA10F8020E1DD1C1,UNRESOLVED_IDENTITY,M0,E0,QUARANTINE_UNTIL_DEFINED,TASK99_MACHINE_TRIAGED_EXPLICIT_QUARANTINE,1,0,0
IMPLICIT-AA1C42C6D3750688,UNRESOLVED_IDENTITY,M0,E0,QUARANTINE_UNTIL_DEFINED,TASK99_MACHINE_TRIAGED_EXPLICIT_QUARANTINE,1,0,0
IMPLICIT-AA2F24C5485E891C,UNRESOLVED_IDENTITY,M0,E0,QUARANTINE_UNTIL_DEFINED,TASK99_MACHINE_TRIAGED_EXPLICIT_QUARANTINE,1,0,0
IMPLICIT-AA3193A371844571,ALGORITHM_OR_WORKFLOW,M1,E0,KEEP_AS_ALGORITHM,TASK99_REPOSITORY_EVIDENCE_ADJUDICATED,1,0,0
IMPLICIT-AA3A53DA4DC5E3D5,UNRESOLVED_IDENTITY,M0,E0,QUARANTINE_UNTIL_DEFINED,TASK99_MACHINE_TRIAGED_EXPLICIT_QUARANTINE,1,0,0
IMPLICIT-AA5C60A6ECA5A2CD,UNRESOLVED_IDENTITY,M0,E0,QUARANTINE_UNTIL_DEFINED,TASK99_MACHINE_TRIAGED_EXPLICIT_QUARANTINE,1,0,0
IMPLICIT-AA69EAE47C2AAB80,UNRESOLVED_IDENTITY,M0,E0,QUARANTINE_UNTIL_DEFINED,TASK99_MACHINE_TRIAGED_EXPLICIT_QUARANTINE,1,0,0
IMPLICIT-AA6C53A52103B033,UNRESOLVED_IDENTITY,M0,E0,QUARANTINE_UNTIL_DEFINED,TASK99_MACHINE_TRIAGED_EXPLICIT_QUARANTINE,1,0,0
IMPLICIT-AA75646794C71C9E,UNRESOLVED_IDENTITY,M0,E0,QUARANTINE_UNTIL_DEFINED,TASK99_MACHINE_TRIAGED_EXPLICIT_QUARANTINE,1,0,0
IMPLICIT-AA8047E8A31611F6,UNRESOLVED_IDENTITY,M0,E0,QUARANTINE_UNTIL_DEFINED,TASK99_MACHINE_TRIAGED_EXPLICIT_QUARANTINE,1,0,0
IMPLICIT-AA818AFF46764022,UNRESOLVED_IDENTITY,M0,E0,QUARANTINE_UNTIL_DEFINED,TASK99_MACHINE_TRIAGED_EXPLICIT_QUARANTINE,1,0,0
IMPLICIT-AA8753ADF7AEFE7D,UNRESOLVED_IDENTITY,M0,E0,QUARANTINE_UNTIL_DEFINED,TASK99_MACHINE_TRIAGED_EXPLICIT_QUARANTINE,1,0,0
IMPLICIT-AA9CEA43FA91229C,UNRESOLVED_IDENTITY,M0,E0,QUARANTINE_UNTIL_DEFINED,TASK99_MACHINE_TRIAGED_EXPLICIT_QUARANTINE,1,0,0
IMPLICIT-AA9EB10C1E98A089,UNRESOLVED_IDENTITY,M0,E0,QUARANTINE_UNTIL_DEFINED,TASK99_MACHINE_TRIAGED_EXPLICIT_QUARANTINE,1,0,0
IMPLICIT-AAB12BA6D66709B5,UNRESOLVED_IDENTITY,M0,E0,QUARANTINE_UNTIL_DEFINED,TASK99_MACHINE_TRIAGED_EXPLICIT_QUARANTINE,1,0,0
IMPLICIT-AABA843156DE2594,ALGORITHM_OR_WORKFLOW,M2,E0,KEEP_AS_ALGORITHM,TASK99_REPOSITORY_EVIDENCE_ADJUDICATED,1,0,0
IMPLICIT-AABCD4117415A0AE,UNRESOLVED_IDENTITY,M0,E0,QUARANTINE_UNTIL_DEFINED,TASK99_MACHINE_TRIAGED_EXPLICIT_QUARANTINE,1,0,0
IMPLICIT-AAD14EE8D606DE52,UNRESOLVED_IDENTITY,M0,E0,QUARANTINE_UNTIL_DEFINED,TASK99_MACHINE_TRIAGED_EXPLICIT_QUARANTINE,1,0,0
IMPLICIT-AAD17273924DC20A,UNRESOLVED_IDENTITY,M0,E0,QUARANTINE_UNTIL_DEFINED,TASK99_MACHINE_TRIAGED_EXPLICIT_QUARANTINE,1,0,0
IMPLICIT-AAD55C3153C3CCE1,UNRESOLVED_IDENTITY,M0,E0,QUARANTINE_UNTIL_DEFINED,TASK99_MACHINE_TRIAGED_EXPLICIT_QUARANTINE,1,0,0
IMPLICIT-AADCA211EEBB32FC,UNRESOLVED_IDENTITY,M0,E0,QUARANTINE_UNTIL_DEFINED,TASK99_MACHINE_TRIAGED_EXPLICIT_QUARANTINE,1,0,0
IMPLICIT-AADE46FF5B4DD031,UNRESOLVED_IDENTITY,M0,E0,QUARANTINE_UNTIL_DEFINED,TASK99_MACHINE_TRIAGED_EXPLICIT_QUARANTINE,1,0,0
IMPLICIT-AAF5690568894BF1,UNRESOLVED_IDENTITY,M0,E0,QUARANTINE_UNTIL_DEFINED,TASK99_MACHINE_TRIAGED_EXPLICIT_QUARANTINE,1,0,0
IMPLICIT-AB062FE34D709C41,UNRESOLVED_IDENTITY,M0,E0,QUARANTINE_UNTIL_DEFINED,TASK99_MACHINE_TRIAGED_EXPLICIT_QUARANTINE,1,0,0
IMPLICIT-AB0AE67F6D7524A9,UNRESOLVED_IDENTITY,M0,E0,QUARANTINE_UNTIL_DEFINED,TASK99_MACHINE_TRIAGED_EXPLICIT_QUARANTINE,1,0,0
IMPLICIT-AB132917DDBF9E4C,UNRESOLVED_IDENTITY,M0,E0,QUARANTINE_UNTIL_DEFINED,TASK99_MACHINE_TRIAGED_EXPLICIT_QUARANTINE,1,0,0
IMPLICIT-AB177EBEC1562BA2,UNRESOLVED_IDENTITY,M0,E0,QUARANTINE_UNTIL_DEFINED,TASK99_MACHINE_TRIAGED_EXPLICIT_QUARANTINE,1,0,0
IMPLICIT-AB1BF01DF3AD97F4,UNRESOLVED_IDENTITY,M0,E0,QUARANTINE_UNTIL_DEFINED,TASK99_MACHINE_TRIAGED_EXPLICIT_QUARANTINE,1,0,0
IMPLICIT-AB24B44EB3589358,UNRESOLVED_IDENTITY,M0,E0,QUARANTINE_UNTIL_DEFINED,TASK99_MACHINE_TRIAGED_EXPLICIT_QUARANTINE,1,0,0
IMPLICIT-AB3E466D419DEAA3,UNRESOLVED_IDENTITY,M0,E0,QUARANTINE_UNTIL_DEFINED,TASK99_MACHINE_TRIAGED_EXPLICIT_QUARANTINE,1,0,0
IMPLICIT-AB4F748FD01D9824,UNRESOLVED_IDENTITY,M0,E0,QUARANTINE_UNTIL_DEFINED,TASK99_MACHINE_TRIAGED_EXPLICIT_QUARANTINE,1,0,0
IMPLICIT-AB6CF41798386FAA,ALGORITHM_OR_WORKFLOW,M1,E0,KEEP_AS_ALGORITHM,TASK99_REPOSITORY_EVIDENCE_ADJUDICATED,1,0,0
IMPLICIT-AB92BA4DD527D2D4,UNRESOLVED_IDENTITY,M0,E0,QUARANTINE_UNTIL_DEFINED,TASK99_MACHINE_TRIAGED_EXPLICIT_QUARANTINE,1,0,0
IMPLICIT-AB9A1DCB205A9F1B,UNRESOLVED_IDENTITY,M0,E0,QUARANTINE_UNTIL_DEFINED,TASK99_MACHINE_TRIAGED_EXPLICIT_QUARANTINE,1,0,0
IMPLICIT-ABBC041D21C065D2,ALGORITHM_OR_WORKFLOW,M1,E0,KEEP_AS_ALGORITHM,TASK99_REPOSITORY_EVIDENCE_ADJUDICATED,1,0,0
IMPLICIT-ABD5E8808BB5D960,ALGORITHM_OR_WORKFLOW,M1,E0,KEEP_AS_ALGORITHM,TASK99_REPOSITORY_EVIDENCE_ADJUDICATED,1,0,0
IMPLICIT-ABFB61FD8B4C4793,ALGORITHM_OR_WORKFLOW,M1,E0,KEEP_AS_ALGORITHM,TASK99_REPOSITORY_EVIDENCE_ADJUDICATED,1,0,0
IMPLICIT-AC012C528F5C9DE5,UNRESOLVED_IDENTITY,M0,E0,QUARANTINE_UNTIL_DEFINED,TASK99_MACHINE_TRIAGED_EXPLICIT_QUARANTINE,1,0,0
IMPLICIT-AC0CB378C1F47A22,ALGORITHM_OR_WORKFLOW,M2,E0,KEEP_AS_ALGORITHM,TASK99_REPOSITORY_EVIDENCE_ADJUDICATED,1,0,0
IMPLICIT-AC0F78D0E68FF745,UNRESOLVED_IDENTITY,M0,E0,QUARANTINE_UNTIL_DEFINED,TASK99_MACHINE_TRIAGED_EXPLICIT_QUARANTINE,1,0,0
IMPLICIT-AC5774ED7272682F,UNRESOLVED_IDENTITY,M0,E0,QUARANTINE_UNTIL_DEFINED,TASK99_MACHINE_TRIAGED_EXPLICIT_QUARANTINE,1,0,0
IMPLICIT-AC5BFB7968FC95C5,ALGORITHM_OR_WORKFLOW,M1,E0,KEEP_AS_ALGORITHM,TASK99_REPOSITORY_EVIDENCE_ADJUDICATED,1,0,0
IMPLICIT-AC6017BF49FCF6D3,UNRESOLVED_IDENTITY,M0,E0,QUARANTINE_UNTIL_DEFINED,TASK99_MACHINE_TRIAGED_EXPLICIT_QUARANTINE,1,0,0
IMPLICIT-AC64C274732939FF,ALGORITHM_OR_WORKFLOW,M2,E0,KEEP_AS_ALGORITHM,TASK99_REPOSITORY_EVIDENCE_ADJUDICATED,1,0,0
IMPLICIT-AC69D5A2E1C2D7CC,UNRESOLVED_IDENTITY,M0,E0,QUARANTINE_UNTIL_DEFINED,TASK99_MACHINE_TRIAGED_EXPLICIT_QUARANTINE,1,0,0
IMPLICIT-AC6E47C2360BCE5E,UNRESOLVED_IDENTITY,M0,E0,QUARANTINE_UNTIL_DEFINED,TASK99_MACHINE_TRIAGED_EXPLICIT_QUARANTINE,1,0,0
IMPLICIT-AC718898861145F6,UNRESOLVED_IDENTITY,M0,E0,QUARANTINE_UNTIL_DEFINED,TASK99_MACHINE_TRIAGED_EXPLICIT_QUARANTINE,1,0,0
IMPLICIT-AC83CBDECA7147CA,UNRESOLVED_IDENTITY,M0,E0,QUARANTINE_UNTIL_DEFINED,TASK99_MACHINE_TRIAGED_EXPLICIT_QUARANTINE,1,0,0
IMPLICIT-AC9BF45F7F5E4382,UNRESOLVED_IDENTITY,M0,E0,QUARANTINE_UNTIL_DEFINED,TASK99_MACHINE_TRIAGED_EXPLICIT_QUARANTINE,1,0,0
IMPLICIT-ACA75E69C33CA9AD,UNRESOLVED_IDENTITY,M0,E0,QUARANTINE_UNTIL_DEFINED,TASK99_MACHINE_TRIAGED_EXPLICIT_QUARANTINE,1,0,0
IMPLICIT-ACB06EB917DF4950,ALGORITHM_OR_WORKFLOW,M1,E0,KEEP_AS_ALGORITHM,TASK99_REPOSITORY_EVIDENCE_ADJUDICATED,1,0,0
IMPLICIT-ACB65CE52FB81F57,ALGORITHM_OR_WORKFLOW,M2,E0,KEEP_AS_ALGORITHM,TASK99_REPOSITORY_EVIDENCE_ADJUDICATED,1,0,0
IMPLICIT-ACD18BE31E480969,ALGORITHM_OR_WORKFLOW,M1,E0,KEEP_AS_ALGORITHM,TASK99_REPOSITORY_EVIDENCE_ADJUDICATED,1,0,0
IMPLICIT-ACDF498D01559C5B,UNRESOLVED_IDENTITY,M0,E0,QUARANTINE_UNTIL_DEFINED,TASK99_MACHINE_TRIAGED_EXPLICIT_QUARANTINE,1,0,0
IMPLICIT-ACE0C27327F12DF6,UNRESOLVED_IDENTITY,M0,E0,QUARANTINE_UNTIL_DEFINED,TASK99_MACHINE_TRIAGED_EXPLICIT_QUARANTINE,1,0,0
IMPLICIT-ACE79E29E163AA93,UNRESOLVED_IDENTITY,M0,E0,QUARANTINE_UNTIL_DEFINED,TASK99_MACHINE_TRIAGED_EXPLICIT_QUARANTINE,1,0,0
IMPLICIT-ACF2DEC8AAE50E59,UNRESOLVED_IDENTITY,M0,E0,QUARANTINE_UNTIL_DEFINED,TASK99_MACHINE_TRIAGED_EXPLICIT_QUARANTINE,1,0,0
IMPLICIT-ACF34ED7270AD5CA,UNRESOLVED_IDENTITY,M0,E0,QUARANTINE_UNTIL_DEFINED,TASK99_MACHINE_TRIAGED_EXPLICIT_QUARANTINE,1,0,0
IMPLICIT-ACF9B08B34FD7156,UNRESOLVED_IDENTITY,M0,E0,QUARANTINE_UNTIL_DEFINED,TASK99_MACHINE_TRIAGED_EXPLICIT_QUARANTINE,1,0,0
IMPLICIT-AD0F35AC4AC66B1A,UNRESOLVED_IDENTITY,M0,E0,QUARANTINE_UNTIL_DEFINED,TASK99_MACHINE_TRIAGED_EXPLICIT_QUARANTINE,1,0,0
IMPLICIT-AD2EE0C6AA9CAD49,UNRESOLVED_IDENTITY,M0,E0,QUARANTINE_UNTIL_DEFINED,TASK99_MACHINE_TRIAGED_EXPLICIT_QUARANTINE,1,0,0
IMPLICIT-AD50435C0F5A14DD,UNRESOLVED_IDENTITY,M0,E0,QUARANTINE_UNTIL_DEFINED,TASK99_MACHINE_TRIAGED_EXPLICIT_QUARANTINE,1,0,0
IMPLICIT-AD6FAC2BC709A0DC,ALGORITHM_OR_WORKFLOW,M2,E0,KEEP_AS_ALGORITHM,TASK99_REPOSITORY_EVIDENCE_ADJUDICATED,1,0,0
IMPLICIT-AD73DE418318FBB0,UNRESOLVED_IDENTITY,M0,E0,QUARANTINE_UNTIL_DEFINED,TASK99_MACHINE_TRIAGED_EXPLICIT_QUARANTINE,1,0,0
IMPLICIT-AD86FEF621AF29B3,UNRESOLVED_IDENTITY,M0,E0,QUARANTINE_UNTIL_DEFINED,TASK99_MACHINE_TRIAGED_EXPLICIT_QUARANTINE,1,0,0
IMPLICIT-AD890B822FF555D6,UNRESOLVED_IDENTITY,M0,E0,QUARANTINE_UNTIL_DEFINED,TASK99_MACHINE_TRIAGED_EXPLICIT_QUARANTINE,1,0,0
IMPLICIT-AD8DA892C5FA9D7E,UNRESOLVED_IDENTITY,M0,E0,QUARANTINE_UNTIL_DEFINED,TASK99_MACHINE_TRIAGED_EXPLICIT_QUARANTINE,1,0,0
IMPLICIT-AD971AC50ADCF046,UNRESOLVED_IDENTITY,M0,E0,QUARANTINE_UNTIL_DEFINED,TASK99_MACHINE_TRIAGED_EXPLICIT_QUARANTINE,1,0,0
IMPLICIT-ADEB4F9859B7FC7B,UNRESOLVED_IDENTITY,M0,E0,QUARANTINE_UNTIL_DEFINED,TASK99_MACHINE_TRIAGED_EXPLICIT_QUARANTINE,1,0,0
IMPLICIT-ADFEB31843640B84,UNRESOLVED_IDENTITY,M0,E0,QUARANTINE_UNTIL_DEFINED,TASK99_MACHINE_TRIAGED_EXPLICIT_QUARANTINE,1,0,0
IMPLICIT-AE06A261A684516E,UNRESOLVED_IDENTITY,M0,E0,QUARANTINE_UNTIL_DEFINED,TASK99_MACHINE_TRIAGED_EXPLICIT_QUARANTINE,1,0,0
IMPLICIT-AE12AB4F2101A8C8,UNRESOLVED_IDENTITY,M0,E0,QUARANTINE_UNTIL_DEFINED,TASK99_MACHINE_TRIAGED_EXPLICIT_QUARANTINE,1,0,0
IMPLICIT-AE250175C2619E27,UNRESOLVED_IDENTITY,M0,E0,QUARANTINE_UNTIL_DEFINED,TASK99_MACHINE_TRIAGED_EXPLICIT_QUARANTINE,1,0,0
IMPLICIT-AE25811EE6E8719C,UNRESOLVED_IDENTITY,M0,E0,QUARANTINE_UNTIL_DEFINED,TASK99_MACHINE_TRIAGED_EXPLICIT_QUARANTINE,1,0,0
IMPLICIT-AE2BBF62373F6A42,UNRESOLVED_IDENTITY,M0,E0,QUARANTINE_UNTIL_DEFINED,TASK99_MACHINE_TRIAGED_EXPLICIT_QUARANTINE,1,0,0
IMPLICIT-AE41F6EB637D34C5,UNRESOLVED_IDENTITY,M0,E0,QUARANTINE_UNTIL_DEFINED,TASK99_MACHINE_TRIAGED_EXPLICIT_QUARANTINE,1,0,0
IMPLICIT-AE45EAFD7C6B243B,UNRESOLVED_IDENTITY,M0,E0,QUARANTINE_UNTIL_DEFINED,TASK99_MACHINE_TRIAGED_EXPLICIT_QUARANTINE,1,0,0
IMPLICIT-AE56C53A86F35B95,UNRESOLVED_IDENTITY,M0,E0,QUARANTINE_UNTIL_DEFINED,TASK99_MACHINE_TRIAGED_EXPLICIT_QUARANTINE,1,0,0
IMPLICIT-AE5DB04D77E01CC0,ALGORITHM_OR_WORKFLOW,M2,E0,KEEP_AS_ALGORITHM,TASK99_REPOSITORY_EVIDENCE_ADJUDICATED,1,0,0
IMPLICIT-AE70C2329DA08A44,ALGORITHM_OR_WORKFLOW,M1,E0,KEEP_AS_ALGORITHM,TASK99_REPOSITORY_EVIDENCE_ADJUDICATED,1,0,0
IMPLICIT-AE74C47A7DDBD3EF,ALGORITHM_OR_WORKFLOW,M1,E0,KEEP_AS_ALGORITHM,TASK99_REPOSITORY_EVIDENCE_ADJUDICATED,1,0,0
IMPLICIT-AE898056B6D4271A,ALGORITHM_OR_WORKFLOW,M1,E0,KEEP_AS_ALGORITHM,TASK99_REPOSITORY_EVIDENCE_ADJUDICATED,1,0,0
IMPLICIT-AEA17E4264933394,UNRESOLVED_IDENTITY,M0,E0,QUARANTINE_UNTIL_DEFINED,TASK99_MACHINE_TRIAGED_EXPLICIT_QUARANTINE,1,0,0
IMPLICIT-AEA6D5687F6D54EA,UNRESOLVED_IDENTITY,M0,E0,QUARANTINE_UNTIL_DEFINED,TASK99_MACHINE_TRIAGED_EXPLICIT_QUARANTINE,1,0,0
IMPLICIT-AED35E15FC4C729D,ALGORITHM_OR_WORKFLOW,M1,E0,KEEP_AS_ALGORITHM,TASK99_REPOSITORY_EVIDENCE_ADJUDICATED,1,0,0
IMPLICIT-AEDFBB859FAE8791,UNRESOLVED_IDENTITY,M0,E0,QUARANTINE_UNTIL_DEFINED,TASK99_MACHINE_TRIAGED_EXPLICIT_QUARANTINE,1,0,0
IMPLICIT-AEE971C54FD06B53,ALGORITHM_OR_WORKFLOW,M2,E0,KEEP_AS_ALGORITHM,TASK99_REPOSITORY_EVIDENCE_ADJUDICATED,1,0,0
IMPLICIT-AEEADB99BF22F916,UNRESOLVED_IDENTITY,M0,E0,QUARANTINE_UNTIL_DEFINED,TASK99_MACHINE_TRIAGED_EXPLICIT_QUARANTINE,1,0,0
IMPLICIT-AEF7CEDF67FC5620,UNRESOLVED_IDENTITY,M0,E0,QUARANTINE_UNTIL_DEFINED,TASK99_MACHINE_TRIAGED_EXPLICIT_QUARANTINE,1,0,0
IMPLICIT-AEFD802F257D6228,UNRESOLVED_IDENTITY,M0,E0,QUARANTINE_UNTIL_DEFINED,TASK99_MACHINE_TRIAGED_EXPLICIT_QUARANTINE,1,0,0
IMPLICIT-AF0A265D03DE8E97,UNRESOLVED_IDENTITY,M0,E0,QUARANTINE_UNTIL_DEFINED,TASK99_MACHINE_TRIAGED_EXPLICIT_QUARANTINE,1,0,0
IMPLICIT-AF230693986CE558,ALGORITHM_OR_WORKFLOW,M2,E0,KEEP_AS_ALGORITHM,TASK99_REPOSITORY_EVIDENCE_ADJUDICATED,1,0,0
IMPLICIT-AF23607DE7DF53FC,UNRESOLVED_IDENTITY,M0,E0,QUARANTINE_UNTIL_DEFINED,TASK99_MACHINE_TRIAGED_EXPLICIT_QUARANTINE,1,0,0
IMPLICIT-AF26E0F2E48B096F,UNRESOLVED_IDENTITY,M0,E0,QUARANTINE_UNTIL_DEFINED,TASK99_MACHINE_TRIAGED_EXPLICIT_QUARANTINE,1,0,0
IMPLICIT-AF329C6A0DCA754D,UNRESOLVED_IDENTITY,M0,E0,QUARANTINE_UNTIL_DEFINED,TASK99_MACHINE_TRIAGED_EXPLICIT_QUARANTINE,1,0,0
IMPLICIT-AF39FA538A9493B2,UNRESOLVED_IDENTITY,M0,E0,QUARANTINE_UNTIL_DEFINED,TASK99_MACHINE_TRIAGED_EXPLICIT_QUARANTINE,1,0,0
IMPLICIT-AF4DFCA332C172A1,UNRESOLVED_IDENTITY,M0,E0,QUARANTINE_UNTIL_DEFINED,TASK99_MACHINE_TRIAGED_EXPLICIT_QUARANTINE,1,0,0
IMPLICIT-AF6AA8D88C9AD3B8,UNRESOLVED_IDENTITY,M0,E0,QUARANTINE_UNTIL_DEFINED,TASK99_MACHINE_TRIAGED_EXPLICIT_QUARANTINE,1,0,0
IMPLICIT-AF7FDFA925CD05A8,UNRESOLVED_IDENTITY,M0,E0,QUARANTINE_UNTIL_DEFINED,TASK99_MACHINE_TRIAGED_EXPLICIT_QUARANTINE,1,0,0
IMPLICIT-AF872765D8DB5407,UNRESOLVED_IDENTITY,M0,E0,QUARANTINE_UNTIL_DEFINED,TASK99_MACHINE_TRIAGED_EXPLICIT_QUARANTINE,1,0,0
IMPLICIT-AF87D9D5C2FA4762,ALGORITHM_OR_WORKFLOW,M2,E0,KEEP_AS_ALGORITHM,TASK99_REPOSITORY_EVIDENCE_ADJUDICATED,1,0,0
IMPLICIT-AF9CDFFDD9F6A326,UNRESOLVED_IDENTITY,M0,E0,QUARANTINE_UNTIL_DEFINED,TASK99_MACHINE_TRIAGED_EXPLICIT_QUARANTINE,1,0,0
IMPLICIT-AFA6352BB29A5198,UNRESOLVED_IDENTITY,M0,E0,QUARANTINE_UNTIL_DEFINED,TASK99_MACHINE_TRIAGED_EXPLICIT_QUARANTINE,1,0,0
IMPLICIT-AFAFD08255055F94,UNRESOLVED_IDENTITY,M0,E0,QUARANTINE_UNTIL_DEFINED,TASK99_MACHINE_TRIAGED_EXPLICIT_QUARANTINE,1,0,0
IMPLICIT-AFB476016E178F77,ALGORITHM_OR_WORKFLOW,M2,E0,KEEP_AS_ALGORITHM,TASK99_REPOSITORY_EVIDENCE_ADJUDICATED,1,0,0
IMPLICIT-AFBA30CE1BBBABE9,UNRESOLVED_IDENTITY,M0,E0,QUARANTINE_UNTIL_DEFINED,TASK99_MACHINE_TRIAGED_EXPLICIT_QUARANTINE,1,0,0
IMPLICIT-AFBB97D25A7C840A,ALGORITHM_OR_WORKFLOW,M1,E0,KEEP_AS_ALGORITHM,TASK99_REPOSITORY_EVIDENCE_ADJUDICATED,1,0,0
IMPLICIT-B00AD01AD1BE4FE8,UNRESOLVED_IDENTITY,M0,E0,QUARANTINE_UNTIL_DEFINED,TASK99_MACHINE_TRIAGED_EXPLICIT_QUARANTINE,1,0,0
IMPLICIT-B01954F8D38565F0,ALGORITHM_OR_WORKFLOW,M1,E0,KEEP_AS_ALGORITHM,TASK99_REPOSITORY_EVIDENCE_ADJUDICATED,1,0,0
IMPLICIT-B01E5F4F7D3FC904,UNRESOLVED_IDENTITY,M0,E0,QUARANTINE_UNTIL_DEFINED,TASK99_MACHINE_TRIAGED_EXPLICIT_QUARANTINE,1,0,0
IMPLICIT-B021ED031953574F,ALGORITHM_OR_WORKFLOW,M1,E0,KEEP_AS_ALGORITHM,TASK99_REPOSITORY_EVIDENCE_ADJUDICATED,1,0,0
IMPLICIT-B02D6DA00C95C0F8,UNRESOLVED_IDENTITY,M0,E0,QUARANTINE_UNTIL_DEFINED,TASK99_MACHINE_TRIAGED_EXPLICIT_QUARANTINE,1,0,0
IMPLICIT-B04802F6896E325E,ALGORITHM_OR_WORKFLOW,M2,E0,KEEP_AS_ALGORITHM,TASK99_REPOSITORY_EVIDENCE_ADJUDICATED,1,0,0
IMPLICIT-B04BA20B6084082B,UNRESOLVED_IDENTITY,M0,E0,QUARANTINE_UNTIL_DEFINED,TASK99_MACHINE_TRIAGED_EXPLICIT_QUARANTINE,1,0,0
IMPLICIT-B0552776FE28216D,UNRESOLVED_IDENTITY,M0,E0,QUARANTINE_UNTIL_DEFINED,TASK99_MACHINE_TRIAGED_EXPLICIT_QUARANTINE,1,0,0
IMPLICIT-B057A1CC26CE8F3E,UNRESOLVED_IDENTITY,M0,E0,QUARANTINE_UNTIL_DEFINED,TASK99_MACHINE_TRIAGED_EXPLICIT_QUARANTINE,1,0,0
IMPLICIT-B06DA7C7C629F118,UNRESOLVED_IDENTITY,M0,E0,QUARANTINE_UNTIL_DEFINED,TASK99_MACHINE_TRIAGED_EXPLICIT_QUARANTINE,1,0,0
IMPLICIT-B07E07BAAC43A923,UNRESOLVED_IDENTITY,M0,E0,QUARANTINE_UNTIL_DEFINED,TASK99_MACHINE_TRIAGED_EXPLICIT_QUARANTINE,1,0,0
IMPLICIT-B0803E4563706CDA,UNRESOLVED_IDENTITY,M0,E0,QUARANTINE_UNTIL_DEFINED,TASK99_MACHINE_TRIAGED_EXPLICIT_QUARANTINE,1,0,0
IMPLICIT-B092C8D186589A0F,UNRESOLVED_IDENTITY,M0,E0,QUARANTINE_UNTIL_DEFINED,TASK99_MACHINE_TRIAGED_EXPLICIT_QUARANTINE,1,0,0
IMPLICIT-B0A16358C3096843,UNRESOLVED_IDENTITY,M0,E0,QUARANTINE_UNTIL_DEFINED,TASK99_MACHINE_TRIAGED_EXPLICIT_QUARANTINE,1,0,0
IMPLICIT-B0A2512C096ACF58,ALGORITHM_OR_WORKFLOW,M1,E0,KEEP_AS_ALGORITHM,TASK99_REPOSITORY_EVIDENCE_ADJUDICATED,1,0,0
IMPLICIT-B0D04F2FF0EF4B13,ALGORITHM_OR_WORKFLOW,M1,E0,KEEP_AS_ALGORITHM,TASK99_REPOSITORY_EVIDENCE_ADJUDICATED,1,0,0
IMPLICIT-B0D36EDDAEC9534B,UNRESOLVED_IDENTITY,M0,E0,QUARANTINE_UNTIL_DEFINED,TASK99_MACHINE_TRIAGED_EXPLICIT_QUARANTINE,1,0,0
IMPLICIT-B10AAC383A5D3694,ALGORITHM_OR_WORKFLOW,M2,E0,KEEP_AS_ALGORITHM,TASK99_REPOSITORY_EVIDENCE_ADJUDICATED,1,0,0
IMPLICIT-B1245DFFDCBF43AE,UNRESOLVED_IDENTITY,M0,E0,QUARANTINE_UNTIL_DEFINED,TASK99_MACHINE_TRIAGED_EXPLICIT_QUARANTINE,1,0,0
IMPLICIT-B142040B256C36FE,UNRESOLVED_IDENTITY,M0,E0,QUARANTINE_UNTIL_DEFINED,TASK99_MACHINE_TRIAGED_EXPLICIT_QUARANTINE,1,0,0
IMPLICIT-B16522F51DDA949E,ALGORITHM_OR_WORKFLOW,M2,E0,KEEP_AS_ALGORITHM,TASK99_REPOSITORY_EVIDENCE_ADJUDICATED,1,0,0
IMPLICIT-B18AE11B08458448,UNRESOLVED_IDENTITY,M0,E0,QUARANTINE_UNTIL_DEFINED,TASK99_MACHINE_TRIAGED_EXPLICIT_QUARANTINE,1,0,0
IMPLICIT-B1937639523C700C,UNRESOLVED_IDENTITY,M0,E0,QUARANTINE_UNTIL_DEFINED,TASK99_MACHINE_TRIAGED_EXPLICIT_QUARANTINE,1,0,0
IMPLICIT-B1B5139E27962123,UNRESOLVED_IDENTITY,M0,E0,QUARANTINE_UNTIL_DEFINED,TASK99_MACHINE_TRIAGED_EXPLICIT_QUARANTINE,1,0,0
IMPLICIT-B1C10F815CA03F55,UNRESOLVED_IDENTITY,M0,E0,QUARANTINE_UNTIL_DEFINED,TASK99_MACHINE_TRIAGED_EXPLICIT_QUARANTINE,1,0,0
IMPLICIT-B1C7A4443EE51DE1,UNRESOLVED_IDENTITY,M0,E0,QUARANTINE_UNTIL_DEFINED,TASK99_MACHINE_TRIAGED_EXPLICIT_QUARANTINE,1,0,0
IMPLICIT-B1F3595978349DBE,UNRESOLVED_IDENTITY,M0,E0,QUARANTINE_UNTIL_DEFINED,TASK99_MACHINE_TRIAGED_EXPLICIT_QUARANTINE,1,0,0
IMPLICIT-B20AEEDC098DB67F,ALGORITHM_OR_WORKFLOW,M2,E0,KEEP_AS_ALGORITHM,TASK99_REPOSITORY_EVIDENCE_ADJUDICATED,1,0,0
IMPLICIT-B22661C48C0A0950,UNRESOLVED_IDENTITY,M0,E0,QUARANTINE_UNTIL_DEFINED,TASK99_MACHINE_TRIAGED_EXPLICIT_QUARANTINE,1,0,0
IMPLICIT-B242417EDC8A4AB5,UNRESOLVED_IDENTITY,M0,E0,QUARANTINE_UNTIL_DEFINED,TASK99_MACHINE_TRIAGED_EXPLICIT_QUARANTINE,1,0,0
IMPLICIT-B248E4789A2A99DB,UNRESOLVED_IDENTITY,M0,E0,QUARANTINE_UNTIL_DEFINED,TASK99_MACHINE_TRIAGED_EXPLICIT_QUARANTINE,1,0,0
IMPLICIT-B25F12FAB734A710,UNRESOLVED_IDENTITY,M0,E0,QUARANTINE_UNTIL_DEFINED,TASK99_MACHINE_TRIAGED_EXPLICIT_QUARANTINE,1,0,0
IMPLICIT-B280F0BCFEB04E8C,UNRESOLVED_IDENTITY,M0,E0,QUARANTINE_UNTIL_DEFINED,TASK99_MACHINE_TRIAGED_EXPLICIT_QUARANTINE,1,0,0
IMPLICIT-B2832092A1A6362E,UNRESOLVED_IDENTITY,M0,E0,QUARANTINE_UNTIL_DEFINED,TASK99_MACHINE_TRIAGED_EXPLICIT_QUARANTINE,1,0,0
IMPLICIT-B29BB7836C530DC4,UNRESOLVED_IDENTITY,M0,E0,QUARANTINE_UNTIL_DEFINED,TASK99_MACHINE_TRIAGED_EXPLICIT_QUARANTINE,1,0,0
IMPLICIT-B2A5E6243B5510E9,UNRESOLVED_IDENTITY,M0,E0,QUARANTINE_UNTIL_DEFINED,TASK99_MACHINE_TRIAGED_EXPLICIT_QUARANTINE,1,0,0
IMPLICIT-B2A7D8B63454E827,ALGORITHM_OR_WORKFLOW,M1,E0,KEEP_AS_ALGORITHM,TASK99_REPOSITORY_EVIDENCE_ADJUDICATED,1,0,0
IMPLICIT-B2A81D8E3CB688FF,UNRESOLVED_IDENTITY,M0,E0,QUARANTINE_UNTIL_DEFINED,TASK99_MACHINE_TRIAGED_EXPLICIT_QUARANTINE,1,0,0
IMPLICIT-B2B13380A8C8E895,UNRESOLVED_IDENTITY,M0,E0,QUARANTINE_UNTIL_DEFINED,TASK99_MACHINE_TRIAGED_EXPLICIT_QUARANTINE,1,0,0
IMPLICIT-B2B26E2232771E50,UNRESOLVED_IDENTITY,M0,E0,QUARANTINE_UNTIL_DEFINED,TASK99_MACHINE_TRIAGED_EXPLICIT_QUARANTINE,1,0,0
IMPLICIT-B2B795ECB604602F,UNRESOLVED_IDENTITY,M0,E0,QUARANTINE_UNTIL_DEFINED,TASK99_MACHINE_TRIAGED_EXPLICIT_QUARANTINE,1,0,0
IMPLICIT-B2DA13E578619DFC,UNRESOLVED_IDENTITY,M0,E0,QUARANTINE_UNTIL_DEFINED,TASK99_MACHINE_TRIAGED_EXPLICIT_QUARANTINE,1,0,0
IMPLICIT-B2E153A48CCF5DC6,UNRESOLVED_IDENTITY,M0,E0,QUARANTINE_UNTIL_DEFINED,TASK99_MACHINE_TRIAGED_EXPLICIT_QUARANTINE,1,0,0
IMPLICIT-B2FBDAEC3BE1FE33,UNRESOLVED_IDENTITY,M0,E0,QUARANTINE_UNTIL_DEFINED,TASK99_MACHINE_TRIAGED_EXPLICIT_QUARANTINE,1,0,0
IMPLICIT-B308FC766D67E270,ALGORITHM_OR_WORKFLOW,M1,E0,KEEP_AS_ALGORITHM,TASK99_REPOSITORY_EVIDENCE_ADJUDICATED,1,0,0
IMPLICIT-B31C3138B5220ECF,UNRESOLVED_IDENTITY,M0,E0,QUARANTINE_UNTIL_DEFINED,TASK99_MACHINE_TRIAGED_EXPLICIT_QUARANTINE,1,0,0
IMPLICIT-B3260688335BF800,ALGORITHM_OR_WORKFLOW,M1,E0,KEEP_AS_ALGORITHM,TASK99_REPOSITORY_EVIDENCE_ADJUDICATED,1,0,0
IMPLICIT-B32AFAA60FE66D97,UNRESOLVED_IDENTITY,M0,E0,QUARANTINE_UNTIL_DEFINED,TASK99_MACHINE_TRIAGED_EXPLICIT_QUARANTINE,1,0,0
IMPLICIT-B331B7363ED2BB68,UNRESOLVED_IDENTITY,M0,E0,QUARANTINE_UNTIL_DEFINED,TASK99_MACHINE_TRIAGED_EXPLICIT_QUARANTINE,1,0,0
IMPLICIT-B33F79DBF3F44907,UNRESOLVED_IDENTITY,M0,E0,QUARANTINE_UNTIL_DEFINED,TASK99_MACHINE_TRIAGED_EXPLICIT_QUARANTINE,1,0,0
IMPLICIT-B3432B3C3F016963,UNRESOLVED_IDENTITY,M0,E0,QUARANTINE_UNTIL_DEFINED,TASK99_MACHINE_TRIAGED_EXPLICIT_QUARANTINE,1,0,0
IMPLICIT-B346BD9E83AC91EF,ALGORITHM_OR_WORKFLOW,M2,E0,KEEP_AS_ALGORITHM,TASK99_REPOSITORY_EVIDENCE_ADJUDICATED,1,0,0
IMPLICIT-B34FFC81084817A5,UNRESOLVED_IDENTITY,M0,E0,QUARANTINE_UNTIL_DEFINED,TASK99_MACHINE_TRIAGED_EXPLICIT_QUARANTINE,1,0,0
IMPLICIT-B35A03B21C0D4DD3,UNRESOLVED_IDENTITY,M0,E0,QUARANTINE_UNTIL_DEFINED,TASK99_MACHINE_TRIAGED_EXPLICIT_QUARANTINE,1,0,0
IMPLICIT-B36AB62D5C9C6E47,UNRESOLVED_IDENTITY,M0,E0,QUARANTINE_UNTIL_DEFINED,TASK99_MACHINE_TRIAGED_EXPLICIT_QUARANTINE,1,0,0
IMPLICIT-B36F4909EBF73B97,UNRESOLVED_IDENTITY,M0,E0,QUARANTINE_UNTIL_DEFINED,TASK99_MACHINE_TRIAGED_EXPLICIT_QUARANTINE,1,0,0
IMPLICIT-B39B1807DB305A54,UNRESOLVED_IDENTITY,M0,E0,QUARANTINE_UNTIL_DEFINED,TASK99_MACHINE_TRIAGED_EXPLICIT_QUARANTINE,1,0,0
IMPLICIT-B3A81D3E4965B556,UNRESOLVED_IDENTITY,M0,E0,QUARANTINE_UNTIL_DEFINED,TASK99_MACHINE_TRIAGED_EXPLICIT_QUARANTINE,1,0,0
IMPLICIT-B3B3662B7CAE1637,UNRESOLVED_IDENTITY,M0,E0,QUARANTINE_UNTIL_DEFINED,TASK99_MACHINE_TRIAGED_EXPLICIT_QUARANTINE,1,0,0
IMPLICIT-B3B5718B015615FB,UNRESOLVED_IDENTITY,M0,E0,QUARANTINE_UNTIL_DEFINED,TASK99_MACHINE_TRIAGED_EXPLICIT_QUARANTINE,1,0,0
IMPLICIT-B3BC971B634FD126,UNRESOLVED_IDENTITY,M0,E0,QUARANTINE_UNTIL_DEFINED,TASK99_MACHINE_TRIAGED_EXPLICIT_QUARANTINE,1,0,0
IMPLICIT-B3CBF784A531DD3C,UNRESOLVED_IDENTITY,M0,E0,QUARANTINE_UNTIL_DEFINED,TASK99_MACHINE_TRIAGED_EXPLICIT_QUARANTINE,1,0,0
IMPLICIT-B407D981481DD974,UNRESOLVED_IDENTITY,M0,E0,QUARANTINE_UNTIL_DEFINED,TASK99_MACHINE_TRIAGED_EXPLICIT_QUARANTINE,1,0,0
IMPLICIT-B4082373A317DF72,UNRESOLVED_IDENTITY,M0,E0,QUARANTINE_UNTIL_DEFINED,TASK99_MACHINE_TRIAGED_EXPLICIT_QUARANTINE,1,0,0
IMPLICIT-B4232E2D1887C8FE,ALGORITHM_OR_WORKFLOW,M1,E0,KEEP_AS_ALGORITHM,TASK99_REPOSITORY_EVIDENCE_ADJUDICATED,1,0,0
IMPLICIT-B43339CBC8C1AB94,UNRESOLVED_IDENTITY,M0,E0,QUARANTINE_UNTIL_DEFINED,TASK99_MACHINE_TRIAGED_EXPLICIT_QUARANTINE,1,0,0
IMPLICIT-B4521BCCF7E7B945,UNRESOLVED_IDENTITY,M0,E0,QUARANTINE_UNTIL_DEFINED,TASK99_MACHINE_TRIAGED_EXPLICIT_QUARANTINE,1,0,0
IMPLICIT-B45EF2E2257997BB,UNRESOLVED_IDENTITY,M0,E0,QUARANTINE_UNTIL_DEFINED,TASK99_MACHINE_TRIAGED_EXPLICIT_QUARANTINE,1,0,0
IMPLICIT-B46EA01638EB28EF,ALGORITHM_OR_WORKFLOW,M1,E0,KEEP_AS_ALGORITHM,TASK99_REPOSITORY_EVIDENCE_ADJUDICATED,1,0,0
IMPLICIT-B471C812B4556D2E,UNRESOLVED_IDENTITY,M0,E0,QUARANTINE_UNTIL_DEFINED,TASK99_MACHINE_TRIAGED_EXPLICIT_QUARANTINE,1,0,0
IMPLICIT-B47E9D3C91B4DC6C,ALGORITHM_OR_WORKFLOW,M2,E0,KEEP_AS_ALGORITHM,TASK99_REPOSITORY_EVIDENCE_ADJUDICATED,1,0,0
IMPLICIT-B4921394939F1495,UNRESOLVED_IDENTITY,M0,E0,QUARANTINE_UNTIL_DEFINED,TASK99_MACHINE_TRIAGED_EXPLICIT_QUARANTINE,1,0,0
IMPLICIT-B49F79523868467E,ALGORITHM_OR_WORKFLOW,M2,E0,KEEP_AS_ALGORITHM,TASK99_REPOSITORY_EVIDENCE_ADJUDICATED,1,0,0
IMPLICIT-B4ABFB06178B1A73,ALGORITHM_OR_WORKFLOW,M1,E0,KEEP_AS_ALGORITHM,TASK99_REPOSITORY_EVIDENCE_ADJUDICATED,1,0,0
IMPLICIT-B4CE9748E45641EE,ALGORITHM_OR_WORKFLOW,M1,E0,KEEP_AS_ALGORITHM,TASK99_REPOSITORY_EVIDENCE_ADJUDICATED,1,0,0
IMPLICIT-B4F0F4B9E363A89B,UNRESOLVED_IDENTITY,M0,E0,QUARANTINE_UNTIL_DEFINED,TASK99_MACHINE_TRIAGED_EXPLICIT_QUARANTINE,1,0,0
IMPLICIT-B4F4CDA8EFBC41A4,UNRESOLVED_IDENTITY,M0,E0,QUARANTINE_UNTIL_DEFINED,TASK99_MACHINE_TRIAGED_EXPLICIT_QUARANTINE,1,0,0
IMPLICIT-B4FB6BDCD31941D1,ALGORITHM_OR_WORKFLOW,M1,E0,KEEP_AS_ALGORITHM,TASK99_REPOSITORY_EVIDENCE_ADJUDICATED,1,0,0
IMPLICIT-B4FE1F219CAABDB6,UNRESOLVED_IDENTITY,M0,E0,QUARANTINE_UNTIL_DEFINED,TASK99_MACHINE_TRIAGED_EXPLICIT_QUARANTINE,1,0,0
IMPLICIT-B4FF02EA0A0FE47E,ALGORITHM_OR_WORKFLOW,M1,E0,KEEP_AS_ALGORITHM,TASK99_REPOSITORY_EVIDENCE_ADJUDICATED,1,0,0
IMPLICIT-B502285521FCB96F,UNRESOLVED_IDENTITY,M0,E0,QUARANTINE_UNTIL_DEFINED,TASK99_MACHINE_TRIAGED_EXPLICIT_QUARANTINE,1,0,0
IMPLICIT-B51CB5EC08DAD973,ALGORITHM_OR_WORKFLOW,M1,E0,KEEP_AS_ALGORITHM,TASK99_REPOSITORY_EVIDENCE_ADJUDICATED,1,0,0
IMPLICIT-B520240865CDE2F7,UNRESOLVED_IDENTITY,M0,E0,QUARANTINE_UNTIL_DEFINED,TASK99_MACHINE_TRIAGED_EXPLICIT_QUARANTINE,1,0,0
IMPLICIT-B535D68A02A72627,UNRESOLVED_IDENTITY,M0,E0,QUARANTINE_UNTIL_DEFINED,TASK99_MACHINE_TRIAGED_EXPLICIT_QUARANTINE,1,0,0
IMPLICIT-B55013A0E5148E0E,UNRESOLVED_IDENTITY,M0,E0,QUARANTINE_UNTIL_DEFINED,TASK99_MACHINE_TRIAGED_EXPLICIT_QUARANTINE,1,0,0
IMPLICIT-B55C20CC7F5D635C,ALGORITHM_OR_WORKFLOW,M2,E0,KEEP_AS_ALGORITHM,TASK99_REPOSITORY_EVIDENCE_ADJUDICATED,1,0,0
IMPLICIT-B56026AD755D21C3,UNRESOLVED_IDENTITY,M0,E0,QUARANTINE_UNTIL_DEFINED,TASK99_MACHINE_TRIAGED_EXPLICIT_QUARANTINE,1,0,0
IMPLICIT-B570E4ED4B7C9256,UNRESOLVED_IDENTITY,M0,E0,QUARANTINE_UNTIL_DEFINED,TASK99_MACHINE_TRIAGED_EXPLICIT_QUARANTINE,1,0,0
IMPLICIT-B573AB339E30C3BA,UNRESOLVED_IDENTITY,M0,E0,QUARANTINE_UNTIL_DEFINED,TASK99_MACHINE_TRIAGED_EXPLICIT_QUARANTINE,1,0,0
IMPLICIT-B5762D666BFFF73E,UNRESOLVED_IDENTITY,M0,E0,QUARANTINE_UNTIL_DEFINED,TASK99_MACHINE_TRIAGED_EXPLICIT_QUARANTINE,1,0,0
IMPLICIT-B57884491928217F,UNRESOLVED_IDENTITY,M0,E0,QUARANTINE_UNTIL_DEFINED,TASK99_MACHINE_TRIAGED_EXPLICIT_QUARANTINE,1,0,0
IMPLICIT-B579F69AD83468D5,UNRESOLVED_IDENTITY,M0,E0,QUARANTINE_UNTIL_DEFINED,TASK99_MACHINE_TRIAGED_EXPLICIT_QUARANTINE,1,0,0
IMPLICIT-B5808337BD2D1411,UNRESOLVED_IDENTITY,M0,E0,QUARANTINE_UNTIL_DEFINED,TASK99_MACHINE_TRIAGED_EXPLICIT_QUARANTINE,1,0,0
IMPLICIT-B587741806889283,UNRESOLVED_IDENTITY,M0,E0,QUARANTINE_UNTIL_DEFINED,TASK99_MACHINE_TRIAGED_EXPLICIT_QUARANTINE,1,0,0
IMPLICIT-B5D4EF502557F0B4,UNRESOLVED_IDENTITY,M0,E0,QUARANTINE_UNTIL_DEFINED,TASK99_MACHINE_TRIAGED_EXPLICIT_QUARANTINE,1,0,0
IMPLICIT-B5D911AED42CE318,UNRESOLVED_IDENTITY,M0,E0,QUARANTINE_UNTIL_DEFINED,TASK99_MACHINE_TRIAGED_EXPLICIT_QUARANTINE,1,0,0
IMPLICIT-B5DD14E046A21B13,ALGORITHM_OR_WORKFLOW,M1,E0,KEEP_AS_ALGORITHM,TASK99_REPOSITORY_EVIDENCE_ADJUDICATED,1,0,0
IMPLICIT-B5ED0B920231AF7F,UNRESOLVED_IDENTITY,M0,E0,QUARANTINE_UNTIL_DEFINED,TASK99_MACHINE_TRIAGED_EXPLICIT_QUARANTINE,1,0,0
IMPLICIT-B5FAACAD8784DA29,UNRESOLVED_IDENTITY,M0,E0,QUARANTINE_UNTIL_DEFINED,TASK99_MACHINE_TRIAGED_EXPLICIT_QUARANTINE,1,0,0
IMPLICIT-B5FD59770EC30A96,UNRESOLVED_IDENTITY,M0,E0,QUARANTINE_UNTIL_DEFINED,TASK99_MACHINE_TRIAGED_EXPLICIT_QUARANTINE,1,0,0
IMPLICIT-B600754148D32040,ALGORITHM_OR_WORKFLOW,M1,E0,KEEP_AS_ALGORITHM,TASK99_REPOSITORY_EVIDENCE_ADJUDICATED,1,0,0
IMPLICIT-B6034A71DF0A1FB0,UNRESOLVED_IDENTITY,M0,E0,QUARANTINE_UNTIL_DEFINED,TASK99_MACHINE_TRIAGED_EXPLICIT_QUARANTINE,1,0,0
IMPLICIT-B6196D7D72C0619E,ALGORITHM_OR_WORKFLOW,M1,E0,KEEP_AS_ALGORITHM,TASK99_REPOSITORY_EVIDENCE_ADJUDICATED,1,0,0
IMPLICIT-B61C724CFE1C709D,UNRESOLVED_IDENTITY,M0,E0,QUARANTINE_UNTIL_DEFINED,TASK99_MACHINE_TRIAGED_EXPLICIT_QUARANTINE,1,0,0
IMPLICIT-B61EED08BB4B276B,UNRESOLVED_IDENTITY,M0,E0,QUARANTINE_UNTIL_DEFINED,TASK99_MACHINE_TRIAGED_EXPLICIT_QUARANTINE,1,0,0
IMPLICIT-B634FFF1C24BCE08,ALGORITHM_OR_WORKFLOW,M1,E0,KEEP_AS_ALGORITHM,TASK99_REPOSITORY_EVIDENCE_ADJUDICATED,1,0,0
IMPLICIT-B65562C8A8E33E5E,ALGORITHM_OR_WORKFLOW,M2,E0,KEEP_AS_ALGORITHM,TASK99_REPOSITORY_EVIDENCE_ADJUDICATED,1,0,0
IMPLICIT-B668580B899C6746,ALGORITHM_OR_WORKFLOW,M2,E0,KEEP_AS_ALGORITHM,TASK99_REPOSITORY_EVIDENCE_ADJUDICATED,1,0,0
IMPLICIT-B66F1800AA581947,UNRESOLVED_IDENTITY,M0,E0,QUARANTINE_UNTIL_DEFINED,TASK99_MACHINE_TRIAGED_EXPLICIT_QUARANTINE,1,0,0
IMPLICIT-B6C4103755F9A44D,UNRESOLVED_IDENTITY,M0,E0,QUARANTINE_UNTIL_DEFINED,TASK99_MACHINE_TRIAGED_EXPLICIT_QUARANTINE,1,0,0
IMPLICIT-B6D17BEB4833066A,ALGORITHM_OR_WORKFLOW,M1,E0,KEEP_AS_ALGORITHM,TASK99_REPOSITORY_EVIDENCE_ADJUDICATED,1,0,0
IMPLICIT-B6D60BBB433DF994,UNRESOLVED_IDENTITY,M0,E0,QUARANTINE_UNTIL_DEFINED,TASK99_MACHINE_TRIAGED_EXPLICIT_QUARANTINE,1,0,0
IMPLICIT-B6D7476A2B9FFA22,ALGORITHM_OR_WORKFLOW,M1,E0,KEEP_AS_ALGORITHM,TASK99_REPOSITORY_EVIDENCE_ADJUDICATED,1,0,0
IMPLICIT-B6DA09A990E40DFC,ALGORITHM_OR_WORKFLOW,M1,E0,KEEP_AS_ALGORITHM,TASK99_REPOSITORY_EVIDENCE_ADJUDICATED,1,0,0
IMPLICIT-B6DE8536D7564D7F,UNRESOLVED_IDENTITY,M0,E0,QUARANTINE_UNTIL_DEFINED,TASK99_MACHINE_TRIAGED_EXPLICIT_QUARANTINE,1,0,0
IMPLICIT-B6E96D46D3A396D8,ALGORITHM_OR_WORKFLOW,M2,E0,KEEP_AS_ALGORITHM,TASK99_REPOSITORY_EVIDENCE_ADJUDICATED,1,0,0
IMPLICIT-B6EAB69ADA37992F,UNRESOLVED_IDENTITY,M0,E0,QUARANTINE_UNTIL_DEFINED,TASK99_MACHINE_TRIAGED_EXPLICIT_QUARANTINE,1,0,0
IMPLICIT-B6FEBD9550221C76,UNRESOLVED_IDENTITY,M0,E0,QUARANTINE_UNTIL_DEFINED,TASK99_MACHINE_TRIAGED_EXPLICIT_QUARANTINE,1,0,0
IMPLICIT-B6FEE71378BD056D,UNRESOLVED_IDENTITY,M0,E0,QUARANTINE_UNTIL_DEFINED,TASK99_MACHINE_TRIAGED_EXPLICIT_QUARANTINE,1,0,0
IMPLICIT-B710F8264CB9F305,UNRESOLVED_IDENTITY,M0,E0,QUARANTINE_UNTIL_DEFINED,TASK99_MACHINE_TRIAGED_EXPLICIT_QUARANTINE,1,0,0
IMPLICIT-B7191B5281F8873F,UNRESOLVED_IDENTITY,M0,E0,QUARANTINE_UNTIL_DEFINED,TASK99_MACHINE_TRIAGED_EXPLICIT_QUARANTINE,1,0,0
IMPLICIT-B7222A58079C5331,UNRESOLVED_IDENTITY,M0,E0,QUARANTINE_UNTIL_DEFINED,TASK99_MACHINE_TRIAGED_EXPLICIT_QUARANTINE,1,0,0
IMPLICIT-B72DF745603F5C85,ALGORITHM_OR_WORKFLOW,M1,E0,KEEP_AS_ALGORITHM,TASK99_REPOSITORY_EVIDENCE_ADJUDICATED,1,0,0
IMPLICIT-B7364902D8DDA18B,UNRESOLVED_IDENTITY,M0,E0,QUARANTINE_UNTIL_DEFINED,TASK99_MACHINE_TRIAGED_EXPLICIT_QUARANTINE,1,0,0
IMPLICIT-B748E9A0E70AFEF0,UNRESOLVED_IDENTITY,M0,E0,QUARANTINE_UNTIL_DEFINED,TASK99_MACHINE_TRIAGED_EXPLICIT_QUARANTINE,1,0,0
IMPLICIT-B7849047D715FD2D,UNRESOLVED_IDENTITY,M0,E0,QUARANTINE_UNTIL_DEFINED,TASK99_MACHINE_TRIAGED_EXPLICIT_QUARANTINE,1,0,0
IMPLICIT-B78BB5BB60491DD9,UNRESOLVED_IDENTITY,M0,E0,QUARANTINE_UNTIL_DEFINED,TASK99_MACHINE_TRIAGED_EXPLICIT_QUARANTINE,1,0,0
IMPLICIT-B792731227831396,UNRESOLVED_IDENTITY,M0,E0,QUARANTINE_UNTIL_DEFINED,TASK99_MACHINE_TRIAGED_EXPLICIT_QUARANTINE,1,0,0
IMPLICIT-B7A2D00B7878C39F,UNRESOLVED_IDENTITY,M0,E0,QUARANTINE_UNTIL_DEFINED,TASK99_MACHINE_TRIAGED_EXPLICIT_QUARANTINE,1,0,0
IMPLICIT-B7C1FD0D470F63EE,UNRESOLVED_IDENTITY,M0,E0,QUARANTINE_UNTIL_DEFINED,TASK99_MACHINE_TRIAGED_EXPLICIT_QUARANTINE,1,0,0
IMPLICIT-B7D21AF43E1AB9E1,UNRESOLVED_IDENTITY,M0,E0,QUARANTINE_UNTIL_DEFINED,TASK99_MACHINE_TRIAGED_EXPLICIT_QUARANTINE,1,0,0
IMPLICIT-B7D666027EFE1753,UNRESOLVED_IDENTITY,M0,E0,QUARANTINE_UNTIL_DEFINED,TASK99_MACHINE_TRIAGED_EXPLICIT_QUARANTINE,1,0,0
IMPLICIT-B7DCB8262131EFBB,UNRESOLVED_IDENTITY,M0,E0,QUARANTINE_UNTIL_DEFINED,TASK99_MACHINE_TRIAGED_EXPLICIT_QUARANTINE,1,0,0
IMPLICIT-B7F0AC26402A2F0B,ALGORITHM_OR_WORKFLOW,M2,E0,KEEP_AS_ALGORITHM,TASK99_REPOSITORY_EVIDENCE_ADJUDICATED,1,0,0
IMPLICIT-B7FF2DA6DC533A3B,UNRESOLVED_IDENTITY,M0,E0,QUARANTINE_UNTIL_DEFINED,TASK99_MACHINE_TRIAGED_EXPLICIT_QUARANTINE,1,0,0
IMPLICIT-B8164867D6E7EEB0,UNRESOLVED_IDENTITY,M0,E0,QUARANTINE_UNTIL_DEFINED,TASK99_MACHINE_TRIAGED_EXPLICIT_QUARANTINE,1,0,0
IMPLICIT-B81AA7AFB5118A86,UNRESOLVED_IDENTITY,M0,E0,QUARANTINE_UNTIL_DEFINED,TASK99_MACHINE_TRIAGED_EXPLICIT_QUARANTINE,1,0,0
IMPLICIT-B8272B0A60216994,UNRESOLVED_IDENTITY,M0,E0,QUARANTINE_UNTIL_DEFINED,TASK99_MACHINE_TRIAGED_EXPLICIT_QUARANTINE,1,0,0
IMPLICIT-B827D053A0848E65,UNRESOLVED_IDENTITY,M0,E0,QUARANTINE_UNTIL_DEFINED,TASK99_MACHINE_TRIAGED_EXPLICIT_QUARANTINE,1,0,0
IMPLICIT-B849DD1DCD84CEBC,UNRESOLVED_IDENTITY,M0,E0,QUARANTINE_UNTIL_DEFINED,TASK99_MACHINE_TRIAGED_EXPLICIT_QUARANTINE,1,0,0
IMPLICIT-B8965CA65CF20C80,UNRESOLVED_IDENTITY,M0,E0,QUARANTINE_UNTIL_DEFINED,TASK99_MACHINE_TRIAGED_EXPLICIT_QUARANTINE,1,0,0
IMPLICIT-B8982A1C5A2AD9EC,UNRESOLVED_IDENTITY,M0,E0,QUARANTINE_UNTIL_DEFINED,TASK99_MACHINE_TRIAGED_EXPLICIT_QUARANTINE,1,0,0
IMPLICIT-B8A7A68E32955247,ALGORITHM_OR_WORKFLOW,M1,E0,KEEP_AS_ALGORITHM,TASK99_REPOSITORY_EVIDENCE_ADJUDICATED,1,0,0
IMPLICIT-B8D82B5F2158B94F,UNRESOLVED_IDENTITY,M0,E0,QUARANTINE_UNTIL_DEFINED,TASK99_MACHINE_TRIAGED_EXPLICIT_QUARANTINE,1,0,0
IMPLICIT-B8F3F8935F90C3A4,UNRESOLVED_IDENTITY,M0,E0,QUARANTINE_UNTIL_DEFINED,TASK99_MACHINE_TRIAGED_EXPLICIT_QUARANTINE,1,0,0
IMPLICIT-B8F6450A11B86922,UNRESOLVED_IDENTITY,M0,E0,QUARANTINE_UNTIL_DEFINED,TASK99_MACHINE_TRIAGED_EXPLICIT_QUARANTINE,1,0,0
IMPLICIT-B8F72BE57E865101,UNRESOLVED_IDENTITY,M0,E0,QUARANTINE_UNTIL_DEFINED,TASK99_MACHINE_TRIAGED_EXPLICIT_QUARANTINE,1,0,0
IMPLICIT-B8FB020F629C221B,ALGORITHM_OR_WORKFLOW,M2,E0,KEEP_AS_ALGORITHM,TASK99_REPOSITORY_EVIDENCE_ADJUDICATED,1,0,0
IMPLICIT-B903A2909E3DA79A,UNRESOLVED_IDENTITY,M0,E0,QUARANTINE_UNTIL_DEFINED,TASK99_MACHINE_TRIAGED_EXPLICIT_QUARANTINE,1,0,0
IMPLICIT-B90A97F6E329AAAB,ALGORITHM_OR_WORKFLOW,M1,E0,KEEP_AS_ALGORITHM,TASK99_REPOSITORY_EVIDENCE_ADJUDICATED,1,0,0
IMPLICIT-B91AE9F2C25968AB,UNRESOLVED_IDENTITY,M0,E0,QUARANTINE_UNTIL_DEFINED,TASK99_MACHINE_TRIAGED_EXPLICIT_QUARANTINE,1,0,0
IMPLICIT-B922083AF25186FC,ALGORITHM_OR_WORKFLOW,M1,E0,KEEP_AS_ALGORITHM,TASK99_REPOSITORY_EVIDENCE_ADJUDICATED,1,0,0
IMPLICIT-B944DC131E677980,UNRESOLVED_IDENTITY,M0,E0,QUARANTINE_UNTIL_DEFINED,TASK99_MACHINE_TRIAGED_EXPLICIT_QUARANTINE,1,0,0
IMPLICIT-B950649CC12F4FD7,UNRESOLVED_IDENTITY,M0,E0,QUARANTINE_UNTIL_DEFINED,TASK99_MACHINE_TRIAGED_EXPLICIT_QUARANTINE,1,0,0
IMPLICIT-B965BB40558F342F,UNRESOLVED_IDENTITY,M0,E0,QUARANTINE_UNTIL_DEFINED,TASK99_MACHINE_TRIAGED_EXPLICIT_QUARANTINE,1,0,0
IMPLICIT-B987DAC6405B9F60,UNRESOLVED_IDENTITY,M0,E0,QUARANTINE_UNTIL_DEFINED,TASK99_MACHINE_TRIAGED_EXPLICIT_QUARANTINE,1,0,0
IMPLICIT-B9AC3FC0D5A2D1D7,UNRESOLVED_IDENTITY,M0,E0,QUARANTINE_UNTIL_DEFINED,TASK99_MACHINE_TRIAGED_EXPLICIT_QUARANTINE,1,0,0
IMPLICIT-B9AF0A3C13FB693C,ALGORITHM_OR_WORKFLOW,M1,E0,KEEP_AS_ALGORITHM,TASK99_REPOSITORY_EVIDENCE_ADJUDICATED,1,0,0
IMPLICIT-B9B769C17334E120,ALGORITHM_OR_WORKFLOW,M1,E0,KEEP_AS_ALGORITHM,TASK99_REPOSITORY_EVIDENCE_ADJUDICATED,1,0,0
IMPLICIT-B9CEAFDDFA7D096D,UNRESOLVED_IDENTITY,M0,E0,QUARANTINE_UNTIL_DEFINED,TASK99_MACHINE_TRIAGED_EXPLICIT_QUARANTINE,1,0,0
IMPLICIT-B9CF2EDF1FC2AA2F,UNRESOLVED_IDENTITY,M0,E0,QUARANTINE_UNTIL_DEFINED,TASK99_MACHINE_TRIAGED_EXPLICIT_QUARANTINE,1,0,0
IMPLICIT-B9D6A445D4B03905,UNRESOLVED_IDENTITY,M0,E0,QUARANTINE_UNTIL_DEFINED,TASK99_MACHINE_TRIAGED_EXPLICIT_QUARANTINE,1,0,0
IMPLICIT-B9D9DF87E733D634,UNRESOLVED_IDENTITY,M0,E0,QUARANTINE_UNTIL_DEFINED,TASK99_MACHINE_TRIAGED_EXPLICIT_QUARANTINE,1,0,0
IMPLICIT-B9E7C88DDB3195C9,ALGORITHM_OR_WORKFLOW,M2,E0,KEEP_AS_ALGORITHM,TASK99_REPOSITORY_EVIDENCE_ADJUDICATED,1,0,0
IMPLICIT-B9F178DE6BDE867B,UNRESOLVED_IDENTITY,M0,E0,QUARANTINE_UNTIL_DEFINED,TASK99_MACHINE_TRIAGED_EXPLICIT_QUARANTINE,1,0,0
IMPLICIT-B9F2C9EA3A0CF509,UNRESOLVED_IDENTITY,M0,E0,QUARANTINE_UNTIL_DEFINED,TASK99_MACHINE_TRIAGED_EXPLICIT_QUARANTINE,1,0,0
IMPLICIT-BA171B4A8D2BCB3E,UNRESOLVED_IDENTITY,M0,E0,QUARANTINE_UNTIL_DEFINED,TASK99_MACHINE_TRIAGED_EXPLICIT_QUARANTINE,1,0,0
IMPLICIT-BA3BBA17A90B4972,UNRESOLVED_IDENTITY,M0,E0,QUARANTINE_UNTIL_DEFINED,TASK99_MACHINE_TRIAGED_EXPLICIT_QUARANTINE,1,0,0
IMPLICIT-BA6EA849609FBC0C,UNRESOLVED_IDENTITY,M0,E0,QUARANTINE_UNTIL_DEFINED,TASK99_MACHINE_TRIAGED_EXPLICIT_QUARANTINE,1,0,0
IMPLICIT-BA7FC27B169298BA,UNRESOLVED_IDENTITY,M0,E0,QUARANTINE_UNTIL_DEFINED,TASK99_MACHINE_TRIAGED_EXPLICIT_QUARANTINE,1,0,0
IMPLICIT-BA8A084BB59E205A,UNRESOLVED_IDENTITY,M0,E0,QUARANTINE_UNTIL_DEFINED,TASK99_MACHINE_TRIAGED_EXPLICIT_QUARANTINE,1,0,0
IMPLICIT-BAC07B164BCE67D7,UNRESOLVED_IDENTITY,M0,E0,QUARANTINE_UNTIL_DEFINED,TASK99_MACHINE_TRIAGED_EXPLICIT_QUARANTINE,1,0,0
IMPLICIT-BAC2B80F2E57266E,UNRESOLVED_IDENTITY,M0,E0,QUARANTINE_UNTIL_DEFINED,TASK99_MACHINE_TRIAGED_EXPLICIT_QUARANTINE,1,0,0
IMPLICIT-BACB8A08111B33D9,UNRESOLVED_IDENTITY,M0,E0,QUARANTINE_UNTIL_DEFINED,TASK99_MACHINE_TRIAGED_EXPLICIT_QUARANTINE,1,0,0
IMPLICIT-BAE069A7F5A21B23,UNRESOLVED_IDENTITY,M0,E0,QUARANTINE_UNTIL_DEFINED,TASK99_MACHINE_TRIAGED_EXPLICIT_QUARANTINE,1,0,0
IMPLICIT-BAED0506DB4B8224,ALGORITHM_OR_WORKFLOW,M2,E0,KEEP_AS_ALGORITHM,TASK99_REPOSITORY_EVIDENCE_ADJUDICATED,1,0,0
IMPLICIT-BAF019A0F0A0451E,UNRESOLVED_IDENTITY,M0,E0,QUARANTINE_UNTIL_DEFINED,TASK99_MACHINE_TRIAGED_EXPLICIT_QUARANTINE,1,0,0
IMPLICIT-BAFBA7310E1CA5C5,UNRESOLVED_IDENTITY,M0,E0,QUARANTINE_UNTIL_DEFINED,TASK99_MACHINE_TRIAGED_EXPLICIT_QUARANTINE,1,0,0
IMPLICIT-BB05F13AD9CB09D3,ALGORITHM_OR_WORKFLOW,M1,E0,KEEP_AS_ALGORITHM,TASK99_REPOSITORY_EVIDENCE_ADJUDICATED,1,0,0
IMPLICIT-BB334CFA40E12C6C,UNRESOLVED_IDENTITY,M0,E0,QUARANTINE_UNTIL_DEFINED,TASK99_MACHINE_TRIAGED_EXPLICIT_QUARANTINE,1,0,0
IMPLICIT-BB3515AFCB390109,UNRESOLVED_IDENTITY,M0,E0,QUARANTINE_UNTIL_DEFINED,TASK99_MACHINE_TRIAGED_EXPLICIT_QUARANTINE,1,0,0
IMPLICIT-BB4D8206571C1BBA,UNRESOLVED_IDENTITY,M0,E0,QUARANTINE_UNTIL_DEFINED,TASK99_MACHINE_TRIAGED_EXPLICIT_QUARANTINE,1,0,0
IMPLICIT-BB52B113DE4EF47B,UNRESOLVED_IDENTITY,M0,E0,QUARANTINE_UNTIL_DEFINED,TASK99_MACHINE_TRIAGED_EXPLICIT_QUARANTINE,1,0,0
IMPLICIT-BB55E36C430FC0CD,UNRESOLVED_IDENTITY,M0,E0,QUARANTINE_UNTIL_DEFINED,TASK99_MACHINE_TRIAGED_EXPLICIT_QUARANTINE,1,0,0
IMPLICIT-BB65263143B108A8,UNRESOLVED_IDENTITY,M0,E0,QUARANTINE_UNTIL_DEFINED,TASK99_MACHINE_TRIAGED_EXPLICIT_QUARANTINE,1,0,0
IMPLICIT-BB82152B18935D98,UNRESOLVED_IDENTITY,M0,E0,QUARANTINE_UNTIL_DEFINED,TASK99_MACHINE_TRIAGED_EXPLICIT_QUARANTINE,1,0,0
IMPLICIT-BB82730429EA8E50,UNRESOLVED_IDENTITY,M0,E0,QUARANTINE_UNTIL_DEFINED,TASK99_MACHINE_TRIAGED_EXPLICIT_QUARANTINE,1,0,0
IMPLICIT-BB86B6719795F7C4,UNRESOLVED_IDENTITY,M0,E0,QUARANTINE_UNTIL_DEFINED,TASK99_MACHINE_TRIAGED_EXPLICIT_QUARANTINE,1,0,0
IMPLICIT-BB86EC8996FD7B42,UNRESOLVED_IDENTITY,M0,E0,QUARANTINE_UNTIL_DEFINED,TASK99_MACHINE_TRIAGED_EXPLICIT_QUARANTINE,1,0,0
IMPLICIT-BB8E723BB4DC8C57,UNRESOLVED_IDENTITY,M0,E0,QUARANTINE_UNTIL_DEFINED,TASK99_MACHINE_TRIAGED_EXPLICIT_QUARANTINE,1,0,0
IMPLICIT-BB929D16A2D3204F,UNRESOLVED_IDENTITY,M0,E0,QUARANTINE_UNTIL_DEFINED,TASK99_MACHINE_TRIAGED_EXPLICIT_QUARANTINE,1,0,0
IMPLICIT-BBAA92F46CC8D506,UNRESOLVED_IDENTITY,M0,E0,QUARANTINE_UNTIL_DEFINED,TASK99_MACHINE_TRIAGED_EXPLICIT_QUARANTINE,1,0,0
IMPLICIT-BBC9D6E5A2673A5F,UNRESOLVED_IDENTITY,M0,E0,QUARANTINE_UNTIL_DEFINED,TASK99_MACHINE_TRIAGED_EXPLICIT_QUARANTINE,1,0,0
IMPLICIT-BBD279CFBE0E67F6,UNRESOLVED_IDENTITY,M0,E0,QUARANTINE_UNTIL_DEFINED,TASK99_MACHINE_TRIAGED_EXPLICIT_QUARANTINE,1,0,0
IMPLICIT-BBDE8CF42059965D,UNRESOLVED_IDENTITY,M0,E0,QUARANTINE_UNTIL_DEFINED,TASK99_MACHINE_TRIAGED_EXPLICIT_QUARANTINE,1,0,0
IMPLICIT-BBE56AA22E30B103,ALGORITHM_OR_WORKFLOW,M1,E0,KEEP_AS_ALGORITHM,TASK99_REPOSITORY_EVIDENCE_ADJUDICATED,1,0,0
IMPLICIT-BBEA74C385827CA4,UNRESOLVED_IDENTITY,M0,E0,QUARANTINE_UNTIL_DEFINED,TASK99_MACHINE_TRIAGED_EXPLICIT_QUARANTINE,1,0,0
IMPLICIT-BBEEB96D1FFF108F,ALGORITHM_OR_WORKFLOW,M2,E0,KEEP_AS_ALGORITHM,TASK99_REPOSITORY_EVIDENCE_ADJUDICATED,1,0,0
IMPLICIT-BBF2B6A0D43EBA3E,UNRESOLVED_IDENTITY,M0,E0,QUARANTINE_UNTIL_DEFINED,TASK99_MACHINE_TRIAGED_EXPLICIT_QUARANTINE,1,0,0
IMPLICIT-BC08F76ACE7EA84D,UNRESOLVED_IDENTITY,M0,E0,QUARANTINE_UNTIL_DEFINED,TASK99_MACHINE_TRIAGED_EXPLICIT_QUARANTINE,1,0,0
IMPLICIT-BC1895C69411256D,ALGORITHM_OR_WORKFLOW,M2,E0,KEEP_AS_ALGORITHM,TASK99_REPOSITORY_EVIDENCE_ADJUDICATED,1,0,0
IMPLICIT-BC1CA8AE35C39CD6,UNRESOLVED_IDENTITY,M0,E0,QUARANTINE_UNTIL_DEFINED,TASK99_MACHINE_TRIAGED_EXPLICIT_QUARANTINE,1,0,0
IMPLICIT-BC1ECC836FD43DBD,UNRESOLVED_IDENTITY,M0,E0,QUARANTINE_UNTIL_DEFINED,TASK99_MACHINE_TRIAGED_EXPLICIT_QUARANTINE,1,0,0
IMPLICIT-BC33BB2E3183645E,UNRESOLVED_IDENTITY,M0,E0,QUARANTINE_UNTIL_DEFINED,TASK99_MACHINE_TRIAGED_EXPLICIT_QUARANTINE,1,0,0
IMPLICIT-BC358068EB8CE625,ALGORITHM_OR_WORKFLOW,M1,E0,KEEP_AS_ALGORITHM,TASK99_REPOSITORY_EVIDENCE_ADJUDICATED,1,0,0
IMPLICIT-BC4543C81D45396D,UNRESOLVED_IDENTITY,M0,E0,QUARANTINE_UNTIL_DEFINED,TASK99_MACHINE_TRIAGED_EXPLICIT_QUARANTINE,1,0,0
IMPLICIT-BC495A58531F15C3,UNRESOLVED_IDENTITY,M0,E0,QUARANTINE_UNTIL_DEFINED,TASK99_MACHINE_TRIAGED_EXPLICIT_QUARANTINE,1,0,0
IMPLICIT-BC4BD8DD23E3DD22,ALGORITHM_OR_WORKFLOW,M1,E0,KEEP_AS_ALGORITHM,TASK99_REPOSITORY_EVIDENCE_ADJUDICATED,1,0,0
IMPLICIT-BC4CA257C0412B4C,ALGORITHM_OR_WORKFLOW,M2,E0,KEEP_AS_ALGORITHM,TASK99_REPOSITORY_EVIDENCE_ADJUDICATED,1,0,0
IMPLICIT-BC539C49B25AFBA1,UNRESOLVED_IDENTITY,M0,E0,QUARANTINE_UNTIL_DEFINED,TASK99_MACHINE_TRIAGED_EXPLICIT_QUARANTINE,1,0,0
IMPLICIT-BC55B5880366DF92,UNRESOLVED_IDENTITY,M0,E0,QUARANTINE_UNTIL_DEFINED,TASK99_MACHINE_TRIAGED_EXPLICIT_QUARANTINE,1,0,0
IMPLICIT-BC5F903CEB38AA1E,UNRESOLVED_IDENTITY,M0,E0,QUARANTINE_UNTIL_DEFINED,TASK99_MACHINE_TRIAGED_EXPLICIT_QUARANTINE,1,0,0
IMPLICIT-BC76427F94444416,UNRESOLVED_IDENTITY,M0,E0,QUARANTINE_UNTIL_DEFINED,TASK99_MACHINE_TRIAGED_EXPLICIT_QUARANTINE,1,0,0
IMPLICIT-BC769174AAEF1CDC,UNRESOLVED_IDENTITY,M0,E0,QUARANTINE_UNTIL_DEFINED,TASK99_MACHINE_TRIAGED_EXPLICIT_QUARANTINE,1,0,0
IMPLICIT-BC915F284EDFD17C,UNRESOLVED_IDENTITY,M0,E0,QUARANTINE_UNTIL_DEFINED,TASK99_MACHINE_TRIAGED_EXPLICIT_QUARANTINE,1,0,0
IMPLICIT-BC9746FD71DADBE7,UNRESOLVED_IDENTITY,M0,E0,QUARANTINE_UNTIL_DEFINED,TASK99_MACHINE_TRIAGED_EXPLICIT_QUARANTINE,1,0,0
IMPLICIT-BCBE357E97409E58,UNRESOLVED_IDENTITY,M0,E0,QUARANTINE_UNTIL_DEFINED,TASK99_MACHINE_TRIAGED_EXPLICIT_QUARANTINE,1,0,0
IMPLICIT-BCC33D1B8F3820EF,ALGORITHM_OR_WORKFLOW,M2,E0,KEEP_AS_ALGORITHM,TASK99_REPOSITORY_EVIDENCE_ADJUDICATED,1,0,0
IMPLICIT-BCC4972518EE8F84,ALGORITHM_OR_WORKFLOW,M2,E0,KEEP_AS_ALGORITHM,TASK99_REPOSITORY_EVIDENCE_ADJUDICATED,1,0,0
IMPLICIT-BCD136D7F689AC5C,UNRESOLVED_IDENTITY,M0,E0,QUARANTINE_UNTIL_DEFINED,TASK99_MACHINE_TRIAGED_EXPLICIT_QUARANTINE,1,0,0
IMPLICIT-BCDED958EEA98FD2,UNRESOLVED_IDENTITY,M0,E0,QUARANTINE_UNTIL_DEFINED,TASK99_MACHINE_TRIAGED_EXPLICIT_QUARANTINE,1,0,0
IMPLICIT-BCDFA2FA2898BC34,UNRESOLVED_IDENTITY,M0,E0,QUARANTINE_UNTIL_DEFINED,TASK99_MACHINE_TRIAGED_EXPLICIT_QUARANTINE,1,0,0
IMPLICIT-BCEBEBDD6C38B930,ALGORITHM_OR_WORKFLOW,M2,E0,KEEP_AS_ALGORITHM,TASK99_REPOSITORY_EVIDENCE_ADJUDICATED,1,0,0
IMPLICIT-BCEFBE2BFF47CC27,UNRESOLVED_IDENTITY,M0,E0,QUARANTINE_UNTIL_DEFINED,TASK99_MACHINE_TRIAGED_EXPLICIT_QUARANTINE,1,0,0
IMPLICIT-BD05412BF056A5C5,UNRESOLVED_IDENTITY,M0,E0,QUARANTINE_UNTIL_DEFINED,TASK99_MACHINE_TRIAGED_EXPLICIT_QUARANTINE,1,0,0
IMPLICIT-BD1B73BC04DB1B8F,UNRESOLVED_IDENTITY,M0,E0,QUARANTINE_UNTIL_DEFINED,TASK99_MACHINE_TRIAGED_EXPLICIT_QUARANTINE,1,0,0
IMPLICIT-BD1C581EE25BC99B,UNRESOLVED_IDENTITY,M0,E0,QUARANTINE_UNTIL_DEFINED,TASK99_MACHINE_TRIAGED_EXPLICIT_QUARANTINE,1,0,0
IMPLICIT-BD3764D55BD20D27,UNRESOLVED_IDENTITY,M0,E0,QUARANTINE_UNTIL_DEFINED,TASK99_MACHINE_TRIAGED_EXPLICIT_QUARANTINE,1,0,0
IMPLICIT-BD39F1D466AE1497,ALGORITHM_OR_WORKFLOW,M2,E0,KEEP_AS_ALGORITHM,TASK99_REPOSITORY_EVIDENCE_ADJUDICATED,1,0,0
IMPLICIT-BD5E8E9E1CA70617,UNRESOLVED_IDENTITY,M0,E0,QUARANTINE_UNTIL_DEFINED,TASK99_MACHINE_TRIAGED_EXPLICIT_QUARANTINE,1,0,0
IMPLICIT-BD5FBE2BB5A93373,UNRESOLVED_IDENTITY,M0,E0,QUARANTINE_UNTIL_DEFINED,TASK99_MACHINE_TRIAGED_EXPLICIT_QUARANTINE,1,0,0
IMPLICIT-BD66539E03689268,UNRESOLVED_IDENTITY,M0,E0,QUARANTINE_UNTIL_DEFINED,TASK99_MACHINE_TRIAGED_EXPLICIT_QUARANTINE,1,0,0
IMPLICIT-BD755F360DB72770,UNRESOLVED_IDENTITY,M0,E0,QUARANTINE_UNTIL_DEFINED,TASK99_MACHINE_TRIAGED_EXPLICIT_QUARANTINE,1,0,0
IMPLICIT-BDA27A9187BD5612,UNRESOLVED_IDENTITY,M0,E0,QUARANTINE_UNTIL_DEFINED,TASK99_MACHINE_TRIAGED_EXPLICIT_QUARANTINE,1,0,0
IMPLICIT-BDA2A45555884B74,ALGORITHM_OR_WORKFLOW,M1,E0,KEEP_AS_ALGORITHM,TASK99_REPOSITORY_EVIDENCE_ADJUDICATED,1,0,0
IMPLICIT-BDA3398FBD4D8EF7,UNRESOLVED_IDENTITY,M0,E0,QUARANTINE_UNTIL_DEFINED,TASK99_MACHINE_TRIAGED_EXPLICIT_QUARANTINE,1,0,0
IMPLICIT-BDAFE70179130350,UNRESOLVED_IDENTITY,M0,E0,QUARANTINE_UNTIL_DEFINED,TASK99_MACHINE_TRIAGED_EXPLICIT_QUARANTINE,1,0,0
IMPLICIT-BDB8613DD8CF3B52,UNRESOLVED_IDENTITY,M0,E0,QUARANTINE_UNTIL_DEFINED,TASK99_MACHINE_TRIAGED_EXPLICIT_QUARANTINE,1,0,0
IMPLICIT-BDC35E753906152B,ALGORITHM_OR_WORKFLOW,M1,E0,KEEP_AS_ALGORITHM,TASK99_REPOSITORY_EVIDENCE_ADJUDICATED,1,0,0
IMPLICIT-BDCF59A1E5D101A1,UNRESOLVED_IDENTITY,M0,E0,QUARANTINE_UNTIL_DEFINED,TASK99_MACHINE_TRIAGED_EXPLICIT_QUARANTINE,1,0,0
IMPLICIT-BDDDA36352136C59,UNRESOLVED_IDENTITY,M0,E0,QUARANTINE_UNTIL_DEFINED,TASK99_MACHINE_TRIAGED_EXPLICIT_QUARANTINE,1,0,0
IMPLICIT-BDE7235AC9ED7FDC,ALGORITHM_OR_WORKFLOW,M1,E0,KEEP_AS_ALGORITHM,TASK99_REPOSITORY_EVIDENCE_ADJUDICATED,1,0,0
IMPLICIT-BDEE09D088B92EC6,UNRESOLVED_IDENTITY,M0,E0,QUARANTINE_UNTIL_DEFINED,TASK99_MACHINE_TRIAGED_EXPLICIT_QUARANTINE,1,0,0
IMPLICIT-BDEE13DD9DBFF6C8,UNRESOLVED_IDENTITY,M0,E0,QUARANTINE_UNTIL_DEFINED,TASK99_MACHINE_TRIAGED_EXPLICIT_QUARANTINE,1,0,0
IMPLICIT-BDF31A29EB747665,UNRESOLVED_IDENTITY,M0,E0,QUARANTINE_UNTIL_DEFINED,TASK99_MACHINE_TRIAGED_EXPLICIT_QUARANTINE,1,0,0
IMPLICIT-BDF6278AE5FCA749,UNRESOLVED_IDENTITY,M0,E0,QUARANTINE_UNTIL_DEFINED,TASK99_MACHINE_TRIAGED_EXPLICIT_QUARANTINE,1,0,0
IMPLICIT-BDFAD4D5971AFDB3,UNRESOLVED_IDENTITY,M0,E0,QUARANTINE_UNTIL_DEFINED,TASK99_MACHINE_TRIAGED_EXPLICIT_QUARANTINE,1,0,0
IMPLICIT-BE16992822C3F95B,UNRESOLVED_IDENTITY,M0,E0,QUARANTINE_UNTIL_DEFINED,TASK99_MACHINE_TRIAGED_EXPLICIT_QUARANTINE,1,0,0
IMPLICIT-BE1A13FC7E413A9A,ALGORITHM_OR_WORKFLOW,M1,E0,KEEP_AS_ALGORITHM,TASK99_REPOSITORY_EVIDENCE_ADJUDICATED,1,0,0
IMPLICIT-BE28A25F51335BBE,UNRESOLVED_IDENTITY,M0,E0,QUARANTINE_UNTIL_DEFINED,TASK99_MACHINE_TRIAGED_EXPLICIT_QUARANTINE,1,0,0
IMPLICIT-BE6D82E6E5ED2FB7,UNRESOLVED_IDENTITY,M0,E0,QUARANTINE_UNTIL_DEFINED,TASK99_MACHINE_TRIAGED_EXPLICIT_QUARANTINE,1,0,0
IMPLICIT-BE74E5C8BA2332A4,UNRESOLVED_IDENTITY,M0,E0,QUARANTINE_UNTIL_DEFINED,TASK99_MACHINE_TRIAGED_EXPLICIT_QUARANTINE,1,0,0
IMPLICIT-BE867A74A3071414,UNRESOLVED_IDENTITY,M0,E0,QUARANTINE_UNTIL_DEFINED,TASK99_MACHINE_TRIAGED_EXPLICIT_QUARANTINE,1,0,0
IMPLICIT-BE8F655E45B6CCA2,UNRESOLVED_IDENTITY,M0,E0,QUARANTINE_UNTIL_DEFINED,TASK99_MACHINE_TRIAGED_EXPLICIT_QUARANTINE,1,0,0
IMPLICIT-BE8FA4F37168EAA9,ALGORITHM_OR_WORKFLOW,M2,E0,KEEP_AS_ALGORITHM,TASK99_REPOSITORY_EVIDENCE_ADJUDICATED,1,0,0
IMPLICIT-BE935628CFB51EFC,UNRESOLVED_IDENTITY,M0,E0,QUARANTINE_UNTIL_DEFINED,TASK99_MACHINE_TRIAGED_EXPLICIT_QUARANTINE,1,0,0
IMPLICIT-BEB9EDAAD90E335B,UNRESOLVED_IDENTITY,M0,E0,QUARANTINE_UNTIL_DEFINED,TASK99_MACHINE_TRIAGED_EXPLICIT_QUARANTINE,1,0,0
IMPLICIT-BEE17D764CDA66F1,UNRESOLVED_IDENTITY,M0,E0,QUARANTINE_UNTIL_DEFINED,TASK99_MACHINE_TRIAGED_EXPLICIT_QUARANTINE,1,0,0
IMPLICIT-BEE6070E305C6320,UNRESOLVED_IDENTITY,M0,E0,QUARANTINE_UNTIL_DEFINED,TASK99_MACHINE_TRIAGED_EXPLICIT_QUARANTINE,1,0,0
IMPLICIT-BEE8034AA9EFE206,UNRESOLVED_IDENTITY,M0,E0,QUARANTINE_UNTIL_DEFINED,TASK99_MACHINE_TRIAGED_EXPLICIT_QUARANTINE,1,0,0
IMPLICIT-BEEE3DB557775896,UNRESOLVED_IDENTITY,M0,E0,QUARANTINE_UNTIL_DEFINED,TASK99_MACHINE_TRIAGED_EXPLICIT_QUARANTINE,1,0,0
IMPLICIT-BEF2F94278D4E039,UNRESOLVED_IDENTITY,M0,E0,QUARANTINE_UNTIL_DEFINED,TASK99_MACHINE_TRIAGED_EXPLICIT_QUARANTINE,1,0,0
IMPLICIT-BF04C980FDDAE8D1,UNRESOLVED_IDENTITY,M0,E0,QUARANTINE_UNTIL_DEFINED,TASK99_MACHINE_TRIAGED_EXPLICIT_QUARANTINE,1,0,0
IMPLICIT-BF1CA76D5EBE1004,UNRESOLVED_IDENTITY,M0,E0,QUARANTINE_UNTIL_DEFINED,TASK99_MACHINE_TRIAGED_EXPLICIT_QUARANTINE,1,0,0
IMPLICIT-BF1FFEDD2B1360ED,UNRESOLVED_IDENTITY,M0,E0,QUARANTINE_UNTIL_DEFINED,TASK99_MACHINE_TRIAGED_EXPLICIT_QUARANTINE,1,0,0
IMPLICIT-BF396655A112545A,UNRESOLVED_IDENTITY,M0,E0,QUARANTINE_UNTIL_DEFINED,TASK99_MACHINE_TRIAGED_EXPLICIT_QUARANTINE,1,0,0
IMPLICIT-BF4928F257502285,ALGORITHM_OR_WORKFLOW,M2,E0,KEEP_AS_ALGORITHM,TASK99_REPOSITORY_EVIDENCE_ADJUDICATED,1,0,0
IMPLICIT-BF4F50B4E83ACE61,UNRESOLVED_IDENTITY,M0,E0,QUARANTINE_UNTIL_DEFINED,TASK99_MACHINE_TRIAGED_EXPLICIT_QUARANTINE,1,0,0
IMPLICIT-BF5F791B0C6D3351,UNRESOLVED_IDENTITY,M0,E0,QUARANTINE_UNTIL_DEFINED,TASK99_MACHINE_TRIAGED_EXPLICIT_QUARANTINE,1,0,0
IMPLICIT-BF6611C0EB850E44,UNRESOLVED_IDENTITY,M0,E0,QUARANTINE_UNTIL_DEFINED,TASK99_MACHINE_TRIAGED_EXPLICIT_QUARANTINE,1,0,0
IMPLICIT-BF6C2B19F1196B20,UNRESOLVED_IDENTITY,M0,E0,QUARANTINE_UNTIL_DEFINED,TASK99_MACHINE_TRIAGED_EXPLICIT_QUARANTINE,1,0,0
IMPLICIT-BF750A8446B7A9E0,ALGORITHM_OR_WORKFLOW,M1,E0,KEEP_AS_ALGORITHM,TASK99_REPOSITORY_EVIDENCE_ADJUDICATED,1,0,0
IMPLICIT-BF7F6B6D28F314D1,UNRESOLVED_IDENTITY,M0,E0,QUARANTINE_UNTIL_DEFINED,TASK99_MACHINE_TRIAGED_EXPLICIT_QUARANTINE,1,0,0
IMPLICIT-BF96EF3FFFFCEA5B,UNRESOLVED_IDENTITY,M0,E0,QUARANTINE_UNTIL_DEFINED,TASK99_MACHINE_TRIAGED_EXPLICIT_QUARANTINE,1,0,0
IMPLICIT-BFAE908E763618E4,UNRESOLVED_IDENTITY,M0,E0,QUARANTINE_UNTIL_DEFINED,TASK99_MACHINE_TRIAGED_EXPLICIT_QUARANTINE,1,0,0
IMPLICIT-BFB6C0C6E57B4515,UNRESOLVED_IDENTITY,M0,E0,QUARANTINE_UNTIL_DEFINED,TASK99_MACHINE_TRIAGED_EXPLICIT_QUARANTINE,1,0,0
IMPLICIT-BFBD1315E8270A75,ALGORITHM_OR_WORKFLOW,M1,E0,KEEP_AS_ALGORITHM,TASK99_REPOSITORY_EVIDENCE_ADJUDICATED,1,0,0
IMPLICIT-BFC5EDCB48A47919,UNRESOLVED_IDENTITY,M0,E0,QUARANTINE_UNTIL_DEFINED,TASK99_MACHINE_TRIAGED_EXPLICIT_QUARANTINE,1,0,0
IMPLICIT-BFDB2FA96E30283C,UNRESOLVED_IDENTITY,M0,E0,QUARANTINE_UNTIL_DEFINED,TASK99_MACHINE_TRIAGED_EXPLICIT_QUARANTINE,1,0,0
IMPLICIT-BFE3A3EF7A566B44,ALGORITHM_OR_WORKFLOW,M1,E0,KEEP_AS_ALGORITHM,TASK99_REPOSITORY_EVIDENCE_ADJUDICATED,1,0,0
IMPLICIT-C01C28C5B497E967,UNRESOLVED_IDENTITY,M0,E0,QUARANTINE_UNTIL_DEFINED,TASK99_MACHINE_TRIAGED_EXPLICIT_QUARANTINE,1,0,0
IMPLICIT-C03181F47FC0FCEE,UNRESOLVED_IDENTITY,M0,E0,QUARANTINE_UNTIL_DEFINED,TASK99_MACHINE_TRIAGED_EXPLICIT_QUARANTINE,1,0,0
IMPLICIT-C0451AF22329A61B,UNRESOLVED_IDENTITY,M0,E0,QUARANTINE_UNTIL_DEFINED,TASK99_MACHINE_TRIAGED_EXPLICIT_QUARANTINE,1,0,0
IMPLICIT-C04D0D2C65A1AE96,UNRESOLVED_IDENTITY,M0,E0,QUARANTINE_UNTIL_DEFINED,TASK99_MACHINE_TRIAGED_EXPLICIT_QUARANTINE,1,0,0
IMPLICIT-C04D4FF48920BAE0,UNRESOLVED_IDENTITY,M0,E0,QUARANTINE_UNTIL_DEFINED,TASK99_MACHINE_TRIAGED_EXPLICIT_QUARANTINE,1,0,0
IMPLICIT-C06C65A660F5E596,UNRESOLVED_IDENTITY,M0,E0,QUARANTINE_UNTIL_DEFINED,TASK99_MACHINE_TRIAGED_EXPLICIT_QUARANTINE,1,0,0
IMPLICIT-C07D5B7D2EEC5FC6,UNRESOLVED_IDENTITY,M0,E0,QUARANTINE_UNTIL_DEFINED,TASK99_MACHINE_TRIAGED_EXPLICIT_QUARANTINE,1,0,0
IMPLICIT-C07FFE1B8537987E,UNRESOLVED_IDENTITY,M0,E0,QUARANTINE_UNTIL_DEFINED,TASK99_MACHINE_TRIAGED_EXPLICIT_QUARANTINE,1,0,0
IMPLICIT-C08C27D6265D6F14,UNRESOLVED_IDENTITY,M0,E0,QUARANTINE_UNTIL_DEFINED,TASK99_MACHINE_TRIAGED_EXPLICIT_QUARANTINE,1,0,0
IMPLICIT-C092D121BAD0D9BA,UNRESOLVED_IDENTITY,M0,E0,QUARANTINE_UNTIL_DEFINED,TASK99_MACHINE_TRIAGED_EXPLICIT_QUARANTINE,1,0,0
IMPLICIT-C09C98B7DF21E174,ALGORITHM_OR_WORKFLOW,M1,E0,KEEP_AS_ALGORITHM,TASK99_REPOSITORY_EVIDENCE_ADJUDICATED,1,0,0
IMPLICIT-C09DB0938D3B602E,ALGORITHM_OR_WORKFLOW,M2,E0,KEEP_AS_ALGORITHM,TASK99_REPOSITORY_EVIDENCE_ADJUDICATED,1,0,0
IMPLICIT-C0B22AD52C16BAE8,UNRESOLVED_IDENTITY,M0,E0,QUARANTINE_UNTIL_DEFINED,TASK99_MACHINE_TRIAGED_EXPLICIT_QUARANTINE,1,0,0
IMPLICIT-C0CEAEAE7232C3C1,UNRESOLVED_IDENTITY,M0,E0,QUARANTINE_UNTIL_DEFINED,TASK99_MACHINE_TRIAGED_EXPLICIT_QUARANTINE,1,0,0
IMPLICIT-C0D8378CA79B06C9,UNRESOLVED_IDENTITY,M0,E0,QUARANTINE_UNTIL_DEFINED,TASK99_MACHINE_TRIAGED_EXPLICIT_QUARANTINE,1,0,0
IMPLICIT-C0E56AA6A52BBC79,ALGORITHM_OR_WORKFLOW,M1,E0,KEEP_AS_ALGORITHM,TASK99_REPOSITORY_EVIDENCE_ADJUDICATED,1,0,0
IMPLICIT-C0EC72E93B9AB470,UNRESOLVED_IDENTITY,M0,E0,QUARANTINE_UNTIL_DEFINED,TASK99_MACHINE_TRIAGED_EXPLICIT_QUARANTINE,1,0,0
IMPLICIT-C0F7F80F73DB942D,UNRESOLVED_IDENTITY,M0,E0,QUARANTINE_UNTIL_DEFINED,TASK99_MACHINE_TRIAGED_EXPLICIT_QUARANTINE,1,0,0
IMPLICIT-C100A58898BEC24C,UNRESOLVED_IDENTITY,M0,E0,QUARANTINE_UNTIL_DEFINED,TASK99_MACHINE_TRIAGED_EXPLICIT_QUARANTINE,1,0,0
IMPLICIT-C10186D28AA6BA9F,UNRESOLVED_IDENTITY,M0,E0,QUARANTINE_UNTIL_DEFINED,TASK99_MACHINE_TRIAGED_EXPLICIT_QUARANTINE,1,0,0
IMPLICIT-C1021304FFB5953A,UNRESOLVED_IDENTITY,M0,E0,QUARANTINE_UNTIL_DEFINED,TASK99_MACHINE_TRIAGED_EXPLICIT_QUARANTINE,1,0,0
IMPLICIT-C11E9EDAA22D725B,UNRESOLVED_IDENTITY,M0,E0,QUARANTINE_UNTIL_DEFINED,TASK99_MACHINE_TRIAGED_EXPLICIT_QUARANTINE,1,0,0
IMPLICIT-C11ED375D6C7DFA4,UNRESOLVED_IDENTITY,M0,E0,QUARANTINE_UNTIL_DEFINED,TASK99_MACHINE_TRIAGED_EXPLICIT_QUARANTINE,1,0,0
IMPLICIT-C1313954DA2E9B68,UNRESOLVED_IDENTITY,M0,E0,QUARANTINE_UNTIL_DEFINED,TASK99_MACHINE_TRIAGED_EXPLICIT_QUARANTINE,1,0,0
IMPLICIT-C1349882A8FAB996,ALGORITHM_OR_WORKFLOW,M1,E0,KEEP_AS_ALGORITHM,TASK99_REPOSITORY_EVIDENCE_ADJUDICATED,1,0,0
IMPLICIT-C139352A9402598B,UNRESOLVED_IDENTITY,M0,E0,QUARANTINE_UNTIL_DEFINED,TASK99_MACHINE_TRIAGED_EXPLICIT_QUARANTINE,1,0,0
IMPLICIT-C14175A232EE2BB7,ALGORITHM_OR_WORKFLOW,M1,E0,KEEP_AS_ALGORITHM,TASK99_REPOSITORY_EVIDENCE_ADJUDICATED,1,0,0
IMPLICIT-C1475D94ED37247C,UNRESOLVED_IDENTITY,M0,E0,QUARANTINE_UNTIL_DEFINED,TASK99_MACHINE_TRIAGED_EXPLICIT_QUARANTINE,1,0,0
IMPLICIT-C15C0E8540EAFAA5,UNRESOLVED_IDENTITY,M0,E0,QUARANTINE_UNTIL_DEFINED,TASK99_MACHINE_TRIAGED_EXPLICIT_QUARANTINE,1,0,0
IMPLICIT-C192D2D64ED7300B,UNRESOLVED_IDENTITY,M0,E0,QUARANTINE_UNTIL_DEFINED,TASK99_MACHINE_TRIAGED_EXPLICIT_QUARANTINE,1,0,0
IMPLICIT-C19492421B64321C,UNRESOLVED_IDENTITY,M0,E0,QUARANTINE_UNTIL_DEFINED,TASK99_MACHINE_TRIAGED_EXPLICIT_QUARANTINE,1,0,0
IMPLICIT-C1A378857C1D2403,UNRESOLVED_IDENTITY,M0,E0,QUARANTINE_UNTIL_DEFINED,TASK99_MACHINE_TRIAGED_EXPLICIT_QUARANTINE,1,0,0
IMPLICIT-C1AE8ACD3530D79B,UNRESOLVED_IDENTITY,M0,E0,QUARANTINE_UNTIL_DEFINED,TASK99_MACHINE_TRIAGED_EXPLICIT_QUARANTINE,1,0,0
IMPLICIT-C1D39818E5F87D2B,ALGORITHM_OR_WORKFLOW,M1,E0,KEEP_AS_ALGORITHM,TASK99_REPOSITORY_EVIDENCE_ADJUDICATED,1,0,0
IMPLICIT-C1D6C4417635B1D8,UNRESOLVED_IDENTITY,M0,E0,QUARANTINE_UNTIL_DEFINED,TASK99_MACHINE_TRIAGED_EXPLICIT_QUARANTINE,1,0,0
IMPLICIT-C1E5F29C6C9711F8,UNRESOLVED_IDENTITY,M0,E0,QUARANTINE_UNTIL_DEFINED,TASK99_MACHINE_TRIAGED_EXPLICIT_QUARANTINE,1,0,0
IMPLICIT-C20999D876CA0B1B,UNRESOLVED_IDENTITY,M0,E0,QUARANTINE_UNTIL_DEFINED,TASK99_MACHINE_TRIAGED_EXPLICIT_QUARANTINE,1,0,0
IMPLICIT-C217E59C358B9777,UNRESOLVED_IDENTITY,M0,E0,QUARANTINE_UNTIL_DEFINED,TASK99_MACHINE_TRIAGED_EXPLICIT_QUARANTINE,1,0,0
IMPLICIT-C21C35A93FA162FF,ALGORITHM_OR_WORKFLOW,M1,E0,KEEP_AS_ALGORITHM,TASK99_REPOSITORY_EVIDENCE_ADJUDICATED,1,0,0
IMPLICIT-C232637CB90F59EC,UNRESOLVED_IDENTITY,M0,E0,QUARANTINE_UNTIL_DEFINED,TASK99_MACHINE_TRIAGED_EXPLICIT_QUARANTINE,1,0,0
IMPLICIT-C233232B907681D8,UNRESOLVED_IDENTITY,M0,E0,QUARANTINE_UNTIL_DEFINED,TASK99_MACHINE_TRIAGED_EXPLICIT_QUARANTINE,1,0,0
IMPLICIT-C2416984FC74028D,UNRESOLVED_IDENTITY,M0,E0,QUARANTINE_UNTIL_DEFINED,TASK99_MACHINE_TRIAGED_EXPLICIT_QUARANTINE,1,0,0
IMPLICIT-C25AC97DB7AE1625,UNRESOLVED_IDENTITY,M0,E0,QUARANTINE_UNTIL_DEFINED,TASK99_MACHINE_TRIAGED_EXPLICIT_QUARANTINE,1,0,0
IMPLICIT-C25FCCDC531BABA7,UNRESOLVED_IDENTITY,M0,E0,QUARANTINE_UNTIL_DEFINED,TASK99_MACHINE_TRIAGED_EXPLICIT_QUARANTINE,1,0,0
IMPLICIT-C266467303F56181,UNRESOLVED_IDENTITY,M0,E0,QUARANTINE_UNTIL_DEFINED,TASK99_MACHINE_TRIAGED_EXPLICIT_QUARANTINE,1,0,0
IMPLICIT-C2960CD88850854C,UNRESOLVED_IDENTITY,M0,E0,QUARANTINE_UNTIL_DEFINED,TASK99_MACHINE_TRIAGED_EXPLICIT_QUARANTINE,1,0,0
IMPLICIT-C2A834023B1EFA56,UNRESOLVED_IDENTITY,M0,E0,QUARANTINE_UNTIL_DEFINED,TASK99_MACHINE_TRIAGED_EXPLICIT_QUARANTINE,1,0,0
IMPLICIT-C2B33B527CE6E76D,UNRESOLVED_IDENTITY,M0,E0,QUARANTINE_UNTIL_DEFINED,TASK99_MACHINE_TRIAGED_EXPLICIT_QUARANTINE,1,0,0
IMPLICIT-C2B8D8365FD7B8E1,ALGORITHM_OR_WORKFLOW,M2,E0,KEEP_AS_ALGORITHM,TASK99_REPOSITORY_EVIDENCE_ADJUDICATED,1,0,0
IMPLICIT-C2CBE7161426C33F,UNRESOLVED_IDENTITY,M0,E0,QUARANTINE_UNTIL_DEFINED,TASK99_MACHINE_TRIAGED_EXPLICIT_QUARANTINE,1,0,0
IMPLICIT-C2DB9CBC81F0F3E8,ALGORITHM_OR_WORKFLOW,M1,E0,KEEP_AS_ALGORITHM,TASK99_REPOSITORY_EVIDENCE_ADJUDICATED,1,0,0
IMPLICIT-C2FCC82514A70FC9,UNRESOLVED_IDENTITY,M0,E0,QUARANTINE_UNTIL_DEFINED,TASK99_MACHINE_TRIAGED_EXPLICIT_QUARANTINE,1,0,0
IMPLICIT-C31CF50BC8430AE9,UNRESOLVED_IDENTITY,M0,E0,QUARANTINE_UNTIL_DEFINED,TASK99_MACHINE_TRIAGED_EXPLICIT_QUARANTINE,1,0,0
IMPLICIT-C3236BED953E6EBA,ALGORITHM_OR_WORKFLOW,M1,E0,KEEP_AS_ALGORITHM,TASK99_REPOSITORY_EVIDENCE_ADJUDICATED,1,0,0
IMPLICIT-C3350BD047CAE912,ALGORITHM_OR_WORKFLOW,M1,E0,KEEP_AS_ALGORITHM,TASK99_REPOSITORY_EVIDENCE_ADJUDICATED,1,0,0
IMPLICIT-C33A1D3D39562E57,UNRESOLVED_IDENTITY,M0,E0,QUARANTINE_UNTIL_DEFINED,TASK99_MACHINE_TRIAGED_EXPLICIT_QUARANTINE,1,0,0
IMPLICIT-C347F6F752726DC8,UNRESOLVED_IDENTITY,M0,E0,QUARANTINE_UNTIL_DEFINED,TASK99_MACHINE_TRIAGED_EXPLICIT_QUARANTINE,1,0,0
IMPLICIT-C357E95C4F84B97B,UNRESOLVED_IDENTITY,M0,E0,QUARANTINE_UNTIL_DEFINED,TASK99_MACHINE_TRIAGED_EXPLICIT_QUARANTINE,1,0,0
IMPLICIT-C3783D0C4731B764,UNRESOLVED_IDENTITY,M0,E0,QUARANTINE_UNTIL_DEFINED,TASK99_MACHINE_TRIAGED_EXPLICIT_QUARANTINE,1,0,0
IMPLICIT-C3970A872372F469,UNRESOLVED_IDENTITY,M0,E0,QUARANTINE_UNTIL_DEFINED,TASK99_MACHINE_TRIAGED_EXPLICIT_QUARANTINE,1,0,0
IMPLICIT-C39DF89911397B27,ALGORITHM_OR_WORKFLOW,M1,E0,KEEP_AS_ALGORITHM,TASK99_REPOSITORY_EVIDENCE_ADJUDICATED,1,0,0
IMPLICIT-C3A0CA2AD080115E,UNRESOLVED_IDENTITY,M0,E0,QUARANTINE_UNTIL_DEFINED,TASK99_MACHINE_TRIAGED_EXPLICIT_QUARANTINE,1,0,0
IMPLICIT-C3A9F108E3E9A152,UNRESOLVED_IDENTITY,M0,E0,QUARANTINE_UNTIL_DEFINED,TASK99_MACHINE_TRIAGED_EXPLICIT_QUARANTINE,1,0,0
IMPLICIT-C3AD84FE04F714B3,UNRESOLVED_IDENTITY,M0,E0,QUARANTINE_UNTIL_DEFINED,TASK99_MACHINE_TRIAGED_EXPLICIT_QUARANTINE,1,0,0
IMPLICIT-C3B2F3B18D45FB49,ALGORITHM_OR_WORKFLOW,M1,E0,KEEP_AS_ALGORITHM,TASK99_REPOSITORY_EVIDENCE_ADJUDICATED,1,0,0
IMPLICIT-C3BA46CF593E857B,UNRESOLVED_IDENTITY,M0,E0,QUARANTINE_UNTIL_DEFINED,TASK99_MACHINE_TRIAGED_EXPLICIT_QUARANTINE,1,0,0
IMPLICIT-C3C8D112801987DA,UNRESOLVED_IDENTITY,M0,E0,QUARANTINE_UNTIL_DEFINED,TASK99_MACHINE_TRIAGED_EXPLICIT_QUARANTINE,1,0,0
IMPLICIT-C3FC1AA07C451129,UNRESOLVED_IDENTITY,M0,E0,QUARANTINE_UNTIL_DEFINED,TASK99_MACHINE_TRIAGED_EXPLICIT_QUARANTINE,1,0,0
IMPLICIT-C4011F8F5999BDC2,ALGORITHM_OR_WORKFLOW,M1,E0,KEEP_AS_ALGORITHM,TASK99_REPOSITORY_EVIDENCE_ADJUDICATED,1,0,0
IMPLICIT-C40E10E0A0A9A613,ALGORITHM_OR_WORKFLOW,M1,E0,KEEP_AS_ALGORITHM,TASK99_REPOSITORY_EVIDENCE_ADJUDICATED,1,0,0
IMPLICIT-C41117399FCE04BC,UNRESOLVED_IDENTITY,M0,E0,QUARANTINE_UNTIL_DEFINED,TASK99_MACHINE_TRIAGED_EXPLICIT_QUARANTINE,1,0,0
IMPLICIT-C42628140EE40C96,UNRESOLVED_IDENTITY,M0,E0,QUARANTINE_UNTIL_DEFINED,TASK99_MACHINE_TRIAGED_EXPLICIT_QUARANTINE,1,0,0
IMPLICIT-C43C102A15D318BC,UNRESOLVED_IDENTITY,M0,E0,QUARANTINE_UNTIL_DEFINED,TASK99_MACHINE_TRIAGED_EXPLICIT_QUARANTINE,1,0,0
IMPLICIT-C43CFB9D8B43B227,UNRESOLVED_IDENTITY,M0,E0,QUARANTINE_UNTIL_DEFINED,TASK99_MACHINE_TRIAGED_EXPLICIT_QUARANTINE,1,0,0
IMPLICIT-C45B2AA67936F42A,UNRESOLVED_IDENTITY,M0,E0,QUARANTINE_UNTIL_DEFINED,TASK99_MACHINE_TRIAGED_EXPLICIT_QUARANTINE,1,0,0
IMPLICIT-C463779F871D124D,UNRESOLVED_IDENTITY,M0,E0,QUARANTINE_UNTIL_DEFINED,TASK99_MACHINE_TRIAGED_EXPLICIT_QUARANTINE,1,0,0
IMPLICIT-C48BAB8A0749D40B,ALGORITHM_OR_WORKFLOW,M1,E0,KEEP_AS_ALGORITHM,TASK99_REPOSITORY_EVIDENCE_ADJUDICATED,1,0,0
IMPLICIT-C48D4630410BCD08,UNRESOLVED_IDENTITY,M0,E0,QUARANTINE_UNTIL_DEFINED,TASK99_MACHINE_TRIAGED_EXPLICIT_QUARANTINE,1,0,0
IMPLICIT-C49B03047974714C,ALGORITHM_OR_WORKFLOW,M2,E0,KEEP_AS_ALGORITHM,TASK99_REPOSITORY_EVIDENCE_ADJUDICATED,1,0,0
IMPLICIT-C4A6AE6FC724D163,UNRESOLVED_IDENTITY,M0,E0,QUARANTINE_UNTIL_DEFINED,TASK99_MACHINE_TRIAGED_EXPLICIT_QUARANTINE,1,0,0
IMPLICIT-C4A8B80AB86F3EED,UNRESOLVED_IDENTITY,M0,E0,QUARANTINE_UNTIL_DEFINED,TASK99_MACHINE_TRIAGED_EXPLICIT_QUARANTINE,1,0,0
IMPLICIT-C4B191E001334324,UNRESOLVED_IDENTITY,M0,E0,QUARANTINE_UNTIL_DEFINED,TASK99_MACHINE_TRIAGED_EXPLICIT_QUARANTINE,1,0,0
IMPLICIT-C4B4479FC82996A6,UNRESOLVED_IDENTITY,M0,E0,QUARANTINE_UNTIL_DEFINED,TASK99_MACHINE_TRIAGED_EXPLICIT_QUARANTINE,1,0,0
IMPLICIT-C4BDF7F07F1F612D,UNRESOLVED_IDENTITY,M0,E0,QUARANTINE_UNTIL_DEFINED,TASK99_MACHINE_TRIAGED_EXPLICIT_QUARANTINE,1,0,0
IMPLICIT-C4C1EDFD9BF150DE,UNRESOLVED_IDENTITY,M0,E0,QUARANTINE_UNTIL_DEFINED,TASK99_MACHINE_TRIAGED_EXPLICIT_QUARANTINE,1,0,0
IMPLICIT-C4C3831319E2B66C,ALGORITHM_OR_WORKFLOW,M1,E0,KEEP_AS_ALGORITHM,TASK99_REPOSITORY_EVIDENCE_ADJUDICATED,1,0,0
IMPLICIT-C4D2C665E477997F,UNRESOLVED_IDENTITY,M0,E0,QUARANTINE_UNTIL_DEFINED,TASK99_MACHINE_TRIAGED_EXPLICIT_QUARANTINE,1,0,0
IMPLICIT-C4E76573DDEB0C6B,UNRESOLVED_IDENTITY,M0,E0,QUARANTINE_UNTIL_DEFINED,TASK99_MACHINE_TRIAGED_EXPLICIT_QUARANTINE,1,0,0
IMPLICIT-C4ED3CA04BC2B247,ALGORITHM_OR_WORKFLOW,M1,E0,KEEP_AS_ALGORITHM,TASK99_REPOSITORY_EVIDENCE_ADJUDICATED,1,0,0
IMPLICIT-C4F8A1912CD08E1A,UNRESOLVED_IDENTITY,M0,E0,QUARANTINE_UNTIL_DEFINED,TASK99_MACHINE_TRIAGED_EXPLICIT_QUARANTINE,1,0,0
IMPLICIT-C512C3987F290CA5,UNRESOLVED_IDENTITY,M0,E0,QUARANTINE_UNTIL_DEFINED,TASK99_MACHINE_TRIAGED_EXPLICIT_QUARANTINE,1,0,0
IMPLICIT-C53326EF7B54FA2D,UNRESOLVED_IDENTITY,M0,E0,QUARANTINE_UNTIL_DEFINED,TASK99_MACHINE_TRIAGED_EXPLICIT_QUARANTINE,1,0,0
IMPLICIT-C5388BBCC3B9938C,UNRESOLVED_IDENTITY,M0,E0,QUARANTINE_UNTIL_DEFINED,TASK99_MACHINE_TRIAGED_EXPLICIT_QUARANTINE,1,0,0
IMPLICIT-C54E1C2DC228D840,UNRESOLVED_IDENTITY,M0,E0,QUARANTINE_UNTIL_DEFINED,TASK99_MACHINE_TRIAGED_EXPLICIT_QUARANTINE,1,0,0
IMPLICIT-C56F9B8C635A3810,ALGORITHM_OR_WORKFLOW,M2,E0,KEEP_AS_ALGORITHM,TASK99_REPOSITORY_EVIDENCE_ADJUDICATED,1,0,0
IMPLICIT-C59327CD6FCDA2CF,ALGORITHM_OR_WORKFLOW,M1,E0,KEEP_AS_ALGORITHM,TASK99_REPOSITORY_EVIDENCE_ADJUDICATED,1,0,0
IMPLICIT-C59358097B3476A8,UNRESOLVED_IDENTITY,M0,E0,QUARANTINE_UNTIL_DEFINED,TASK99_MACHINE_TRIAGED_EXPLICIT_QUARANTINE,1,0,0
IMPLICIT-C59A1A8F34025ED1,UNRESOLVED_IDENTITY,M0,E0,QUARANTINE_UNTIL_DEFINED,TASK99_MACHINE_TRIAGED_EXPLICIT_QUARANTINE,1,0,0
IMPLICIT-C5AAD75EE5D9A1E1,ALGORITHM_OR_WORKFLOW,M2,E0,KEEP_AS_ALGORITHM,TASK99_REPOSITORY_EVIDENCE_ADJUDICATED,1,0,0
IMPLICIT-C5ADC103A689F34D,UNRESOLVED_IDENTITY,M0,E0,QUARANTINE_UNTIL_DEFINED,TASK99_MACHINE_TRIAGED_EXPLICIT_QUARANTINE,1,0,0
IMPLICIT-C5CD39AB1083E474,UNRESOLVED_IDENTITY,M0,E0,QUARANTINE_UNTIL_DEFINED,TASK99_MACHINE_TRIAGED_EXPLICIT_QUARANTINE,1,0,0
IMPLICIT-C5CD58E9DD987F9D,UNRESOLVED_IDENTITY,M0,E0,QUARANTINE_UNTIL_DEFINED,TASK99_MACHINE_TRIAGED_EXPLICIT_QUARANTINE,1,0,0
IMPLICIT-C604469B111AA983,UNRESOLVED_IDENTITY,M0,E0,QUARANTINE_UNTIL_DEFINED,TASK99_MACHINE_TRIAGED_EXPLICIT_QUARANTINE,1,0,0
IMPLICIT-C61ACC37C3F5D83F,UNRESOLVED_IDENTITY,M0,E0,QUARANTINE_UNTIL_DEFINED,TASK99_MACHINE_TRIAGED_EXPLICIT_QUARANTINE,1,0,0
IMPLICIT-C61FB80C820D920F,UNRESOLVED_IDENTITY,M0,E0,QUARANTINE_UNTIL_DEFINED,TASK99_MACHINE_TRIAGED_EXPLICIT_QUARANTINE,1,0,0
IMPLICIT-C6339A6B80436FE1,UNRESOLVED_IDENTITY,M0,E0,QUARANTINE_UNTIL_DEFINED,TASK99_MACHINE_TRIAGED_EXPLICIT_QUARANTINE,1,0,0
IMPLICIT-C6372664E62C3651,UNRESOLVED_IDENTITY,M0,E0,QUARANTINE_UNTIL_DEFINED,TASK99_MACHINE_TRIAGED_EXPLICIT_QUARANTINE,1,0,0
IMPLICIT-C64CE0713483A405,UNRESOLVED_IDENTITY,M0,E0,QUARANTINE_UNTIL_DEFINED,TASK99_MACHINE_TRIAGED_EXPLICIT_QUARANTINE,1,0,0
IMPLICIT-C66F71BAD9194790,UNRESOLVED_IDENTITY,M0,E0,QUARANTINE_UNTIL_DEFINED,TASK99_MACHINE_TRIAGED_EXPLICIT_QUARANTINE,1,0,0
IMPLICIT-C67E9FEB00B7464A,UNRESOLVED_IDENTITY,M0,E0,QUARANTINE_UNTIL_DEFINED,TASK99_MACHINE_TRIAGED_EXPLICIT_QUARANTINE,1,0,0
IMPLICIT-C68685F5782972FB,UNRESOLVED_IDENTITY,M0,E0,QUARANTINE_UNTIL_DEFINED,TASK99_MACHINE_TRIAGED_EXPLICIT_QUARANTINE,1,0,0
IMPLICIT-C6868D93532A0674,UNRESOLVED_IDENTITY,M0,E0,QUARANTINE_UNTIL_DEFINED,TASK99_MACHINE_TRIAGED_EXPLICIT_QUARANTINE,1,0,0
IMPLICIT-C69B8047FC1C125E,ALGORITHM_OR_WORKFLOW,M1,E0,KEEP_AS_ALGORITHM,TASK99_REPOSITORY_EVIDENCE_ADJUDICATED,1,0,0
IMPLICIT-C6C51AEC80D09458,UNRESOLVED_IDENTITY,M0,E0,QUARANTINE_UNTIL_DEFINED,TASK99_MACHINE_TRIAGED_EXPLICIT_QUARANTINE,1,0,0
IMPLICIT-C6CE6753FBD7EF03,UNRESOLVED_IDENTITY,M0,E0,QUARANTINE_UNTIL_DEFINED,TASK99_MACHINE_TRIAGED_EXPLICIT_QUARANTINE,1,0,0
IMPLICIT-C6D0397B8347C844,ALGORITHM_OR_WORKFLOW,M2,E0,KEEP_AS_ALGORITHM,TASK99_REPOSITORY_EVIDENCE_ADJUDICATED,1,0,0
IMPLICIT-C6D09532AC83BA12,UNRESOLVED_IDENTITY,M0,E0,QUARANTINE_UNTIL_DEFINED,TASK99_MACHINE_TRIAGED_EXPLICIT_QUARANTINE,1,0,0
IMPLICIT-C6D6F159E4505D55,UNRESOLVED_IDENTITY,M0,E0,QUARANTINE_UNTIL_DEFINED,TASK99_MACHINE_TRIAGED_EXPLICIT_QUARANTINE,1,0,0
IMPLICIT-C6D7072398EF1F94,UNRESOLVED_IDENTITY,M0,E0,QUARANTINE_UNTIL_DEFINED,TASK99_MACHINE_TRIAGED_EXPLICIT_QUARANTINE,1,0,0
IMPLICIT-C6DCBF56B3E4FAAF,UNRESOLVED_IDENTITY,M0,E0,QUARANTINE_UNTIL_DEFINED,TASK99_MACHINE_TRIAGED_EXPLICIT_QUARANTINE,1,0,0
IMPLICIT-C6E48F3DAEA8CF69,ALGORITHM_OR_WORKFLOW,M1,E0,KEEP_AS_ALGORITHM,TASK99_REPOSITORY_EVIDENCE_ADJUDICATED,1,0,0
IMPLICIT-C6EAA8B9C39C23FC,UNRESOLVED_IDENTITY,M0,E0,QUARANTINE_UNTIL_DEFINED,TASK99_MACHINE_TRIAGED_EXPLICIT_QUARANTINE,1,0,0
IMPLICIT-C6F64F0EFE396A9A,ALGORITHM_OR_WORKFLOW,M1,E0,KEEP_AS_ALGORITHM,TASK99_REPOSITORY_EVIDENCE_ADJUDICATED,1,0,0
IMPLICIT-C6FE6A85AE52A788,UNRESOLVED_IDENTITY,M0,E0,QUARANTINE_UNTIL_DEFINED,TASK99_MACHINE_TRIAGED_EXPLICIT_QUARANTINE,1,0,0
IMPLICIT-C701DC67046560BF,UNRESOLVED_IDENTITY,M0,E0,QUARANTINE_UNTIL_DEFINED,TASK99_MACHINE_TRIAGED_EXPLICIT_QUARANTINE,1,0,0
IMPLICIT-C703DF30D0E02CA6,UNRESOLVED_IDENTITY,M0,E0,QUARANTINE_UNTIL_DEFINED,TASK99_MACHINE_TRIAGED_EXPLICIT_QUARANTINE,1,0,0
IMPLICIT-C728906687AB69DA,UNRESOLVED_IDENTITY,M0,E0,QUARANTINE_UNTIL_DEFINED,TASK99_MACHINE_TRIAGED_EXPLICIT_QUARANTINE,1,0,0
IMPLICIT-C7349482ADE934BC,ALGORITHM_OR_WORKFLOW,M1,E0,KEEP_AS_ALGORITHM,TASK99_REPOSITORY_EVIDENCE_ADJUDICATED,1,0,0
IMPLICIT-C74863174CFBD1BA,ALGORITHM_OR_WORKFLOW,M1,E0,KEEP_AS_ALGORITHM,TASK99_REPOSITORY_EVIDENCE_ADJUDICATED,1,0,0
IMPLICIT-C7682C1CD62C7161,UNRESOLVED_IDENTITY,M0,E0,QUARANTINE_UNTIL_DEFINED,TASK99_MACHINE_TRIAGED_EXPLICIT_QUARANTINE,1,0,0
IMPLICIT-C769D2F389F5B199,UNRESOLVED_IDENTITY,M0,E0,QUARANTINE_UNTIL_DEFINED,TASK99_MACHINE_TRIAGED_EXPLICIT_QUARANTINE,1,0,0
IMPLICIT-C76DFB1C28150C2B,UNRESOLVED_IDENTITY,M0,E0,QUARANTINE_UNTIL_DEFINED,TASK99_MACHINE_TRIAGED_EXPLICIT_QUARANTINE,1,0,0
IMPLICIT-C76FF31CC51F5CC3,UNRESOLVED_IDENTITY,M0,E0,QUARANTINE_UNTIL_DEFINED,TASK99_MACHINE_TRIAGED_EXPLICIT_QUARANTINE,1,0,0
IMPLICIT-C7705596F7D76764,UNRESOLVED_IDENTITY,M0,E0,QUARANTINE_UNTIL_DEFINED,TASK99_MACHINE_TRIAGED_EXPLICIT_QUARANTINE,1,0,0
IMPLICIT-C771946160C91AAB,UNRESOLVED_IDENTITY,M0,E0,QUARANTINE_UNTIL_DEFINED,TASK99_MACHINE_TRIAGED_EXPLICIT_QUARANTINE,1,0,0
IMPLICIT-C776FE4A99829C94,ALGORITHM_OR_WORKFLOW,M2,E0,KEEP_AS_ALGORITHM,TASK99_REPOSITORY_EVIDENCE_ADJUDICATED,1,0,0
IMPLICIT-C7AB78FAA93A6244,UNRESOLVED_IDENTITY,M0,E0,QUARANTINE_UNTIL_DEFINED,TASK99_MACHINE_TRIAGED_EXPLICIT_QUARANTINE,1,0,0
IMPLICIT-C7AFB6B676082278,UNRESOLVED_IDENTITY,M0,E0,QUARANTINE_UNTIL_DEFINED,TASK99_MACHINE_TRIAGED_EXPLICIT_QUARANTINE,1,0,0
IMPLICIT-C7B0D942B2F1F039,ALGORITHM_OR_WORKFLOW,M1,E0,KEEP_AS_ALGORITHM,TASK99_REPOSITORY_EVIDENCE_ADJUDICATED,1,0,0
IMPLICIT-C7D38580AEA8D93E,UNRESOLVED_IDENTITY,M0,E0,QUARANTINE_UNTIL_DEFINED,TASK99_MACHINE_TRIAGED_EXPLICIT_QUARANTINE,1,0,0
IMPLICIT-C7F1FEC16D9EBFB0,ALGORITHM_OR_WORKFLOW,M1,E0,KEEP_AS_ALGORITHM,TASK99_REPOSITORY_EVIDENCE_ADJUDICATED,1,0,0
IMPLICIT-C80DC76ABDE3789B,UNRESOLVED_IDENTITY,M0,E0,QUARANTINE_UNTIL_DEFINED,TASK99_MACHINE_TRIAGED_EXPLICIT_QUARANTINE,1,0,0
IMPLICIT-C819A9A2993530C3,UNRESOLVED_IDENTITY,M0,E0,QUARANTINE_UNTIL_DEFINED,TASK99_MACHINE_TRIAGED_EXPLICIT_QUARANTINE,1,0,0
IMPLICIT-C81A59FA0B4F42EC,ALGORITHM_OR_WORKFLOW,M1,E0,KEEP_AS_ALGORITHM,TASK99_REPOSITORY_EVIDENCE_ADJUDICATED,1,0,0
IMPLICIT-C81EE48F4D8DB9A9,UNRESOLVED_IDENTITY,M0,E0,QUARANTINE_UNTIL_DEFINED,TASK99_MACHINE_TRIAGED_EXPLICIT_QUARANTINE,1,0,0
IMPLICIT-C82E3AAB6C9C3F6F,UNRESOLVED_IDENTITY,M0,E0,QUARANTINE_UNTIL_DEFINED,TASK99_MACHINE_TRIAGED_EXPLICIT_QUARANTINE,1,0,0
IMPLICIT-C8383FF5757FA63C,ALGORITHM_OR_WORKFLOW,M1,E0,KEEP_AS_ALGORITHM,TASK99_REPOSITORY_EVIDENCE_ADJUDICATED,1,0,0
IMPLICIT-C868A6FDEAA0B97D,UNRESOLVED_IDENTITY,M0,E0,QUARANTINE_UNTIL_DEFINED,TASK99_MACHINE_TRIAGED_EXPLICIT_QUARANTINE,1,0,0
IMPLICIT-C86906871A9E4B5F,UNRESOLVED_IDENTITY,M0,E0,QUARANTINE_UNTIL_DEFINED,TASK99_MACHINE_TRIAGED_EXPLICIT_QUARANTINE,1,0,0
IMPLICIT-C86C3BD594405329,UNRESOLVED_IDENTITY,M0,E0,QUARANTINE_UNTIL_DEFINED,TASK99_MACHINE_TRIAGED_EXPLICIT_QUARANTINE,1,0,0
IMPLICIT-C86E9446FAD0D714,ALGORITHM_OR_WORKFLOW,M1,E0,KEEP_AS_ALGORITHM,TASK99_REPOSITORY_EVIDENCE_ADJUDICATED,1,0,0
IMPLICIT-C870B8D132C46054,UNRESOLVED_IDENTITY,M0,E0,QUARANTINE_UNTIL_DEFINED,TASK99_MACHINE_TRIAGED_EXPLICIT_QUARANTINE,1,0,0
IMPLICIT-C87C1975920CF3E0,ALGORITHM_OR_WORKFLOW,M1,E0,KEEP_AS_ALGORITHM,TASK99_REPOSITORY_EVIDENCE_ADJUDICATED,1,0,0
IMPLICIT-C880A3AFA931889A,UNRESOLVED_IDENTITY,M0,E0,QUARANTINE_UNTIL_DEFINED,TASK99_MACHINE_TRIAGED_EXPLICIT_QUARANTINE,1,0,0
IMPLICIT-C8814B697FC98DCF,UNRESOLVED_IDENTITY,M0,E0,QUARANTINE_UNTIL_DEFINED,TASK99_MACHINE_TRIAGED_EXPLICIT_QUARANTINE,1,0,0
IMPLICIT-C88D618BBAC01892,ALGORITHM_OR_WORKFLOW,M2,E0,KEEP_AS_ALGORITHM,TASK99_REPOSITORY_EVIDENCE_ADJUDICATED,1,0,0
IMPLICIT-C899902DEBE8B7D8,UNRESOLVED_IDENTITY,M0,E0,QUARANTINE_UNTIL_DEFINED,TASK99_MACHINE_TRIAGED_EXPLICIT_QUARANTINE,1,0,0
IMPLICIT-C89A7177003DA27A,UNRESOLVED_IDENTITY,M0,E0,QUARANTINE_UNTIL_DEFINED,TASK99_MACHINE_TRIAGED_EXPLICIT_QUARANTINE,1,0,0
IMPLICIT-C8A78C480E7C9DF6,UNRESOLVED_IDENTITY,M0,E0,QUARANTINE_UNTIL_DEFINED,TASK99_MACHINE_TRIAGED_EXPLICIT_QUARANTINE,1,0,0
IMPLICIT-C8B3BF4C07A2894F,UNRESOLVED_IDENTITY,M0,E0,QUARANTINE_UNTIL_DEFINED,TASK99_MACHINE_TRIAGED_EXPLICIT_QUARANTINE,1,0,0
IMPLICIT-C8B93BDA2287AD7C,UNRESOLVED_IDENTITY,M0,E0,QUARANTINE_UNTIL_DEFINED,TASK99_MACHINE_TRIAGED_EXPLICIT_QUARANTINE,1,0,0
IMPLICIT-C8C3392E44DF4577,ALGORITHM_OR_WORKFLOW,M2,E0,KEEP_AS_ALGORITHM,TASK99_REPOSITORY_EVIDENCE_ADJUDICATED,1,0,0
IMPLICIT-C8C60FC7F4882A50,UNRESOLVED_IDENTITY,M0,E0,QUARANTINE_UNTIL_DEFINED,TASK99_MACHINE_TRIAGED_EXPLICIT_QUARANTINE,1,0,0
IMPLICIT-C8D957A024C50F76,UNRESOLVED_IDENTITY,M0,E0,QUARANTINE_UNTIL_DEFINED,TASK99_MACHINE_TRIAGED_EXPLICIT_QUARANTINE,1,0,0
IMPLICIT-C9213096FE24DD2C,UNRESOLVED_IDENTITY,M0,E0,QUARANTINE_UNTIL_DEFINED,TASK99_MACHINE_TRIAGED_EXPLICIT_QUARANTINE,1,0,0
IMPLICIT-C9296EA8B17C9D9B,UNRESOLVED_IDENTITY,M0,E0,QUARANTINE_UNTIL_DEFINED,TASK99_MACHINE_TRIAGED_EXPLICIT_QUARANTINE,1,0,0
IMPLICIT-C936B741BF0B7EA8,UNRESOLVED_IDENTITY,M0,E0,QUARANTINE_UNTIL_DEFINED,TASK99_MACHINE_TRIAGED_EXPLICIT_QUARANTINE,1,0,0
IMPLICIT-C938AE091D7A8EAB,UNRESOLVED_IDENTITY,M0,E0,QUARANTINE_UNTIL_DEFINED,TASK99_MACHINE_TRIAGED_EXPLICIT_QUARANTINE,1,0,0
IMPLICIT-C93ABDE08692CE8E,ALGORITHM_OR_WORKFLOW,M1,E0,KEEP_AS_ALGORITHM,TASK99_REPOSITORY_EVIDENCE_ADJUDICATED,1,0,0
IMPLICIT-C949E8FED0D4AB8F,UNRESOLVED_IDENTITY,M0,E0,QUARANTINE_UNTIL_DEFINED,TASK99_MACHINE_TRIAGED_EXPLICIT_QUARANTINE,1,0,0
IMPLICIT-C9599F27737151E8,ALGORITHM_OR_WORKFLOW,M2,E0,KEEP_AS_ALGORITHM,TASK99_REPOSITORY_EVIDENCE_ADJUDICATED,1,0,0
IMPLICIT-C95D57541289B912,UNRESOLVED_IDENTITY,M0,E0,QUARANTINE_UNTIL_DEFINED,TASK99_MACHINE_TRIAGED_EXPLICIT_QUARANTINE,1,0,0
IMPLICIT-C9630059E9808D8A,UNRESOLVED_IDENTITY,M0,E0,QUARANTINE_UNTIL_DEFINED,TASK99_MACHINE_TRIAGED_EXPLICIT_QUARANTINE,1,0,0
IMPLICIT-C97156CAC5005422,UNRESOLVED_IDENTITY,M0,E0,QUARANTINE_UNTIL_DEFINED,TASK99_MACHINE_TRIAGED_EXPLICIT_QUARANTINE,1,0,0
IMPLICIT-C97E7BAF3411DC9C,UNRESOLVED_IDENTITY,M0,E0,QUARANTINE_UNTIL_DEFINED,TASK99_MACHINE_TRIAGED_EXPLICIT_QUARANTINE,1,0,0
IMPLICIT-C996A7BA90CD3B37,UNRESOLVED_IDENTITY,M0,E0,QUARANTINE_UNTIL_DEFINED,TASK99_MACHINE_TRIAGED_EXPLICIT_QUARANTINE,1,0,0
IMPLICIT-C99C2BED9B047478,UNRESOLVED_IDENTITY,M0,E0,QUARANTINE_UNTIL_DEFINED,TASK99_MACHINE_TRIAGED_EXPLICIT_QUARANTINE,1,0,0
IMPLICIT-C9B2D949D49A97BB,ALGORITHM_OR_WORKFLOW,M2,E0,KEEP_AS_ALGORITHM,TASK99_REPOSITORY_EVIDENCE_ADJUDICATED,1,0,0
IMPLICIT-C9B4F65E428A28C0,UNRESOLVED_IDENTITY,M0,E0,QUARANTINE_UNTIL_DEFINED,TASK99_MACHINE_TRIAGED_EXPLICIT_QUARANTINE,1,0,0
IMPLICIT-C9BC2B57C2E6DBF5,UNRESOLVED_IDENTITY,M0,E0,QUARANTINE_UNTIL_DEFINED,TASK99_MACHINE_TRIAGED_EXPLICIT_QUARANTINE,1,0,0
IMPLICIT-C9CC506D127D2712,ALGORITHM_OR_WORKFLOW,M1,E0,KEEP_AS_ALGORITHM,TASK99_REPOSITORY_EVIDENCE_ADJUDICATED,1,0,0
IMPLICIT-C9CDD84423F6816C,UNRESOLVED_IDENTITY,M0,E0,QUARANTINE_UNTIL_DEFINED,TASK99_MACHINE_TRIAGED_EXPLICIT_QUARANTINE,1,0,0
IMPLICIT-C9D721E38BAA2ACA,UNRESOLVED_IDENTITY,M0,E0,QUARANTINE_UNTIL_DEFINED,TASK99_MACHINE_TRIAGED_EXPLICIT_QUARANTINE,1,0,0
IMPLICIT-C9DB2B57FE6BDB52,ALGORITHM_OR_WORKFLOW,M1,E0,KEEP_AS_ALGORITHM,TASK99_REPOSITORY_EVIDENCE_ADJUDICATED,1,0,0
IMPLICIT-C9DE0577D9C28BFA,ALGORITHM_OR_WORKFLOW,M2,E0,KEEP_AS_ALGORITHM,TASK99_REPOSITORY_EVIDENCE_ADJUDICATED,1,0,0
IMPLICIT-C9E140D5FFE455EC,UNRESOLVED_IDENTITY,M0,E0,QUARANTINE_UNTIL_DEFINED,TASK99_MACHINE_TRIAGED_EXPLICIT_QUARANTINE,1,0,0
IMPLICIT-CA00A5BDA189F7F7,UNRESOLVED_IDENTITY,M0,E0,QUARANTINE_UNTIL_DEFINED,TASK99_MACHINE_TRIAGED_EXPLICIT_QUARANTINE,1,0,0
IMPLICIT-CA0EAF15670D88EC,UNRESOLVED_IDENTITY,M0,E0,QUARANTINE_UNTIL_DEFINED,TASK99_MACHINE_TRIAGED_EXPLICIT_QUARANTINE,1,0,0
IMPLICIT-CA30F4C46EBFF641,UNRESOLVED_IDENTITY,M0,E0,QUARANTINE_UNTIL_DEFINED,TASK99_MACHINE_TRIAGED_EXPLICIT_QUARANTINE,1,0,0
IMPLICIT-CA32279C8E8FA8C6,UNRESOLVED_IDENTITY,M0,E0,QUARANTINE_UNTIL_DEFINED,TASK99_MACHINE_TRIAGED_EXPLICIT_QUARANTINE,1,0,0
IMPLICIT-CA97585443F5C9F9,ALGORITHM_OR_WORKFLOW,M1,E0,KEEP_AS_ALGORITHM,TASK99_REPOSITORY_EVIDENCE_ADJUDICATED,1,0,0
IMPLICIT-CAA530C8B6BC274E,ALGORITHM_OR_WORKFLOW,M1,E0,KEEP_AS_ALGORITHM,TASK99_REPOSITORY_EVIDENCE_ADJUDICATED,1,0,0
IMPLICIT-CAA962F2C4B1127F,ALGORITHM_OR_WORKFLOW,M1,E0,KEEP_AS_ALGORITHM,TASK99_REPOSITORY_EVIDENCE_ADJUDICATED,1,0,0
IMPLICIT-CAA9B9641067B18B,UNRESOLVED_IDENTITY,M0,E0,QUARANTINE_UNTIL_DEFINED,TASK99_MACHINE_TRIAGED_EXPLICIT_QUARANTINE,1,0,0
IMPLICIT-CAAE35058644FD7D,ALGORITHM_OR_WORKFLOW,M1,E0,KEEP_AS_ALGORITHM,TASK99_REPOSITORY_EVIDENCE_ADJUDICATED,1,0,0
IMPLICIT-CABF9AC804E52BE4,ALGORITHM_OR_WORKFLOW,M1,E0,KEEP_AS_ALGORITHM,TASK99_REPOSITORY_EVIDENCE_ADJUDICATED,1,0,0
IMPLICIT-CAC3FD260AAB2FC0,UNRESOLVED_IDENTITY,M0,E0,QUARANTINE_UNTIL_DEFINED,TASK99_MACHINE_TRIAGED_EXPLICIT_QUARANTINE,1,0,0
IMPLICIT-CACC44BEA5CAE5A3,UNRESOLVED_IDENTITY,M0,E0,QUARANTINE_UNTIL_DEFINED,TASK99_MACHINE_TRIAGED_EXPLICIT_QUARANTINE,1,0,0
IMPLICIT-CACFDB2E3BDEEA51,UNRESOLVED_IDENTITY,M0,E0,QUARANTINE_UNTIL_DEFINED,TASK99_MACHINE_TRIAGED_EXPLICIT_QUARANTINE,1,0,0
IMPLICIT-CAD4A3ABD1CE3D54,UNRESOLVED_IDENTITY,M0,E0,QUARANTINE_UNTIL_DEFINED,TASK99_MACHINE_TRIAGED_EXPLICIT_QUARANTINE,1,0,0
IMPLICIT-CAEFD554B69AFBEF,UNRESOLVED_IDENTITY,M0,E0,QUARANTINE_UNTIL_DEFINED,TASK99_MACHINE_TRIAGED_EXPLICIT_QUARANTINE,1,0,0
IMPLICIT-CAF8A1621E9B3C79,UNRESOLVED_IDENTITY,M0,E0,QUARANTINE_UNTIL_DEFINED,TASK99_MACHINE_TRIAGED_EXPLICIT_QUARANTINE,1,0,0
IMPLICIT-CB051D24E61C6C25,UNRESOLVED_IDENTITY,M0,E0,QUARANTINE_UNTIL_DEFINED,TASK99_MACHINE_TRIAGED_EXPLICIT_QUARANTINE,1,0,0
IMPLICIT-CB05AF4A6FE83F26,UNRESOLVED_IDENTITY,M0,E0,QUARANTINE_UNTIL_DEFINED,TASK99_MACHINE_TRIAGED_EXPLICIT_QUARANTINE,1,0,0
IMPLICIT-CB0DAC763D690CB3,ALGORITHM_OR_WORKFLOW,M1,E0,KEEP_AS_ALGORITHM,TASK99_REPOSITORY_EVIDENCE_ADJUDICATED,1,0,0
IMPLICIT-CB12A5ECACD03400,UNRESOLVED_IDENTITY,M0,E0,QUARANTINE_UNTIL_DEFINED,TASK99_MACHINE_TRIAGED_EXPLICIT_QUARANTINE,1,0,0
IMPLICIT-CB26D995639BC503,UNRESOLVED_IDENTITY,M0,E0,QUARANTINE_UNTIL_DEFINED,TASK99_MACHINE_TRIAGED_EXPLICIT_QUARANTINE,1,0,0
IMPLICIT-CB32BC1A74DAAE1F,UNRESOLVED_IDENTITY,M0,E0,QUARANTINE_UNTIL_DEFINED,TASK99_MACHINE_TRIAGED_EXPLICIT_QUARANTINE,1,0,0
IMPLICIT-CB65E5370263EA97,UNRESOLVED_IDENTITY,M0,E0,QUARANTINE_UNTIL_DEFINED,TASK99_MACHINE_TRIAGED_EXPLICIT_QUARANTINE,1,0,0
IMPLICIT-CB6E675F4312EFF2,ALGORITHM_OR_WORKFLOW,M1,E0,KEEP_AS_ALGORITHM,TASK99_REPOSITORY_EVIDENCE_ADJUDICATED,1,0,0
IMPLICIT-CB76C30EAAE2A387,UNRESOLVED_IDENTITY,M0,E0,QUARANTINE_UNTIL_DEFINED,TASK99_MACHINE_TRIAGED_EXPLICIT_QUARANTINE,1,0,0
IMPLICIT-CB770C1D7ECBAD45,UNRESOLVED_IDENTITY,M0,E0,QUARANTINE_UNTIL_DEFINED,TASK99_MACHINE_TRIAGED_EXPLICIT_QUARANTINE,1,0,0
IMPLICIT-CB849C62ED7CA1DC,UNRESOLVED_IDENTITY,M0,E0,QUARANTINE_UNTIL_DEFINED,TASK99_MACHINE_TRIAGED_EXPLICIT_QUARANTINE,1,0,0
IMPLICIT-CBA0B2E38B065F04,UNRESOLVED_IDENTITY,M0,E0,QUARANTINE_UNTIL_DEFINED,TASK99_MACHINE_TRIAGED_EXPLICIT_QUARANTINE,1,0,0
IMPLICIT-CBA0C37A5D67708C,UNRESOLVED_IDENTITY,M0,E0,QUARANTINE_UNTIL_DEFINED,TASK99_MACHINE_TRIAGED_EXPLICIT_QUARANTINE,1,0,0
IMPLICIT-CBA2B49B4223FCA5,UNRESOLVED_IDENTITY,M0,E0,QUARANTINE_UNTIL_DEFINED,TASK99_MACHINE_TRIAGED_EXPLICIT_QUARANTINE,1,0,0
IMPLICIT-CBA3A23E07711917,UNRESOLVED_IDENTITY,M0,E0,QUARANTINE_UNTIL_DEFINED,TASK99_MACHINE_TRIAGED_EXPLICIT_QUARANTINE,1,0,0
IMPLICIT-CBED7FFAE13E3A76,UNRESOLVED_IDENTITY,M0,E0,QUARANTINE_UNTIL_DEFINED,TASK99_MACHINE_TRIAGED_EXPLICIT_QUARANTINE,1,0,0
IMPLICIT-CBF34DB4A5A11348,UNRESOLVED_IDENTITY,M0,E0,QUARANTINE_UNTIL_DEFINED,TASK99_MACHINE_TRIAGED_EXPLICIT_QUARANTINE,1,0,0
IMPLICIT-CBF45AE06E26EC93,UNRESOLVED_IDENTITY,M0,E0,QUARANTINE_UNTIL_DEFINED,TASK99_MACHINE_TRIAGED_EXPLICIT_QUARANTINE,1,0,0
IMPLICIT-CBF82B09461DCA89,ALGORITHM_OR_WORKFLOW,M1,E0,KEEP_AS_ALGORITHM,TASK99_REPOSITORY_EVIDENCE_ADJUDICATED,1,0,0
IMPLICIT-CC02009B05AB603C,UNRESOLVED_IDENTITY,M0,E0,QUARANTINE_UNTIL_DEFINED,TASK99_MACHINE_TRIAGED_EXPLICIT_QUARANTINE,1,0,0
IMPLICIT-CC02AA7F56A6998F,ALGORITHM_OR_WORKFLOW,M1,E0,KEEP_AS_ALGORITHM,TASK99_REPOSITORY_EVIDENCE_ADJUDICATED,1,0,0
IMPLICIT-CC19D41E7C100B27,UNRESOLVED_IDENTITY,M0,E0,QUARANTINE_UNTIL_DEFINED,TASK99_MACHINE_TRIAGED_EXPLICIT_QUARANTINE,1,0,0
IMPLICIT-CC1B45FC7FCBC216,UNRESOLVED_IDENTITY,M0,E0,QUARANTINE_UNTIL_DEFINED,TASK99_MACHINE_TRIAGED_EXPLICIT_QUARANTINE,1,0,0
IMPLICIT-CC312F585CB9671F,UNRESOLVED_IDENTITY,M0,E0,QUARANTINE_UNTIL_DEFINED,TASK99_MACHINE_TRIAGED_EXPLICIT_QUARANTINE,1,0,0
IMPLICIT-CC4FFBAAF9F2773E,UNRESOLVED_IDENTITY,M0,E0,QUARANTINE_UNTIL_DEFINED,TASK99_MACHINE_TRIAGED_EXPLICIT_QUARANTINE,1,0,0
IMPLICIT-CC76978CD5392882,UNRESOLVED_IDENTITY,M0,E0,QUARANTINE_UNTIL_DEFINED,TASK99_MACHINE_TRIAGED_EXPLICIT_QUARANTINE,1,0,0
IMPLICIT-CC78102C86EF9D5A,UNRESOLVED_IDENTITY,M0,E0,QUARANTINE_UNTIL_DEFINED,TASK99_MACHINE_TRIAGED_EXPLICIT_QUARANTINE,1,0,0
IMPLICIT-CC7C5BB4B5F2F59F,UNRESOLVED_IDENTITY,M0,E0,QUARANTINE_UNTIL_DEFINED,TASK99_MACHINE_TRIAGED_EXPLICIT_QUARANTINE,1,0,0
IMPLICIT-CC93B86F03BCD481,UNRESOLVED_IDENTITY,M0,E0,QUARANTINE_UNTIL_DEFINED,TASK99_MACHINE_TRIAGED_EXPLICIT_QUARANTINE,1,0,0
IMPLICIT-CC9CAA45FEE7CA33,UNRESOLVED_IDENTITY,M0,E0,QUARANTINE_UNTIL_DEFINED,TASK99_MACHINE_TRIAGED_EXPLICIT_QUARANTINE,1,0,0
IMPLICIT-CCAAA2EEAF535C2E,UNRESOLVED_IDENTITY,M0,E0,QUARANTINE_UNTIL_DEFINED,TASK99_MACHINE_TRIAGED_EXPLICIT_QUARANTINE,1,0,0
IMPLICIT-CCB349E932DB6D82,UNRESOLVED_IDENTITY,M0,E0,QUARANTINE_UNTIL_DEFINED,TASK99_MACHINE_TRIAGED_EXPLICIT_QUARANTINE,1,0,0
IMPLICIT-CCCFD1E1F73F1E33,UNRESOLVED_IDENTITY,M0,E0,QUARANTINE_UNTIL_DEFINED,TASK99_MACHINE_TRIAGED_EXPLICIT_QUARANTINE,1,0,0
IMPLICIT-CCE6174152FADCC8,UNRESOLVED_IDENTITY,M0,E0,QUARANTINE_UNTIL_DEFINED,TASK99_MACHINE_TRIAGED_EXPLICIT_QUARANTINE,1,0,0
IMPLICIT-CCE89BBA305643A4,ALGORITHM_OR_WORKFLOW,M1,E0,KEEP_AS_ALGORITHM,TASK99_REPOSITORY_EVIDENCE_ADJUDICATED,1,0,0
IMPLICIT-CD06FA0BEEFFDED6,UNRESOLVED_IDENTITY,M0,E0,QUARANTINE_UNTIL_DEFINED,TASK99_MACHINE_TRIAGED_EXPLICIT_QUARANTINE,1,0,0
IMPLICIT-CD0D7AF4432E33F4,UNRESOLVED_IDENTITY,M0,E0,QUARANTINE_UNTIL_DEFINED,TASK99_MACHINE_TRIAGED_EXPLICIT_QUARANTINE,1,0,0
IMPLICIT-CD2582EFD2C1D53C,UNRESOLVED_IDENTITY,M0,E0,QUARANTINE_UNTIL_DEFINED,TASK99_MACHINE_TRIAGED_EXPLICIT_QUARANTINE,1,0,0
IMPLICIT-CD26820270C5FA3F,ALGORITHM_OR_WORKFLOW,M2,E0,KEEP_AS_ALGORITHM,TASK99_REPOSITORY_EVIDENCE_ADJUDICATED,1,0,0
IMPLICIT-CD2A5386E936680A,UNRESOLVED_IDENTITY,M0,E0,QUARANTINE_UNTIL_DEFINED,TASK99_MACHINE_TRIAGED_EXPLICIT_QUARANTINE,1,0,0
IMPLICIT-CD4015AC8B765F08,UNRESOLVED_IDENTITY,M0,E0,QUARANTINE_UNTIL_DEFINED,TASK99_MACHINE_TRIAGED_EXPLICIT_QUARANTINE,1,0,0
IMPLICIT-CD58E122AAA2AC87,UNRESOLVED_IDENTITY,M0,E0,QUARANTINE_UNTIL_DEFINED,TASK99_MACHINE_TRIAGED_EXPLICIT_QUARANTINE,1,0,0
IMPLICIT-CD625DC4E90DBEF6,ALGORITHM_OR_WORKFLOW,M1,E0,KEEP_AS_ALGORITHM,TASK99_REPOSITORY_EVIDENCE_ADJUDICATED,1,0,0
IMPLICIT-CD63F3AE5E3C9A38,ALGORITHM_OR_WORKFLOW,M1,E0,KEEP_AS_ALGORITHM,TASK99_REPOSITORY_EVIDENCE_ADJUDICATED,1,0,0
IMPLICIT-CD7EB8DCD9C77D24,ALGORITHM_OR_WORKFLOW,M1,E0,KEEP_AS_ALGORITHM,TASK99_REPOSITORY_EVIDENCE_ADJUDICATED,1,0,0
IMPLICIT-CD85A648414C0AF6,UNRESOLVED_IDENTITY,M0,E0,QUARANTINE_UNTIL_DEFINED,TASK99_MACHINE_TRIAGED_EXPLICIT_QUARANTINE,1,0,0
IMPLICIT-CD896FC03FB8EDD4,UNRESOLVED_IDENTITY,M0,E0,QUARANTINE_UNTIL_DEFINED,TASK99_MACHINE_TRIAGED_EXPLICIT_QUARANTINE,1,0,0
IMPLICIT-CD8B9F6C55C9DC0D,UNRESOLVED_IDENTITY,M0,E0,QUARANTINE_UNTIL_DEFINED,TASK99_MACHINE_TRIAGED_EXPLICIT_QUARANTINE,1,0,0
IMPLICIT-CD8C59BD7BC626F2,ALGORITHM_OR_WORKFLOW,M2,E0,KEEP_AS_ALGORITHM,TASK99_REPOSITORY_EVIDENCE_ADJUDICATED,1,0,0
IMPLICIT-CDA3817D4458177C,ALGORITHM_OR_WORKFLOW,M1,E0,KEEP_AS_ALGORITHM,TASK99_REPOSITORY_EVIDENCE_ADJUDICATED,1,0,0
IMPLICIT-CDB9E1CE67CC68D8,ALGORITHM_OR_WORKFLOW,M1,E0,KEEP_AS_ALGORITHM,TASK99_REPOSITORY_EVIDENCE_ADJUDICATED,1,0,0
IMPLICIT-CDBFF0DFBC83A843,UNRESOLVED_IDENTITY,M0,E0,QUARANTINE_UNTIL_DEFINED,TASK99_MACHINE_TRIAGED_EXPLICIT_QUARANTINE,1,0,0
IMPLICIT-CDCAEF03A5707291,UNRESOLVED_IDENTITY,M0,E0,QUARANTINE_UNTIL_DEFINED,TASK99_MACHINE_TRIAGED_EXPLICIT_QUARANTINE,1,0,0
IMPLICIT-CDD9CAFB73804210,UNRESOLVED_IDENTITY,M0,E0,QUARANTINE_UNTIL_DEFINED,TASK99_MACHINE_TRIAGED_EXPLICIT_QUARANTINE,1,0,0
IMPLICIT-CDDEBD7886AFBC92,UNRESOLVED_IDENTITY,M0,E0,QUARANTINE_UNTIL_DEFINED,TASK99_MACHINE_TRIAGED_EXPLICIT_QUARANTINE,1,0,0
IMPLICIT-CE07E7908B4193F3,UNRESOLVED_IDENTITY,M0,E0,QUARANTINE_UNTIL_DEFINED,TASK99_MACHINE_TRIAGED_EXPLICIT_QUARANTINE,1,0,0
IMPLICIT-CE0A798C7977B300,UNRESOLVED_IDENTITY,M0,E0,QUARANTINE_UNTIL_DEFINED,TASK99_MACHINE_TRIAGED_EXPLICIT_QUARANTINE,1,0,0
IMPLICIT-CE0BA13DBB28DB07,UNRESOLVED_IDENTITY,M0,E0,QUARANTINE_UNTIL_DEFINED,TASK99_MACHINE_TRIAGED_EXPLICIT_QUARANTINE,1,0,0
IMPLICIT-CE0F4F6B1105E84D,UNRESOLVED_IDENTITY,M0,E0,QUARANTINE_UNTIL_DEFINED,TASK99_MACHINE_TRIAGED_EXPLICIT_QUARANTINE,1,0,0
IMPLICIT-CE217515F2F15DCE,UNRESOLVED_IDENTITY,M0,E0,QUARANTINE_UNTIL_DEFINED,TASK99_MACHINE_TRIAGED_EXPLICIT_QUARANTINE,1,0,0
IMPLICIT-CE314E3B2EA4AF1C,UNRESOLVED_IDENTITY,M0,E0,QUARANTINE_UNTIL_DEFINED,TASK99_MACHINE_TRIAGED_EXPLICIT_QUARANTINE,1,0,0
IMPLICIT-CE3EF52547B95860,ALGORITHM_OR_WORKFLOW,M1,E0,KEEP_AS_ALGORITHM,TASK99_REPOSITORY_EVIDENCE_ADJUDICATED,1,0,0
IMPLICIT-CE476853746AA358,UNRESOLVED_IDENTITY,M0,E0,QUARANTINE_UNTIL_DEFINED,TASK99_MACHINE_TRIAGED_EXPLICIT_QUARANTINE,1,0,0
IMPLICIT-CE939BE90A3DEC1D,UNRESOLVED_IDENTITY,M0,E0,QUARANTINE_UNTIL_DEFINED,TASK99_MACHINE_TRIAGED_EXPLICIT_QUARANTINE,1,0,0
IMPLICIT-CE96FA70666D5518,UNRESOLVED_IDENTITY,M0,E0,QUARANTINE_UNTIL_DEFINED,TASK99_MACHINE_TRIAGED_EXPLICIT_QUARANTINE,1,0,0
IMPLICIT-CEAC9039E0CF56C8,ALGORITHM_OR_WORKFLOW,M1,E0,KEEP_AS_ALGORITHM,TASK99_REPOSITORY_EVIDENCE_ADJUDICATED,1,0,0
IMPLICIT-CEAF398A298573AF,UNRESOLVED_IDENTITY,M0,E0,QUARANTINE_UNTIL_DEFINED,TASK99_MACHINE_TRIAGED_EXPLICIT_QUARANTINE,1,0,0
IMPLICIT-CED650D57C465BC7,UNRESOLVED_IDENTITY,M0,E0,QUARANTINE_UNTIL_DEFINED,TASK99_MACHINE_TRIAGED_EXPLICIT_QUARANTINE,1,0,0
IMPLICIT-CEDEC19AE7163327,UNRESOLVED_IDENTITY,M0,E0,QUARANTINE_UNTIL_DEFINED,TASK99_MACHINE_TRIAGED_EXPLICIT_QUARANTINE,1,0,0
IMPLICIT-CEE01AAC4402E57C,UNRESOLVED_IDENTITY,M0,E0,QUARANTINE_UNTIL_DEFINED,TASK99_MACHINE_TRIAGED_EXPLICIT_QUARANTINE,1,0,0
IMPLICIT-CEE48705D1A21DEE,UNRESOLVED_IDENTITY,M0,E0,QUARANTINE_UNTIL_DEFINED,TASK99_MACHINE_TRIAGED_EXPLICIT_QUARANTINE,1,0,0
IMPLICIT-CEF95BAA3C6638EA,UNRESOLVED_IDENTITY,M0,E0,QUARANTINE_UNTIL_DEFINED,TASK99_MACHINE_TRIAGED_EXPLICIT_QUARANTINE,1,0,0
IMPLICIT-CEF9B90268341C7C,ALGORITHM_OR_WORKFLOW,M2,E0,KEEP_AS_ALGORITHM,TASK99_REPOSITORY_EVIDENCE_ADJUDICATED,1,0,0
IMPLICIT-CF07144B6D689397,UNRESOLVED_IDENTITY,M0,E0,QUARANTINE_UNTIL_DEFINED,TASK99_MACHINE_TRIAGED_EXPLICIT_QUARANTINE,1,0,0
IMPLICIT-CF150DC45A2817D8,UNRESOLVED_IDENTITY,M0,E0,QUARANTINE_UNTIL_DEFINED,TASK99_MACHINE_TRIAGED_EXPLICIT_QUARANTINE,1,0,0
IMPLICIT-CF3146531CD51105,UNRESOLVED_IDENTITY,M0,E0,QUARANTINE_UNTIL_DEFINED,TASK99_MACHINE_TRIAGED_EXPLICIT_QUARANTINE,1,0,0
IMPLICIT-CF3A82A39EF3366A,UNRESOLVED_IDENTITY,M0,E0,QUARANTINE_UNTIL_DEFINED,TASK99_MACHINE_TRIAGED_EXPLICIT_QUARANTINE,1,0,0
IMPLICIT-CF40978A2257DC1F,ALGORITHM_OR_WORKFLOW,M1,E0,KEEP_AS_ALGORITHM,TASK99_REPOSITORY_EVIDENCE_ADJUDICATED,1,0,0
IMPLICIT-CF4170588EFE1EA7,UNRESOLVED_IDENTITY,M0,E0,QUARANTINE_UNTIL_DEFINED,TASK99_MACHINE_TRIAGED_EXPLICIT_QUARANTINE,1,0,0
IMPLICIT-CF49CDE57F92A876,UNRESOLVED_IDENTITY,M0,E0,QUARANTINE_UNTIL_DEFINED,TASK99_MACHINE_TRIAGED_EXPLICIT_QUARANTINE,1,0,0
IMPLICIT-CF54530A680F1CD2,ALGORITHM_OR_WORKFLOW,M1,E0,KEEP_AS_ALGORITHM,TASK99_REPOSITORY_EVIDENCE_ADJUDICATED,1,0,0
IMPLICIT-CF54AFC84848FC90,ALGORITHM_OR_WORKFLOW,M1,E0,KEEP_AS_ALGORITHM,TASK99_REPOSITORY_EVIDENCE_ADJUDICATED,1,0,0
IMPLICIT-CF6FB94DB046D71A,UNRESOLVED_IDENTITY,M0,E0,QUARANTINE_UNTIL_DEFINED,TASK99_MACHINE_TRIAGED_EXPLICIT_QUARANTINE,1,0,0
IMPLICIT-CF8472821DC63360,ALGORITHM_OR_WORKFLOW,M1,E0,KEEP_AS_ALGORITHM,TASK99_REPOSITORY_EVIDENCE_ADJUDICATED,1,0,0
IMPLICIT-CF92B4792C47EE0B,UNRESOLVED_IDENTITY,M0,E0,QUARANTINE_UNTIL_DEFINED,TASK99_MACHINE_TRIAGED_EXPLICIT_QUARANTINE,1,0,0
IMPLICIT-CFA22784BB2062A5,UNRESOLVED_IDENTITY,M0,E0,QUARANTINE_UNTIL_DEFINED,TASK99_MACHINE_TRIAGED_EXPLICIT_QUARANTINE,1,0,0
IMPLICIT-CFA26A2217EAE1A3,ALGORITHM_OR_WORKFLOW,M2,E0,KEEP_AS_ALGORITHM,TASK99_REPOSITORY_EVIDENCE_ADJUDICATED,1,0,0
IMPLICIT-CFC7475EF42ECE1C,UNRESOLVED_IDENTITY,M0,E0,QUARANTINE_UNTIL_DEFINED,TASK99_MACHINE_TRIAGED_EXPLICIT_QUARANTINE,1,0,0
IMPLICIT-CFD8B97D75001424,UNRESOLVED_IDENTITY,M0,E0,QUARANTINE_UNTIL_DEFINED,TASK99_MACHINE_TRIAGED_EXPLICIT_QUARANTINE,1,0,0
IMPLICIT-CFFD6474A8004F4A,UNRESOLVED_IDENTITY,M0,E0,QUARANTINE_UNTIL_DEFINED,TASK99_MACHINE_TRIAGED_EXPLICIT_QUARANTINE,1,0,0
IMPLICIT-D019FDD70A9254BC,UNRESOLVED_IDENTITY,M0,E0,QUARANTINE_UNTIL_DEFINED,TASK99_MACHINE_TRIAGED_EXPLICIT_QUARANTINE,1,0,0
IMPLICIT-D01F2255A5D34986,ALGORITHM_OR_WORKFLOW,M2,E0,KEEP_AS_ALGORITHM,TASK99_REPOSITORY_EVIDENCE_ADJUDICATED,1,0,0
IMPLICIT-D02474D7275010B5,UNRESOLVED_IDENTITY,M0,E0,QUARANTINE_UNTIL_DEFINED,TASK99_MACHINE_TRIAGED_EXPLICIT_QUARANTINE,1,0,0
IMPLICIT-D03775ADD820F104,UNRESOLVED_IDENTITY,M0,E0,QUARANTINE_UNTIL_DEFINED,TASK99_MACHINE_TRIAGED_EXPLICIT_QUARANTINE,1,0,0
IMPLICIT-D03A0ED98F3FC271,UNRESOLVED_IDENTITY,M0,E0,QUARANTINE_UNTIL_DEFINED,TASK99_MACHINE_TRIAGED_EXPLICIT_QUARANTINE,1,0,0
IMPLICIT-D046083C0441F08E,ALGORITHM_OR_WORKFLOW,M1,E0,KEEP_AS_ALGORITHM,TASK99_REPOSITORY_EVIDENCE_ADJUDICATED,1,0,0
IMPLICIT-D048DA76BC4C1CD9,UNRESOLVED_IDENTITY,M0,E0,QUARANTINE_UNTIL_DEFINED,TASK99_MACHINE_TRIAGED_EXPLICIT_QUARANTINE,1,0,0
IMPLICIT-D04A7FAEFD81047D,UNRESOLVED_IDENTITY,M0,E0,QUARANTINE_UNTIL_DEFINED,TASK99_MACHINE_TRIAGED_EXPLICIT_QUARANTINE,1,0,0
IMPLICIT-D04D5105886CC9D7,UNRESOLVED_IDENTITY,M0,E0,QUARANTINE_UNTIL_DEFINED,TASK99_MACHINE_TRIAGED_EXPLICIT_QUARANTINE,1,0,0
IMPLICIT-D050E6C6EB0B56B2,UNRESOLVED_IDENTITY,M0,E0,QUARANTINE_UNTIL_DEFINED,TASK99_MACHINE_TRIAGED_EXPLICIT_QUARANTINE,1,0,0
IMPLICIT-D055DA4F3588F698,UNRESOLVED_IDENTITY,M0,E0,QUARANTINE_UNTIL_DEFINED,TASK99_MACHINE_TRIAGED_EXPLICIT_QUARANTINE,1,0,0
IMPLICIT-D05F7C49AAEE4B65,UNRESOLVED_IDENTITY,M0,E0,QUARANTINE_UNTIL_DEFINED,TASK99_MACHINE_TRIAGED_EXPLICIT_QUARANTINE,1,0,0
IMPLICIT-D064DF41F4DB9AA7,UNRESOLVED_IDENTITY,M0,E0,QUARANTINE_UNTIL_DEFINED,TASK99_MACHINE_TRIAGED_EXPLICIT_QUARANTINE,1,0,0
IMPLICIT-D0681B2EAF44546F,ALGORITHM_OR_WORKFLOW,M2,E0,KEEP_AS_ALGORITHM,TASK99_REPOSITORY_EVIDENCE_ADJUDICATED,1,0,0
IMPLICIT-D070FBD70839BBF0,ALGORITHM_OR_WORKFLOW,M1,E0,KEEP_AS_ALGORITHM,TASK99_REPOSITORY_EVIDENCE_ADJUDICATED,1,0,0
IMPLICIT-D0796E06207BABE2,UNRESOLVED_IDENTITY,M0,E0,QUARANTINE_UNTIL_DEFINED,TASK99_MACHINE_TRIAGED_EXPLICIT_QUARANTINE,1,0,0
IMPLICIT-D07C092402911F53,UNRESOLVED_IDENTITY,M0,E0,QUARANTINE_UNTIL_DEFINED,TASK99_MACHINE_TRIAGED_EXPLICIT_QUARANTINE,1,0,0
IMPLICIT-D07DBB9C511E675B,UNRESOLVED_IDENTITY,M0,E0,QUARANTINE_UNTIL_DEFINED,TASK99_MACHINE_TRIAGED_EXPLICIT_QUARANTINE,1,0,0
IMPLICIT-D08C6DDA1B0EF7A9,UNRESOLVED_IDENTITY,M0,E0,QUARANTINE_UNTIL_DEFINED,TASK99_MACHINE_TRIAGED_EXPLICIT_QUARANTINE,1,0,0
IMPLICIT-D09A568210AA7574,UNRESOLVED_IDENTITY,M0,E0,QUARANTINE_UNTIL_DEFINED,TASK99_MACHINE_TRIAGED_EXPLICIT_QUARANTINE,1,0,0
IMPLICIT-D0A273BAC03EFDDC,UNRESOLVED_IDENTITY,M0,E0,QUARANTINE_UNTIL_DEFINED,TASK99_MACHINE_TRIAGED_EXPLICIT_QUARANTINE,1,0,0
IMPLICIT-D0A92873D91E7CF4,ALGORITHM_OR_WORKFLOW,M1,E0,KEEP_AS_ALGORITHM,TASK99_REPOSITORY_EVIDENCE_ADJUDICATED,1,0,0
IMPLICIT-D0AED3E105E461C7,UNRESOLVED_IDENTITY,M0,E0,QUARANTINE_UNTIL_DEFINED,TASK99_MACHINE_TRIAGED_EXPLICIT_QUARANTINE,1,0,0
IMPLICIT-D0BE2DCD374A0018,UNRESOLVED_IDENTITY,M0,E0,QUARANTINE_UNTIL_DEFINED,TASK99_MACHINE_TRIAGED_EXPLICIT_QUARANTINE,1,0,0
IMPLICIT-D0C2424D0F03E300,UNRESOLVED_IDENTITY,M0,E0,QUARANTINE_UNTIL_DEFINED,TASK99_MACHINE_TRIAGED_EXPLICIT_QUARANTINE,1,0,0
IMPLICIT-D0CAC3B341DAC29D,UNRESOLVED_IDENTITY,M0,E0,QUARANTINE_UNTIL_DEFINED,TASK99_MACHINE_TRIAGED_EXPLICIT_QUARANTINE,1,0,0
IMPLICIT-D0D88E1B6B996E98,UNRESOLVED_IDENTITY,M0,E0,QUARANTINE_UNTIL_DEFINED,TASK99_MACHINE_TRIAGED_EXPLICIT_QUARANTINE,1,0,0
IMPLICIT-D0E17E21C31866BC,ALGORITHM_OR_WORKFLOW,M2,E0,KEEP_AS_ALGORITHM,TASK99_REPOSITORY_EVIDENCE_ADJUDICATED,1,0,0
IMPLICIT-D11CC8916FBEC074,ALGORITHM_OR_WORKFLOW,M1,E0,KEEP_AS_ALGORITHM,TASK99_REPOSITORY_EVIDENCE_ADJUDICATED,1,0,0
IMPLICIT-D1348D6336EC1F22,UNRESOLVED_IDENTITY,M0,E0,QUARANTINE_UNTIL_DEFINED,TASK99_MACHINE_TRIAGED_EXPLICIT_QUARANTINE,1,0,0
IMPLICIT-D138E7B4BA0CDE90,UNRESOLVED_IDENTITY,M0,E0,QUARANTINE_UNTIL_DEFINED,TASK99_MACHINE_TRIAGED_EXPLICIT_QUARANTINE,1,0,0
IMPLICIT-D14D07FAECD9F0D7,ALGORITHM_OR_WORKFLOW,M1,E0,KEEP_AS_ALGORITHM,TASK99_REPOSITORY_EVIDENCE_ADJUDICATED,1,0,0
IMPLICIT-D14E2F914930DDFE,UNRESOLVED_IDENTITY,M0,E0,QUARANTINE_UNTIL_DEFINED,TASK99_MACHINE_TRIAGED_EXPLICIT_QUARANTINE,1,0,0
IMPLICIT-D16C178DB7A297F7,UNRESOLVED_IDENTITY,M0,E0,QUARANTINE_UNTIL_DEFINED,TASK99_MACHINE_TRIAGED_EXPLICIT_QUARANTINE,1,0,0
IMPLICIT-D17068165A267E32,UNRESOLVED_IDENTITY,M0,E0,QUARANTINE_UNTIL_DEFINED,TASK99_MACHINE_TRIAGED_EXPLICIT_QUARANTINE,1,0,0
IMPLICIT-D1977DBB7E8D8DEC,ALGORITHM_OR_WORKFLOW,M1,E0,KEEP_AS_ALGORITHM,TASK99_REPOSITORY_EVIDENCE_ADJUDICATED,1,0,0
IMPLICIT-D19CE0F5CAA1B71A,ALGORITHM_OR_WORKFLOW,M1,E0,KEEP_AS_ALGORITHM,TASK99_REPOSITORY_EVIDENCE_ADJUDICATED,1,0,0
IMPLICIT-D19FB18A6BF564CF,UNRESOLVED_IDENTITY,M0,E0,QUARANTINE_UNTIL_DEFINED,TASK99_MACHINE_TRIAGED_EXPLICIT_QUARANTINE,1,0,0
IMPLICIT-D1C0B1AB4A32100A,UNRESOLVED_IDENTITY,M0,E0,QUARANTINE_UNTIL_DEFINED,TASK99_MACHINE_TRIAGED_EXPLICIT_QUARANTINE,1,0,0
IMPLICIT-D1D56610AE103F63,UNRESOLVED_IDENTITY,M0,E0,QUARANTINE_UNTIL_DEFINED,TASK99_MACHINE_TRIAGED_EXPLICIT_QUARANTINE,1,0,0
IMPLICIT-D20E5358AF07A597,UNRESOLVED_IDENTITY,M0,E0,QUARANTINE_UNTIL_DEFINED,TASK99_MACHINE_TRIAGED_EXPLICIT_QUARANTINE,1,0,0
IMPLICIT-D21047BF5B4FFDED,UNRESOLVED_IDENTITY,M0,E0,QUARANTINE_UNTIL_DEFINED,TASK99_MACHINE_TRIAGED_EXPLICIT_QUARANTINE,1,0,0
IMPLICIT-D2201F04703B2278,UNRESOLVED_IDENTITY,M0,E0,QUARANTINE_UNTIL_DEFINED,TASK99_MACHINE_TRIAGED_EXPLICIT_QUARANTINE,1,0,0
IMPLICIT-D23160D088C9CBE2,UNRESOLVED_IDENTITY,M0,E0,QUARANTINE_UNTIL_DEFINED,TASK99_MACHINE_TRIAGED_EXPLICIT_QUARANTINE,1,0,0
IMPLICIT-D241E31E6C0A1B01,UNRESOLVED_IDENTITY,M0,E0,QUARANTINE_UNTIL_DEFINED,TASK99_MACHINE_TRIAGED_EXPLICIT_QUARANTINE,1,0,0
IMPLICIT-D25165E754C10D4E,UNRESOLVED_IDENTITY,M0,E0,QUARANTINE_UNTIL_DEFINED,TASK99_MACHINE_TRIAGED_EXPLICIT_QUARANTINE,1,0,0
IMPLICIT-D26AC41280F9B46F,ALGORITHM_OR_WORKFLOW,M1,E0,KEEP_AS_ALGORITHM,TASK99_REPOSITORY_EVIDENCE_ADJUDICATED,1,0,0
IMPLICIT-D27D157B295D5B22,UNRESOLVED_IDENTITY,M0,E0,QUARANTINE_UNTIL_DEFINED,TASK99_MACHINE_TRIAGED_EXPLICIT_QUARANTINE,1,0,0
IMPLICIT-D27E58C7F855DCEA,UNRESOLVED_IDENTITY,M0,E0,QUARANTINE_UNTIL_DEFINED,TASK99_MACHINE_TRIAGED_EXPLICIT_QUARANTINE,1,0,0
IMPLICIT-D283C2CF1174B967,UNRESOLVED_IDENTITY,M0,E0,QUARANTINE_UNTIL_DEFINED,TASK99_MACHINE_TRIAGED_EXPLICIT_QUARANTINE,1,0,0
IMPLICIT-D29F4427B4ADDD55,ALGORITHM_OR_WORKFLOW,M1,E0,KEEP_AS_ALGORITHM,TASK99_REPOSITORY_EVIDENCE_ADJUDICATED,1,0,0
IMPLICIT-D2A5130917774F59,UNRESOLVED_IDENTITY,M0,E0,QUARANTINE_UNTIL_DEFINED,TASK99_MACHINE_TRIAGED_EXPLICIT_QUARANTINE,1,0,0
IMPLICIT-D2A59A29495EF4BC,ALGORITHM_OR_WORKFLOW,M1,E0,KEEP_AS_ALGORITHM,TASK99_REPOSITORY_EVIDENCE_ADJUDICATED,1,0,0
IMPLICIT-D2D7B8110B9D6D99,UNRESOLVED_IDENTITY,M0,E0,QUARANTINE_UNTIL_DEFINED,TASK99_MACHINE_TRIAGED_EXPLICIT_QUARANTINE,1,0,0
IMPLICIT-D2E38A9BD7241C9E,ALGORITHM_OR_WORKFLOW,M1,E0,KEEP_AS_ALGORITHM,TASK99_REPOSITORY_EVIDENCE_ADJUDICATED,1,0,0
IMPLICIT-D2E4731195F0AF63,ALGORITHM_OR_WORKFLOW,M1,E0,KEEP_AS_ALGORITHM,TASK99_REPOSITORY_EVIDENCE_ADJUDICATED,1,0,0
IMPLICIT-D2E943F7C8148C2E,UNRESOLVED_IDENTITY,M0,E0,QUARANTINE_UNTIL_DEFINED,TASK99_MACHINE_TRIAGED_EXPLICIT_QUARANTINE,1,0,0
IMPLICIT-D2EDDC6CEBC7F33E,UNRESOLVED_IDENTITY,M0,E0,QUARANTINE_UNTIL_DEFINED,TASK99_MACHINE_TRIAGED_EXPLICIT_QUARANTINE,1,0,0
IMPLICIT-D2F446133AFDEA63,ALGORITHM_OR_WORKFLOW,M1,E0,KEEP_AS_ALGORITHM,TASK99_REPOSITORY_EVIDENCE_ADJUDICATED,1,0,0
IMPLICIT-D30438238B5C8D5D,ALGORITHM_OR_WORKFLOW,M1,E0,KEEP_AS_ALGORITHM,TASK99_REPOSITORY_EVIDENCE_ADJUDICATED,1,0,0
IMPLICIT-D32BEC536D0F5778,UNRESOLVED_IDENTITY,M0,E0,QUARANTINE_UNTIL_DEFINED,TASK99_MACHINE_TRIAGED_EXPLICIT_QUARANTINE,1,0,0
IMPLICIT-D333BEF569F42B6F,UNRESOLVED_IDENTITY,M0,E0,QUARANTINE_UNTIL_DEFINED,TASK99_MACHINE_TRIAGED_EXPLICIT_QUARANTINE,1,0,0
IMPLICIT-D33B4A933DE9C35D,ALGORITHM_OR_WORKFLOW,M2,E0,KEEP_AS_ALGORITHM,TASK99_REPOSITORY_EVIDENCE_ADJUDICATED,1,0,0
IMPLICIT-D35C3EBDC942E85B,UNRESOLVED_IDENTITY,M0,E0,QUARANTINE_UNTIL_DEFINED,TASK99_MACHINE_TRIAGED_EXPLICIT_QUARANTINE,1,0,0
IMPLICIT-D35DE287152F4BD1,ALGORITHM_OR_WORKFLOW,M1,E0,KEEP_AS_ALGORITHM,TASK99_REPOSITORY_EVIDENCE_ADJUDICATED,1,0,0
IMPLICIT-D368717379D35D7C,ALGORITHM_OR_WORKFLOW,M2,E0,KEEP_AS_ALGORITHM,TASK99_REPOSITORY_EVIDENCE_ADJUDICATED,1,0,0
IMPLICIT-D380926E03568CE7,UNRESOLVED_IDENTITY,M0,E0,QUARANTINE_UNTIL_DEFINED,TASK99_MACHINE_TRIAGED_EXPLICIT_QUARANTINE,1,0,0
IMPLICIT-D3893E4EA0522493,ALGORITHM_OR_WORKFLOW,M2,E0,KEEP_AS_ALGORITHM,TASK99_REPOSITORY_EVIDENCE_ADJUDICATED,1,0,0
IMPLICIT-D3CAA397D7D23FBB,UNRESOLVED_IDENTITY,M0,E0,QUARANTINE_UNTIL_DEFINED,TASK99_MACHINE_TRIAGED_EXPLICIT_QUARANTINE,1,0,0
IMPLICIT-D3CC0B303B40577E,UNRESOLVED_IDENTITY,M0,E0,QUARANTINE_UNTIL_DEFINED,TASK99_MACHINE_TRIAGED_EXPLICIT_QUARANTINE,1,0,0
IMPLICIT-D3CF809EA275FC5A,UNRESOLVED_IDENTITY,M0,E0,QUARANTINE_UNTIL_DEFINED,TASK99_MACHINE_TRIAGED_EXPLICIT_QUARANTINE,1,0,0
IMPLICIT-D3DF479A75624C0D,UNRESOLVED_IDENTITY,M0,E0,QUARANTINE_UNTIL_DEFINED,TASK99_MACHINE_TRIAGED_EXPLICIT_QUARANTINE,1,0,0
IMPLICIT-D3E67DE964166C25,UNRESOLVED_IDENTITY,M0,E0,QUARANTINE_UNTIL_DEFINED,TASK99_MACHINE_TRIAGED_EXPLICIT_QUARANTINE,1,0,0
IMPLICIT-D40F570C7BD8DACB,UNRESOLVED_IDENTITY,M0,E0,QUARANTINE_UNTIL_DEFINED,TASK99_MACHINE_TRIAGED_EXPLICIT_QUARANTINE,1,0,0
IMPLICIT-D4210780904DDC66,ALGORITHM_OR_WORKFLOW,M2,E0,KEEP_AS_ALGORITHM,TASK99_REPOSITORY_EVIDENCE_ADJUDICATED,1,0,0
IMPLICIT-D432C60FBC944DFA,UNRESOLVED_IDENTITY,M0,E0,QUARANTINE_UNTIL_DEFINED,TASK99_MACHINE_TRIAGED_EXPLICIT_QUARANTINE,1,0,0
IMPLICIT-D433AA9B9100F809,UNRESOLVED_IDENTITY,M0,E0,QUARANTINE_UNTIL_DEFINED,TASK99_MACHINE_TRIAGED_EXPLICIT_QUARANTINE,1,0,0
IMPLICIT-D4380F7AC4FE40DA,UNRESOLVED_IDENTITY,M0,E0,QUARANTINE_UNTIL_DEFINED,TASK99_MACHINE_TRIAGED_EXPLICIT_QUARANTINE,1,0,0
IMPLICIT-D43BACB6D5E6CD15,UNRESOLVED_IDENTITY,M0,E0,QUARANTINE_UNTIL_DEFINED,TASK99_MACHINE_TRIAGED_EXPLICIT_QUARANTINE,1,0,0
IMPLICIT-D46EE4C7E7E779DD,UNRESOLVED_IDENTITY,M0,E0,QUARANTINE_UNTIL_DEFINED,TASK99_MACHINE_TRIAGED_EXPLICIT_QUARANTINE,1,0,0
IMPLICIT-D481DD3C5A69001A,UNRESOLVED_IDENTITY,M0,E0,QUARANTINE_UNTIL_DEFINED,TASK99_MACHINE_TRIAGED_EXPLICIT_QUARANTINE,1,0,0
IMPLICIT-D48B5894CD028F48,ALGORITHM_OR_WORKFLOW,M1,E0,KEEP_AS_ALGORITHM,TASK99_REPOSITORY_EVIDENCE_ADJUDICATED,1,0,0
IMPLICIT-D493412752F3ED29,UNRESOLVED_IDENTITY,M0,E0,QUARANTINE_UNTIL_DEFINED,TASK99_MACHINE_TRIAGED_EXPLICIT_QUARANTINE,1,0,0
IMPLICIT-D494D2E8664A8785,UNRESOLVED_IDENTITY,M0,E0,QUARANTINE_UNTIL_DEFINED,TASK99_MACHINE_TRIAGED_EXPLICIT_QUARANTINE,1,0,0
IMPLICIT-D4AF49C25F68D531,UNRESOLVED_IDENTITY,M0,E0,QUARANTINE_UNTIL_DEFINED,TASK99_MACHINE_TRIAGED_EXPLICIT_QUARANTINE,1,0,0
IMPLICIT-D4BBBBEA47F7EAD1,UNRESOLVED_IDENTITY,M0,E0,QUARANTINE_UNTIL_DEFINED,TASK99_MACHINE_TRIAGED_EXPLICIT_QUARANTINE,1,0,0
IMPLICIT-D4C0ED184EF433F3,UNRESOLVED_IDENTITY,M0,E0,QUARANTINE_UNTIL_DEFINED,TASK99_MACHINE_TRIAGED_EXPLICIT_QUARANTINE,1,0,0
IMPLICIT-D4C7DF36AB84DB0C,UNRESOLVED_IDENTITY,M0,E0,QUARANTINE_UNTIL_DEFINED,TASK99_MACHINE_TRIAGED_EXPLICIT_QUARANTINE,1,0,0
IMPLICIT-D4D024CC9666A15A,UNRESOLVED_IDENTITY,M0,E0,QUARANTINE_UNTIL_DEFINED,TASK99_MACHINE_TRIAGED_EXPLICIT_QUARANTINE,1,0,0
IMPLICIT-D4DB8572D734D12C,UNRESOLVED_IDENTITY,M0,E0,QUARANTINE_UNTIL_DEFINED,TASK99_MACHINE_TRIAGED_EXPLICIT_QUARANTINE,1,0,0
IMPLICIT-D502DA2E6D6991FA,UNRESOLVED_IDENTITY,M0,E0,QUARANTINE_UNTIL_DEFINED,TASK99_MACHINE_TRIAGED_EXPLICIT_QUARANTINE,1,0,0
IMPLICIT-D508F6B03ACB0C74,UNRESOLVED_IDENTITY,M0,E0,QUARANTINE_UNTIL_DEFINED,TASK99_MACHINE_TRIAGED_EXPLICIT_QUARANTINE,1,0,0
IMPLICIT-D50D3D1CE7943134,UNRESOLVED_IDENTITY,M0,E0,QUARANTINE_UNTIL_DEFINED,TASK99_MACHINE_TRIAGED_EXPLICIT_QUARANTINE,1,0,0
IMPLICIT-D523C4957D2DEBD8,UNRESOLVED_IDENTITY,M0,E0,QUARANTINE_UNTIL_DEFINED,TASK99_MACHINE_TRIAGED_EXPLICIT_QUARANTINE,1,0,0
IMPLICIT-D5359C96305EE879,UNRESOLVED_IDENTITY,M0,E0,QUARANTINE_UNTIL_DEFINED,TASK99_MACHINE_TRIAGED_EXPLICIT_QUARANTINE,1,0,0
IMPLICIT-D53FC1D5B3DCA1E8,UNRESOLVED_IDENTITY,M0,E0,QUARANTINE_UNTIL_DEFINED,TASK99_MACHINE_TRIAGED_EXPLICIT_QUARANTINE,1,0,0
IMPLICIT-D546DC20B0D7CEA4,UNRESOLVED_IDENTITY,M0,E0,QUARANTINE_UNTIL_DEFINED,TASK99_MACHINE_TRIAGED_EXPLICIT_QUARANTINE,1,0,0
IMPLICIT-D54742EBE10A06E2,UNRESOLVED_IDENTITY,M0,E0,QUARANTINE_UNTIL_DEFINED,TASK99_MACHINE_TRIAGED_EXPLICIT_QUARANTINE,1,0,0
IMPLICIT-D54D157D3AB7D36A,UNRESOLVED_IDENTITY,M0,E0,QUARANTINE_UNTIL_DEFINED,TASK99_MACHINE_TRIAGED_EXPLICIT_QUARANTINE,1,0,0
IMPLICIT-D55A9D890F5F9E98,UNRESOLVED_IDENTITY,M0,E0,QUARANTINE_UNTIL_DEFINED,TASK99_MACHINE_TRIAGED_EXPLICIT_QUARANTINE,1,0,0
IMPLICIT-D57DCB261F91C90B,UNRESOLVED_IDENTITY,M0,E0,QUARANTINE_UNTIL_DEFINED,TASK99_MACHINE_TRIAGED_EXPLICIT_QUARANTINE,1,0,0
IMPLICIT-D58820064B0D813D,UNRESOLVED_IDENTITY,M0,E0,QUARANTINE_UNTIL_DEFINED,TASK99_MACHINE_TRIAGED_EXPLICIT_QUARANTINE,1,0,0
IMPLICIT-D59161B35E8B89B2,UNRESOLVED_IDENTITY,M0,E0,QUARANTINE_UNTIL_DEFINED,TASK99_MACHINE_TRIAGED_EXPLICIT_QUARANTINE,1,0,0
IMPLICIT-D595D445553A0718,UNRESOLVED_IDENTITY,M0,E0,QUARANTINE_UNTIL_DEFINED,TASK99_MACHINE_TRIAGED_EXPLICIT_QUARANTINE,1,0,0
IMPLICIT-D5A2DD309E61E3A1,UNRESOLVED_IDENTITY,M0,E0,QUARANTINE_UNTIL_DEFINED,TASK99_MACHINE_TRIAGED_EXPLICIT_QUARANTINE,1,0,0
IMPLICIT-D5B045FBC562EBB8,UNRESOLVED_IDENTITY,M0,E0,QUARANTINE_UNTIL_DEFINED,TASK99_MACHINE_TRIAGED_EXPLICIT_QUARANTINE,1,0,0
IMPLICIT-D5BF18563A12DCF7,UNRESOLVED_IDENTITY,M0,E0,QUARANTINE_UNTIL_DEFINED,TASK99_MACHINE_TRIAGED_EXPLICIT_QUARANTINE,1,0,0
IMPLICIT-D5EFB5C8F44D5A9F,UNRESOLVED_IDENTITY,M0,E0,QUARANTINE_UNTIL_DEFINED,TASK99_MACHINE_TRIAGED_EXPLICIT_QUARANTINE,1,0,0
IMPLICIT-D5F8F8E9F1EAFDF7,ALGORITHM_OR_WORKFLOW,M1,E0,KEEP_AS_ALGORITHM,TASK99_REPOSITORY_EVIDENCE_ADJUDICATED,1,0,0
IMPLICIT-D60655E23941F641,UNRESOLVED_IDENTITY,M0,E0,QUARANTINE_UNTIL_DEFINED,TASK99_MACHINE_TRIAGED_EXPLICIT_QUARANTINE,1,0,0
IMPLICIT-D6166C4D37FECDA3,ALGORITHM_OR_WORKFLOW,M1,E0,KEEP_AS_ALGORITHM,TASK99_REPOSITORY_EVIDENCE_ADJUDICATED,1,0,0
IMPLICIT-D62EDD84479E2746,UNRESOLVED_IDENTITY,M0,E0,QUARANTINE_UNTIL_DEFINED,TASK99_MACHINE_TRIAGED_EXPLICIT_QUARANTINE,1,0,0
IMPLICIT-D62F654A7CAEEC12,UNRESOLVED_IDENTITY,M0,E0,QUARANTINE_UNTIL_DEFINED,TASK99_MACHINE_TRIAGED_EXPLICIT_QUARANTINE,1,0,0
IMPLICIT-D634A679B1CE58AF,ALGORITHM_OR_WORKFLOW,M1,E0,KEEP_AS_ALGORITHM,TASK99_REPOSITORY_EVIDENCE_ADJUDICATED,1,0,0
IMPLICIT-D635B1F2D8A54715,UNRESOLVED_IDENTITY,M0,E0,QUARANTINE_UNTIL_DEFINED,TASK99_MACHINE_TRIAGED_EXPLICIT_QUARANTINE,1,0,0
IMPLICIT-D63F4F40F546EC49,UNRESOLVED_IDENTITY,M0,E0,QUARANTINE_UNTIL_DEFINED,TASK99_MACHINE_TRIAGED_EXPLICIT_QUARANTINE,1,0,0
IMPLICIT-D642468C40EA5FCF,UNRESOLVED_IDENTITY,M0,E0,QUARANTINE_UNTIL_DEFINED,TASK99_MACHINE_TRIAGED_EXPLICIT_QUARANTINE,1,0,0
IMPLICIT-D6438140A3196AA4,ALGORITHM_OR_WORKFLOW,M1,E0,KEEP_AS_ALGORITHM,TASK99_REPOSITORY_EVIDENCE_ADJUDICATED,1,0,0
IMPLICIT-D64E5570E02327E6,UNRESOLVED_IDENTITY,M0,E0,QUARANTINE_UNTIL_DEFINED,TASK99_MACHINE_TRIAGED_EXPLICIT_QUARANTINE,1,0,0
IMPLICIT-D64E973E4A6A9C36,UNRESOLVED_IDENTITY,M0,E0,QUARANTINE_UNTIL_DEFINED,TASK99_MACHINE_TRIAGED_EXPLICIT_QUARANTINE,1,0,0
IMPLICIT-D6663FBCF1E28240,UNRESOLVED_IDENTITY,M0,E0,QUARANTINE_UNTIL_DEFINED,TASK99_MACHINE_TRIAGED_EXPLICIT_QUARANTINE,1,0,0
IMPLICIT-D668B79C3077305C,UNRESOLVED_IDENTITY,M0,E0,QUARANTINE_UNTIL_DEFINED,TASK99_MACHINE_TRIAGED_EXPLICIT_QUARANTINE,1,0,0
IMPLICIT-D670398EF833CB79,UNRESOLVED_IDENTITY,M0,E0,QUARANTINE_UNTIL_DEFINED,TASK99_MACHINE_TRIAGED_EXPLICIT_QUARANTINE,1,0,0
IMPLICIT-D67E38A748A9C7A3,UNRESOLVED_IDENTITY,M0,E0,QUARANTINE_UNTIL_DEFINED,TASK99_MACHINE_TRIAGED_EXPLICIT_QUARANTINE,1,0,0
IMPLICIT-D69CF3296EFF05D4,UNRESOLVED_IDENTITY,M0,E0,QUARANTINE_UNTIL_DEFINED,TASK99_MACHINE_TRIAGED_EXPLICIT_QUARANTINE,1,0,0
IMPLICIT-D6A0A06072E61326,ALGORITHM_OR_WORKFLOW,M1,E0,KEEP_AS_ALGORITHM,TASK99_REPOSITORY_EVIDENCE_ADJUDICATED,1,0,0
IMPLICIT-D6AD7B6B099920E6,ALGORITHM_OR_WORKFLOW,M1,E0,KEEP_AS_ALGORITHM,TASK99_REPOSITORY_EVIDENCE_ADJUDICATED,1,0,0
IMPLICIT-D6AE0678882BDFC1,UNRESOLVED_IDENTITY,M0,E0,QUARANTINE_UNTIL_DEFINED,TASK99_MACHINE_TRIAGED_EXPLICIT_QUARANTINE,1,0,0
IMPLICIT-D6C10B9425944C18,UNRESOLVED_IDENTITY,M0,E0,QUARANTINE_UNTIL_DEFINED,TASK99_MACHINE_TRIAGED_EXPLICIT_QUARANTINE,1,0,0
IMPLICIT-D6C4F561F7E946E7,ALGORITHM_OR_WORKFLOW,M1,E0,KEEP_AS_ALGORITHM,TASK99_REPOSITORY_EVIDENCE_ADJUDICATED,1,0,0
IMPLICIT-D6C8B35BEFFFEC7C,ALGORITHM_OR_WORKFLOW,M2,E0,KEEP_AS_ALGORITHM,TASK99_REPOSITORY_EVIDENCE_ADJUDICATED,1,0,0
IMPLICIT-D6D95A068E426D9C,UNRESOLVED_IDENTITY,M0,E0,QUARANTINE_UNTIL_DEFINED,TASK99_MACHINE_TRIAGED_EXPLICIT_QUARANTINE,1,0,0
IMPLICIT-D6DABC0E05D10726,UNRESOLVED_IDENTITY,M0,E0,QUARANTINE_UNTIL_DEFINED,TASK99_MACHINE_TRIAGED_EXPLICIT_QUARANTINE,1,0,0
IMPLICIT-D6E548C5E568A973,ALGORITHM_OR_WORKFLOW,M1,E0,KEEP_AS_ALGORITHM,TASK99_REPOSITORY_EVIDENCE_ADJUDICATED,1,0,0
IMPLICIT-D6ECB6636C8BD92A,UNRESOLVED_IDENTITY,M0,E0,QUARANTINE_UNTIL_DEFINED,TASK99_MACHINE_TRIAGED_EXPLICIT_QUARANTINE,1,0,0
IMPLICIT-D6F925720EA46C34,UNRESOLVED_IDENTITY,M0,E0,QUARANTINE_UNTIL_DEFINED,TASK99_MACHINE_TRIAGED_EXPLICIT_QUARANTINE,1,0,0
IMPLICIT-D706BA9F4CC7FFC1,ALGORITHM_OR_WORKFLOW,M2,E0,KEEP_AS_ALGORITHM,TASK99_REPOSITORY_EVIDENCE_ADJUDICATED,1,0,0
IMPLICIT-D75984A385D340D7,UNRESOLVED_IDENTITY,M0,E0,QUARANTINE_UNTIL_DEFINED,TASK99_MACHINE_TRIAGED_EXPLICIT_QUARANTINE,1,0,0
IMPLICIT-D77A69F426897D66,UNRESOLVED_IDENTITY,M0,E0,QUARANTINE_UNTIL_DEFINED,TASK99_MACHINE_TRIAGED_EXPLICIT_QUARANTINE,1,0,0
IMPLICIT-D78FD7F11748A2FB,UNRESOLVED_IDENTITY,M0,E0,QUARANTINE_UNTIL_DEFINED,TASK99_MACHINE_TRIAGED_EXPLICIT_QUARANTINE,1,0,0
IMPLICIT-D7A1BDD05BE368C8,ALGORITHM_OR_WORKFLOW,M1,E0,KEEP_AS_ALGORITHM,TASK99_REPOSITORY_EVIDENCE_ADJUDICATED,1,0,0
IMPLICIT-D7A7770FB1BFEDAD,UNRESOLVED_IDENTITY,M0,E0,QUARANTINE_UNTIL_DEFINED,TASK99_MACHINE_TRIAGED_EXPLICIT_QUARANTINE,1,0,0
IMPLICIT-D7BD4B4D74A18AC9,UNRESOLVED_IDENTITY,M0,E0,QUARANTINE_UNTIL_DEFINED,TASK99_MACHINE_TRIAGED_EXPLICIT_QUARANTINE,1,0,0
IMPLICIT-D7C5970DDC037C0A,UNRESOLVED_IDENTITY,M0,E0,QUARANTINE_UNTIL_DEFINED,TASK99_MACHINE_TRIAGED_EXPLICIT_QUARANTINE,1,0,0
IMPLICIT-D7DD1692AB187287,UNRESOLVED_IDENTITY,M0,E0,QUARANTINE_UNTIL_DEFINED,TASK99_MACHINE_TRIAGED_EXPLICIT_QUARANTINE,1,0,0
IMPLICIT-D7F0C99C98B84279,UNRESOLVED_IDENTITY,M0,E0,QUARANTINE_UNTIL_DEFINED,TASK99_MACHINE_TRIAGED_EXPLICIT_QUARANTINE,1,0,0
IMPLICIT-D7F43A7EF5D95FB2,UNRESOLVED_IDENTITY,M0,E0,QUARANTINE_UNTIL_DEFINED,TASK99_MACHINE_TRIAGED_EXPLICIT_QUARANTINE,1,0,0
IMPLICIT-D7FD590FEFB7690C,UNRESOLVED_IDENTITY,M0,E0,QUARANTINE_UNTIL_DEFINED,TASK99_MACHINE_TRIAGED_EXPLICIT_QUARANTINE,1,0,0
IMPLICIT-D81A141F0BDA0BD9,UNRESOLVED_IDENTITY,M0,E0,QUARANTINE_UNTIL_DEFINED,TASK99_MACHINE_TRIAGED_EXPLICIT_QUARANTINE,1,0,0
IMPLICIT-D822B09028EA9104,UNRESOLVED_IDENTITY,M0,E0,QUARANTINE_UNTIL_DEFINED,TASK99_MACHINE_TRIAGED_EXPLICIT_QUARANTINE,1,0,0
IMPLICIT-D82F66BB3272C400,UNRESOLVED_IDENTITY,M0,E0,QUARANTINE_UNTIL_DEFINED,TASK99_MACHINE_TRIAGED_EXPLICIT_QUARANTINE,1,0,0
IMPLICIT-D83871667CA7FB7D,ALGORITHM_OR_WORKFLOW,M1,E0,KEEP_AS_ALGORITHM,TASK99_REPOSITORY_EVIDENCE_ADJUDICATED,1,0,0
IMPLICIT-D84D0A8231BB78F7,UNRESOLVED_IDENTITY,M0,E0,QUARANTINE_UNTIL_DEFINED,TASK99_MACHINE_TRIAGED_EXPLICIT_QUARANTINE,1,0,0
IMPLICIT-D85C11F5366FB251,ALGORITHM_OR_WORKFLOW,M1,E0,KEEP_AS_ALGORITHM,TASK99_REPOSITORY_EVIDENCE_ADJUDICATED,1,0,0
IMPLICIT-D8656A2BAE9C2D5B,UNRESOLVED_IDENTITY,M0,E0,QUARANTINE_UNTIL_DEFINED,TASK99_MACHINE_TRIAGED_EXPLICIT_QUARANTINE,1,0,0
IMPLICIT-D866534FD9EB7C11,UNRESOLVED_IDENTITY,M0,E0,QUARANTINE_UNTIL_DEFINED,TASK99_MACHINE_TRIAGED_EXPLICIT_QUARANTINE,1,0,0
IMPLICIT-D87144845F4F68E3,UNRESOLVED_IDENTITY,M0,E0,QUARANTINE_UNTIL_DEFINED,TASK99_MACHINE_TRIAGED_EXPLICIT_QUARANTINE,1,0,0
IMPLICIT-D87150BB535CD239,UNRESOLVED_IDENTITY,M0,E0,QUARANTINE_UNTIL_DEFINED,TASK99_MACHINE_TRIAGED_EXPLICIT_QUARANTINE,1,0,0
IMPLICIT-D87A8BAD3175E350,UNRESOLVED_IDENTITY,M0,E0,QUARANTINE_UNTIL_DEFINED,TASK99_MACHINE_TRIAGED_EXPLICIT_QUARANTINE,1,0,0
IMPLICIT-D89A028B92AAA77C,UNRESOLVED_IDENTITY,M0,E0,QUARANTINE_UNTIL_DEFINED,TASK99_MACHINE_TRIAGED_EXPLICIT_QUARANTINE,1,0,0
IMPLICIT-D89C32350D9E8858,UNRESOLVED_IDENTITY,M0,E0,QUARANTINE_UNTIL_DEFINED,TASK99_MACHINE_TRIAGED_EXPLICIT_QUARANTINE,1,0,0
IMPLICIT-D8A6894AC464BB70,ALGORITHM_OR_WORKFLOW,M1,E0,KEEP_AS_ALGORITHM,TASK99_REPOSITORY_EVIDENCE_ADJUDICATED,1,0,0
IMPLICIT-D8DAE0DD53F3F11D,UNRESOLVED_IDENTITY,M0,E0,QUARANTINE_UNTIL_DEFINED,TASK99_MACHINE_TRIAGED_EXPLICIT_QUARANTINE,1,0,0
IMPLICIT-D8EB771A118655EC,UNRESOLVED_IDENTITY,M0,E0,QUARANTINE_UNTIL_DEFINED,TASK99_MACHINE_TRIAGED_EXPLICIT_QUARANTINE,1,0,0
IMPLICIT-D8F74632A8364290,UNRESOLVED_IDENTITY,M0,E0,QUARANTINE_UNTIL_DEFINED,TASK99_MACHINE_TRIAGED_EXPLICIT_QUARANTINE,1,0,0
IMPLICIT-D8F87E0415BEF356,UNRESOLVED_IDENTITY,M0,E0,QUARANTINE_UNTIL_DEFINED,TASK99_MACHINE_TRIAGED_EXPLICIT_QUARANTINE,1,0,0
IMPLICIT-D9033A9D73164EF3,UNRESOLVED_IDENTITY,M0,E0,QUARANTINE_UNTIL_DEFINED,TASK99_MACHINE_TRIAGED_EXPLICIT_QUARANTINE,1,0,0
IMPLICIT-D915715285B146C5,UNRESOLVED_IDENTITY,M0,E0,QUARANTINE_UNTIL_DEFINED,TASK99_MACHINE_TRIAGED_EXPLICIT_QUARANTINE,1,0,0
IMPLICIT-D91E9235567114C0,UNRESOLVED_IDENTITY,M0,E0,QUARANTINE_UNTIL_DEFINED,TASK99_MACHINE_TRIAGED_EXPLICIT_QUARANTINE,1,0,0
IMPLICIT-D9331E45CFE417C4,UNRESOLVED_IDENTITY,M0,E0,QUARANTINE_UNTIL_DEFINED,TASK99_MACHINE_TRIAGED_EXPLICIT_QUARANTINE,1,0,0
IMPLICIT-D943E3BC8C543DC7,UNRESOLVED_IDENTITY,M0,E0,QUARANTINE_UNTIL_DEFINED,TASK99_MACHINE_TRIAGED_EXPLICIT_QUARANTINE,1,0,0
IMPLICIT-D947F0580A768333,UNRESOLVED_IDENTITY,M0,E0,QUARANTINE_UNTIL_DEFINED,TASK99_MACHINE_TRIAGED_EXPLICIT_QUARANTINE,1,0,0
IMPLICIT-D95E70FDDDAD4C56,ALGORITHM_OR_WORKFLOW,M1,E0,KEEP_AS_ALGORITHM,TASK99_REPOSITORY_EVIDENCE_ADJUDICATED,1,0,0
IMPLICIT-D95F90EBF205226D,UNRESOLVED_IDENTITY,M0,E0,QUARANTINE_UNTIL_DEFINED,TASK99_MACHINE_TRIAGED_EXPLICIT_QUARANTINE,1,0,0
IMPLICIT-D97472F413E8E9AD,UNRESOLVED_IDENTITY,M0,E0,QUARANTINE_UNTIL_DEFINED,TASK99_MACHINE_TRIAGED_EXPLICIT_QUARANTINE,1,0,0
IMPLICIT-D976B80B8BBC7FC2,ALGORITHM_OR_WORKFLOW,M1,E0,KEEP_AS_ALGORITHM,TASK99_REPOSITORY_EVIDENCE_ADJUDICATED,1,0,0
IMPLICIT-D985388C9C6E4333,UNRESOLVED_IDENTITY,M0,E0,QUARANTINE_UNTIL_DEFINED,TASK99_MACHINE_TRIAGED_EXPLICIT_QUARANTINE,1,0,0
IMPLICIT-D988AF7804DC7D63,UNRESOLVED_IDENTITY,M0,E0,QUARANTINE_UNTIL_DEFINED,TASK99_MACHINE_TRIAGED_EXPLICIT_QUARANTINE,1,0,0
IMPLICIT-D98BA6ACD222A5B3,ALGORITHM_OR_WORKFLOW,M2,E0,KEEP_AS_ALGORITHM,TASK99_REPOSITORY_EVIDENCE_ADJUDICATED,1,0,0
IMPLICIT-D99E0F642E7A7937,UNRESOLVED_IDENTITY,M0,E0,QUARANTINE_UNTIL_DEFINED,TASK99_MACHINE_TRIAGED_EXPLICIT_QUARANTINE,1,0,0
IMPLICIT-D9A8F2D06B0B16DF,ALGORITHM_OR_WORKFLOW,M2,E0,KEEP_AS_ALGORITHM,TASK99_REPOSITORY_EVIDENCE_ADJUDICATED,1,0,0
IMPLICIT-D9BB4CEF72BD6115,UNRESOLVED_IDENTITY,M0,E0,QUARANTINE_UNTIL_DEFINED,TASK99_MACHINE_TRIAGED_EXPLICIT_QUARANTINE,1,0,0
IMPLICIT-D9BCEB668F13F0FB,ALGORITHM_OR_WORKFLOW,M1,E0,KEEP_AS_ALGORITHM,TASK99_REPOSITORY_EVIDENCE_ADJUDICATED,1,0,0
IMPLICIT-D9C0B0E2AC6DBEED,UNRESOLVED_IDENTITY,M0,E0,QUARANTINE_UNTIL_DEFINED,TASK99_MACHINE_TRIAGED_EXPLICIT_QUARANTINE,1,0,0
IMPLICIT-D9C8B4EFDAB73C6B,ALGORITHM_OR_WORKFLOW,M1,E0,KEEP_AS_ALGORITHM,TASK99_REPOSITORY_EVIDENCE_ADJUDICATED,1,0,0
IMPLICIT-D9CEF1804B4DEF3B,UNRESOLVED_IDENTITY,M0,E0,QUARANTINE_UNTIL_DEFINED,TASK99_MACHINE_TRIAGED_EXPLICIT_QUARANTINE,1,0,0
IMPLICIT-D9E899BA1EBDC60B,UNRESOLVED_IDENTITY,M0,E0,QUARANTINE_UNTIL_DEFINED,TASK99_MACHINE_TRIAGED_EXPLICIT_QUARANTINE,1,0,0
IMPLICIT-D9EC2F9355B407FD,UNRESOLVED_IDENTITY,M0,E0,QUARANTINE_UNTIL_DEFINED,TASK99_MACHINE_TRIAGED_EXPLICIT_QUARANTINE,1,0,0
IMPLICIT-D9EC841D6396C2FF,UNRESOLVED_IDENTITY,M0,E0,QUARANTINE_UNTIL_DEFINED,TASK99_MACHINE_TRIAGED_EXPLICIT_QUARANTINE,1,0,0
IMPLICIT-D9F847D1BE7D18F7,ALGORITHM_OR_WORKFLOW,M1,E0,KEEP_AS_ALGORITHM,TASK99_REPOSITORY_EVIDENCE_ADJUDICATED,1,0,0
IMPLICIT-DA0FC119CA191FA9,UNRESOLVED_IDENTITY,M0,E0,QUARANTINE_UNTIL_DEFINED,TASK99_MACHINE_TRIAGED_EXPLICIT_QUARANTINE,1,0,0
IMPLICIT-DA3B0D14BB0517E3,UNRESOLVED_IDENTITY,M0,E0,QUARANTINE_UNTIL_DEFINED,TASK99_MACHINE_TRIAGED_EXPLICIT_QUARANTINE,1,0,0
IMPLICIT-DA3C70228BD79BDE,ALGORITHM_OR_WORKFLOW,M2,E0,KEEP_AS_ALGORITHM,TASK99_REPOSITORY_EVIDENCE_ADJUDICATED,1,0,0
IMPLICIT-DA478D0A14F4188B,UNRESOLVED_IDENTITY,M0,E0,QUARANTINE_UNTIL_DEFINED,TASK99_MACHINE_TRIAGED_EXPLICIT_QUARANTINE,1,0,0
IMPLICIT-DA5E4507F8D7D91F,UNRESOLVED_IDENTITY,M0,E0,QUARANTINE_UNTIL_DEFINED,TASK99_MACHINE_TRIAGED_EXPLICIT_QUARANTINE,1,0,0
IMPLICIT-DA60065F25B89F6E,UNRESOLVED_IDENTITY,M0,E0,QUARANTINE_UNTIL_DEFINED,TASK99_MACHINE_TRIAGED_EXPLICIT_QUARANTINE,1,0,0
IMPLICIT-DA6238182D0286E4,UNRESOLVED_IDENTITY,M0,E0,QUARANTINE_UNTIL_DEFINED,TASK99_MACHINE_TRIAGED_EXPLICIT_QUARANTINE,1,0,0
IMPLICIT-DA70064DED427198,UNRESOLVED_IDENTITY,M0,E0,QUARANTINE_UNTIL_DEFINED,TASK99_MACHINE_TRIAGED_EXPLICIT_QUARANTINE,1,0,0
IMPLICIT-DA711F5485C18A2A,UNRESOLVED_IDENTITY,M0,E0,QUARANTINE_UNTIL_DEFINED,TASK99_MACHINE_TRIAGED_EXPLICIT_QUARANTINE,1,0,0
IMPLICIT-DA79141ECCF15D39,UNRESOLVED_IDENTITY,M0,E0,QUARANTINE_UNTIL_DEFINED,TASK99_MACHINE_TRIAGED_EXPLICIT_QUARANTINE,1,0,0
IMPLICIT-DAB0BB224AF6D763,UNRESOLVED_IDENTITY,M0,E0,QUARANTINE_UNTIL_DEFINED,TASK99_MACHINE_TRIAGED_EXPLICIT_QUARANTINE,1,0,0
IMPLICIT-DACB4F3D2BC28581,UNRESOLVED_IDENTITY,M0,E0,QUARANTINE_UNTIL_DEFINED,TASK99_MACHINE_TRIAGED_EXPLICIT_QUARANTINE,1,0,0
IMPLICIT-DACDC67115EED915,UNRESOLVED_IDENTITY,M0,E0,QUARANTINE_UNTIL_DEFINED,TASK99_MACHINE_TRIAGED_EXPLICIT_QUARANTINE,1,0,0
IMPLICIT-DAD5A8CF5408FF3E,ALGORITHM_OR_WORKFLOW,M2,E0,KEEP_AS_ALGORITHM,TASK99_REPOSITORY_EVIDENCE_ADJUDICATED,1,0,0
IMPLICIT-DAF0FFEC8873A3B7,ALGORITHM_OR_WORKFLOW,M1,E0,KEEP_AS_ALGORITHM,TASK99_REPOSITORY_EVIDENCE_ADJUDICATED,1,0,0
IMPLICIT-DAF232683455407C,UNRESOLVED_IDENTITY,M0,E0,QUARANTINE_UNTIL_DEFINED,TASK99_MACHINE_TRIAGED_EXPLICIT_QUARANTINE,1,0,0
IMPLICIT-DAFA4C87AB1A8C36,ALGORITHM_OR_WORKFLOW,M2,E0,KEEP_AS_ALGORITHM,TASK99_REPOSITORY_EVIDENCE_ADJUDICATED,1,0,0
IMPLICIT-DB0D51821C481383,ALGORITHM_OR_WORKFLOW,M1,E0,KEEP_AS_ALGORITHM,TASK99_REPOSITORY_EVIDENCE_ADJUDICATED,1,0,0
IMPLICIT-DB133CB2A796ABA3,ALGORITHM_OR_WORKFLOW,M1,E0,KEEP_AS_ALGORITHM,TASK99_REPOSITORY_EVIDENCE_ADJUDICATED,1,0,0
IMPLICIT-DB1632A39F4D405A,UNRESOLVED_IDENTITY,M0,E0,QUARANTINE_UNTIL_DEFINED,TASK99_MACHINE_TRIAGED_EXPLICIT_QUARANTINE,1,0,0
IMPLICIT-DB200B12EEC65655,UNRESOLVED_IDENTITY,M0,E0,QUARANTINE_UNTIL_DEFINED,TASK99_MACHINE_TRIAGED_EXPLICIT_QUARANTINE,1,0,0
IMPLICIT-DB3DD2B56774C013,UNRESOLVED_IDENTITY,M0,E0,QUARANTINE_UNTIL_DEFINED,TASK99_MACHINE_TRIAGED_EXPLICIT_QUARANTINE,1,0,0
IMPLICIT-DB6CA2653DCDF3A0,ALGORITHM_OR_WORKFLOW,M2,E0,KEEP_AS_ALGORITHM,TASK99_REPOSITORY_EVIDENCE_ADJUDICATED,1,0,0
IMPLICIT-DB7089F90758E7E2,UNRESOLVED_IDENTITY,M0,E0,QUARANTINE_UNTIL_DEFINED,TASK99_MACHINE_TRIAGED_EXPLICIT_QUARANTINE,1,0,0
IMPLICIT-DB8343FB5279B3CE,UNRESOLVED_IDENTITY,M0,E0,QUARANTINE_UNTIL_DEFINED,TASK99_MACHINE_TRIAGED_EXPLICIT_QUARANTINE,1,0,0
IMPLICIT-DB88D5614433D3B1,UNRESOLVED_IDENTITY,M0,E0,QUARANTINE_UNTIL_DEFINED,TASK99_MACHINE_TRIAGED_EXPLICIT_QUARANTINE,1,0,0
IMPLICIT-DB8B88837EA5EAEE,UNRESOLVED_IDENTITY,M0,E0,QUARANTINE_UNTIL_DEFINED,TASK99_MACHINE_TRIAGED_EXPLICIT_QUARANTINE,1,0,0
IMPLICIT-DB8CF9658C41ED3E,UNRESOLVED_IDENTITY,M0,E0,QUARANTINE_UNTIL_DEFINED,TASK99_MACHINE_TRIAGED_EXPLICIT_QUARANTINE,1,0,0
IMPLICIT-DBADD209EB8E8F05,ALGORITHM_OR_WORKFLOW,M2,E0,KEEP_AS_ALGORITHM,TASK99_REPOSITORY_EVIDENCE_ADJUDICATED,1,0,0
IMPLICIT-DBB9759D53F37174,UNRESOLVED_IDENTITY,M0,E0,QUARANTINE_UNTIL_DEFINED,TASK99_MACHINE_TRIAGED_EXPLICIT_QUARANTINE,1,0,0
IMPLICIT-DBC9B73BE8E91A27,UNRESOLVED_IDENTITY,M0,E0,QUARANTINE_UNTIL_DEFINED,TASK99_MACHINE_TRIAGED_EXPLICIT_QUARANTINE,1,0,0
IMPLICIT-DBCDD7AA5373F53B,UNRESOLVED_IDENTITY,M0,E0,QUARANTINE_UNTIL_DEFINED,TASK99_MACHINE_TRIAGED_EXPLICIT_QUARANTINE,1,0,0
IMPLICIT-DBCF41478E20C899,UNRESOLVED_IDENTITY,M0,E0,QUARANTINE_UNTIL_DEFINED,TASK99_MACHINE_TRIAGED_EXPLICIT_QUARANTINE,1,0,0
IMPLICIT-DBEF3B0CE33ABDB6,UNRESOLVED_IDENTITY,M0,E0,QUARANTINE_UNTIL_DEFINED,TASK99_MACHINE_TRIAGED_EXPLICIT_QUARANTINE,1,0,0
IMPLICIT-DBFAD75C0272CC04,UNRESOLVED_IDENTITY,M0,E0,QUARANTINE_UNTIL_DEFINED,TASK99_MACHINE_TRIAGED_EXPLICIT_QUARANTINE,1,0,0
IMPLICIT-DC03A22D93523142,UNRESOLVED_IDENTITY,M0,E0,QUARANTINE_UNTIL_DEFINED,TASK99_MACHINE_TRIAGED_EXPLICIT_QUARANTINE,1,0,0
IMPLICIT-DC0F63E4FC9323EB,UNRESOLVED_IDENTITY,M0,E0,QUARANTINE_UNTIL_DEFINED,TASK99_MACHINE_TRIAGED_EXPLICIT_QUARANTINE,1,0,0
IMPLICIT-DC1224738EBFD5B4,UNRESOLVED_IDENTITY,M0,E0,QUARANTINE_UNTIL_DEFINED,TASK99_MACHINE_TRIAGED_EXPLICIT_QUARANTINE,1,0,0
IMPLICIT-DC126BB2627B3482,ALGORITHM_OR_WORKFLOW,M1,E0,KEEP_AS_ALGORITHM,TASK99_REPOSITORY_EVIDENCE_ADJUDICATED,1,0,0
IMPLICIT-DC1B017E294D4AC8,UNRESOLVED_IDENTITY,M0,E0,QUARANTINE_UNTIL_DEFINED,TASK99_MACHINE_TRIAGED_EXPLICIT_QUARANTINE,1,0,0
IMPLICIT-DC3121C6C211C18E,UNRESOLVED_IDENTITY,M0,E0,QUARANTINE_UNTIL_DEFINED,TASK99_MACHINE_TRIAGED_EXPLICIT_QUARANTINE,1,0,0
IMPLICIT-DC341A67192875BA,UNRESOLVED_IDENTITY,M0,E0,QUARANTINE_UNTIL_DEFINED,TASK99_MACHINE_TRIAGED_EXPLICIT_QUARANTINE,1,0,0
IMPLICIT-DC3508BEE045214D,UNRESOLVED_IDENTITY,M0,E0,QUARANTINE_UNTIL_DEFINED,TASK99_MACHINE_TRIAGED_EXPLICIT_QUARANTINE,1,0,0
IMPLICIT-DC3E1823EC36E0ED,UNRESOLVED_IDENTITY,M0,E0,QUARANTINE_UNTIL_DEFINED,TASK99_MACHINE_TRIAGED_EXPLICIT_QUARANTINE,1,0,0
IMPLICIT-DC4D02896D715BAC,ALGORITHM_OR_WORKFLOW,M1,E0,KEEP_AS_ALGORITHM,TASK99_REPOSITORY_EVIDENCE_ADJUDICATED,1,0,0
IMPLICIT-DC821F7E73B451E0,UNRESOLVED_IDENTITY,M0,E0,QUARANTINE_UNTIL_DEFINED,TASK99_MACHINE_TRIAGED_EXPLICIT_QUARANTINE,1,0,0
IMPLICIT-DC860618B0478F40,UNRESOLVED_IDENTITY,M0,E0,QUARANTINE_UNTIL_DEFINED,TASK99_MACHINE_TRIAGED_EXPLICIT_QUARANTINE,1,0,0
IMPLICIT-DC9F8543D35D4BD4,ALGORITHM_OR_WORKFLOW,M1,E0,KEEP_AS_ALGORITHM,TASK99_REPOSITORY_EVIDENCE_ADJUDICATED,1,0,0
IMPLICIT-DCA7CE2BDC2742FC,UNRESOLVED_IDENTITY,M0,E0,QUARANTINE_UNTIL_DEFINED,TASK99_MACHINE_TRIAGED_EXPLICIT_QUARANTINE,1,0,0
IMPLICIT-DCBED639B7DC7A7E,UNRESOLVED_IDENTITY,M0,E0,QUARANTINE_UNTIL_DEFINED,TASK99_MACHINE_TRIAGED_EXPLICIT_QUARANTINE,1,0,0
IMPLICIT-DCCAFB7F07047857,UNRESOLVED_IDENTITY,M0,E0,QUARANTINE_UNTIL_DEFINED,TASK99_MACHINE_TRIAGED_EXPLICIT_QUARANTINE,1,0,0
IMPLICIT-DCD595A104850EA5,UNRESOLVED_IDENTITY,M0,E0,QUARANTINE_UNTIL_DEFINED,TASK99_MACHINE_TRIAGED_EXPLICIT_QUARANTINE,1,0,0
IMPLICIT-DCDFFCE68B387298,UNRESOLVED_IDENTITY,M0,E0,QUARANTINE_UNTIL_DEFINED,TASK99_MACHINE_TRIAGED_EXPLICIT_QUARANTINE,1,0,0
IMPLICIT-DCE49AF8C575F26C,UNRESOLVED_IDENTITY,M0,E0,QUARANTINE_UNTIL_DEFINED,TASK99_MACHINE_TRIAGED_EXPLICIT_QUARANTINE,1,0,0
IMPLICIT-DCE6DA17F058B7B8,UNRESOLVED_IDENTITY,M0,E0,QUARANTINE_UNTIL_DEFINED,TASK99_MACHINE_TRIAGED_EXPLICIT_QUARANTINE,1,0,0
IMPLICIT-DCEC59F219B64B50,UNRESOLVED_IDENTITY,M0,E0,QUARANTINE_UNTIL_DEFINED,TASK99_MACHINE_TRIAGED_EXPLICIT_QUARANTINE,1,0,0
IMPLICIT-DD046187E465C0C5,UNRESOLVED_IDENTITY,M0,E0,QUARANTINE_UNTIL_DEFINED,TASK99_MACHINE_TRIAGED_EXPLICIT_QUARANTINE,1,0,0
IMPLICIT-DD0579BCF8E439D2,UNRESOLVED_IDENTITY,M0,E0,QUARANTINE_UNTIL_DEFINED,TASK99_MACHINE_TRIAGED_EXPLICIT_QUARANTINE,1,0,0
IMPLICIT-DD12E2907D3FC6F3,UNRESOLVED_IDENTITY,M0,E0,QUARANTINE_UNTIL_DEFINED,TASK99_MACHINE_TRIAGED_EXPLICIT_QUARANTINE,1,0,0
IMPLICIT-DD1BEED96B7C3B4C,UNRESOLVED_IDENTITY,M0,E0,QUARANTINE_UNTIL_DEFINED,TASK99_MACHINE_TRIAGED_EXPLICIT_QUARANTINE,1,0,0
IMPLICIT-DD271A99ACC71A7D,ALGORITHM_OR_WORKFLOW,M1,E0,KEEP_AS_ALGORITHM,TASK99_REPOSITORY_EVIDENCE_ADJUDICATED,1,0,0
IMPLICIT-DD2B35B96ED4688C,UNRESOLVED_IDENTITY,M0,E0,QUARANTINE_UNTIL_DEFINED,TASK99_MACHINE_TRIAGED_EXPLICIT_QUARANTINE,1,0,0
IMPLICIT-DD30CCA9A060A1B7,UNRESOLVED_IDENTITY,M0,E0,QUARANTINE_UNTIL_DEFINED,TASK99_MACHINE_TRIAGED_EXPLICIT_QUARANTINE,1,0,0
IMPLICIT-DD4B68A01E133D22,UNRESOLVED_IDENTITY,M0,E0,QUARANTINE_UNTIL_DEFINED,TASK99_MACHINE_TRIAGED_EXPLICIT_QUARANTINE,1,0,0
IMPLICIT-DD5D295D8CDDADA2,ALGORITHM_OR_WORKFLOW,M1,E0,KEEP_AS_ALGORITHM,TASK99_REPOSITORY_EVIDENCE_ADJUDICATED,1,0,0
IMPLICIT-DD62DDC9E0E0ACD5,UNRESOLVED_IDENTITY,M0,E0,QUARANTINE_UNTIL_DEFINED,TASK99_MACHINE_TRIAGED_EXPLICIT_QUARANTINE,1,0,0
IMPLICIT-DD671816730BAC16,UNRESOLVED_IDENTITY,M0,E0,QUARANTINE_UNTIL_DEFINED,TASK99_MACHINE_TRIAGED_EXPLICIT_QUARANTINE,1,0,0
IMPLICIT-DD6B93B90CCB25D8,UNRESOLVED_IDENTITY,M0,E0,QUARANTINE_UNTIL_DEFINED,TASK99_MACHINE_TRIAGED_EXPLICIT_QUARANTINE,1,0,0
IMPLICIT-DD6F3B433923209E,ALGORITHM_OR_WORKFLOW,M1,E0,KEEP_AS_ALGORITHM,TASK99_REPOSITORY_EVIDENCE_ADJUDICATED,1,0,0
IMPLICIT-DD836559617DAF0B,ALGORITHM_OR_WORKFLOW,M1,E0,KEEP_AS_ALGORITHM,TASK99_REPOSITORY_EVIDENCE_ADJUDICATED,1,0,0
IMPLICIT-DD88B24DA2625618,UNRESOLVED_IDENTITY,M0,E0,QUARANTINE_UNTIL_DEFINED,TASK99_MACHINE_TRIAGED_EXPLICIT_QUARANTINE,1,0,0
IMPLICIT-DD8C49CEB84D47E6,ALGORITHM_OR_WORKFLOW,M1,E0,KEEP_AS_ALGORITHM,TASK99_REPOSITORY_EVIDENCE_ADJUDICATED,1,0,0
IMPLICIT-DDAA3543E2A320DA,ALGORITHM_OR_WORKFLOW,M1,E0,KEEP_AS_ALGORITHM,TASK99_REPOSITORY_EVIDENCE_ADJUDICATED,1,0,0
IMPLICIT-DDAFFD90F87B23DA,UNRESOLVED_IDENTITY,M0,E0,QUARANTINE_UNTIL_DEFINED,TASK99_MACHINE_TRIAGED_EXPLICIT_QUARANTINE,1,0,0
IMPLICIT-DDB52F2A86DF0A6E,UNRESOLVED_IDENTITY,M0,E0,QUARANTINE_UNTIL_DEFINED,TASK99_MACHINE_TRIAGED_EXPLICIT_QUARANTINE,1,0,0
IMPLICIT-DDCFCD5E0AE0F3C2,UNRESOLVED_IDENTITY,M0,E0,QUARANTINE_UNTIL_DEFINED,TASK99_MACHINE_TRIAGED_EXPLICIT_QUARANTINE,1,0,0
IMPLICIT-DDD234757ACEE871,ALGORITHM_OR_WORKFLOW,M1,E0,KEEP_AS_ALGORITHM,TASK99_REPOSITORY_EVIDENCE_ADJUDICATED,1,0,0
IMPLICIT-DDD874DB80A9A479,UNRESOLVED_IDENTITY,M0,E0,QUARANTINE_UNTIL_DEFINED,TASK99_MACHINE_TRIAGED_EXPLICIT_QUARANTINE,1,0,0
IMPLICIT-DDD9641083AF8935,UNRESOLVED_IDENTITY,M0,E0,QUARANTINE_UNTIL_DEFINED,TASK99_MACHINE_TRIAGED_EXPLICIT_QUARANTINE,1,0,0
IMPLICIT-DDDF266712506B61,UNRESOLVED_IDENTITY,M0,E0,QUARANTINE_UNTIL_DEFINED,TASK99_MACHINE_TRIAGED_EXPLICIT_QUARANTINE,1,0,0
IMPLICIT-DE2653864440247E,ALGORITHM_OR_WORKFLOW,M1,E0,KEEP_AS_ALGORITHM,TASK99_REPOSITORY_EVIDENCE_ADJUDICATED,1,0,0
IMPLICIT-DE3A9FBDB0BBFBB3,UNRESOLVED_IDENTITY,M0,E0,QUARANTINE_UNTIL_DEFINED,TASK99_MACHINE_TRIAGED_EXPLICIT_QUARANTINE,1,0,0
IMPLICIT-DE3BF86A58BA9DD4,UNRESOLVED_IDENTITY,M0,E0,QUARANTINE_UNTIL_DEFINED,TASK99_MACHINE_TRIAGED_EXPLICIT_QUARANTINE,1,0,0
IMPLICIT-DE49AC0794303204,UNRESOLVED_IDENTITY,M0,E0,QUARANTINE_UNTIL_DEFINED,TASK99_MACHINE_TRIAGED_EXPLICIT_QUARANTINE,1,0,0
IMPLICIT-DE662FAFD1F32C17,UNRESOLVED_IDENTITY,M0,E0,QUARANTINE_UNTIL_DEFINED,TASK99_MACHINE_TRIAGED_EXPLICIT_QUARANTINE,1,0,0
IMPLICIT-DE6842196697659F,UNRESOLVED_IDENTITY,M0,E0,QUARANTINE_UNTIL_DEFINED,TASK99_MACHINE_TRIAGED_EXPLICIT_QUARANTINE,1,0,0
IMPLICIT-DE698B67F6F2A646,UNRESOLVED_IDENTITY,M0,E0,QUARANTINE_UNTIL_DEFINED,TASK99_MACHINE_TRIAGED_EXPLICIT_QUARANTINE,1,0,0
IMPLICIT-DE69B57A404301E2,UNRESOLVED_IDENTITY,M0,E0,QUARANTINE_UNTIL_DEFINED,TASK99_MACHINE_TRIAGED_EXPLICIT_QUARANTINE,1,0,0
IMPLICIT-DE6C5FE683BF4DBA,UNRESOLVED_IDENTITY,M0,E0,QUARANTINE_UNTIL_DEFINED,TASK99_MACHINE_TRIAGED_EXPLICIT_QUARANTINE,1,0,0
IMPLICIT-DE867F334E2A8852,UNRESOLVED_IDENTITY,M0,E0,QUARANTINE_UNTIL_DEFINED,TASK99_MACHINE_TRIAGED_EXPLICIT_QUARANTINE,1,0,0
IMPLICIT-DE8DC895A3E87A7A,ALGORITHM_OR_WORKFLOW,M1,E0,KEEP_AS_ALGORITHM,TASK99_REPOSITORY_EVIDENCE_ADJUDICATED,1,0,0
IMPLICIT-DE98BA56C133E641,UNRESOLVED_IDENTITY,M0,E0,QUARANTINE_UNTIL_DEFINED,TASK99_MACHINE_TRIAGED_EXPLICIT_QUARANTINE,1,0,0
IMPLICIT-DEB253E41558A862,ALGORITHM_OR_WORKFLOW,M1,E0,KEEP_AS_ALGORITHM,TASK99_REPOSITORY_EVIDENCE_ADJUDICATED,1,0,0
IMPLICIT-DEC5ED92D7995353,UNRESOLVED_IDENTITY,M0,E0,QUARANTINE_UNTIL_DEFINED,TASK99_MACHINE_TRIAGED_EXPLICIT_QUARANTINE,1,0,0
IMPLICIT-DED103C2ADB9F46F,UNRESOLVED_IDENTITY,M0,E0,QUARANTINE_UNTIL_DEFINED,TASK99_MACHINE_TRIAGED_EXPLICIT_QUARANTINE,1,0,0
IMPLICIT-DF15AF38B89823E3,UNRESOLVED_IDENTITY,M0,E0,QUARANTINE_UNTIL_DEFINED,TASK99_MACHINE_TRIAGED_EXPLICIT_QUARANTINE,1,0,0
IMPLICIT-DF36975ABD3B4C9A,UNRESOLVED_IDENTITY,M0,E0,QUARANTINE_UNTIL_DEFINED,TASK99_MACHINE_TRIAGED_EXPLICIT_QUARANTINE,1,0,0
IMPLICIT-DF4F6B268CE996B6,ALGORITHM_OR_WORKFLOW,M1,E0,KEEP_AS_ALGORITHM,TASK99_REPOSITORY_EVIDENCE_ADJUDICATED,1,0,0
IMPLICIT-DF538737862FDAC8,UNRESOLVED_IDENTITY,M0,E0,QUARANTINE_UNTIL_DEFINED,TASK99_MACHINE_TRIAGED_EXPLICIT_QUARANTINE,1,0,0
IMPLICIT-DF5F4AA4482FBEEF,UNRESOLVED_IDENTITY,M0,E0,QUARANTINE_UNTIL_DEFINED,TASK99_MACHINE_TRIAGED_EXPLICIT_QUARANTINE,1,0,0
IMPLICIT-DF65DAC430A52ABB,ALGORITHM_OR_WORKFLOW,M1,E0,KEEP_AS_ALGORITHM,TASK99_REPOSITORY_EVIDENCE_ADJUDICATED,1,0,0
IMPLICIT-DF755B5C004A8F7D,ALGORITHM_OR_WORKFLOW,M2,E0,KEEP_AS_ALGORITHM,TASK99_REPOSITORY_EVIDENCE_ADJUDICATED,1,0,0
IMPLICIT-DF797CC51EE94C04,ALGORITHM_OR_WORKFLOW,M1,E0,KEEP_AS_ALGORITHM,TASK99_REPOSITORY_EVIDENCE_ADJUDICATED,1,0,0
IMPLICIT-DF866BE94C601053,UNRESOLVED_IDENTITY,M0,E0,QUARANTINE_UNTIL_DEFINED,TASK99_MACHINE_TRIAGED_EXPLICIT_QUARANTINE,1,0,0
IMPLICIT-DF88132F0A17CFAA,UNRESOLVED_IDENTITY,M0,E0,QUARANTINE_UNTIL_DEFINED,TASK99_MACHINE_TRIAGED_EXPLICIT_QUARANTINE,1,0,0
IMPLICIT-DF8CEA470FF3A9C3,ALGORITHM_OR_WORKFLOW,M2,E0,KEEP_AS_ALGORITHM,TASK99_REPOSITORY_EVIDENCE_ADJUDICATED,1,0,0
IMPLICIT-DF8FDF5D88DFBA77,UNRESOLVED_IDENTITY,M0,E0,QUARANTINE_UNTIL_DEFINED,TASK99_MACHINE_TRIAGED_EXPLICIT_QUARANTINE,1,0,0
IMPLICIT-DF9D9DCC8D000D40,UNRESOLVED_IDENTITY,M0,E0,QUARANTINE_UNTIL_DEFINED,TASK99_MACHINE_TRIAGED_EXPLICIT_QUARANTINE,1,0,0
IMPLICIT-DF9EC26E8A0C7BE8,ALGORITHM_OR_WORKFLOW,M1,E0,KEEP_AS_ALGORITHM,TASK99_REPOSITORY_EVIDENCE_ADJUDICATED,1,0,0
IMPLICIT-DFC89EBDCE4E1BBD,UNRESOLVED_IDENTITY,M0,E0,QUARANTINE_UNTIL_DEFINED,TASK99_MACHINE_TRIAGED_EXPLICIT_QUARANTINE,1,0,0
IMPLICIT-DFD418877E4A4F29,UNRESOLVED_IDENTITY,M0,E0,QUARANTINE_UNTIL_DEFINED,TASK99_MACHINE_TRIAGED_EXPLICIT_QUARANTINE,1,0,0
IMPLICIT-DFD85FD7679229DB,UNRESOLVED_IDENTITY,M0,E0,QUARANTINE_UNTIL_DEFINED,TASK99_MACHINE_TRIAGED_EXPLICIT_QUARANTINE,1,0,0
IMPLICIT-DFDB0793E0CE0010,UNRESOLVED_IDENTITY,M0,E0,QUARANTINE_UNTIL_DEFINED,TASK99_MACHINE_TRIAGED_EXPLICIT_QUARANTINE,1,0,0
IMPLICIT-DFF64C28A986FAE9,UNRESOLVED_IDENTITY,M0,E0,QUARANTINE_UNTIL_DEFINED,TASK99_MACHINE_TRIAGED_EXPLICIT_QUARANTINE,1,0,0
IMPLICIT-DFF9FA466C6679C5,UNRESOLVED_IDENTITY,M0,E0,QUARANTINE_UNTIL_DEFINED,TASK99_MACHINE_TRIAGED_EXPLICIT_QUARANTINE,1,0,0
IMPLICIT-DFFD2FE4DC5DA83E,UNRESOLVED_IDENTITY,M0,E0,QUARANTINE_UNTIL_DEFINED,TASK99_MACHINE_TRIAGED_EXPLICIT_QUARANTINE,1,0,0
IMPLICIT-E0205040C96AE42B,UNRESOLVED_IDENTITY,M0,E0,QUARANTINE_UNTIL_DEFINED,TASK99_MACHINE_TRIAGED_EXPLICIT_QUARANTINE,1,0,0
IMPLICIT-E020A31216E43511,ALGORITHM_OR_WORKFLOW,M2,E0,KEEP_AS_ALGORITHM,TASK99_REPOSITORY_EVIDENCE_ADJUDICATED,1,0,0
IMPLICIT-E033B380FBE98394,ALGORITHM_OR_WORKFLOW,M1,E0,KEEP_AS_ALGORITHM,TASK99_REPOSITORY_EVIDENCE_ADJUDICATED,1,0,0
IMPLICIT-E06766D34F45E99E,ALGORITHM_OR_WORKFLOW,M2,E0,KEEP_AS_ALGORITHM,TASK99_REPOSITORY_EVIDENCE_ADJUDICATED,1,0,0
IMPLICIT-E0711BDE56CC4790,ALGORITHM_OR_WORKFLOW,M2,E0,KEEP_AS_ALGORITHM,TASK99_REPOSITORY_EVIDENCE_ADJUDICATED,1,0,0
IMPLICIT-E0729763EEABD4A0,UNRESOLVED_IDENTITY,M0,E0,QUARANTINE_UNTIL_DEFINED,TASK99_MACHINE_TRIAGED_EXPLICIT_QUARANTINE,1,0,0
IMPLICIT-E073D5834A7B64C0,UNRESOLVED_IDENTITY,M0,E0,QUARANTINE_UNTIL_DEFINED,TASK99_MACHINE_TRIAGED_EXPLICIT_QUARANTINE,1,0,0
IMPLICIT-E074FE08CA584EAA,UNRESOLVED_IDENTITY,M0,E0,QUARANTINE_UNTIL_DEFINED,TASK99_MACHINE_TRIAGED_EXPLICIT_QUARANTINE,1,0,0
IMPLICIT-E08CF9CF49296365,UNRESOLVED_IDENTITY,M0,E0,QUARANTINE_UNTIL_DEFINED,TASK99_MACHINE_TRIAGED_EXPLICIT_QUARANTINE,1,0,0
IMPLICIT-E094F240DAD7A118,UNRESOLVED_IDENTITY,M0,E0,QUARANTINE_UNTIL_DEFINED,TASK99_MACHINE_TRIAGED_EXPLICIT_QUARANTINE,1,0,0
IMPLICIT-E0952831997676F7,ALGORITHM_OR_WORKFLOW,M2,E0,KEEP_AS_ALGORITHM,TASK99_REPOSITORY_EVIDENCE_ADJUDICATED,1,0,0
IMPLICIT-E09ED800108F27C2,UNRESOLVED_IDENTITY,M0,E0,QUARANTINE_UNTIL_DEFINED,TASK99_MACHINE_TRIAGED_EXPLICIT_QUARANTINE,1,0,0
IMPLICIT-E0A489CB87F24CFC,UNRESOLVED_IDENTITY,M0,E0,QUARANTINE_UNTIL_DEFINED,TASK99_MACHINE_TRIAGED_EXPLICIT_QUARANTINE,1,0,0
IMPLICIT-E0B068082227380F,UNRESOLVED_IDENTITY,M0,E0,QUARANTINE_UNTIL_DEFINED,TASK99_MACHINE_TRIAGED_EXPLICIT_QUARANTINE,1,0,0
IMPLICIT-E0B7C1EA84D52FB2,ALGORITHM_OR_WORKFLOW,M1,E0,KEEP_AS_ALGORITHM,TASK99_REPOSITORY_EVIDENCE_ADJUDICATED,1,0,0
IMPLICIT-E0C0C827619A0689,UNRESOLVED_IDENTITY,M0,E0,QUARANTINE_UNTIL_DEFINED,TASK99_MACHINE_TRIAGED_EXPLICIT_QUARANTINE,1,0,0
IMPLICIT-E0CE63920086EBCD,ALGORITHM_OR_WORKFLOW,M1,E0,KEEP_AS_ALGORITHM,TASK99_REPOSITORY_EVIDENCE_ADJUDICATED,1,0,0
IMPLICIT-E0D730C8D8B7C442,UNRESOLVED_IDENTITY,M0,E0,QUARANTINE_UNTIL_DEFINED,TASK99_MACHINE_TRIAGED_EXPLICIT_QUARANTINE,1,0,0
IMPLICIT-E0DAF39CBFB097D0,UNRESOLVED_IDENTITY,M0,E0,QUARANTINE_UNTIL_DEFINED,TASK99_MACHINE_TRIAGED_EXPLICIT_QUARANTINE,1,0,0
IMPLICIT-E0E2C80AD46ABEBC,UNRESOLVED_IDENTITY,M0,E0,QUARANTINE_UNTIL_DEFINED,TASK99_MACHINE_TRIAGED_EXPLICIT_QUARANTINE,1,0,0
IMPLICIT-E121B9A925E66835,UNRESOLVED_IDENTITY,M0,E0,QUARANTINE_UNTIL_DEFINED,TASK99_MACHINE_TRIAGED_EXPLICIT_QUARANTINE,1,0,0
IMPLICIT-E13A5776051AEEC2,ALGORITHM_OR_WORKFLOW,M2,E0,KEEP_AS_ALGORITHM,TASK99_REPOSITORY_EVIDENCE_ADJUDICATED,1,0,0
IMPLICIT-E13BE77AA80BC8D0,UNRESOLVED_IDENTITY,M0,E0,QUARANTINE_UNTIL_DEFINED,TASK99_MACHINE_TRIAGED_EXPLICIT_QUARANTINE,1,0,0
IMPLICIT-E1404B01EA45D0D6,ALGORITHM_OR_WORKFLOW,M1,E0,KEEP_AS_ALGORITHM,TASK99_REPOSITORY_EVIDENCE_ADJUDICATED,1,0,0
IMPLICIT-E1501BD8D01B1814,UNRESOLVED_IDENTITY,M0,E0,QUARANTINE_UNTIL_DEFINED,TASK99_MACHINE_TRIAGED_EXPLICIT_QUARANTINE,1,0,0
IMPLICIT-E155E4A78ED94011,ALGORITHM_OR_WORKFLOW,M1,E0,KEEP_AS_ALGORITHM,TASK99_REPOSITORY_EVIDENCE_ADJUDICATED,1,0,0
IMPLICIT-E15BB317AE2A2782,UNRESOLVED_IDENTITY,M0,E0,QUARANTINE_UNTIL_DEFINED,TASK99_MACHINE_TRIAGED_EXPLICIT_QUARANTINE,1,0,0
IMPLICIT-E16315F1A3D6552A,UNRESOLVED_IDENTITY,M0,E0,QUARANTINE_UNTIL_DEFINED,TASK99_MACHINE_TRIAGED_EXPLICIT_QUARANTINE,1,0,0
IMPLICIT-E16BAD1B164DB0CF,UNRESOLVED_IDENTITY,M0,E0,QUARANTINE_UNTIL_DEFINED,TASK99_MACHINE_TRIAGED_EXPLICIT_QUARANTINE,1,0,0
IMPLICIT-E17ED8E202C8B06A,UNRESOLVED_IDENTITY,M0,E0,QUARANTINE_UNTIL_DEFINED,TASK99_MACHINE_TRIAGED_EXPLICIT_QUARANTINE,1,0,0
IMPLICIT-E17F860D5A31E249,UNRESOLVED_IDENTITY,M0,E0,QUARANTINE_UNTIL_DEFINED,TASK99_MACHINE_TRIAGED_EXPLICIT_QUARANTINE,1,0,0
IMPLICIT-E188683807D19515,ALGORITHM_OR_WORKFLOW,M1,E0,KEEP_AS_ALGORITHM,TASK99_REPOSITORY_EVIDENCE_ADJUDICATED,1,0,0
IMPLICIT-E1D67FB9648CE248,ALGORITHM_OR_WORKFLOW,M1,E0,KEEP_AS_ALGORITHM,TASK99_REPOSITORY_EVIDENCE_ADJUDICATED,1,0,0
IMPLICIT-E1E109777BC7E0A5,UNRESOLVED_IDENTITY,M0,E0,QUARANTINE_UNTIL_DEFINED,TASK99_MACHINE_TRIAGED_EXPLICIT_QUARANTINE,1,0,0
IMPLICIT-E1E417622751A4BC,ALGORITHM_OR_WORKFLOW,M1,E0,KEEP_AS_ALGORITHM,TASK99_REPOSITORY_EVIDENCE_ADJUDICATED,1,0,0
IMPLICIT-E1F15011A468E11F,UNRESOLVED_IDENTITY,M0,E0,QUARANTINE_UNTIL_DEFINED,TASK99_MACHINE_TRIAGED_EXPLICIT_QUARANTINE,1,0,0
IMPLICIT-E23D6D8F48F911DB,ALGORITHM_OR_WORKFLOW,M1,E0,KEEP_AS_ALGORITHM,TASK99_REPOSITORY_EVIDENCE_ADJUDICATED,1,0,0
IMPLICIT-E23F354706DF0C84,UNRESOLVED_IDENTITY,M0,E0,QUARANTINE_UNTIL_DEFINED,TASK99_MACHINE_TRIAGED_EXPLICIT_QUARANTINE,1,0,0
IMPLICIT-E251DAC7B1AE8547,UNRESOLVED_IDENTITY,M0,E0,QUARANTINE_UNTIL_DEFINED,TASK99_MACHINE_TRIAGED_EXPLICIT_QUARANTINE,1,0,0
IMPLICIT-E255E876C5EDF9C9,UNRESOLVED_IDENTITY,M0,E0,QUARANTINE_UNTIL_DEFINED,TASK99_MACHINE_TRIAGED_EXPLICIT_QUARANTINE,1,0,0
IMPLICIT-E25D92C642D6A3B2,UNRESOLVED_IDENTITY,M0,E0,QUARANTINE_UNTIL_DEFINED,TASK99_MACHINE_TRIAGED_EXPLICIT_QUARANTINE,1,0,0
IMPLICIT-E27A8A8E662766CA,UNRESOLVED_IDENTITY,M0,E0,QUARANTINE_UNTIL_DEFINED,TASK99_MACHINE_TRIAGED_EXPLICIT_QUARANTINE,1,0,0
IMPLICIT-E2A3DD1E4EEBA9B4,UNRESOLVED_IDENTITY,M0,E0,QUARANTINE_UNTIL_DEFINED,TASK99_MACHINE_TRIAGED_EXPLICIT_QUARANTINE,1,0,0
IMPLICIT-E2AD19A6CC41F412,UNRESOLVED_IDENTITY,M0,E0,QUARANTINE_UNTIL_DEFINED,TASK99_MACHINE_TRIAGED_EXPLICIT_QUARANTINE,1,0,0
IMPLICIT-E2C1A2A8692DA1BF,ALGORITHM_OR_WORKFLOW,M1,E0,KEEP_AS_ALGORITHM,TASK99_REPOSITORY_EVIDENCE_ADJUDICATED,1,0,0
IMPLICIT-E2C51574C136F47F,UNRESOLVED_IDENTITY,M0,E0,QUARANTINE_UNTIL_DEFINED,TASK99_MACHINE_TRIAGED_EXPLICIT_QUARANTINE,1,0,0
IMPLICIT-E2C7E822443419AA,UNRESOLVED_IDENTITY,M0,E0,QUARANTINE_UNTIL_DEFINED,TASK99_MACHINE_TRIAGED_EXPLICIT_QUARANTINE,1,0,0
IMPLICIT-E2C9AEC839E10C01,ALGORITHM_OR_WORKFLOW,M1,E0,KEEP_AS_ALGORITHM,TASK99_REPOSITORY_EVIDENCE_ADJUDICATED,1,0,0
IMPLICIT-E2E6E7CC6CFAF585,ALGORITHM_OR_WORKFLOW,M1,E0,KEEP_AS_ALGORITHM,TASK99_REPOSITORY_EVIDENCE_ADJUDICATED,1,0,0
IMPLICIT-E2F5159CD350621C,ALGORITHM_OR_WORKFLOW,M1,E0,KEEP_AS_ALGORITHM,TASK99_REPOSITORY_EVIDENCE_ADJUDICATED,1,0,0
IMPLICIT-E2F68DF470C186DC,UNRESOLVED_IDENTITY,M0,E0,QUARANTINE_UNTIL_DEFINED,TASK99_MACHINE_TRIAGED_EXPLICIT_QUARANTINE,1,0,0
IMPLICIT-E305BCF7D44AB8E4,UNRESOLVED_IDENTITY,M0,E0,QUARANTINE_UNTIL_DEFINED,TASK99_MACHINE_TRIAGED_EXPLICIT_QUARANTINE,1,0,0
IMPLICIT-E310DAC154ACFE38,UNRESOLVED_IDENTITY,M0,E0,QUARANTINE_UNTIL_DEFINED,TASK99_MACHINE_TRIAGED_EXPLICIT_QUARANTINE,1,0,0
IMPLICIT-E3237832E5BAAF53,UNRESOLVED_IDENTITY,M0,E0,QUARANTINE_UNTIL_DEFINED,TASK99_MACHINE_TRIAGED_EXPLICIT_QUARANTINE,1,0,0
IMPLICIT-E328C6FF66A46829,ALGORITHM_OR_WORKFLOW,M1,E0,KEEP_AS_ALGORITHM,TASK99_REPOSITORY_EVIDENCE_ADJUDICATED,1,0,0
IMPLICIT-E335795D3B4609F4,ALGORITHM_OR_WORKFLOW,M1,E0,KEEP_AS_ALGORITHM,TASK99_REPOSITORY_EVIDENCE_ADJUDICATED,1,0,0
IMPLICIT-E3570D46F135890B,UNRESOLVED_IDENTITY,M0,E0,QUARANTINE_UNTIL_DEFINED,TASK99_MACHINE_TRIAGED_EXPLICIT_QUARANTINE,1,0,0
IMPLICIT-E37D6B6058BDF2DF,ALGORITHM_OR_WORKFLOW,M1,E0,KEEP_AS_ALGORITHM,TASK99_REPOSITORY_EVIDENCE_ADJUDICATED,1,0,0
IMPLICIT-E37F73DFE10C1D12,ALGORITHM_OR_WORKFLOW,M1,E0,KEEP_AS_ALGORITHM,TASK99_REPOSITORY_EVIDENCE_ADJUDICATED,1,0,0
IMPLICIT-E38289BB4A26ECD3,ALGORITHM_OR_WORKFLOW,M1,E0,KEEP_AS_ALGORITHM,TASK99_REPOSITORY_EVIDENCE_ADJUDICATED,1,0,0
IMPLICIT-E3A65904F4440004,UNRESOLVED_IDENTITY,M0,E0,QUARANTINE_UNTIL_DEFINED,TASK99_MACHINE_TRIAGED_EXPLICIT_QUARANTINE,1,0,0
IMPLICIT-E3B3CCC9D4851213,UNRESOLVED_IDENTITY,M0,E0,QUARANTINE_UNTIL_DEFINED,TASK99_MACHINE_TRIAGED_EXPLICIT_QUARANTINE,1,0,0
IMPLICIT-E3B64258B6A047FC,UNRESOLVED_IDENTITY,M0,E0,QUARANTINE_UNTIL_DEFINED,TASK99_MACHINE_TRIAGED_EXPLICIT_QUARANTINE,1,0,0
IMPLICIT-E3E5C247F4399CE9,UNRESOLVED_IDENTITY,M0,E0,QUARANTINE_UNTIL_DEFINED,TASK99_MACHINE_TRIAGED_EXPLICIT_QUARANTINE,1,0,0
IMPLICIT-E3E61D069F83D5F3,UNRESOLVED_IDENTITY,M0,E0,QUARANTINE_UNTIL_DEFINED,TASK99_MACHINE_TRIAGED_EXPLICIT_QUARANTINE,1,0,0
IMPLICIT-E3F38A5CD5858F42,UNRESOLVED_IDENTITY,M0,E0,QUARANTINE_UNTIL_DEFINED,TASK99_MACHINE_TRIAGED_EXPLICIT_QUARANTINE,1,0,0
IMPLICIT-E3F4DFAAE0B1EB44,UNRESOLVED_IDENTITY,M0,E0,QUARANTINE_UNTIL_DEFINED,TASK99_MACHINE_TRIAGED_EXPLICIT_QUARANTINE,1,0,0
IMPLICIT-E415BC8683FABE7E,UNRESOLVED_IDENTITY,M0,E0,QUARANTINE_UNTIL_DEFINED,TASK99_MACHINE_TRIAGED_EXPLICIT_QUARANTINE,1,0,0
IMPLICIT-E442DA273C9D9CE2,UNRESOLVED_IDENTITY,M0,E0,QUARANTINE_UNTIL_DEFINED,TASK99_MACHINE_TRIAGED_EXPLICIT_QUARANTINE,1,0,0
IMPLICIT-E445E0BF8B77A2E8,UNRESOLVED_IDENTITY,M0,E0,QUARANTINE_UNTIL_DEFINED,TASK99_MACHINE_TRIAGED_EXPLICIT_QUARANTINE,1,0,0
IMPLICIT-E44FEF23BAE4AAE7,UNRESOLVED_IDENTITY,M0,E0,QUARANTINE_UNTIL_DEFINED,TASK99_MACHINE_TRIAGED_EXPLICIT_QUARANTINE,1,0,0
IMPLICIT-E45F2236AEE97D56,UNRESOLVED_IDENTITY,M0,E0,QUARANTINE_UNTIL_DEFINED,TASK99_MACHINE_TRIAGED_EXPLICIT_QUARANTINE,1,0,0
IMPLICIT-E463DBCCBC57B7C3,UNRESOLVED_IDENTITY,M0,E0,QUARANTINE_UNTIL_DEFINED,TASK99_MACHINE_TRIAGED_EXPLICIT_QUARANTINE,1,0,0
IMPLICIT-E46534969611244C,UNRESOLVED_IDENTITY,M0,E0,QUARANTINE_UNTIL_DEFINED,TASK99_MACHINE_TRIAGED_EXPLICIT_QUARANTINE,1,0,0
IMPLICIT-E47EFC556D2DBA09,UNRESOLVED_IDENTITY,M0,E0,QUARANTINE_UNTIL_DEFINED,TASK99_MACHINE_TRIAGED_EXPLICIT_QUARANTINE,1,0,0
IMPLICIT-E488DE43D57A5F4D,ALGORITHM_OR_WORKFLOW,M2,E0,KEEP_AS_ALGORITHM,TASK99_REPOSITORY_EVIDENCE_ADJUDICATED,1,0,0
IMPLICIT-E48DA376BE69E3CC,UNRESOLVED_IDENTITY,M0,E0,QUARANTINE_UNTIL_DEFINED,TASK99_MACHINE_TRIAGED_EXPLICIT_QUARANTINE,1,0,0
IMPLICIT-E48FEAA200BD6A0C,UNRESOLVED_IDENTITY,M0,E0,QUARANTINE_UNTIL_DEFINED,TASK99_MACHINE_TRIAGED_EXPLICIT_QUARANTINE,1,0,0
IMPLICIT-E491F3CB5EE3E354,UNRESOLVED_IDENTITY,M0,E0,QUARANTINE_UNTIL_DEFINED,TASK99_MACHINE_TRIAGED_EXPLICIT_QUARANTINE,1,0,0
IMPLICIT-E4A0B88356AECA62,ALGORITHM_OR_WORKFLOW,M1,E0,KEEP_AS_ALGORITHM,TASK99_REPOSITORY_EVIDENCE_ADJUDICATED,1,0,0
IMPLICIT-E4AA05215222AEFE,UNRESOLVED_IDENTITY,M0,E0,QUARANTINE_UNTIL_DEFINED,TASK99_MACHINE_TRIAGED_EXPLICIT_QUARANTINE,1,0,0
IMPLICIT-E4B27A7E68E68413,UNRESOLVED_IDENTITY,M0,E0,QUARANTINE_UNTIL_DEFINED,TASK99_MACHINE_TRIAGED_EXPLICIT_QUARANTINE,1,0,0
IMPLICIT-E4B4C6A735657CCD,UNRESOLVED_IDENTITY,M0,E0,QUARANTINE_UNTIL_DEFINED,TASK99_MACHINE_TRIAGED_EXPLICIT_QUARANTINE,1,0,0
IMPLICIT-E4CD4C82F3BF4AB3,ALGORITHM_OR_WORKFLOW,M1,E0,KEEP_AS_ALGORITHM,TASK99_REPOSITORY_EVIDENCE_ADJUDICATED,1,0,0
IMPLICIT-E4CF7945FE64EAF9,UNRESOLVED_IDENTITY,M0,E0,QUARANTINE_UNTIL_DEFINED,TASK99_MACHINE_TRIAGED_EXPLICIT_QUARANTINE,1,0,0
IMPLICIT-E4D6D5A3CD0363D5,UNRESOLVED_IDENTITY,M0,E0,QUARANTINE_UNTIL_DEFINED,TASK99_MACHINE_TRIAGED_EXPLICIT_QUARANTINE,1,0,0
IMPLICIT-E4FD50D031A0F870,UNRESOLVED_IDENTITY,M0,E0,QUARANTINE_UNTIL_DEFINED,TASK99_MACHINE_TRIAGED_EXPLICIT_QUARANTINE,1,0,0
IMPLICIT-E4FFDE9BBB055C06,UNRESOLVED_IDENTITY,M0,E0,QUARANTINE_UNTIL_DEFINED,TASK99_MACHINE_TRIAGED_EXPLICIT_QUARANTINE,1,0,0
IMPLICIT-E510519C145C0EA6,ALGORITHM_OR_WORKFLOW,M1,E0,KEEP_AS_ALGORITHM,TASK99_REPOSITORY_EVIDENCE_ADJUDICATED,1,0,0
IMPLICIT-E511408094FB26AA,ALGORITHM_OR_WORKFLOW,M1,E0,KEEP_AS_ALGORITHM,TASK99_REPOSITORY_EVIDENCE_ADJUDICATED,1,0,0
IMPLICIT-E517B00B51074387,UNRESOLVED_IDENTITY,M0,E0,QUARANTINE_UNTIL_DEFINED,TASK99_MACHINE_TRIAGED_EXPLICIT_QUARANTINE,1,0,0
IMPLICIT-E51AC76294648D92,UNRESOLVED_IDENTITY,M0,E0,QUARANTINE_UNTIL_DEFINED,TASK99_MACHINE_TRIAGED_EXPLICIT_QUARANTINE,1,0,0
IMPLICIT-E51BC36A56575738,UNRESOLVED_IDENTITY,M0,E0,QUARANTINE_UNTIL_DEFINED,TASK99_MACHINE_TRIAGED_EXPLICIT_QUARANTINE,1,0,0
IMPLICIT-E52226143CC87F5D,UNRESOLVED_IDENTITY,M0,E0,QUARANTINE_UNTIL_DEFINED,TASK99_MACHINE_TRIAGED_EXPLICIT_QUARANTINE,1,0,0
IMPLICIT-E53606BBF5059A25,UNRESOLVED_IDENTITY,M0,E0,QUARANTINE_UNTIL_DEFINED,TASK99_MACHINE_TRIAGED_EXPLICIT_QUARANTINE,1,0,0
IMPLICIT-E55A092548F0C81C,UNRESOLVED_IDENTITY,M0,E0,QUARANTINE_UNTIL_DEFINED,TASK99_MACHINE_TRIAGED_EXPLICIT_QUARANTINE,1,0,0
IMPLICIT-E57086F68CC1B4A0,UNRESOLVED_IDENTITY,M0,E0,QUARANTINE_UNTIL_DEFINED,TASK99_MACHINE_TRIAGED_EXPLICIT_QUARANTINE,1,0,0
IMPLICIT-E580D334F2A8DD7D,UNRESOLVED_IDENTITY,M0,E0,QUARANTINE_UNTIL_DEFINED,TASK99_MACHINE_TRIAGED_EXPLICIT_QUARANTINE,1,0,0
IMPLICIT-E58D9D7C1E225919,ALGORITHM_OR_WORKFLOW,M1,E0,KEEP_AS_ALGORITHM,TASK99_REPOSITORY_EVIDENCE_ADJUDICATED,1,0,0
IMPLICIT-E5B9918A41F87B7C,UNRESOLVED_IDENTITY,M0,E0,QUARANTINE_UNTIL_DEFINED,TASK99_MACHINE_TRIAGED_EXPLICIT_QUARANTINE,1,0,0
IMPLICIT-E5BE2EF56D007D21,UNRESOLVED_IDENTITY,M0,E0,QUARANTINE_UNTIL_DEFINED,TASK99_MACHINE_TRIAGED_EXPLICIT_QUARANTINE,1,0,0
IMPLICIT-E5D289A8FC58C0BD,UNRESOLVED_IDENTITY,M0,E0,QUARANTINE_UNTIL_DEFINED,TASK99_MACHINE_TRIAGED_EXPLICIT_QUARANTINE,1,0,0
IMPLICIT-E5DF4F35517267BC,ALGORITHM_OR_WORKFLOW,M1,E0,KEEP_AS_ALGORITHM,TASK99_REPOSITORY_EVIDENCE_ADJUDICATED,1,0,0
IMPLICIT-E5F5DE20FC2FFCE0,ALGORITHM_OR_WORKFLOW,M1,E0,KEEP_AS_ALGORITHM,TASK99_REPOSITORY_EVIDENCE_ADJUDICATED,1,0,0
IMPLICIT-E618DED2AB45684A,ALGORITHM_OR_WORKFLOW,M1,E0,KEEP_AS_ALGORITHM,TASK99_REPOSITORY_EVIDENCE_ADJUDICATED,1,0,0
IMPLICIT-E61F6D30E7BB15B0,ALGORITHM_OR_WORKFLOW,M1,E0,KEEP_AS_ALGORITHM,TASK99_REPOSITORY_EVIDENCE_ADJUDICATED,1,0,0
IMPLICIT-E63012725A7EC78C,UNRESOLVED_IDENTITY,M0,E0,QUARANTINE_UNTIL_DEFINED,TASK99_MACHINE_TRIAGED_EXPLICIT_QUARANTINE,1,0,0
IMPLICIT-E63B7C30949FE01C,UNRESOLVED_IDENTITY,M0,E0,QUARANTINE_UNTIL_DEFINED,TASK99_MACHINE_TRIAGED_EXPLICIT_QUARANTINE,1,0,0
IMPLICIT-E63DC3C8368C8DC9,UNRESOLVED_IDENTITY,M0,E0,QUARANTINE_UNTIL_DEFINED,TASK99_MACHINE_TRIAGED_EXPLICIT_QUARANTINE,1,0,0
IMPLICIT-E64B495E169582CD,UNRESOLVED_IDENTITY,M0,E0,QUARANTINE_UNTIL_DEFINED,TASK99_MACHINE_TRIAGED_EXPLICIT_QUARANTINE,1,0,0
IMPLICIT-E6727C7F280895AE,UNRESOLVED_IDENTITY,M0,E0,QUARANTINE_UNTIL_DEFINED,TASK99_MACHINE_TRIAGED_EXPLICIT_QUARANTINE,1,0,0
IMPLICIT-E6D12780AAF42462,UNRESOLVED_IDENTITY,M0,E0,QUARANTINE_UNTIL_DEFINED,TASK99_MACHINE_TRIAGED_EXPLICIT_QUARANTINE,1,0,0
IMPLICIT-E6D3A63775F46991,UNRESOLVED_IDENTITY,M0,E0,QUARANTINE_UNTIL_DEFINED,TASK99_MACHINE_TRIAGED_EXPLICIT_QUARANTINE,1,0,0
IMPLICIT-E6E0EDC1B5D2F30A,ALGORITHM_OR_WORKFLOW,M2,E0,KEEP_AS_ALGORITHM,TASK99_REPOSITORY_EVIDENCE_ADJUDICATED,1,0,0
IMPLICIT-E6F5972C4CCCC27B,ALGORITHM_OR_WORKFLOW,M1,E0,KEEP_AS_ALGORITHM,TASK99_REPOSITORY_EVIDENCE_ADJUDICATED,1,0,0
IMPLICIT-E70E96219B334BE8,UNRESOLVED_IDENTITY,M0,E0,QUARANTINE_UNTIL_DEFINED,TASK99_MACHINE_TRIAGED_EXPLICIT_QUARANTINE,1,0,0
IMPLICIT-E715AC9F16309029,UNRESOLVED_IDENTITY,M0,E0,QUARANTINE_UNTIL_DEFINED,TASK99_MACHINE_TRIAGED_EXPLICIT_QUARANTINE,1,0,0
IMPLICIT-E71E96D0FE460AA4,UNRESOLVED_IDENTITY,M0,E0,QUARANTINE_UNTIL_DEFINED,TASK99_MACHINE_TRIAGED_EXPLICIT_QUARANTINE,1,0,0
IMPLICIT-E7327DFB15E8D0FD,UNRESOLVED_IDENTITY,M0,E0,QUARANTINE_UNTIL_DEFINED,TASK99_MACHINE_TRIAGED_EXPLICIT_QUARANTINE,1,0,0
IMPLICIT-E7372B52B8E521F6,ALGORITHM_OR_WORKFLOW,M2,E0,KEEP_AS_ALGORITHM,TASK99_REPOSITORY_EVIDENCE_ADJUDICATED,1,0,0
IMPLICIT-E75B641CDF538337,UNRESOLVED_IDENTITY,M0,E0,QUARANTINE_UNTIL_DEFINED,TASK99_MACHINE_TRIAGED_EXPLICIT_QUARANTINE,1,0,0
IMPLICIT-E75EF461F245D033,UNRESOLVED_IDENTITY,M0,E0,QUARANTINE_UNTIL_DEFINED,TASK99_MACHINE_TRIAGED_EXPLICIT_QUARANTINE,1,0,0
IMPLICIT-E77F83DA0229BB2B,ALGORITHM_OR_WORKFLOW,M1,E0,KEEP_AS_ALGORITHM,TASK99_REPOSITORY_EVIDENCE_ADJUDICATED,1,0,0
IMPLICIT-E78D446E02CAF3C0,UNRESOLVED_IDENTITY,M0,E0,QUARANTINE_UNTIL_DEFINED,TASK99_MACHINE_TRIAGED_EXPLICIT_QUARANTINE,1,0,0
IMPLICIT-E78E97D3E4F9D62D,UNRESOLVED_IDENTITY,M0,E0,QUARANTINE_UNTIL_DEFINED,TASK99_MACHINE_TRIAGED_EXPLICIT_QUARANTINE,1,0,0
IMPLICIT-E78FDEB0671E22C0,UNRESOLVED_IDENTITY,M0,E0,QUARANTINE_UNTIL_DEFINED,TASK99_MACHINE_TRIAGED_EXPLICIT_QUARANTINE,1,0,0
IMPLICIT-E796FB4959FE637C,ALGORITHM_OR_WORKFLOW,M1,E0,KEEP_AS_ALGORITHM,TASK99_REPOSITORY_EVIDENCE_ADJUDICATED,1,0,0
IMPLICIT-E79BE514CDAC6207,UNRESOLVED_IDENTITY,M0,E0,QUARANTINE_UNTIL_DEFINED,TASK99_MACHINE_TRIAGED_EXPLICIT_QUARANTINE,1,0,0
IMPLICIT-E79DBE394DE8DD9D,UNRESOLVED_IDENTITY,M0,E0,QUARANTINE_UNTIL_DEFINED,TASK99_MACHINE_TRIAGED_EXPLICIT_QUARANTINE,1,0,0
IMPLICIT-E7ABC4B7F946B410,UNRESOLVED_IDENTITY,M0,E0,QUARANTINE_UNTIL_DEFINED,TASK99_MACHINE_TRIAGED_EXPLICIT_QUARANTINE,1,0,0
IMPLICIT-E7ADCA0057B9F0D3,ALGORITHM_OR_WORKFLOW,M1,E0,KEEP_AS_ALGORITHM,TASK99_REPOSITORY_EVIDENCE_ADJUDICATED,1,0,0
IMPLICIT-E7ADFAD58ABEFF05,UNRESOLVED_IDENTITY,M0,E0,QUARANTINE_UNTIL_DEFINED,TASK99_MACHINE_TRIAGED_EXPLICIT_QUARANTINE,1,0,0
IMPLICIT-E7AEA8700B40D380,ALGORITHM_OR_WORKFLOW,M1,E0,KEEP_AS_ALGORITHM,TASK99_REPOSITORY_EVIDENCE_ADJUDICATED,1,0,0
IMPLICIT-E7C6F08A18B15190,UNRESOLVED_IDENTITY,M0,E0,QUARANTINE_UNTIL_DEFINED,TASK99_MACHINE_TRIAGED_EXPLICIT_QUARANTINE,1,0,0
IMPLICIT-E7D4A3B7248A5AE4,UNRESOLVED_IDENTITY,M0,E0,QUARANTINE_UNTIL_DEFINED,TASK99_MACHINE_TRIAGED_EXPLICIT_QUARANTINE,1,0,0
IMPLICIT-E7FEDB61D3DB440C,UNRESOLVED_IDENTITY,M0,E0,QUARANTINE_UNTIL_DEFINED,TASK99_MACHINE_TRIAGED_EXPLICIT_QUARANTINE,1,0,0
IMPLICIT-E807387566D5C28B,ALGORITHM_OR_WORKFLOW,M1,E0,KEEP_AS_ALGORITHM,TASK99_REPOSITORY_EVIDENCE_ADJUDICATED,1,0,0
IMPLICIT-E81935F588890D86,UNRESOLVED_IDENTITY,M0,E0,QUARANTINE_UNTIL_DEFINED,TASK99_MACHINE_TRIAGED_EXPLICIT_QUARANTINE,1,0,0
IMPLICIT-E81A842EA6C1FD0F,UNRESOLVED_IDENTITY,M0,E0,QUARANTINE_UNTIL_DEFINED,TASK99_MACHINE_TRIAGED_EXPLICIT_QUARANTINE,1,0,0
IMPLICIT-E82A80D272DDFDD1,UNRESOLVED_IDENTITY,M0,E0,QUARANTINE_UNTIL_DEFINED,TASK99_MACHINE_TRIAGED_EXPLICIT_QUARANTINE,1,0,0
IMPLICIT-E83129CAEC0FAF95,UNRESOLVED_IDENTITY,M0,E0,QUARANTINE_UNTIL_DEFINED,TASK99_MACHINE_TRIAGED_EXPLICIT_QUARANTINE,1,0,0
IMPLICIT-E84097B9E41B8A35,UNRESOLVED_IDENTITY,M0,E0,QUARANTINE_UNTIL_DEFINED,TASK99_MACHINE_TRIAGED_EXPLICIT_QUARANTINE,1,0,0
IMPLICIT-E856A244370FBA32,ALGORITHM_OR_WORKFLOW,M1,E0,KEEP_AS_ALGORITHM,TASK99_REPOSITORY_EVIDENCE_ADJUDICATED,1,0,0
IMPLICIT-E863052E224B5612,ALGORITHM_OR_WORKFLOW,M1,E0,KEEP_AS_ALGORITHM,TASK99_REPOSITORY_EVIDENCE_ADJUDICATED,1,0,0
IMPLICIT-E87119997BCDB8CD,ALGORITHM_OR_WORKFLOW,M2,E0,KEEP_AS_ALGORITHM,TASK99_REPOSITORY_EVIDENCE_ADJUDICATED,1,0,0
IMPLICIT-E879F736E295926D,UNRESOLVED_IDENTITY,M0,E0,QUARANTINE_UNTIL_DEFINED,TASK99_MACHINE_TRIAGED_EXPLICIT_QUARANTINE,1,0,0
IMPLICIT-E87C44ECBC08DA63,ALGORITHM_OR_WORKFLOW,M2,E0,KEEP_AS_ALGORITHM,TASK99_REPOSITORY_EVIDENCE_ADJUDICATED,1,0,0
IMPLICIT-E882E1D9162E3201,UNRESOLVED_IDENTITY,M0,E0,QUARANTINE_UNTIL_DEFINED,TASK99_MACHINE_TRIAGED_EXPLICIT_QUARANTINE,1,0,0
IMPLICIT-E8AA7BC4B5335B74,UNRESOLVED_IDENTITY,M0,E0,QUARANTINE_UNTIL_DEFINED,TASK99_MACHINE_TRIAGED_EXPLICIT_QUARANTINE,1,0,0
IMPLICIT-E8D38B0AA0F81D2D,UNRESOLVED_IDENTITY,M0,E0,QUARANTINE_UNTIL_DEFINED,TASK99_MACHINE_TRIAGED_EXPLICIT_QUARANTINE,1,0,0
IMPLICIT-E8DF90D399CC6A6D,UNRESOLVED_IDENTITY,M0,E0,QUARANTINE_UNTIL_DEFINED,TASK99_MACHINE_TRIAGED_EXPLICIT_QUARANTINE,1,0,0
IMPLICIT-E8E710FB982DD223,ALGORITHM_OR_WORKFLOW,M1,E0,KEEP_AS_ALGORITHM,TASK99_REPOSITORY_EVIDENCE_ADJUDICATED,1,0,0
IMPLICIT-E9091BC0885AA4D7,UNRESOLVED_IDENTITY,M0,E0,QUARANTINE_UNTIL_DEFINED,TASK99_MACHINE_TRIAGED_EXPLICIT_QUARANTINE,1,0,0
IMPLICIT-E91A7E1DB24B965D,UNRESOLVED_IDENTITY,M0,E0,QUARANTINE_UNTIL_DEFINED,TASK99_MACHINE_TRIAGED_EXPLICIT_QUARANTINE,1,0,0
IMPLICIT-E922CA1A5DA731BD,ALGORITHM_OR_WORKFLOW,M1,E0,KEEP_AS_ALGORITHM,TASK99_REPOSITORY_EVIDENCE_ADJUDICATED,1,0,0
IMPLICIT-E927AA0A428F2740,ALGORITHM_OR_WORKFLOW,M1,E0,KEEP_AS_ALGORITHM,TASK99_REPOSITORY_EVIDENCE_ADJUDICATED,1,0,0
IMPLICIT-E92EB02A64BB97DD,UNRESOLVED_IDENTITY,M0,E0,QUARANTINE_UNTIL_DEFINED,TASK99_MACHINE_TRIAGED_EXPLICIT_QUARANTINE,1,0,0
IMPLICIT-E93166EA3BCEB037,ALGORITHM_OR_WORKFLOW,M2,E0,KEEP_AS_ALGORITHM,TASK99_REPOSITORY_EVIDENCE_ADJUDICATED,1,0,0
IMPLICIT-E93275C3AC93B3B7,UNRESOLVED_IDENTITY,M0,E0,QUARANTINE_UNTIL_DEFINED,TASK99_MACHINE_TRIAGED_EXPLICIT_QUARANTINE,1,0,0
IMPLICIT-E9390C11A2538865,UNRESOLVED_IDENTITY,M0,E0,QUARANTINE_UNTIL_DEFINED,TASK99_MACHINE_TRIAGED_EXPLICIT_QUARANTINE,1,0,0
IMPLICIT-E94402A55605333C,UNRESOLVED_IDENTITY,M0,E0,QUARANTINE_UNTIL_DEFINED,TASK99_MACHINE_TRIAGED_EXPLICIT_QUARANTINE,1,0,0
IMPLICIT-E95C104F9DD61704,ALGORITHM_OR_WORKFLOW,M1,E0,KEEP_AS_ALGORITHM,TASK99_REPOSITORY_EVIDENCE_ADJUDICATED,1,0,0
IMPLICIT-E966EB6D2B21A0E6,UNRESOLVED_IDENTITY,M0,E0,QUARANTINE_UNTIL_DEFINED,TASK99_MACHINE_TRIAGED_EXPLICIT_QUARANTINE,1,0,0
IMPLICIT-E980CFB868414159,UNRESOLVED_IDENTITY,M0,E0,QUARANTINE_UNTIL_DEFINED,TASK99_MACHINE_TRIAGED_EXPLICIT_QUARANTINE,1,0,0
IMPLICIT-E991CD3E3F7DCDDF,UNRESOLVED_IDENTITY,M0,E0,QUARANTINE_UNTIL_DEFINED,TASK99_MACHINE_TRIAGED_EXPLICIT_QUARANTINE,1,0,0
IMPLICIT-E99FA0E2D3A353D6,ALGORITHM_OR_WORKFLOW,M1,E0,KEEP_AS_ALGORITHM,TASK99_REPOSITORY_EVIDENCE_ADJUDICATED,1,0,0
IMPLICIT-E9A70803D287F393,UNRESOLVED_IDENTITY,M0,E0,QUARANTINE_UNTIL_DEFINED,TASK99_MACHINE_TRIAGED_EXPLICIT_QUARANTINE,1,0,0
IMPLICIT-E9A7B7C450F52717,UNRESOLVED_IDENTITY,M0,E0,QUARANTINE_UNTIL_DEFINED,TASK99_MACHINE_TRIAGED_EXPLICIT_QUARANTINE,1,0,0
IMPLICIT-E9AAB06E3ABC5FBB,UNRESOLVED_IDENTITY,M0,E0,QUARANTINE_UNTIL_DEFINED,TASK99_MACHINE_TRIAGED_EXPLICIT_QUARANTINE,1,0,0
IMPLICIT-E9BC41F68866C087,UNRESOLVED_IDENTITY,M0,E0,QUARANTINE_UNTIL_DEFINED,TASK99_MACHINE_TRIAGED_EXPLICIT_QUARANTINE,1,0,0
IMPLICIT-E9C92355D1FD4468,UNRESOLVED_IDENTITY,M0,E0,QUARANTINE_UNTIL_DEFINED,TASK99_MACHINE_TRIAGED_EXPLICIT_QUARANTINE,1,0,0
IMPLICIT-E9C95139F53CFF17,ALGORITHM_OR_WORKFLOW,M1,E0,KEEP_AS_ALGORITHM,TASK99_REPOSITORY_EVIDENCE_ADJUDICATED,1,0,0
IMPLICIT-E9DD820855EC5353,UNRESOLVED_IDENTITY,M0,E0,QUARANTINE_UNTIL_DEFINED,TASK99_MACHINE_TRIAGED_EXPLICIT_QUARANTINE,1,0,0
IMPLICIT-E9DEA5EEDE9AE66E,ALGORITHM_OR_WORKFLOW,M2,E0,KEEP_AS_ALGORITHM,TASK99_REPOSITORY_EVIDENCE_ADJUDICATED,1,0,0
IMPLICIT-E9E14EB6405DA666,UNRESOLVED_IDENTITY,M0,E0,QUARANTINE_UNTIL_DEFINED,TASK99_MACHINE_TRIAGED_EXPLICIT_QUARANTINE,1,0,0
IMPLICIT-E9EC855543D9BBF7,ALGORITHM_OR_WORKFLOW,M1,E0,KEEP_AS_ALGORITHM,TASK99_REPOSITORY_EVIDENCE_ADJUDICATED,1,0,0
IMPLICIT-E9F634430362F097,UNRESOLVED_IDENTITY,M0,E0,QUARANTINE_UNTIL_DEFINED,TASK99_MACHINE_TRIAGED_EXPLICIT_QUARANTINE,1,0,0
IMPLICIT-E9FE085576B8D616,ALGORITHM_OR_WORKFLOW,M1,E0,KEEP_AS_ALGORITHM,TASK99_REPOSITORY_EVIDENCE_ADJUDICATED,1,0,0
IMPLICIT-EA021F6A960D1919,UNRESOLVED_IDENTITY,M0,E0,QUARANTINE_UNTIL_DEFINED,TASK99_MACHINE_TRIAGED_EXPLICIT_QUARANTINE,1,0,0
IMPLICIT-EA13A6ED8849BF7E,UNRESOLVED_IDENTITY,M0,E0,QUARANTINE_UNTIL_DEFINED,TASK99_MACHINE_TRIAGED_EXPLICIT_QUARANTINE,1,0,0
IMPLICIT-EA1E527E775BBE49,UNRESOLVED_IDENTITY,M0,E0,QUARANTINE_UNTIL_DEFINED,TASK99_MACHINE_TRIAGED_EXPLICIT_QUARANTINE,1,0,0
IMPLICIT-EA20431FC0FA41BB,UNRESOLVED_IDENTITY,M0,E0,QUARANTINE_UNTIL_DEFINED,TASK99_MACHINE_TRIAGED_EXPLICIT_QUARANTINE,1,0,0
IMPLICIT-EA5A3CE5DDDDB985,ALGORITHM_OR_WORKFLOW,M1,E0,KEEP_AS_ALGORITHM,TASK99_REPOSITORY_EVIDENCE_ADJUDICATED,1,0,0
IMPLICIT-EA60691D100CE965,UNRESOLVED_IDENTITY,M0,E0,QUARANTINE_UNTIL_DEFINED,TASK99_MACHINE_TRIAGED_EXPLICIT_QUARANTINE,1,0,0
IMPLICIT-EA8A04D76A715E56,UNRESOLVED_IDENTITY,M0,E0,QUARANTINE_UNTIL_DEFINED,TASK99_MACHINE_TRIAGED_EXPLICIT_QUARANTINE,1,0,0
IMPLICIT-EA8E15AB2CE7AD24,ALGORITHM_OR_WORKFLOW,M1,E0,KEEP_AS_ALGORITHM,TASK99_REPOSITORY_EVIDENCE_ADJUDICATED,1,0,0
IMPLICIT-EAAE0BBE9C44F29C,UNRESOLVED_IDENTITY,M0,E0,QUARANTINE_UNTIL_DEFINED,TASK99_MACHINE_TRIAGED_EXPLICIT_QUARANTINE,1,0,0
IMPLICIT-EAE2CB1A3A60AAA1,UNRESOLVED_IDENTITY,M0,E0,QUARANTINE_UNTIL_DEFINED,TASK99_MACHINE_TRIAGED_EXPLICIT_QUARANTINE,1,0,0
IMPLICIT-EAF43298BE2DAE27,UNRESOLVED_IDENTITY,M0,E0,QUARANTINE_UNTIL_DEFINED,TASK99_MACHINE_TRIAGED_EXPLICIT_QUARANTINE,1,0,0
IMPLICIT-EAF5E65C7B869665,UNRESOLVED_IDENTITY,M0,E0,QUARANTINE_UNTIL_DEFINED,TASK99_MACHINE_TRIAGED_EXPLICIT_QUARANTINE,1,0,0
IMPLICIT-EAFFC1EA4193FE28,UNRESOLVED_IDENTITY,M0,E0,QUARANTINE_UNTIL_DEFINED,TASK99_MACHINE_TRIAGED_EXPLICIT_QUARANTINE,1,0,0
IMPLICIT-EB004FAFEF6F0C32,UNRESOLVED_IDENTITY,M0,E0,QUARANTINE_UNTIL_DEFINED,TASK99_MACHINE_TRIAGED_EXPLICIT_QUARANTINE,1,0,0
IMPLICIT-EB05D8BD595FC51F,UNRESOLVED_IDENTITY,M0,E0,QUARANTINE_UNTIL_DEFINED,TASK99_MACHINE_TRIAGED_EXPLICIT_QUARANTINE,1,0,0
IMPLICIT-EB071A704BE589B6,ALGORITHM_OR_WORKFLOW,M2,E0,KEEP_AS_ALGORITHM,TASK99_REPOSITORY_EVIDENCE_ADJUDICATED,1,0,0
IMPLICIT-EB09DD5811AA1B23,ALGORITHM_OR_WORKFLOW,M1,E0,KEEP_AS_ALGORITHM,TASK99_REPOSITORY_EVIDENCE_ADJUDICATED,1,0,0
IMPLICIT-EB2D8345BC44158B,UNRESOLVED_IDENTITY,M0,E0,QUARANTINE_UNTIL_DEFINED,TASK99_MACHINE_TRIAGED_EXPLICIT_QUARANTINE,1,0,0
IMPLICIT-EB375B21AE8B77C9,UNRESOLVED_IDENTITY,M0,E0,QUARANTINE_UNTIL_DEFINED,TASK99_MACHINE_TRIAGED_EXPLICIT_QUARANTINE,1,0,0
IMPLICIT-EB4189288B258A1A,UNRESOLVED_IDENTITY,M0,E0,QUARANTINE_UNTIL_DEFINED,TASK99_MACHINE_TRIAGED_EXPLICIT_QUARANTINE,1,0,0
IMPLICIT-EB4476999A849D01,ALGORITHM_OR_WORKFLOW,M2,E0,KEEP_AS_ALGORITHM,TASK99_REPOSITORY_EVIDENCE_ADJUDICATED,1,0,0
IMPLICIT-EB528AB6D7EA6571,ALGORITHM_OR_WORKFLOW,M2,E0,KEEP_AS_ALGORITHM,TASK99_REPOSITORY_EVIDENCE_ADJUDICATED,1,0,0
IMPLICIT-EB591795B7EC7994,UNRESOLVED_IDENTITY,M0,E0,QUARANTINE_UNTIL_DEFINED,TASK99_MACHINE_TRIAGED_EXPLICIT_QUARANTINE,1,0,0
IMPLICIT-EB5D585323D60C43,UNRESOLVED_IDENTITY,M0,E0,QUARANTINE_UNTIL_DEFINED,TASK99_MACHINE_TRIAGED_EXPLICIT_QUARANTINE,1,0,0
IMPLICIT-EB6206C30AA5A62C,UNRESOLVED_IDENTITY,M0,E0,QUARANTINE_UNTIL_DEFINED,TASK99_MACHINE_TRIAGED_EXPLICIT_QUARANTINE,1,0,0
IMPLICIT-EB64015334574EF1,UNRESOLVED_IDENTITY,M0,E0,QUARANTINE_UNTIL_DEFINED,TASK99_MACHINE_TRIAGED_EXPLICIT_QUARANTINE,1,0,0
IMPLICIT-EB6F6AA143E1AFDA,ALGORITHM_OR_WORKFLOW,M1,E0,KEEP_AS_ALGORITHM,TASK99_REPOSITORY_EVIDENCE_ADJUDICATED,1,0,0
IMPLICIT-EB725629F3677F4E,ALGORITHM_OR_WORKFLOW,M2,E0,KEEP_AS_ALGORITHM,TASK99_REPOSITORY_EVIDENCE_ADJUDICATED,1,0,0
IMPLICIT-EB756BB7FF5EAEC6,UNRESOLVED_IDENTITY,M0,E0,QUARANTINE_UNTIL_DEFINED,TASK99_MACHINE_TRIAGED_EXPLICIT_QUARANTINE,1,0,0
IMPLICIT-EB7B89E8311DE6C7,UNRESOLVED_IDENTITY,M0,E0,QUARANTINE_UNTIL_DEFINED,TASK99_MACHINE_TRIAGED_EXPLICIT_QUARANTINE,1,0,0
IMPLICIT-EB8E4C58B7701508,ALGORITHM_OR_WORKFLOW,M1,E0,KEEP_AS_ALGORITHM,TASK99_REPOSITORY_EVIDENCE_ADJUDICATED,1,0,0
IMPLICIT-EB9129FBDAFB01B6,UNRESOLVED_IDENTITY,M0,E0,QUARANTINE_UNTIL_DEFINED,TASK99_MACHINE_TRIAGED_EXPLICIT_QUARANTINE,1,0,0
IMPLICIT-EB9B153DA1B607E2,UNRESOLVED_IDENTITY,M0,E0,QUARANTINE_UNTIL_DEFINED,TASK99_MACHINE_TRIAGED_EXPLICIT_QUARANTINE,1,0,0
IMPLICIT-EBA0C4D58955C755,UNRESOLVED_IDENTITY,M0,E0,QUARANTINE_UNTIL_DEFINED,TASK99_MACHINE_TRIAGED_EXPLICIT_QUARANTINE,1,0,0
IMPLICIT-EBA4AFE56FC097F5,ALGORITHM_OR_WORKFLOW,M1,E0,KEEP_AS_ALGORITHM,TASK99_REPOSITORY_EVIDENCE_ADJUDICATED,1,0,0
IMPLICIT-EBA950E4940DBAA1,UNRESOLVED_IDENTITY,M0,E0,QUARANTINE_UNTIL_DEFINED,TASK99_MACHINE_TRIAGED_EXPLICIT_QUARANTINE,1,0,0
IMPLICIT-EBD1F1A6F41DDDD8,ALGORITHM_OR_WORKFLOW,M1,E0,KEEP_AS_ALGORITHM,TASK99_REPOSITORY_EVIDENCE_ADJUDICATED,1,0,0
IMPLICIT-EBDEA8E739CFE6A4,ALGORITHM_OR_WORKFLOW,M1,E0,KEEP_AS_ALGORITHM,TASK99_REPOSITORY_EVIDENCE_ADJUDICATED,1,0,0
IMPLICIT-EBF009DB2763F66C,UNRESOLVED_IDENTITY,M0,E0,QUARANTINE_UNTIL_DEFINED,TASK99_MACHINE_TRIAGED_EXPLICIT_QUARANTINE,1,0,0
IMPLICIT-EC17C100F8F6490C,UNRESOLVED_IDENTITY,M0,E0,QUARANTINE_UNTIL_DEFINED,TASK99_MACHINE_TRIAGED_EXPLICIT_QUARANTINE,1,0,0
IMPLICIT-EC1AD306BB1E9947,ALGORITHM_OR_WORKFLOW,M2,E0,KEEP_AS_ALGORITHM,TASK99_REPOSITORY_EVIDENCE_ADJUDICATED,1,0,0
IMPLICIT-EC2CE43A5B6EEF0F,ALGORITHM_OR_WORKFLOW,M1,E0,KEEP_AS_ALGORITHM,TASK99_REPOSITORY_EVIDENCE_ADJUDICATED,1,0,0
IMPLICIT-EC36806C993ADFFD,UNRESOLVED_IDENTITY,M0,E0,QUARANTINE_UNTIL_DEFINED,TASK99_MACHINE_TRIAGED_EXPLICIT_QUARANTINE,1,0,0
IMPLICIT-EC3EFADB10EF2053,ALGORITHM_OR_WORKFLOW,M1,E0,KEEP_AS_ALGORITHM,TASK99_REPOSITORY_EVIDENCE_ADJUDICATED,1,0,0
IMPLICIT-EC4D8A58E2C046EE,UNRESOLVED_IDENTITY,M0,E0,QUARANTINE_UNTIL_DEFINED,TASK99_MACHINE_TRIAGED_EXPLICIT_QUARANTINE,1,0,0
IMPLICIT-EC5191EAF2DA07CC,UNRESOLVED_IDENTITY,M0,E0,QUARANTINE_UNTIL_DEFINED,TASK99_MACHINE_TRIAGED_EXPLICIT_QUARANTINE,1,0,0
IMPLICIT-EC58F5C8C7538AA4,UNRESOLVED_IDENTITY,M0,E0,QUARANTINE_UNTIL_DEFINED,TASK99_MACHINE_TRIAGED_EXPLICIT_QUARANTINE,1,0,0
IMPLICIT-EC597DE913BBA48E,UNRESOLVED_IDENTITY,M0,E0,QUARANTINE_UNTIL_DEFINED,TASK99_MACHINE_TRIAGED_EXPLICIT_QUARANTINE,1,0,0
IMPLICIT-EC5D17E9E621CCE4,ALGORITHM_OR_WORKFLOW,M1,E0,KEEP_AS_ALGORITHM,TASK99_REPOSITORY_EVIDENCE_ADJUDICATED,1,0,0
IMPLICIT-EC825BCC90442F78,ALGORITHM_OR_WORKFLOW,M2,E0,KEEP_AS_ALGORITHM,TASK99_REPOSITORY_EVIDENCE_ADJUDICATED,1,0,0
IMPLICIT-EC8310C73C7D720C,UNRESOLVED_IDENTITY,M0,E0,QUARANTINE_UNTIL_DEFINED,TASK99_MACHINE_TRIAGED_EXPLICIT_QUARANTINE,1,0,0
IMPLICIT-ECA21DD2CD433C7A,UNRESOLVED_IDENTITY,M0,E0,QUARANTINE_UNTIL_DEFINED,TASK99_MACHINE_TRIAGED_EXPLICIT_QUARANTINE,1,0,0
IMPLICIT-ECAC4B94BB052FC1,UNRESOLVED_IDENTITY,M0,E0,QUARANTINE_UNTIL_DEFINED,TASK99_MACHINE_TRIAGED_EXPLICIT_QUARANTINE,1,0,0
IMPLICIT-ECD2CC2E68151614,ALGORITHM_OR_WORKFLOW,M1,E0,KEEP_AS_ALGORITHM,TASK99_REPOSITORY_EVIDENCE_ADJUDICATED,1,0,0
IMPLICIT-ECE12C2FF35AECEB,UNRESOLVED_IDENTITY,M0,E0,QUARANTINE_UNTIL_DEFINED,TASK99_MACHINE_TRIAGED_EXPLICIT_QUARANTINE,1,0,0
IMPLICIT-ECF28841F8FFD239,ALGORITHM_OR_WORKFLOW,M1,E0,KEEP_AS_ALGORITHM,TASK99_REPOSITORY_EVIDENCE_ADJUDICATED,1,0,0
IMPLICIT-ECF460C1BE11C3A6,UNRESOLVED_IDENTITY,M0,E0,QUARANTINE_UNTIL_DEFINED,TASK99_MACHINE_TRIAGED_EXPLICIT_QUARANTINE,1,0,0
IMPLICIT-ED075B2D8DC70D27,UNRESOLVED_IDENTITY,M0,E0,QUARANTINE_UNTIL_DEFINED,TASK99_MACHINE_TRIAGED_EXPLICIT_QUARANTINE,1,0,0
IMPLICIT-ED2EB839130102D4,UNRESOLVED_IDENTITY,M0,E0,QUARANTINE_UNTIL_DEFINED,TASK99_MACHINE_TRIAGED_EXPLICIT_QUARANTINE,1,0,0
IMPLICIT-ED34CCF4FDEC60DC,UNRESOLVED_IDENTITY,M0,E0,QUARANTINE_UNTIL_DEFINED,TASK99_MACHINE_TRIAGED_EXPLICIT_QUARANTINE,1,0,0
IMPLICIT-ED4065B81C90ABB1,UNRESOLVED_IDENTITY,M0,E0,QUARANTINE_UNTIL_DEFINED,TASK99_MACHINE_TRIAGED_EXPLICIT_QUARANTINE,1,0,0
IMPLICIT-ED434DF2C7C50934,UNRESOLVED_IDENTITY,M0,E0,QUARANTINE_UNTIL_DEFINED,TASK99_MACHINE_TRIAGED_EXPLICIT_QUARANTINE,1,0,0
IMPLICIT-ED4815610B28AFD2,UNRESOLVED_IDENTITY,M0,E0,QUARANTINE_UNTIL_DEFINED,TASK99_MACHINE_TRIAGED_EXPLICIT_QUARANTINE,1,0,0
IMPLICIT-ED64C80DF57E9305,UNRESOLVED_IDENTITY,M0,E0,QUARANTINE_UNTIL_DEFINED,TASK99_MACHINE_TRIAGED_EXPLICIT_QUARANTINE,1,0,0
IMPLICIT-ED819435C53B712B,UNRESOLVED_IDENTITY,M0,E0,QUARANTINE_UNTIL_DEFINED,TASK99_MACHINE_TRIAGED_EXPLICIT_QUARANTINE,1,0,0
IMPLICIT-ED9A2BF616F6C052,ALGORITHM_OR_WORKFLOW,M1,E0,KEEP_AS_ALGORITHM,TASK99_REPOSITORY_EVIDENCE_ADJUDICATED,1,0,0
IMPLICIT-EDA3023ED91EA252,UNRESOLVED_IDENTITY,M0,E0,QUARANTINE_UNTIL_DEFINED,TASK99_MACHINE_TRIAGED_EXPLICIT_QUARANTINE,1,0,0
IMPLICIT-EDAFC2108FAE97F0,UNRESOLVED_IDENTITY,M0,E0,QUARANTINE_UNTIL_DEFINED,TASK99_MACHINE_TRIAGED_EXPLICIT_QUARANTINE,1,0,0
IMPLICIT-EDB619D3EFFB45DB,UNRESOLVED_IDENTITY,M0,E0,QUARANTINE_UNTIL_DEFINED,TASK99_MACHINE_TRIAGED_EXPLICIT_QUARANTINE,1,0,0
IMPLICIT-EDEE06C41FD4F392,UNRESOLVED_IDENTITY,M0,E0,QUARANTINE_UNTIL_DEFINED,TASK99_MACHINE_TRIAGED_EXPLICIT_QUARANTINE,1,0,0
IMPLICIT-EDF93A000DA883DE,UNRESOLVED_IDENTITY,M0,E0,QUARANTINE_UNTIL_DEFINED,TASK99_MACHINE_TRIAGED_EXPLICIT_QUARANTINE,1,0,0
IMPLICIT-EE0572AF8085E344,UNRESOLVED_IDENTITY,M0,E0,QUARANTINE_UNTIL_DEFINED,TASK99_MACHINE_TRIAGED_EXPLICIT_QUARANTINE,1,0,0
IMPLICIT-EE1EB3F6D6DDC03A,ALGORITHM_OR_WORKFLOW,M1,E0,KEEP_AS_ALGORITHM,TASK99_REPOSITORY_EVIDENCE_ADJUDICATED,1,0,0
IMPLICIT-EE424AFCEBD19B51,UNRESOLVED_IDENTITY,M0,E0,QUARANTINE_UNTIL_DEFINED,TASK99_MACHINE_TRIAGED_EXPLICIT_QUARANTINE,1,0,0
IMPLICIT-EE4CD7DDA289154A,UNRESOLVED_IDENTITY,M0,E0,QUARANTINE_UNTIL_DEFINED,TASK99_MACHINE_TRIAGED_EXPLICIT_QUARANTINE,1,0,0
IMPLICIT-EE52BFC2322851EF,UNRESOLVED_IDENTITY,M0,E0,QUARANTINE_UNTIL_DEFINED,TASK99_MACHINE_TRIAGED_EXPLICIT_QUARANTINE,1,0,0
IMPLICIT-EE56A9A4E24BBB31,ALGORITHM_OR_WORKFLOW,M1,E0,KEEP_AS_ALGORITHM,TASK99_REPOSITORY_EVIDENCE_ADJUDICATED,1,0,0
IMPLICIT-EE7DA1394055769D,UNRESOLVED_IDENTITY,M0,E0,QUARANTINE_UNTIL_DEFINED,TASK99_MACHINE_TRIAGED_EXPLICIT_QUARANTINE,1,0,0
IMPLICIT-EE9BDC692A216C25,UNRESOLVED_IDENTITY,M0,E0,QUARANTINE_UNTIL_DEFINED,TASK99_MACHINE_TRIAGED_EXPLICIT_QUARANTINE,1,0,0
IMPLICIT-EED773C60D88896F,ALGORITHM_OR_WORKFLOW,M1,E0,KEEP_AS_ALGORITHM,TASK99_REPOSITORY_EVIDENCE_ADJUDICATED,1,0,0
IMPLICIT-EF1F4827A37389E5,UNRESOLVED_IDENTITY,M0,E0,QUARANTINE_UNTIL_DEFINED,TASK99_MACHINE_TRIAGED_EXPLICIT_QUARANTINE,1,0,0
IMPLICIT-EF47DB1C90FED315,ALGORITHM_OR_WORKFLOW,M1,E0,KEEP_AS_ALGORITHM,TASK99_REPOSITORY_EVIDENCE_ADJUDICATED,1,0,0
IMPLICIT-EF4B92632735A044,UNRESOLVED_IDENTITY,M0,E0,QUARANTINE_UNTIL_DEFINED,TASK99_MACHINE_TRIAGED_EXPLICIT_QUARANTINE,1,0,0
IMPLICIT-EF50D210D49592E7,UNRESOLVED_IDENTITY,M0,E0,QUARANTINE_UNTIL_DEFINED,TASK99_MACHINE_TRIAGED_EXPLICIT_QUARANTINE,1,0,0
IMPLICIT-EF537391B586C0D9,UNRESOLVED_IDENTITY,M0,E0,QUARANTINE_UNTIL_DEFINED,TASK99_MACHINE_TRIAGED_EXPLICIT_QUARANTINE,1,0,0
IMPLICIT-EF65C057985A3686,UNRESOLVED_IDENTITY,M0,E0,QUARANTINE_UNTIL_DEFINED,TASK99_MACHINE_TRIAGED_EXPLICIT_QUARANTINE,1,0,0
IMPLICIT-EF67D73C872203AE,UNRESOLVED_IDENTITY,M0,E0,QUARANTINE_UNTIL_DEFINED,TASK99_MACHINE_TRIAGED_EXPLICIT_QUARANTINE,1,0,0
IMPLICIT-EF6B2A9C3EFFF0C6,UNRESOLVED_IDENTITY,M0,E0,QUARANTINE_UNTIL_DEFINED,TASK99_MACHINE_TRIAGED_EXPLICIT_QUARANTINE,1,0,0
IMPLICIT-EF7F636BF9DF6A6A,ALGORITHM_OR_WORKFLOW,M1,E0,KEEP_AS_ALGORITHM,TASK99_REPOSITORY_EVIDENCE_ADJUDICATED,1,0,0
IMPLICIT-EF9236CCAD42EC15,UNRESOLVED_IDENTITY,M0,E0,QUARANTINE_UNTIL_DEFINED,TASK99_MACHINE_TRIAGED_EXPLICIT_QUARANTINE,1,0,0
IMPLICIT-EF97B7B51C4C5CBE,UNRESOLVED_IDENTITY,M0,E0,QUARANTINE_UNTIL_DEFINED,TASK99_MACHINE_TRIAGED_EXPLICIT_QUARANTINE,1,0,0
IMPLICIT-EFBAE90EF96E7524,UNRESOLVED_IDENTITY,M0,E0,QUARANTINE_UNTIL_DEFINED,TASK99_MACHINE_TRIAGED_EXPLICIT_QUARANTINE,1,0,0
IMPLICIT-EFBBD210FEBF9F82,ALGORITHM_OR_WORKFLOW,M1,E0,KEEP_AS_ALGORITHM,TASK99_REPOSITORY_EVIDENCE_ADJUDICATED,1,0,0
IMPLICIT-EFBC72CFD353995D,UNRESOLVED_IDENTITY,M0,E0,QUARANTINE_UNTIL_DEFINED,TASK99_MACHINE_TRIAGED_EXPLICIT_QUARANTINE,1,0,0
IMPLICIT-EFD4DD90F2E992AC,UNRESOLVED_IDENTITY,M0,E0,QUARANTINE_UNTIL_DEFINED,TASK99_MACHINE_TRIAGED_EXPLICIT_QUARANTINE,1,0,0
IMPLICIT-EFD8251D482A8486,UNRESOLVED_IDENTITY,M0,E0,QUARANTINE_UNTIL_DEFINED,TASK99_MACHINE_TRIAGED_EXPLICIT_QUARANTINE,1,0,0
IMPLICIT-EFFA7EDD53E8A39D,UNRESOLVED_IDENTITY,M0,E0,QUARANTINE_UNTIL_DEFINED,TASK99_MACHINE_TRIAGED_EXPLICIT_QUARANTINE,1,0,0
IMPLICIT-EFFC7CDB3EF09057,UNRESOLVED_IDENTITY,M0,E0,QUARANTINE_UNTIL_DEFINED,TASK99_MACHINE_TRIAGED_EXPLICIT_QUARANTINE,1,0,0
IMPLICIT-EFFE416A6B552BD5,ALGORITHM_OR_WORKFLOW,M1,E0,KEEP_AS_ALGORITHM,TASK99_REPOSITORY_EVIDENCE_ADJUDICATED,1,0,0
IMPLICIT-F00BF211A2A39448,ALGORITHM_OR_WORKFLOW,M1,E0,KEEP_AS_ALGORITHM,TASK99_REPOSITORY_EVIDENCE_ADJUDICATED,1,0,0
IMPLICIT-F01EC4EAAD059A96,UNRESOLVED_IDENTITY,M0,E0,QUARANTINE_UNTIL_DEFINED,TASK99_MACHINE_TRIAGED_EXPLICIT_QUARANTINE,1,0,0
IMPLICIT-F0242FEF4DAAD6AE,UNRESOLVED_IDENTITY,M0,E0,QUARANTINE_UNTIL_DEFINED,TASK99_MACHINE_TRIAGED_EXPLICIT_QUARANTINE,1,0,0
IMPLICIT-F03EEB008D56C04E,UNRESOLVED_IDENTITY,M0,E0,QUARANTINE_UNTIL_DEFINED,TASK99_MACHINE_TRIAGED_EXPLICIT_QUARANTINE,1,0,0
IMPLICIT-F044885FFB2DAC9F,ALGORITHM_OR_WORKFLOW,M1,E0,KEEP_AS_ALGORITHM,TASK99_REPOSITORY_EVIDENCE_ADJUDICATED,1,0,0
IMPLICIT-F055AC83639A0C1C,ALGORITHM_OR_WORKFLOW,M2,E0,KEEP_AS_ALGORITHM,TASK99_REPOSITORY_EVIDENCE_ADJUDICATED,1,0,0
IMPLICIT-F05CAB6708B7AAE6,UNRESOLVED_IDENTITY,M0,E0,QUARANTINE_UNTIL_DEFINED,TASK99_MACHINE_TRIAGED_EXPLICIT_QUARANTINE,1,0,0
IMPLICIT-F0647315EA03A14E,UNRESOLVED_IDENTITY,M0,E0,QUARANTINE_UNTIL_DEFINED,TASK99_MACHINE_TRIAGED_EXPLICIT_QUARANTINE,1,0,0
IMPLICIT-F08B58DD3C022CFF,UNRESOLVED_IDENTITY,M0,E0,QUARANTINE_UNTIL_DEFINED,TASK99_MACHINE_TRIAGED_EXPLICIT_QUARANTINE,1,0,0
IMPLICIT-F0A1536A03582AED,ALGORITHM_OR_WORKFLOW,M1,E0,KEEP_AS_ALGORITHM,TASK99_REPOSITORY_EVIDENCE_ADJUDICATED,1,0,0
IMPLICIT-F0A516E543B22E8D,UNRESOLVED_IDENTITY,M0,E0,QUARANTINE_UNTIL_DEFINED,TASK99_MACHINE_TRIAGED_EXPLICIT_QUARANTINE,1,0,0
IMPLICIT-F0B98D3B27C7B332,UNRESOLVED_IDENTITY,M0,E0,QUARANTINE_UNTIL_DEFINED,TASK99_MACHINE_TRIAGED_EXPLICIT_QUARANTINE,1,0,0
IMPLICIT-F0C104CC21CA5C5D,UNRESOLVED_IDENTITY,M0,E0,QUARANTINE_UNTIL_DEFINED,TASK99_MACHINE_TRIAGED_EXPLICIT_QUARANTINE,1,0,0
IMPLICIT-F0CA2DABD864FC40,UNRESOLVED_IDENTITY,M0,E0,QUARANTINE_UNTIL_DEFINED,TASK99_MACHINE_TRIAGED_EXPLICIT_QUARANTINE,1,0,0
IMPLICIT-F0DFD509E9410901,UNRESOLVED_IDENTITY,M0,E0,QUARANTINE_UNTIL_DEFINED,TASK99_MACHINE_TRIAGED_EXPLICIT_QUARANTINE,1,0,0
IMPLICIT-F0E50BDA7998DEA1,UNRESOLVED_IDENTITY,M0,E0,QUARANTINE_UNTIL_DEFINED,TASK99_MACHINE_TRIAGED_EXPLICIT_QUARANTINE,1,0,0
IMPLICIT-F11B1904A633D87F,UNRESOLVED_IDENTITY,M0,E0,QUARANTINE_UNTIL_DEFINED,TASK99_MACHINE_TRIAGED_EXPLICIT_QUARANTINE,1,0,0
IMPLICIT-F1798445CF5142BC,ALGORITHM_OR_WORKFLOW,M2,E0,KEEP_AS_ALGORITHM,TASK99_REPOSITORY_EVIDENCE_ADJUDICATED,1,0,0
IMPLICIT-F1A49E6E262D1AF1,UNRESOLVED_IDENTITY,M0,E0,QUARANTINE_UNTIL_DEFINED,TASK99_MACHINE_TRIAGED_EXPLICIT_QUARANTINE,1,0,0
IMPLICIT-F1B083CD77BF2BD1,ALGORITHM_OR_WORKFLOW,M1,E0,KEEP_AS_ALGORITHM,TASK99_REPOSITORY_EVIDENCE_ADJUDICATED,1,0,0
IMPLICIT-F1B3CD991152F628,UNRESOLVED_IDENTITY,M0,E0,QUARANTINE_UNTIL_DEFINED,TASK99_MACHINE_TRIAGED_EXPLICIT_QUARANTINE,1,0,0
IMPLICIT-F1BB930B0015DE75,UNRESOLVED_IDENTITY,M0,E0,QUARANTINE_UNTIL_DEFINED,TASK99_MACHINE_TRIAGED_EXPLICIT_QUARANTINE,1,0,0
IMPLICIT-F1C29CA5DAD294F2,UNRESOLVED_IDENTITY,M0,E0,QUARANTINE_UNTIL_DEFINED,TASK99_MACHINE_TRIAGED_EXPLICIT_QUARANTINE,1,0,0
IMPLICIT-F1D59308520FD48B,UNRESOLVED_IDENTITY,M0,E0,QUARANTINE_UNTIL_DEFINED,TASK99_MACHINE_TRIAGED_EXPLICIT_QUARANTINE,1,0,0
IMPLICIT-F1DA38DEB39EBCBC,ALGORITHM_OR_WORKFLOW,M1,E0,KEEP_AS_ALGORITHM,TASK99_REPOSITORY_EVIDENCE_ADJUDICATED,1,0,0
IMPLICIT-F1E24AAB00397856,ALGORITHM_OR_WORKFLOW,M1,E0,KEEP_AS_ALGORITHM,TASK99_REPOSITORY_EVIDENCE_ADJUDICATED,1,0,0
IMPLICIT-F1E929DCBF93086B,ALGORITHM_OR_WORKFLOW,M2,E0,KEEP_AS_ALGORITHM,TASK99_REPOSITORY_EVIDENCE_ADJUDICATED,1,0,0
IMPLICIT-F1F16E8C324770DE,UNRESOLVED_IDENTITY,M0,E0,QUARANTINE_UNTIL_DEFINED,TASK99_MACHINE_TRIAGED_EXPLICIT_QUARANTINE,1,0,0
IMPLICIT-F1F71F2CDC82CAD8,UNRESOLVED_IDENTITY,M0,E0,QUARANTINE_UNTIL_DEFINED,TASK99_MACHINE_TRIAGED_EXPLICIT_QUARANTINE,1,0,0
IMPLICIT-F1F7F280ECDDCBE2,UNRESOLVED_IDENTITY,M0,E0,QUARANTINE_UNTIL_DEFINED,TASK99_MACHINE_TRIAGED_EXPLICIT_QUARANTINE,1,0,0
IMPLICIT-F22E564A7542FB20,UNRESOLVED_IDENTITY,M0,E0,QUARANTINE_UNTIL_DEFINED,TASK99_MACHINE_TRIAGED_EXPLICIT_QUARANTINE,1,0,0
IMPLICIT-F24BD5A5A36811D8,UNRESOLVED_IDENTITY,M0,E0,QUARANTINE_UNTIL_DEFINED,TASK99_MACHINE_TRIAGED_EXPLICIT_QUARANTINE,1,0,0
IMPLICIT-F262512851CAA78F,UNRESOLVED_IDENTITY,M0,E0,QUARANTINE_UNTIL_DEFINED,TASK99_MACHINE_TRIAGED_EXPLICIT_QUARANTINE,1,0,0
IMPLICIT-F273003F1097DA7E,UNRESOLVED_IDENTITY,M0,E0,QUARANTINE_UNTIL_DEFINED,TASK99_MACHINE_TRIAGED_EXPLICIT_QUARANTINE,1,0,0
IMPLICIT-F277CBF5F9869C5D,UNRESOLVED_IDENTITY,M0,E0,QUARANTINE_UNTIL_DEFINED,TASK99_MACHINE_TRIAGED_EXPLICIT_QUARANTINE,1,0,0
IMPLICIT-F28C690C56B906F3,UNRESOLVED_IDENTITY,M0,E0,QUARANTINE_UNTIL_DEFINED,TASK99_MACHINE_TRIAGED_EXPLICIT_QUARANTINE,1,0,0
IMPLICIT-F299EF3F1C3837B7,UNRESOLVED_IDENTITY,M0,E0,QUARANTINE_UNTIL_DEFINED,TASK99_MACHINE_TRIAGED_EXPLICIT_QUARANTINE,1,0,0
IMPLICIT-F29FA420832D0CE9,UNRESOLVED_IDENTITY,M0,E0,QUARANTINE_UNTIL_DEFINED,TASK99_MACHINE_TRIAGED_EXPLICIT_QUARANTINE,1,0,0
IMPLICIT-F2A5A541542F60E0,UNRESOLVED_IDENTITY,M0,E0,QUARANTINE_UNTIL_DEFINED,TASK99_MACHINE_TRIAGED_EXPLICIT_QUARANTINE,1,0,0
IMPLICIT-F2BD83C04657BA89,UNRESOLVED_IDENTITY,M0,E0,QUARANTINE_UNTIL_DEFINED,TASK99_MACHINE_TRIAGED_EXPLICIT_QUARANTINE,1,0,0
IMPLICIT-F2C14436FDEA916D,ALGORITHM_OR_WORKFLOW,M2,E0,KEEP_AS_ALGORITHM,TASK99_REPOSITORY_EVIDENCE_ADJUDICATED,1,0,0
IMPLICIT-F2C411FF0F18D9B1,UNRESOLVED_IDENTITY,M0,E0,QUARANTINE_UNTIL_DEFINED,TASK99_MACHINE_TRIAGED_EXPLICIT_QUARANTINE,1,0,0
IMPLICIT-F2DEDDDE3E0DE46B,UNRESOLVED_IDENTITY,M0,E0,QUARANTINE_UNTIL_DEFINED,TASK99_MACHINE_TRIAGED_EXPLICIT_QUARANTINE,1,0,0
IMPLICIT-F30245EB4AD455B0,UNRESOLVED_IDENTITY,M0,E0,QUARANTINE_UNTIL_DEFINED,TASK99_MACHINE_TRIAGED_EXPLICIT_QUARANTINE,1,0,0
IMPLICIT-F3072F007667AADB,UNRESOLVED_IDENTITY,M0,E0,QUARANTINE_UNTIL_DEFINED,TASK99_MACHINE_TRIAGED_EXPLICIT_QUARANTINE,1,0,0
IMPLICIT-F30C240EC5207576,UNRESOLVED_IDENTITY,M0,E0,QUARANTINE_UNTIL_DEFINED,TASK99_MACHINE_TRIAGED_EXPLICIT_QUARANTINE,1,0,0
IMPLICIT-F33028C98B912DB5,UNRESOLVED_IDENTITY,M0,E0,QUARANTINE_UNTIL_DEFINED,TASK99_MACHINE_TRIAGED_EXPLICIT_QUARANTINE,1,0,0
IMPLICIT-F335900A3E7D0A38,UNRESOLVED_IDENTITY,M0,E0,QUARANTINE_UNTIL_DEFINED,TASK99_MACHINE_TRIAGED_EXPLICIT_QUARANTINE,1,0,0
IMPLICIT-F3383A2BBF7459EC,UNRESOLVED_IDENTITY,M0,E0,QUARANTINE_UNTIL_DEFINED,TASK99_MACHINE_TRIAGED_EXPLICIT_QUARANTINE,1,0,0
IMPLICIT-F33C017EC80DCD7C,UNRESOLVED_IDENTITY,M0,E0,QUARANTINE_UNTIL_DEFINED,TASK99_MACHINE_TRIAGED_EXPLICIT_QUARANTINE,1,0,0
IMPLICIT-F370D0480F25911E,ALGORITHM_OR_WORKFLOW,M1,E0,KEEP_AS_ALGORITHM,TASK99_REPOSITORY_EVIDENCE_ADJUDICATED,1,0,0
IMPLICIT-F3737DED03DAEBAF,ALGORITHM_OR_WORKFLOW,M1,E0,KEEP_AS_ALGORITHM,TASK99_REPOSITORY_EVIDENCE_ADJUDICATED,1,0,0
IMPLICIT-F379F443BB7488DC,UNRESOLVED_IDENTITY,M0,E0,QUARANTINE_UNTIL_DEFINED,TASK99_MACHINE_TRIAGED_EXPLICIT_QUARANTINE,1,0,0
IMPLICIT-F37F5E0412D2D10E,UNRESOLVED_IDENTITY,M0,E0,QUARANTINE_UNTIL_DEFINED,TASK99_MACHINE_TRIAGED_EXPLICIT_QUARANTINE,1,0,0
IMPLICIT-F39D28DC9E85A240,UNRESOLVED_IDENTITY,M0,E0,QUARANTINE_UNTIL_DEFINED,TASK99_MACHINE_TRIAGED_EXPLICIT_QUARANTINE,1,0,0
IMPLICIT-F3DB4A8DC78B075C,ALGORITHM_OR_WORKFLOW,M1,E0,KEEP_AS_ALGORITHM,TASK99_REPOSITORY_EVIDENCE_ADJUDICATED,1,0,0
IMPLICIT-F3F3BF3A1C4AD5F2,UNRESOLVED_IDENTITY,M0,E0,QUARANTINE_UNTIL_DEFINED,TASK99_MACHINE_TRIAGED_EXPLICIT_QUARANTINE,1,0,0
IMPLICIT-F41D4A3A3A3F7633,ALGORITHM_OR_WORKFLOW,M1,E0,KEEP_AS_ALGORITHM,TASK99_REPOSITORY_EVIDENCE_ADJUDICATED,1,0,0
IMPLICIT-F42AE8D92C486956,UNRESOLVED_IDENTITY,M0,E0,QUARANTINE_UNTIL_DEFINED,TASK99_MACHINE_TRIAGED_EXPLICIT_QUARANTINE,1,0,0
IMPLICIT-F42D35A1050B481C,UNRESOLVED_IDENTITY,M0,E0,QUARANTINE_UNTIL_DEFINED,TASK99_MACHINE_TRIAGED_EXPLICIT_QUARANTINE,1,0,0
IMPLICIT-F43BF76D0D5134A2,UNRESOLVED_IDENTITY,M0,E0,QUARANTINE_UNTIL_DEFINED,TASK99_MACHINE_TRIAGED_EXPLICIT_QUARANTINE,1,0,0
IMPLICIT-F4403BB3AB919444,UNRESOLVED_IDENTITY,M0,E0,QUARANTINE_UNTIL_DEFINED,TASK99_MACHINE_TRIAGED_EXPLICIT_QUARANTINE,1,0,0
IMPLICIT-F458FC7B29947374,ALGORITHM_OR_WORKFLOW,M1,E0,KEEP_AS_ALGORITHM,TASK99_REPOSITORY_EVIDENCE_ADJUDICATED,1,0,0
IMPLICIT-F45DA8FF50E36A4D,UNRESOLVED_IDENTITY,M0,E0,QUARANTINE_UNTIL_DEFINED,TASK99_MACHINE_TRIAGED_EXPLICIT_QUARANTINE,1,0,0
IMPLICIT-F45F5547DF394F00,ALGORITHM_OR_WORKFLOW,M1,E0,KEEP_AS_ALGORITHM,TASK99_REPOSITORY_EVIDENCE_ADJUDICATED,1,0,0
IMPLICIT-F463C912BED692BF,UNRESOLVED_IDENTITY,M0,E0,QUARANTINE_UNTIL_DEFINED,TASK99_MACHINE_TRIAGED_EXPLICIT_QUARANTINE,1,0,0
IMPLICIT-F473C6BB0406028E,UNRESOLVED_IDENTITY,M0,E0,QUARANTINE_UNTIL_DEFINED,TASK99_MACHINE_TRIAGED_EXPLICIT_QUARANTINE,1,0,0
IMPLICIT-F48705713DCD062B,UNRESOLVED_IDENTITY,M0,E0,QUARANTINE_UNTIL_DEFINED,TASK99_MACHINE_TRIAGED_EXPLICIT_QUARANTINE,1,0,0
IMPLICIT-F488A571BA9880C0,UNRESOLVED_IDENTITY,M0,E0,QUARANTINE_UNTIL_DEFINED,TASK99_MACHINE_TRIAGED_EXPLICIT_QUARANTINE,1,0,0
IMPLICIT-F489364C1F11E920,UNRESOLVED_IDENTITY,M0,E0,QUARANTINE_UNTIL_DEFINED,TASK99_MACHINE_TRIAGED_EXPLICIT_QUARANTINE,1,0,0
IMPLICIT-F4958006382E7D18,UNRESOLVED_IDENTITY,M0,E0,QUARANTINE_UNTIL_DEFINED,TASK99_MACHINE_TRIAGED_EXPLICIT_QUARANTINE,1,0,0
IMPLICIT-F4A0A5C7B54DB9EF,UNRESOLVED_IDENTITY,M0,E0,QUARANTINE_UNTIL_DEFINED,TASK99_MACHINE_TRIAGED_EXPLICIT_QUARANTINE,1,0,0
IMPLICIT-F4BA5AEC5E14B7F2,UNRESOLVED_IDENTITY,M0,E0,QUARANTINE_UNTIL_DEFINED,TASK99_MACHINE_TRIAGED_EXPLICIT_QUARANTINE,1,0,0
IMPLICIT-F4C7676516379318,UNRESOLVED_IDENTITY,M0,E0,QUARANTINE_UNTIL_DEFINED,TASK99_MACHINE_TRIAGED_EXPLICIT_QUARANTINE,1,0,0
IMPLICIT-F4E3180B49550D5F,UNRESOLVED_IDENTITY,M0,E0,QUARANTINE_UNTIL_DEFINED,TASK99_MACHINE_TRIAGED_EXPLICIT_QUARANTINE,1,0,0
IMPLICIT-F4E812B774C5AFB4,UNRESOLVED_IDENTITY,M0,E0,QUARANTINE_UNTIL_DEFINED,TASK99_MACHINE_TRIAGED_EXPLICIT_QUARANTINE,1,0,0
IMPLICIT-F4F11DC284A8999B,ALGORITHM_OR_WORKFLOW,M1,E0,KEEP_AS_ALGORITHM,TASK99_REPOSITORY_EVIDENCE_ADJUDICATED,1,0,0
IMPLICIT-F4F89B06F7EB6BD2,UNRESOLVED_IDENTITY,M0,E0,QUARANTINE_UNTIL_DEFINED,TASK99_MACHINE_TRIAGED_EXPLICIT_QUARANTINE,1,0,0
IMPLICIT-F52986A0393736F2,UNRESOLVED_IDENTITY,M0,E0,QUARANTINE_UNTIL_DEFINED,TASK99_MACHINE_TRIAGED_EXPLICIT_QUARANTINE,1,0,0
IMPLICIT-F53B1F5539C1ECFD,UNRESOLVED_IDENTITY,M0,E0,QUARANTINE_UNTIL_DEFINED,TASK99_MACHINE_TRIAGED_EXPLICIT_QUARANTINE,1,0,0
IMPLICIT-F53C3F4DEC835711,UNRESOLVED_IDENTITY,M0,E0,QUARANTINE_UNTIL_DEFINED,TASK99_MACHINE_TRIAGED_EXPLICIT_QUARANTINE,1,0,0
IMPLICIT-F54274E6FD23ABBD,ALGORITHM_OR_WORKFLOW,M1,E0,KEEP_AS_ALGORITHM,TASK99_REPOSITORY_EVIDENCE_ADJUDICATED,1,0,0
IMPLICIT-F54F42DB0A708A97,ALGORITHM_OR_WORKFLOW,M1,E0,KEEP_AS_ALGORITHM,TASK99_REPOSITORY_EVIDENCE_ADJUDICATED,1,0,0
IMPLICIT-F55FB94118DAF57A,UNRESOLVED_IDENTITY,M0,E0,QUARANTINE_UNTIL_DEFINED,TASK99_MACHINE_TRIAGED_EXPLICIT_QUARANTINE,1,0,0
IMPLICIT-F57AF0E51CE6D4A3,UNRESOLVED_IDENTITY,M0,E0,QUARANTINE_UNTIL_DEFINED,TASK99_MACHINE_TRIAGED_EXPLICIT_QUARANTINE,1,0,0
IMPLICIT-F582E7293C4B4B1D,ALGORITHM_OR_WORKFLOW,M1,E0,KEEP_AS_ALGORITHM,TASK99_REPOSITORY_EVIDENCE_ADJUDICATED,1,0,0
IMPLICIT-F58F30B70BA2208D,UNRESOLVED_IDENTITY,M0,E0,QUARANTINE_UNTIL_DEFINED,TASK99_MACHINE_TRIAGED_EXPLICIT_QUARANTINE,1,0,0
IMPLICIT-F591EE1760B8C44F,UNRESOLVED_IDENTITY,M0,E0,QUARANTINE_UNTIL_DEFINED,TASK99_MACHINE_TRIAGED_EXPLICIT_QUARANTINE,1,0,0
IMPLICIT-F599C6390A023EAA,ALGORITHM_OR_WORKFLOW,M1,E0,KEEP_AS_ALGORITHM,TASK99_REPOSITORY_EVIDENCE_ADJUDICATED,1,0,0
IMPLICIT-F59F1C92447000A6,UNRESOLVED_IDENTITY,M0,E0,QUARANTINE_UNTIL_DEFINED,TASK99_MACHINE_TRIAGED_EXPLICIT_QUARANTINE,1,0,0
IMPLICIT-F5A6C0CFA08040E1,UNRESOLVED_IDENTITY,M0,E0,QUARANTINE_UNTIL_DEFINED,TASK99_MACHINE_TRIAGED_EXPLICIT_QUARANTINE,1,0,0
IMPLICIT-F5AAA6B69B11D5E6,UNRESOLVED_IDENTITY,M0,E0,QUARANTINE_UNTIL_DEFINED,TASK99_MACHINE_TRIAGED_EXPLICIT_QUARANTINE,1,0,0
IMPLICIT-F5AEAA5901E518AE,UNRESOLVED_IDENTITY,M0,E0,QUARANTINE_UNTIL_DEFINED,TASK99_MACHINE_TRIAGED_EXPLICIT_QUARANTINE,1,0,0
IMPLICIT-F5C783949495B6B3,UNRESOLVED_IDENTITY,M0,E0,QUARANTINE_UNTIL_DEFINED,TASK99_MACHINE_TRIAGED_EXPLICIT_QUARANTINE,1,0,0
IMPLICIT-F5E56160C6DF7A61,UNRESOLVED_IDENTITY,M0,E0,QUARANTINE_UNTIL_DEFINED,TASK99_MACHINE_TRIAGED_EXPLICIT_QUARANTINE,1,0,0
IMPLICIT-F5E59A1A8BF010AB,UNRESOLVED_IDENTITY,M0,E0,QUARANTINE_UNTIL_DEFINED,TASK99_MACHINE_TRIAGED_EXPLICIT_QUARANTINE,1,0,0
IMPLICIT-F603831C18674CC8,UNRESOLVED_IDENTITY,M0,E0,QUARANTINE_UNTIL_DEFINED,TASK99_MACHINE_TRIAGED_EXPLICIT_QUARANTINE,1,0,0
IMPLICIT-F603EC785EB9269D,UNRESOLVED_IDENTITY,M0,E0,QUARANTINE_UNTIL_DEFINED,TASK99_MACHINE_TRIAGED_EXPLICIT_QUARANTINE,1,0,0
IMPLICIT-F60C11E7FDE7B7F6,UNRESOLVED_IDENTITY,M0,E0,QUARANTINE_UNTIL_DEFINED,TASK99_MACHINE_TRIAGED_EXPLICIT_QUARANTINE,1,0,0
IMPLICIT-F618D93CC4E4BD80,ALGORITHM_OR_WORKFLOW,M2,E0,KEEP_AS_ALGORITHM,TASK99_REPOSITORY_EVIDENCE_ADJUDICATED,1,0,0
IMPLICIT-F62B46424F215A09,ALGORITHM_OR_WORKFLOW,M1,E0,KEEP_AS_ALGORITHM,TASK99_REPOSITORY_EVIDENCE_ADJUDICATED,1,0,0
IMPLICIT-F63225B1252A220B,UNRESOLVED_IDENTITY,M0,E0,QUARANTINE_UNTIL_DEFINED,TASK99_MACHINE_TRIAGED_EXPLICIT_QUARANTINE,1,0,0
IMPLICIT-F63CD5047FD80964,UNRESOLVED_IDENTITY,M0,E0,QUARANTINE_UNTIL_DEFINED,TASK99_MACHINE_TRIAGED_EXPLICIT_QUARANTINE,1,0,0
IMPLICIT-F66B1ACB440AC1E2,UNRESOLVED_IDENTITY,M0,E0,QUARANTINE_UNTIL_DEFINED,TASK99_MACHINE_TRIAGED_EXPLICIT_QUARANTINE,1,0,0
IMPLICIT-F66E41F13BC108C1,ALGORITHM_OR_WORKFLOW,M1,E0,KEEP_AS_ALGORITHM,TASK99_REPOSITORY_EVIDENCE_ADJUDICATED,1,0,0
IMPLICIT-F67F3D148F4D8288,UNRESOLVED_IDENTITY,M0,E0,QUARANTINE_UNTIL_DEFINED,TASK99_MACHINE_TRIAGED_EXPLICIT_QUARANTINE,1,0,0
IMPLICIT-F68B94E7BC402829,UNRESOLVED_IDENTITY,M0,E0,QUARANTINE_UNTIL_DEFINED,TASK99_MACHINE_TRIAGED_EXPLICIT_QUARANTINE,1,0,0
IMPLICIT-F694D25B2A6E8C1F,UNRESOLVED_IDENTITY,M0,E0,QUARANTINE_UNTIL_DEFINED,TASK99_MACHINE_TRIAGED_EXPLICIT_QUARANTINE,1,0,0
IMPLICIT-F6A918775C931AA9,UNRESOLVED_IDENTITY,M0,E0,QUARANTINE_UNTIL_DEFINED,TASK99_MACHINE_TRIAGED_EXPLICIT_QUARANTINE,1,0,0
IMPLICIT-F6AA8D4D4DEE002F,UNRESOLVED_IDENTITY,M0,E0,QUARANTINE_UNTIL_DEFINED,TASK99_MACHINE_TRIAGED_EXPLICIT_QUARANTINE,1,0,0
IMPLICIT-F6AD27DD0F80FAE5,UNRESOLVED_IDENTITY,M0,E0,QUARANTINE_UNTIL_DEFINED,TASK99_MACHINE_TRIAGED_EXPLICIT_QUARANTINE,1,0,0
IMPLICIT-F6C6BC8C16B739DF,UNRESOLVED_IDENTITY,M0,E0,QUARANTINE_UNTIL_DEFINED,TASK99_MACHINE_TRIAGED_EXPLICIT_QUARANTINE,1,0,0
IMPLICIT-F6C7530251F365E5,UNRESOLVED_IDENTITY,M0,E0,QUARANTINE_UNTIL_DEFINED,TASK99_MACHINE_TRIAGED_EXPLICIT_QUARANTINE,1,0,0
IMPLICIT-F6D9D7CB23D37475,UNRESOLVED_IDENTITY,M0,E0,QUARANTINE_UNTIL_DEFINED,TASK99_MACHINE_TRIAGED_EXPLICIT_QUARANTINE,1,0,0
IMPLICIT-F6F1F05A00D653C3,ALGORITHM_OR_WORKFLOW,M1,E0,KEEP_AS_ALGORITHM,TASK99_REPOSITORY_EVIDENCE_ADJUDICATED,1,0,0
IMPLICIT-F703DA2D45C240DF,UNRESOLVED_IDENTITY,M0,E0,QUARANTINE_UNTIL_DEFINED,TASK99_MACHINE_TRIAGED_EXPLICIT_QUARANTINE,1,0,0
IMPLICIT-F7081EB75ADE910A,UNRESOLVED_IDENTITY,M0,E0,QUARANTINE_UNTIL_DEFINED,TASK99_MACHINE_TRIAGED_EXPLICIT_QUARANTINE,1,0,0
IMPLICIT-F7341FA39083DD48,UNRESOLVED_IDENTITY,M0,E0,QUARANTINE_UNTIL_DEFINED,TASK99_MACHINE_TRIAGED_EXPLICIT_QUARANTINE,1,0,0
IMPLICIT-F7373798E413550C,UNRESOLVED_IDENTITY,M0,E0,QUARANTINE_UNTIL_DEFINED,TASK99_MACHINE_TRIAGED_EXPLICIT_QUARANTINE,1,0,0
IMPLICIT-F739329F78AB3654,UNRESOLVED_IDENTITY,M0,E0,QUARANTINE_UNTIL_DEFINED,TASK99_MACHINE_TRIAGED_EXPLICIT_QUARANTINE,1,0,0
IMPLICIT-F74294207589ACB3,UNRESOLVED_IDENTITY,M0,E0,QUARANTINE_UNTIL_DEFINED,TASK99_MACHINE_TRIAGED_EXPLICIT_QUARANTINE,1,0,0
IMPLICIT-F753D4C5497B5338,UNRESOLVED_IDENTITY,M0,E0,QUARANTINE_UNTIL_DEFINED,TASK99_MACHINE_TRIAGED_EXPLICIT_QUARANTINE,1,0,0
IMPLICIT-F75E3E5BD07A8D4B,UNRESOLVED_IDENTITY,M0,E0,QUARANTINE_UNTIL_DEFINED,TASK99_MACHINE_TRIAGED_EXPLICIT_QUARANTINE,1,0,0
IMPLICIT-F7664F7924081C3A,UNRESOLVED_IDENTITY,M0,E0,QUARANTINE_UNTIL_DEFINED,TASK99_MACHINE_TRIAGED_EXPLICIT_QUARANTINE,1,0,0
IMPLICIT-F781F257879860C8,UNRESOLVED_IDENTITY,M0,E0,QUARANTINE_UNTIL_DEFINED,TASK99_MACHINE_TRIAGED_EXPLICIT_QUARANTINE,1,0,0
IMPLICIT-F7A05014069C12C8,UNRESOLVED_IDENTITY,M0,E0,QUARANTINE_UNTIL_DEFINED,TASK99_MACHINE_TRIAGED_EXPLICIT_QUARANTINE,1,0,0
IMPLICIT-F7A69F23FCEA8C7A,UNRESOLVED_IDENTITY,M0,E0,QUARANTINE_UNTIL_DEFINED,TASK99_MACHINE_TRIAGED_EXPLICIT_QUARANTINE,1,0,0
IMPLICIT-F7A811778FD44764,UNRESOLVED_IDENTITY,M0,E0,QUARANTINE_UNTIL_DEFINED,TASK99_MACHINE_TRIAGED_EXPLICIT_QUARANTINE,1,0,0
IMPLICIT-F7AC5BBB30C9232B,UNRESOLVED_IDENTITY,M0,E0,QUARANTINE_UNTIL_DEFINED,TASK99_MACHINE_TRIAGED_EXPLICIT_QUARANTINE,1,0,0
IMPLICIT-F7B3A28EE5C030C8,UNRESOLVED_IDENTITY,M0,E0,QUARANTINE_UNTIL_DEFINED,TASK99_MACHINE_TRIAGED_EXPLICIT_QUARANTINE,1,0,0
IMPLICIT-F7BFCF3C46C86D13,ALGORITHM_OR_WORKFLOW,M1,E0,KEEP_AS_ALGORITHM,TASK99_REPOSITORY_EVIDENCE_ADJUDICATED,1,0,0
IMPLICIT-F7C1C659D8D15012,UNRESOLVED_IDENTITY,M0,E0,QUARANTINE_UNTIL_DEFINED,TASK99_MACHINE_TRIAGED_EXPLICIT_QUARANTINE,1,0,0
IMPLICIT-F7E21051A3305750,ALGORITHM_OR_WORKFLOW,M1,E0,KEEP_AS_ALGORITHM,TASK99_REPOSITORY_EVIDENCE_ADJUDICATED,1,0,0
IMPLICIT-F7E2FD40213DC780,UNRESOLVED_IDENTITY,M0,E0,QUARANTINE_UNTIL_DEFINED,TASK99_MACHINE_TRIAGED_EXPLICIT_QUARANTINE,1,0,0
IMPLICIT-F7E3BC264DE79FB2,UNRESOLVED_IDENTITY,M0,E0,QUARANTINE_UNTIL_DEFINED,TASK99_MACHINE_TRIAGED_EXPLICIT_QUARANTINE,1,0,0
IMPLICIT-F800FDD17289C2AF,UNRESOLVED_IDENTITY,M0,E0,QUARANTINE_UNTIL_DEFINED,TASK99_MACHINE_TRIAGED_EXPLICIT_QUARANTINE,1,0,0
IMPLICIT-F80330B8D58F224F,ALGORITHM_OR_WORKFLOW,M2,E0,KEEP_AS_ALGORITHM,TASK99_REPOSITORY_EVIDENCE_ADJUDICATED,1,0,0
IMPLICIT-F816F91A49771D4A,UNRESOLVED_IDENTITY,M0,E0,QUARANTINE_UNTIL_DEFINED,TASK99_MACHINE_TRIAGED_EXPLICIT_QUARANTINE,1,0,0
IMPLICIT-F82326D828157303,UNRESOLVED_IDENTITY,M0,E0,QUARANTINE_UNTIL_DEFINED,TASK99_MACHINE_TRIAGED_EXPLICIT_QUARANTINE,1,0,0
IMPLICIT-F823E868FEB134FE,UNRESOLVED_IDENTITY,M0,E0,QUARANTINE_UNTIL_DEFINED,TASK99_MACHINE_TRIAGED_EXPLICIT_QUARANTINE,1,0,0
IMPLICIT-F82EB4B46F51C07B,ALGORITHM_OR_WORKFLOW,M1,E0,KEEP_AS_ALGORITHM,TASK99_REPOSITORY_EVIDENCE_ADJUDICATED,1,0,0
IMPLICIT-F853D95F22B1F634,ALGORITHM_OR_WORKFLOW,M1,E0,KEEP_AS_ALGORITHM,TASK99_REPOSITORY_EVIDENCE_ADJUDICATED,1,0,0
IMPLICIT-F87AA045BBFDAEC8,UNRESOLVED_IDENTITY,M0,E0,QUARANTINE_UNTIL_DEFINED,TASK99_MACHINE_TRIAGED_EXPLICIT_QUARANTINE,1,0,0
IMPLICIT-F88CEAB528337AE8,UNRESOLVED_IDENTITY,M0,E0,QUARANTINE_UNTIL_DEFINED,TASK99_MACHINE_TRIAGED_EXPLICIT_QUARANTINE,1,0,0
IMPLICIT-F892DBD963D4D0E8,UNRESOLVED_IDENTITY,M0,E0,QUARANTINE_UNTIL_DEFINED,TASK99_MACHINE_TRIAGED_EXPLICIT_QUARANTINE,1,0,0
IMPLICIT-F8993244746A713B,UNRESOLVED_IDENTITY,M0,E0,QUARANTINE_UNTIL_DEFINED,TASK99_MACHINE_TRIAGED_EXPLICIT_QUARANTINE,1,0,0
IMPLICIT-F89AC76C5D166C56,UNRESOLVED_IDENTITY,M0,E0,QUARANTINE_UNTIL_DEFINED,TASK99_MACHINE_TRIAGED_EXPLICIT_QUARANTINE,1,0,0
IMPLICIT-F89ADE841AEA6357,UNRESOLVED_IDENTITY,M0,E0,QUARANTINE_UNTIL_DEFINED,TASK99_MACHINE_TRIAGED_EXPLICIT_QUARANTINE,1,0,0
IMPLICIT-F8AD36A113D8BDE3,UNRESOLVED_IDENTITY,M0,E0,QUARANTINE_UNTIL_DEFINED,TASK99_MACHINE_TRIAGED_EXPLICIT_QUARANTINE,1,0,0
IMPLICIT-F8BCAEC12BF6CC22,UNRESOLVED_IDENTITY,M0,E0,QUARANTINE_UNTIL_DEFINED,TASK99_MACHINE_TRIAGED_EXPLICIT_QUARANTINE,1,0,0
IMPLICIT-F8C64914891E2382,UNRESOLVED_IDENTITY,M0,E0,QUARANTINE_UNTIL_DEFINED,TASK99_MACHINE_TRIAGED_EXPLICIT_QUARANTINE,1,0,0
IMPLICIT-F8CE046B6636899D,ALGORITHM_OR_WORKFLOW,M1,E0,KEEP_AS_ALGORITHM,TASK99_REPOSITORY_EVIDENCE_ADJUDICATED,1,0,0
IMPLICIT-F8CFE314C57779B0,UNRESOLVED_IDENTITY,M0,E0,QUARANTINE_UNTIL_DEFINED,TASK99_MACHINE_TRIAGED_EXPLICIT_QUARANTINE,1,0,0
IMPLICIT-F8D8179C6E092420,UNRESOLVED_IDENTITY,M0,E0,QUARANTINE_UNTIL_DEFINED,TASK99_MACHINE_TRIAGED_EXPLICIT_QUARANTINE,1,0,0
IMPLICIT-F8D82BAA91369DEA,UNRESOLVED_IDENTITY,M0,E0,QUARANTINE_UNTIL_DEFINED,TASK99_MACHINE_TRIAGED_EXPLICIT_QUARANTINE,1,0,0
IMPLICIT-F8F78B290669B760,ALGORITHM_OR_WORKFLOW,M1,E0,KEEP_AS_ALGORITHM,TASK99_REPOSITORY_EVIDENCE_ADJUDICATED,1,0,0
IMPLICIT-F913233C1B77B126,ALGORITHM_OR_WORKFLOW,M1,E0,KEEP_AS_ALGORITHM,TASK99_REPOSITORY_EVIDENCE_ADJUDICATED,1,0,0
IMPLICIT-F92BE9E2CEA48699,UNRESOLVED_IDENTITY,M0,E0,QUARANTINE_UNTIL_DEFINED,TASK99_MACHINE_TRIAGED_EXPLICIT_QUARANTINE,1,0,0
IMPLICIT-F94492AC052076DF,UNRESOLVED_IDENTITY,M0,E0,QUARANTINE_UNTIL_DEFINED,TASK99_MACHINE_TRIAGED_EXPLICIT_QUARANTINE,1,0,0
IMPLICIT-F951370CD047466F,ALGORITHM_OR_WORKFLOW,M1,E0,KEEP_AS_ALGORITHM,TASK99_REPOSITORY_EVIDENCE_ADJUDICATED,1,0,0
IMPLICIT-F9517A9476A52C18,UNRESOLVED_IDENTITY,M0,E0,QUARANTINE_UNTIL_DEFINED,TASK99_MACHINE_TRIAGED_EXPLICIT_QUARANTINE,1,0,0
IMPLICIT-F956C2CE754D0277,UNRESOLVED_IDENTITY,M0,E0,QUARANTINE_UNTIL_DEFINED,TASK99_MACHINE_TRIAGED_EXPLICIT_QUARANTINE,1,0,0
IMPLICIT-F9573DF32552EEB5,ALGORITHM_OR_WORKFLOW,M1,E0,KEEP_AS_ALGORITHM,TASK99_REPOSITORY_EVIDENCE_ADJUDICATED,1,0,0
IMPLICIT-F963A390E8E037BA,UNRESOLVED_IDENTITY,M0,E0,QUARANTINE_UNTIL_DEFINED,TASK99_MACHINE_TRIAGED_EXPLICIT_QUARANTINE,1,0,0
IMPLICIT-F970DB3660F2395D,UNRESOLVED_IDENTITY,M0,E0,QUARANTINE_UNTIL_DEFINED,TASK99_MACHINE_TRIAGED_EXPLICIT_QUARANTINE,1,0,0
IMPLICIT-F9A6EA0C8B60F498,UNRESOLVED_IDENTITY,M0,E0,QUARANTINE_UNTIL_DEFINED,TASK99_MACHINE_TRIAGED_EXPLICIT_QUARANTINE,1,0,0
IMPLICIT-F9BB72D081EA81FB,UNRESOLVED_IDENTITY,M0,E0,QUARANTINE_UNTIL_DEFINED,TASK99_MACHINE_TRIAGED_EXPLICIT_QUARANTINE,1,0,0
IMPLICIT-F9BD11E03E7FB650,ALGORITHM_OR_WORKFLOW,M1,E0,KEEP_AS_ALGORITHM,TASK99_REPOSITORY_EVIDENCE_ADJUDICATED,1,0,0
IMPLICIT-F9CC1D78490CA7EB,ALGORITHM_OR_WORKFLOW,M1,E0,KEEP_AS_ALGORITHM,TASK99_REPOSITORY_EVIDENCE_ADJUDICATED,1,0,0
IMPLICIT-F9CE4F748CDD0AA4,ALGORITHM_OR_WORKFLOW,M2,E0,KEEP_AS_ALGORITHM,TASK99_REPOSITORY_EVIDENCE_ADJUDICATED,1,0,0
IMPLICIT-F9E089F948EDA776,UNRESOLVED_IDENTITY,M0,E0,QUARANTINE_UNTIL_DEFINED,TASK99_MACHINE_TRIAGED_EXPLICIT_QUARANTINE,1,0,0
IMPLICIT-F9E3FFB8D2C18D4A,UNRESOLVED_IDENTITY,M0,E0,QUARANTINE_UNTIL_DEFINED,TASK99_MACHINE_TRIAGED_EXPLICIT_QUARANTINE,1,0,0
IMPLICIT-FA0CE7597470D981,ALGORITHM_OR_WORKFLOW,M2,E0,KEEP_AS_ALGORITHM,TASK99_REPOSITORY_EVIDENCE_ADJUDICATED,1,0,0
IMPLICIT-FA0DBDF1D10C136E,ALGORITHM_OR_WORKFLOW,M1,E0,KEEP_AS_ALGORITHM,TASK99_REPOSITORY_EVIDENCE_ADJUDICATED,1,0,0
IMPLICIT-FA12408F19881005,UNRESOLVED_IDENTITY,M0,E0,QUARANTINE_UNTIL_DEFINED,TASK99_MACHINE_TRIAGED_EXPLICIT_QUARANTINE,1,0,0
IMPLICIT-FA358026FF0F51EA,UNRESOLVED_IDENTITY,M0,E0,QUARANTINE_UNTIL_DEFINED,TASK99_MACHINE_TRIAGED_EXPLICIT_QUARANTINE,1,0,0
IMPLICIT-FA389CD0E5A21FD4,UNRESOLVED_IDENTITY,M0,E0,QUARANTINE_UNTIL_DEFINED,TASK99_MACHINE_TRIAGED_EXPLICIT_QUARANTINE,1,0,0
IMPLICIT-FA551242B61A0E1B,UNRESOLVED_IDENTITY,M0,E0,QUARANTINE_UNTIL_DEFINED,TASK99_MACHINE_TRIAGED_EXPLICIT_QUARANTINE,1,0,0
IMPLICIT-FA6486A27E4BFAAE,UNRESOLVED_IDENTITY,M0,E0,QUARANTINE_UNTIL_DEFINED,TASK99_MACHINE_TRIAGED_EXPLICIT_QUARANTINE,1,0,0
IMPLICIT-FA68D2C2B1236130,UNRESOLVED_IDENTITY,M0,E0,QUARANTINE_UNTIL_DEFINED,TASK99_MACHINE_TRIAGED_EXPLICIT_QUARANTINE,1,0,0
IMPLICIT-FAAB3B74B7CE3B75,UNRESOLVED_IDENTITY,M0,E0,QUARANTINE_UNTIL_DEFINED,TASK99_MACHINE_TRIAGED_EXPLICIT_QUARANTINE,1,0,0
IMPLICIT-FAAC4B6388AACF63,ALGORITHM_OR_WORKFLOW,M1,E0,KEEP_AS_ALGORITHM,TASK99_REPOSITORY_EVIDENCE_ADJUDICATED,1,0,0
IMPLICIT-FAAF64CD3333EB3C,UNRESOLVED_IDENTITY,M0,E0,QUARANTINE_UNTIL_DEFINED,TASK99_MACHINE_TRIAGED_EXPLICIT_QUARANTINE,1,0,0
IMPLICIT-FAB0F9026A6F7731,UNRESOLVED_IDENTITY,M0,E0,QUARANTINE_UNTIL_DEFINED,TASK99_MACHINE_TRIAGED_EXPLICIT_QUARANTINE,1,0,0
IMPLICIT-FABAC4E16F273E07,UNRESOLVED_IDENTITY,M0,E0,QUARANTINE_UNTIL_DEFINED,TASK99_MACHINE_TRIAGED_EXPLICIT_QUARANTINE,1,0,0
IMPLICIT-FAE91030CAE07F24,ALGORITHM_OR_WORKFLOW,M1,E0,KEEP_AS_ALGORITHM,TASK99_REPOSITORY_EVIDENCE_ADJUDICATED,1,0,0
IMPLICIT-FAEB5BC7ED9B09AD,ALGORITHM_OR_WORKFLOW,M2,E0,KEEP_AS_ALGORITHM,TASK99_REPOSITORY_EVIDENCE_ADJUDICATED,1,0,0
IMPLICIT-FAF05CCA73DDBCFA,UNRESOLVED_IDENTITY,M0,E0,QUARANTINE_UNTIL_DEFINED,TASK99_MACHINE_TRIAGED_EXPLICIT_QUARANTINE,1,0,0
IMPLICIT-FB0388381BF5D1A4,UNRESOLVED_IDENTITY,M0,E0,QUARANTINE_UNTIL_DEFINED,TASK99_MACHINE_TRIAGED_EXPLICIT_QUARANTINE,1,0,0
IMPLICIT-FB0F0340DBD1AEDC,UNRESOLVED_IDENTITY,M0,E0,QUARANTINE_UNTIL_DEFINED,TASK99_MACHINE_TRIAGED_EXPLICIT_QUARANTINE,1,0,0
IMPLICIT-FB12BE7095DEAC70,UNRESOLVED_IDENTITY,M0,E0,QUARANTINE_UNTIL_DEFINED,TASK99_MACHINE_TRIAGED_EXPLICIT_QUARANTINE,1,0,0
IMPLICIT-FB15855EF6CC4312,UNRESOLVED_IDENTITY,M0,E0,QUARANTINE_UNTIL_DEFINED,TASK99_MACHINE_TRIAGED_EXPLICIT_QUARANTINE,1,0,0
IMPLICIT-FB16E57A3469B455,UNRESOLVED_IDENTITY,M0,E0,QUARANTINE_UNTIL_DEFINED,TASK99_MACHINE_TRIAGED_EXPLICIT_QUARANTINE,1,0,0
IMPLICIT-FB21F1164B34139A,UNRESOLVED_IDENTITY,M0,E0,QUARANTINE_UNTIL_DEFINED,TASK99_MACHINE_TRIAGED_EXPLICIT_QUARANTINE,1,0,0
IMPLICIT-FB6A1281AE1E30A8,UNRESOLVED_IDENTITY,M0,E0,QUARANTINE_UNTIL_DEFINED,TASK99_MACHINE_TRIAGED_EXPLICIT_QUARANTINE,1,0,0
IMPLICIT-FB93731CB63F504C,UNRESOLVED_IDENTITY,M0,E0,QUARANTINE_UNTIL_DEFINED,TASK99_MACHINE_TRIAGED_EXPLICIT_QUARANTINE,1,0,0
IMPLICIT-FB948C8DEBE579A1,UNRESOLVED_IDENTITY,M0,E0,QUARANTINE_UNTIL_DEFINED,TASK99_MACHINE_TRIAGED_EXPLICIT_QUARANTINE,1,0,0
IMPLICIT-FBA96C10A0AB4D43,ALGORITHM_OR_WORKFLOW,M2,E0,KEEP_AS_ALGORITHM,TASK99_REPOSITORY_EVIDENCE_ADJUDICATED,1,0,0
IMPLICIT-FBB0B42559580AF3,UNRESOLVED_IDENTITY,M0,E0,QUARANTINE_UNTIL_DEFINED,TASK99_MACHINE_TRIAGED_EXPLICIT_QUARANTINE,1,0,0
IMPLICIT-FBDBB0AB556550FE,UNRESOLVED_IDENTITY,M0,E0,QUARANTINE_UNTIL_DEFINED,TASK99_MACHINE_TRIAGED_EXPLICIT_QUARANTINE,1,0,0
IMPLICIT-FBF5628F47FBFDBA,UNRESOLVED_IDENTITY,M0,E0,QUARANTINE_UNTIL_DEFINED,TASK99_MACHINE_TRIAGED_EXPLICIT_QUARANTINE,1,0,0
IMPLICIT-FBF9A623BB28F8B3,UNRESOLVED_IDENTITY,M0,E0,QUARANTINE_UNTIL_DEFINED,TASK99_MACHINE_TRIAGED_EXPLICIT_QUARANTINE,1,0,0
IMPLICIT-FC08F19DF94A445E,UNRESOLVED_IDENTITY,M0,E0,QUARANTINE_UNTIL_DEFINED,TASK99_MACHINE_TRIAGED_EXPLICIT_QUARANTINE,1,0,0
IMPLICIT-FC16E01FFE3F7849,UNRESOLVED_IDENTITY,M0,E0,QUARANTINE_UNTIL_DEFINED,TASK99_MACHINE_TRIAGED_EXPLICIT_QUARANTINE,1,0,0
IMPLICIT-FC3715D19CA64C60,ALGORITHM_OR_WORKFLOW,M1,E0,KEEP_AS_ALGORITHM,TASK99_REPOSITORY_EVIDENCE_ADJUDICATED,1,0,0
IMPLICIT-FC500B77F2E5F0D5,UNRESOLVED_IDENTITY,M0,E0,QUARANTINE_UNTIL_DEFINED,TASK99_MACHINE_TRIAGED_EXPLICIT_QUARANTINE,1,0,0
IMPLICIT-FC882B97B8B9CDC0,UNRESOLVED_IDENTITY,M0,E0,QUARANTINE_UNTIL_DEFINED,TASK99_MACHINE_TRIAGED_EXPLICIT_QUARANTINE,1,0,0
IMPLICIT-FC8E6258D9993D0A,UNRESOLVED_IDENTITY,M0,E0,QUARANTINE_UNTIL_DEFINED,TASK99_MACHINE_TRIAGED_EXPLICIT_QUARANTINE,1,0,0
IMPLICIT-FC9848888997901C,UNRESOLVED_IDENTITY,M0,E0,QUARANTINE_UNTIL_DEFINED,TASK99_MACHINE_TRIAGED_EXPLICIT_QUARANTINE,1,0,0
IMPLICIT-FCA02296FD32C11C,UNRESOLVED_IDENTITY,M0,E0,QUARANTINE_UNTIL_DEFINED,TASK99_MACHINE_TRIAGED_EXPLICIT_QUARANTINE,1,0,0
IMPLICIT-FCACDA8798699E07,UNRESOLVED_IDENTITY,M0,E0,QUARANTINE_UNTIL_DEFINED,TASK99_MACHINE_TRIAGED_EXPLICIT_QUARANTINE,1,0,0
IMPLICIT-FCB44413CA6C3038,UNRESOLVED_IDENTITY,M0,E0,QUARANTINE_UNTIL_DEFINED,TASK99_MACHINE_TRIAGED_EXPLICIT_QUARANTINE,1,0,0
IMPLICIT-FCCD25FBA4C2F1D9,UNRESOLVED_IDENTITY,M0,E0,QUARANTINE_UNTIL_DEFINED,TASK99_MACHINE_TRIAGED_EXPLICIT_QUARANTINE,1,0,0
IMPLICIT-FCDADC2B866FCC31,UNRESOLVED_IDENTITY,M0,E0,QUARANTINE_UNTIL_DEFINED,TASK99_MACHINE_TRIAGED_EXPLICIT_QUARANTINE,1,0,0
IMPLICIT-FCE597834442D685,UNRESOLVED_IDENTITY,M0,E0,QUARANTINE_UNTIL_DEFINED,TASK99_MACHINE_TRIAGED_EXPLICIT_QUARANTINE,1,0,0
IMPLICIT-FD03690B23A48CCC,UNRESOLVED_IDENTITY,M0,E0,QUARANTINE_UNTIL_DEFINED,TASK99_MACHINE_TRIAGED_EXPLICIT_QUARANTINE,1,0,0
IMPLICIT-FD07F4523386F941,UNRESOLVED_IDENTITY,M0,E0,QUARANTINE_UNTIL_DEFINED,TASK99_MACHINE_TRIAGED_EXPLICIT_QUARANTINE,1,0,0
IMPLICIT-FD0D783E49C08B05,UNRESOLVED_IDENTITY,M0,E0,QUARANTINE_UNTIL_DEFINED,TASK99_MACHINE_TRIAGED_EXPLICIT_QUARANTINE,1,0,0
IMPLICIT-FD1090E92733C0F0,UNRESOLVED_IDENTITY,M0,E0,QUARANTINE_UNTIL_DEFINED,TASK99_MACHINE_TRIAGED_EXPLICIT_QUARANTINE,1,0,0
IMPLICIT-FD1424D514090A7C,UNRESOLVED_IDENTITY,M0,E0,QUARANTINE_UNTIL_DEFINED,TASK99_MACHINE_TRIAGED_EXPLICIT_QUARANTINE,1,0,0
IMPLICIT-FD1FD36B51A12C8A,UNRESOLVED_IDENTITY,M0,E0,QUARANTINE_UNTIL_DEFINED,TASK99_MACHINE_TRIAGED_EXPLICIT_QUARANTINE,1,0,0
IMPLICIT-FD265719EA40FF07,UNRESOLVED_IDENTITY,M0,E0,QUARANTINE_UNTIL_DEFINED,TASK99_MACHINE_TRIAGED_EXPLICIT_QUARANTINE,1,0,0
IMPLICIT-FD34A2F43A1ECA8D,UNRESOLVED_IDENTITY,M0,E0,QUARANTINE_UNTIL_DEFINED,TASK99_MACHINE_TRIAGED_EXPLICIT_QUARANTINE,1,0,0
IMPLICIT-FD410FCA908A4C68,UNRESOLVED_IDENTITY,M0,E0,QUARANTINE_UNTIL_DEFINED,TASK99_MACHINE_TRIAGED_EXPLICIT_QUARANTINE,1,0,0
IMPLICIT-FD48AA6645CC6CB3,ALGORITHM_OR_WORKFLOW,M1,E0,KEEP_AS_ALGORITHM,TASK99_REPOSITORY_EVIDENCE_ADJUDICATED,1,0,0
IMPLICIT-FD7BA3D4F1EC5C23,ALGORITHM_OR_WORKFLOW,M1,E0,KEEP_AS_ALGORITHM,TASK99_REPOSITORY_EVIDENCE_ADJUDICATED,1,0,0
IMPLICIT-FD7D444A6F7F278D,UNRESOLVED_IDENTITY,M0,E0,QUARANTINE_UNTIL_DEFINED,TASK99_MACHINE_TRIAGED_EXPLICIT_QUARANTINE,1,0,0
IMPLICIT-FD7F21DC1210DE34,ALGORITHM_OR_WORKFLOW,M1,E0,KEEP_AS_ALGORITHM,TASK99_REPOSITORY_EVIDENCE_ADJUDICATED,1,0,0
IMPLICIT-FD87F48A75095635,UNRESOLVED_IDENTITY,M0,E0,QUARANTINE_UNTIL_DEFINED,TASK99_MACHINE_TRIAGED_EXPLICIT_QUARANTINE,1,0,0
IMPLICIT-FD98E99F2CA31DF4,UNRESOLVED_IDENTITY,M0,E0,QUARANTINE_UNTIL_DEFINED,TASK99_MACHINE_TRIAGED_EXPLICIT_QUARANTINE,1,0,0
IMPLICIT-FD9A7DE8C9F39119,UNRESOLVED_IDENTITY,M0,E0,QUARANTINE_UNTIL_DEFINED,TASK99_MACHINE_TRIAGED_EXPLICIT_QUARANTINE,1,0,0
IMPLICIT-FDA7231894C8A013,UNRESOLVED_IDENTITY,M0,E0,QUARANTINE_UNTIL_DEFINED,TASK99_MACHINE_TRIAGED_EXPLICIT_QUARANTINE,1,0,0
IMPLICIT-FDACD9849736DF99,UNRESOLVED_IDENTITY,M0,E0,QUARANTINE_UNTIL_DEFINED,TASK99_MACHINE_TRIAGED_EXPLICIT_QUARANTINE,1,0,0
IMPLICIT-FDC8FF8C8659DF8C,ALGORITHM_OR_WORKFLOW,M1,E0,KEEP_AS_ALGORITHM,TASK99_REPOSITORY_EVIDENCE_ADJUDICATED,1,0,0
IMPLICIT-FDE37A02E1424722,UNRESOLVED_IDENTITY,M0,E0,QUARANTINE_UNTIL_DEFINED,TASK99_MACHINE_TRIAGED_EXPLICIT_QUARANTINE,1,0,0
IMPLICIT-FDEF1008CEB8B8E8,UNRESOLVED_IDENTITY,M0,E0,QUARANTINE_UNTIL_DEFINED,TASK99_MACHINE_TRIAGED_EXPLICIT_QUARANTINE,1,0,0
IMPLICIT-FDF178CC6CB37CE5,UNRESOLVED_IDENTITY,M0,E0,QUARANTINE_UNTIL_DEFINED,TASK99_MACHINE_TRIAGED_EXPLICIT_QUARANTINE,1,0,0
IMPLICIT-FE12DAE37D510E37,UNRESOLVED_IDENTITY,M0,E0,QUARANTINE_UNTIL_DEFINED,TASK99_MACHINE_TRIAGED_EXPLICIT_QUARANTINE,1,0,0
IMPLICIT-FE276A8FD9BC69CF,ALGORITHM_OR_WORKFLOW,M1,E0,KEEP_AS_ALGORITHM,TASK99_REPOSITORY_EVIDENCE_ADJUDICATED,1,0,0
IMPLICIT-FE2CB1E2D34647CC,UNRESOLVED_IDENTITY,M0,E0,QUARANTINE_UNTIL_DEFINED,TASK99_MACHINE_TRIAGED_EXPLICIT_QUARANTINE,1,0,0
IMPLICIT-FE34B3BC351CBEEA,UNRESOLVED_IDENTITY,M0,E0,QUARANTINE_UNTIL_DEFINED,TASK99_MACHINE_TRIAGED_EXPLICIT_QUARANTINE,1,0,0
IMPLICIT-FE3646A333D3F25D,ALGORITHM_OR_WORKFLOW,M1,E0,KEEP_AS_ALGORITHM,TASK99_REPOSITORY_EVIDENCE_ADJUDICATED,1,0,0
IMPLICIT-FE4C656D45427A8E,UNRESOLVED_IDENTITY,M0,E0,QUARANTINE_UNTIL_DEFINED,TASK99_MACHINE_TRIAGED_EXPLICIT_QUARANTINE,1,0,0
IMPLICIT-FE5F911C47442E61,UNRESOLVED_IDENTITY,M0,E0,QUARANTINE_UNTIL_DEFINED,TASK99_MACHINE_TRIAGED_EXPLICIT_QUARANTINE,1,0,0
IMPLICIT-FE6C9AA79468E73E,ALGORITHM_OR_WORKFLOW,M1,E0,KEEP_AS_ALGORITHM,TASK99_REPOSITORY_EVIDENCE_ADJUDICATED,1,0,0
IMPLICIT-FE832268EBC13F0A,UNRESOLVED_IDENTITY,M0,E0,QUARANTINE_UNTIL_DEFINED,TASK99_MACHINE_TRIAGED_EXPLICIT_QUARANTINE,1,0,0
IMPLICIT-FE84C4DED9832337,UNRESOLVED_IDENTITY,M0,E0,QUARANTINE_UNTIL_DEFINED,TASK99_MACHINE_TRIAGED_EXPLICIT_QUARANTINE,1,0,0
IMPLICIT-FE912A9D1D9A46B2,UNRESOLVED_IDENTITY,M0,E0,QUARANTINE_UNTIL_DEFINED,TASK99_MACHINE_TRIAGED_EXPLICIT_QUARANTINE,1,0,0
IMPLICIT-FE9B602B09F74468,UNRESOLVED_IDENTITY,M0,E0,QUARANTINE_UNTIL_DEFINED,TASK99_MACHINE_TRIAGED_EXPLICIT_QUARANTINE,1,0,0
IMPLICIT-FEA0251F76E07A6A,UNRESOLVED_IDENTITY,M0,E0,QUARANTINE_UNTIL_DEFINED,TASK99_MACHINE_TRIAGED_EXPLICIT_QUARANTINE,1,0,0
IMPLICIT-FED36C2EA59428F1,UNRESOLVED_IDENTITY,M0,E0,QUARANTINE_UNTIL_DEFINED,TASK99_MACHINE_TRIAGED_EXPLICIT_QUARANTINE,1,0,0
IMPLICIT-FEDC911A9FF442CA,UNRESOLVED_IDENTITY,M0,E0,QUARANTINE_UNTIL_DEFINED,TASK99_MACHINE_TRIAGED_EXPLICIT_QUARANTINE,1,0,0
IMPLICIT-FEF855692D34E196,UNRESOLVED_IDENTITY,M0,E0,QUARANTINE_UNTIL_DEFINED,TASK99_MACHINE_TRIAGED_EXPLICIT_QUARANTINE,1,0,0
IMPLICIT-FF063408F3E664F6,UNRESOLVED_IDENTITY,M0,E0,QUARANTINE_UNTIL_DEFINED,TASK99_MACHINE_TRIAGED_EXPLICIT_QUARANTINE,1,0,0
IMPLICIT-FF439B88B11D194A,UNRESOLVED_IDENTITY,M0,E0,QUARANTINE_UNTIL_DEFINED,TASK99_MACHINE_TRIAGED_EXPLICIT_QUARANTINE,1,0,0
IMPLICIT-FF6229E2F6A4A96B,UNRESOLVED_IDENTITY,M0,E0,QUARANTINE_UNTIL_DEFINED,TASK99_MACHINE_TRIAGED_EXPLICIT_QUARANTINE,1,0,0
IMPLICIT-FF65C37D093953DF,UNRESOLVED_IDENTITY,M0,E0,QUARANTINE_UNTIL_DEFINED,TASK99_MACHINE_TRIAGED_EXPLICIT_QUARANTINE,1,0,0
IMPLICIT-FF67B9E83A1A37FA,UNRESOLVED_IDENTITY,M0,E0,QUARANTINE_UNTIL_DEFINED,TASK99_MACHINE_TRIAGED_EXPLICIT_QUARANTINE,1,0,0
IMPLICIT-FF6B8E0E3FD8EFD7,UNRESOLVED_IDENTITY,M0,E0,QUARANTINE_UNTIL_DEFINED,TASK99_MACHINE_TRIAGED_EXPLICIT_QUARANTINE,1,0,0
IMPLICIT-FF726554BD886AAD,ALGORITHM_OR_WORKFLOW,M1,E0,KEEP_AS_ALGORITHM,TASK99_REPOSITORY_EVIDENCE_ADJUDICATED,1,0,0
IMPLICIT-FF9291BF92137320,UNRESOLVED_IDENTITY,M0,E0,QUARANTINE_UNTIL_DEFINED,TASK99_MACHINE_TRIAGED_EXPLICIT_QUARANTINE,1,0,0
IMPLICIT-FFA9DE979E185FBC,UNRESOLVED_IDENTITY,M0,E0,QUARANTINE_UNTIL_DEFINED,TASK99_MACHINE_TRIAGED_EXPLICIT_QUARANTINE,1,0,0
IMPLICIT-FFBBCC76EADCD98A,UNRESOLVED_IDENTITY,M0,E0,QUARANTINE_UNTIL_DEFINED,TASK99_MACHINE_TRIAGED_EXPLICIT_QUARANTINE,1,0,0
IMPLICIT-FFC2BD5D3B3429D6,UNRESOLVED_IDENTITY,M0,E0,QUARANTINE_UNTIL_DEFINED,TASK99_MACHINE_TRIAGED_EXPLICIT_QUARANTINE,1,0,0
IMPLICIT-FFD1E7F5E99F0E1D,UNRESOLVED_IDENTITY,M0,E0,QUARANTINE_UNTIL_DEFINED,TASK99_MACHINE_TRIAGED_EXPLICIT_QUARANTINE,1,0,0
IMPLICIT-FFDC812355883E1F,UNRESOLVED_IDENTITY,M0,E0,QUARANTINE_UNTIL_DEFINED,TASK99_MACHINE_TRIAGED_EXPLICIT_QUARANTINE,1,0,0
IMPLICIT-FFE5B63C84F3E8F2,UNRESOLVED_IDENTITY,M0,E0,QUARANTINE_UNTIL_DEFINED,TASK99_MACHINE_TRIAGED_EXPLICIT_QUARANTINE,1,0,0
IMPLICIT-FFF1DCEF8CC17C17,UNRESOLVED_IDENTITY,M0,E0,QUARANTINE_UNTIL_DEFINED,TASK99_MACHINE_TRIAGED_EXPLICIT_QUARANTINE,1,0,0
IMPLICIT-FFFC52EFCDC1C186,UNRESOLVED_IDENTITY,M0,E0,QUARANTINE_UNTIL_DEFINED,TASK99_MACHINE_TRIAGED_EXPLICIT_QUARANTINE,1,0,0
M0,UNRESOLVED_IDENTITY,M0,E0,QUARANTINE_UNTIL_DEFINED,TASK99_MACHINE_TRIAGED_EXPLICIT_QUARANTINE,30,0,0
M01,UNRESOLVED_IDENTITY,M0,E0,QUARANTINE_UNTIL_DEFINED,TASK99_MACHINE_TRIAGED_EXPLICIT_QUARANTINE,11,0,0
M02,UNRESOLVED_IDENTITY,M0,E0,QUARANTINE_UNTIL_DEFINED,TASK99_MACHINE_TRIAGED_EXPLICIT_QUARANTINE,11,0,0
M03,UNRESOLVED_IDENTITY,M0,E0,QUARANTINE_UNTIL_DEFINED,TASK99_MACHINE_TRIAGED_EXPLICIT_QUARANTINE,11,0,0
M04,UNRESOLVED_IDENTITY,M0,E0,QUARANTINE_UNTIL_DEFINED,TASK99_MACHINE_TRIAGED_EXPLICIT_QUARANTINE,11,0,0
M05,UNRESOLVED_IDENTITY,M0,E0,QUARANTINE_UNTIL_DEFINED,TASK99_MACHINE_TRIAGED_EXPLICIT_QUARANTINE,11,0,0
M06,UNRESOLVED_IDENTITY,M0,E0,QUARANTINE_UNTIL_DEFINED,TASK99_MACHINE_TRIAGED_EXPLICIT_QUARANTINE,10,0,0
M07,UNRESOLVED_IDENTITY,M0,E0,QUARANTINE_UNTIL_DEFINED,TASK99_MACHINE_TRIAGED_EXPLICIT_QUARANTINE,10,0,0
M08,UNRESOLVED_IDENTITY,M0,E0,QUARANTINE_UNTIL_DEFINED,TASK99_MACHINE_TRIAGED_EXPLICIT_QUARANTINE,10,0,0
M09,UNRESOLVED_IDENTITY,M0,E0,QUARANTINE_UNTIL_DEFINED,TASK99_MACHINE_TRIAGED_EXPLICIT_QUARANTINE,10,0,0
M1,UNRESOLVED_IDENTITY,M0,E0,QUARANTINE_UNTIL_DEFINED,TASK99_MACHINE_TRIAGED_EXPLICIT_QUARANTINE,65,0,0
M10,UNRESOLVED_IDENTITY,M0,E0,QUARANTINE_UNTIL_DEFINED,TASK99_MACHINE_TRIAGED_EXPLICIT_QUARANTINE,34,0,0
M11,UNRESOLVED_IDENTITY,M0,E0,QUARANTINE_UNTIL_DEFINED,TASK99_MACHINE_TRIAGED_EXPLICIT_QUARANTINE,34,0,0
M12,UNRESOLVED_IDENTITY,M0,E0,QUARANTINE_UNTIL_DEFINED,TASK99_MACHINE_TRIAGED_EXPLICIT_QUARANTINE,34,0,0
M13,UNRESOLVED_IDENTITY,M0,E0,QUARANTINE_UNTIL_DEFINED,TASK99_MACHINE_TRIAGED_EXPLICIT_QUARANTINE,39,0,0
M14,UNRESOLVED_IDENTITY,M0,E0,QUARANTINE_UNTIL_DEFINED,TASK99_MACHINE_TRIAGED_EXPLICIT_QUARANTINE,36,0,0
M15,UNRESOLVED_IDENTITY,M0,E0,QUARANTINE_UNTIL_DEFINED,TASK99_MACHINE_TRIAGED_EXPLICIT_QUARANTINE,11,0,0
M16,UNRESOLVED_IDENTITY,M0,E0,QUARANTINE_UNTIL_DEFINED,TASK99_MACHINE_TRIAGED_EXPLICIT_QUARANTINE,10,0,0
M17,UNRESOLVED_IDENTITY,M0,E0,QUARANTINE_UNTIL_DEFINED,TASK99_MACHINE_TRIAGED_EXPLICIT_QUARANTINE,10,0,0
M18,UNRESOLVED_IDENTITY,M0,E0,QUARANTINE_UNTIL_DEFINED,TASK99_MACHINE_TRIAGED_EXPLICIT_QUARANTINE,10,0,0
M19,UNRESOLVED_IDENTITY,M0,E0,QUARANTINE_UNTIL_DEFINED,TASK99_MACHINE_TRIAGED_EXPLICIT_QUARANTINE,10,0,0
M2,UNRESOLVED_IDENTITY,M0,E0,QUARANTINE_UNTIL_DEFINED,TASK99_MACHINE_TRIAGED_EXPLICIT_QUARANTINE,40,0,0
M20,UNRESOLVED_IDENTITY,M0,E0,QUARANTINE_UNTIL_DEFINED,TASK99_MACHINE_TRIAGED_EXPLICIT_QUARANTINE,10,0,0
M21,UNRESOLVED_IDENTITY,M0,E0,QUARANTINE_UNTIL_DEFINED,TASK99_MACHINE_TRIAGED_EXPLICIT_QUARANTINE,10,0,0
M22,UNRESOLVED_IDENTITY,M0,E0,QUARANTINE_UNTIL_DEFINED,TASK99_MACHINE_TRIAGED_EXPLICIT_QUARANTINE,10,0,0
M23,UNRESOLVED_IDENTITY,M0,E0,QUARANTINE_UNTIL_DEFINED,TASK99_MACHINE_TRIAGED_EXPLICIT_QUARANTINE,11,0,0
M24,UNRESOLVED_IDENTITY,M0,E0,QUARANTINE_UNTIL_DEFINED,TASK99_MACHINE_TRIAGED_EXPLICIT_QUARANTINE,11,0,0
M25,UNRESOLVED_IDENTITY,M0,E0,QUARANTINE_UNTIL_DEFINED,TASK99_MACHINE_TRIAGED_EXPLICIT_QUARANTINE,11,0,0
M26,UNRESOLVED_IDENTITY,M0,E0,QUARANTINE_UNTIL_DEFINED,TASK99_MACHINE_TRIAGED_EXPLICIT_QUARANTINE,11,0,0
M27,UNRESOLVED_IDENTITY,M0,E0,QUARANTINE_UNTIL_DEFINED,TASK99_MACHINE_TRIAGED_EXPLICIT_QUARANTINE,11,0,0
M28,UNRESOLVED_IDENTITY,M0,E0,QUARANTINE_UNTIL_DEFINED,TASK99_MACHINE_TRIAGED_EXPLICIT_QUARANTINE,11,0,0
M29,UNRESOLVED_IDENTITY,M0,E0,QUARANTINE_UNTIL_DEFINED,TASK99_MACHINE_TRIAGED_EXPLICIT_QUARANTINE,11,0,0
M3,UNRESOLVED_IDENTITY,M0,E0,QUARANTINE_UNTIL_DEFINED,TASK99_MACHINE_TRIAGED_EXPLICIT_QUARANTINE,43,0,0
M30,UNRESOLVED_IDENTITY,M0,E0,QUARANTINE_UNTIL_DEFINED,TASK99_MACHINE_TRIAGED_EXPLICIT_QUARANTINE,11,0,0
M31,UNRESOLVED_IDENTITY,M0,E0,QUARANTINE_UNTIL_DEFINED,TASK99_MACHINE_TRIAGED_EXPLICIT_QUARANTINE,11,0,0
M32,UNRESOLVED_IDENTITY,M0,E0,QUARANTINE_UNTIL_DEFINED,TASK99_MACHINE_TRIAGED_EXPLICIT_QUARANTINE,11,0,0
M33,UNRESOLVED_IDENTITY,M0,E0,QUARANTINE_UNTIL_DEFINED,TASK99_MACHINE_TRIAGED_EXPLICIT_QUARANTINE,11,0,0
M34,UNRESOLVED_IDENTITY,M0,E0,QUARANTINE_UNTIL_DEFINED,TASK99_MACHINE_TRIAGED_EXPLICIT_QUARANTINE,11,0,0
M35,UNRESOLVED_IDENTITY,M0,E0,QUARANTINE_UNTIL_DEFINED,TASK99_MACHINE_TRIAGED_EXPLICIT_QUARANTINE,11,0,0
M36,UNRESOLVED_IDENTITY,M0,E0,QUARANTINE_UNTIL_DEFINED,TASK99_MACHINE_TRIAGED_EXPLICIT_QUARANTINE,11,0,0
M37,UNRESOLVED_IDENTITY,M0,E0,QUARANTINE_UNTIL_DEFINED,TASK99_MACHINE_TRIAGED_EXPLICIT_QUARANTINE,10,0,0
M38,UNRESOLVED_IDENTITY,M0,E0,QUARANTINE_UNTIL_DEFINED,TASK99_MACHINE_TRIAGED_EXPLICIT_QUARANTINE,10,0,0
M39,UNRESOLVED_IDENTITY,M0,E0,QUARANTINE_UNTIL_DEFINED,TASK99_MACHINE_TRIAGED_EXPLICIT_QUARANTINE,10,0,0
M4,UNRESOLVED_IDENTITY,M0,E0,QUARANTINE_UNTIL_DEFINED,TASK99_MACHINE_TRIAGED_EXPLICIT_QUARANTINE,38,0,0
M40,UNRESOLVED_IDENTITY,M0,E0,QUARANTINE_UNTIL_DEFINED,TASK99_MACHINE_TRIAGED_EXPLICIT_QUARANTINE,11,0,0
M41,UNRESOLVED_IDENTITY,M0,E0,QUARANTINE_UNTIL_DEFINED,TASK99_MACHINE_TRIAGED_EXPLICIT_QUARANTINE,11,0,0
M42,UNRESOLVED_IDENTITY,M0,E0,QUARANTINE_UNTIL_DEFINED,TASK99_MACHINE_TRIAGED_EXPLICIT_QUARANTINE,11,0,0
M43,UNRESOLVED_IDENTITY,M0,E0,QUARANTINE_UNTIL_DEFINED,TASK99_MACHINE_TRIAGED_EXPLICIT_QUARANTINE,11,0,0
M5,UNRESOLVED_IDENTITY,M0,E0,QUARANTINE_UNTIL_DEFINED,TASK99_MACHINE_TRIAGED_EXPLICIT_QUARANTINE,41,0,0
M6,UNRESOLVED_IDENTITY,M0,E0,QUARANTINE_UNTIL_DEFINED,TASK99_MACHINE_TRIAGED_EXPLICIT_QUARANTINE,41,0,0
M7,UNRESOLVED_IDENTITY,M0,E0,QUARANTINE_UNTIL_DEFINED,TASK99_MACHINE_TRIAGED_EXPLICIT_QUARANTINE,49,0,0
M8,UNRESOLVED_IDENTITY,M0,E0,QUARANTINE_UNTIL_DEFINED,TASK99_MACHINE_TRIAGED_EXPLICIT_QUARANTINE,40,0,0
M9,UNRESOLVED_IDENTITY,M0,E0,QUARANTINE_UNTIL_DEFINED,TASK99_MACHINE_TRIAGED_EXPLICIT_QUARANTINE,38,0,0
MF0,UNRESOLVED_IDENTITY,M0,E0,QUARANTINE_UNTIL_DEFINED,TASK99_MACHINE_TRIAGED_EXPLICIT_QUARANTINE,2,0,0
MF0000,UNRESOLVED_IDENTITY,M0,E0,QUARANTINE_UNTIL_DEFINED,TASK99_MACHINE_TRIAGED_EXPLICIT_QUARANTINE,8,0,7
MF0001,UNRESOLVED_IDENTITY,M0,E0,QUARANTINE_UNTIL_DEFINED,TASK99_MACHINE_TRIAGED_EXPLICIT_QUARANTINE,6,0,2
MF0002,UNRESOLVED_IDENTITY,M0,E0,QUARANTINE_UNTIL_DEFINED,TASK99_MACHINE_TRIAGED_EXPLICIT_QUARANTINE,6,0,2
MF0003,UNRESOLVED_IDENTITY,M0,E0,QUARANTINE_UNTIL_DEFINED,TASK99_MACHINE_TRIAGED_EXPLICIT_QUARANTINE,6,0,2
MF0004,UNRESOLVED_IDENTITY,M0,E0,QUARANTINE_UNTIL_DEFINED,TASK99_MACHINE_TRIAGED_EXPLICIT_QUARANTINE,6,0,2
MF0005,UNRESOLVED_IDENTITY,M0,E0,QUARANTINE_UNTIL_DEFINED,TASK99_MACHINE_TRIAGED_EXPLICIT_QUARANTINE,6,0,2
MF1,GATE_OR_CLASSIFIER,M1,E0,QUARANTINE_UNTIL_DEFINED,TASK99_REPOSITORY_EVIDENCE_ADJUDICATED,18,2,0
MF2,GATE_OR_CLASSIFIER,M1,E0,QUARANTINE_UNTIL_DEFINED,TASK99_REPOSITORY_EVIDENCE_ADJUDICATED,18,2,0
MF3,GATE_OR_CLASSIFIER,M1,E0,QUARANTINE_UNTIL_DEFINED,TASK99_REPOSITORY_EVIDENCE_ADJUDICATED,18,2,0
MF4,ALGORITHM_OR_WORKFLOW,M1,E0,QUARANTINE_UNTIL_DEFINED,TASK99_REPOSITORY_EVIDENCE_ADJUDICATED,18,2,0
MF5,GATE_OR_CLASSIFIER,M1,E0,QUARANTINE_UNTIL_DEFINED,TASK99_REPOSITORY_EVIDENCE_ADJUDICATED,18,2,0
P0,UNRESOLVED_IDENTITY,M0,E0,QUARANTINE_UNTIL_DEFINED,TASK99_MACHINE_TRIAGED_EXPLICIT_QUARANTINE,23,0,0
P01,UNRESOLVED_IDENTITY,M0,E0,QUARANTINE_UNTIL_DEFINED,TASK99_MACHINE_TRIAGED_EXPLICIT_QUARANTINE,1,0,0
P02,UNRESOLVED_IDENTITY,M0,E0,QUARANTINE_UNTIL_DEFINED,TASK99_MACHINE_TRIAGED_EXPLICIT_QUARANTINE,1,0,0
P03,UNRESOLVED_IDENTITY,M0,E0,QUARANTINE_UNTIL_DEFINED,TASK99_MACHINE_TRIAGED_EXPLICIT_QUARANTINE,1,0,0
P04,UNRESOLVED_IDENTITY,M0,E0,QUARANTINE_UNTIL_DEFINED,TASK99_MACHINE_TRIAGED_EXPLICIT_QUARANTINE,1,0,0
P05,UNRESOLVED_IDENTITY,M0,E0,QUARANTINE_UNTIL_DEFINED,TASK99_MACHINE_TRIAGED_EXPLICIT_QUARANTINE,1,0,0
P06,UNRESOLVED_IDENTITY,M0,E0,QUARANTINE_UNTIL_DEFINED,TASK99_MACHINE_TRIAGED_EXPLICIT_QUARANTINE,1,0,0
P07,UNRESOLVED_IDENTITY,M0,E0,QUARANTINE_UNTIL_DEFINED,TASK99_MACHINE_TRIAGED_EXPLICIT_QUARANTINE,1,0,0
P08,UNRESOLVED_IDENTITY,M0,E0,QUARANTINE_UNTIL_DEFINED,TASK99_MACHINE_TRIAGED_EXPLICIT_QUARANTINE,1,0,0
P09,UNRESOLVED_IDENTITY,M0,E0,QUARANTINE_UNTIL_DEFINED,TASK99_MACHINE_TRIAGED_EXPLICIT_QUARANTINE,1,0,0
P1,UNRESOLVED_IDENTITY,M0,E0,QUARANTINE_UNTIL_DEFINED,TASK99_MACHINE_TRIAGED_EXPLICIT_QUARANTINE,78,0,0
P10,UNRESOLVED_IDENTITY,M0,E0,QUARANTINE_UNTIL_DEFINED,TASK99_MACHINE_TRIAGED_EXPLICIT_QUARANTINE,1,0,0
P100,UNRESOLVED_IDENTITY,M0,E0,QUARANTINE_UNTIL_DEFINED,TASK99_MACHINE_TRIAGED_EXPLICIT_QUARANTINE,2,0,0
P11,UNRESOLVED_IDENTITY,M0,E0,QUARANTINE_UNTIL_DEFINED,TASK99_MACHINE_TRIAGED_EXPLICIT_QUARANTINE,1,0,0
P12,UNRESOLVED_IDENTITY,M0,E0,QUARANTINE_UNTIL_DEFINED,TASK99_MACHINE_TRIAGED_EXPLICIT_QUARANTINE,1,0,0
P16,UNRESOLVED_IDENTITY,M0,E0,QUARANTINE_UNTIL_DEFINED,TASK99_MACHINE_TRIAGED_EXPLICIT_QUARANTINE,10,0,0
P17,UNRESOLVED_IDENTITY,M0,E0,QUARANTINE_UNTIL_DEFINED,TASK99_MACHINE_TRIAGED_EXPLICIT_QUARANTINE,9,0,0
P2,UNRESOLVED_IDENTITY,M0,E0,QUARANTINE_UNTIL_DEFINED,TASK99_MACHINE_TRIAGED_EXPLICIT_QUARANTINE,12,0,0
P3,UNRESOLVED_IDENTITY,M0,E0,QUARANTINE_UNTIL_DEFINED,TASK99_MACHINE_TRIAGED_EXPLICIT_QUARANTINE,3,0,0
P30,UNRESOLVED_IDENTITY,M0,E0,QUARANTINE_UNTIL_DEFINED,TASK99_MACHINE_TRIAGED_EXPLICIT_QUARANTINE,1,0,0
P4,UNRESOLVED_IDENTITY,M0,E0,QUARANTINE_UNTIL_DEFINED,TASK99_MACHINE_TRIAGED_EXPLICIT_QUARANTINE,11,0,0
P42,UNRESOLVED_IDENTITY,M0,E0,QUARANTINE_UNTIL_DEFINED,TASK99_MACHINE_TRIAGED_EXPLICIT_QUARANTINE,1,0,0
P4310310987,UNRESOLVED_IDENTITY,M0,E0,QUARANTINE_UNTIL_DEFINED,TASK99_MACHINE_TRIAGED_EXPLICIT_QUARANTINE,3,0,0
P4310311504,UNRESOLVED_IDENTITY,M0,E0,QUARANTINE_UNTIL_DEFINED,TASK99_MACHINE_TRIAGED_EXPLICIT_QUARANTINE,1,0,0
P4310311647,UNRESOLVED_IDENTITY,M0,E0,QUARANTINE_UNTIL_DEFINED,TASK99_MACHINE_TRIAGED_EXPLICIT_QUARANTINE,5,0,0
P4310311648,UNRESOLVED_IDENTITY,M0,E0,QUARANTINE_UNTIL_DEFINED,TASK99_MACHINE_TRIAGED_EXPLICIT_QUARANTINE,5,0,0
P4310311669,UNRESOLVED_IDENTITY,M0,E0,QUARANTINE_UNTIL_DEFINED,TASK99_MACHINE_TRIAGED_EXPLICIT_QUARANTINE,1,0,0
P4310311702,UNRESOLVED_IDENTITY,M0,E0,QUARANTINE_UNTIL_DEFINED,TASK99_MACHINE_TRIAGED_EXPLICIT_QUARANTINE,9,0,0
P4310311721,UNRESOLVED_IDENTITY,M0,E0,QUARANTINE_UNTIL_DEFINED,TASK99_MACHINE_TRIAGED_EXPLICIT_QUARANTINE,9,0,0
P4310311819,UNRESOLVED_IDENTITY,M0,E0,QUARANTINE_UNTIL_DEFINED,TASK99_MACHINE_TRIAGED_EXPLICIT_QUARANTINE,1,0,0
P4310312325,UNRESOLVED_IDENTITY,M0,E0,QUARANTINE_UNTIL_DEFINED,TASK99_MACHINE_TRIAGED_EXPLICIT_QUARANTINE,1,0,0
P4310313990,UNRESOLVED_IDENTITY,M0,E0,QUARANTINE_UNTIL_DEFINED,TASK99_MACHINE_TRIAGED_EXPLICIT_QUARANTINE,1,0,0
P4310315671,UNRESOLVED_IDENTITY,M0,E0,QUARANTINE_UNTIL_DEFINED,TASK99_MACHINE_TRIAGED_EXPLICIT_QUARANTINE,1,0,0
P4310315706,UNRESOLVED_IDENTITY,M0,E0,QUARANTINE_UNTIL_DEFINED,TASK99_MACHINE_TRIAGED_EXPLICIT_QUARANTINE,2,0,0
P4310315718,UNRESOLVED_IDENTITY,M0,E0,QUARANTINE_UNTIL_DEFINED,TASK99_MACHINE_TRIAGED_EXPLICIT_QUARANTINE,1,0,0
P4310315742,UNRESOLVED_IDENTITY,M0,E0,QUARANTINE_UNTIL_DEFINED,TASK99_MACHINE_TRIAGED_EXPLICIT_QUARANTINE,1,0,0
P4310315823,UNRESOLVED_IDENTITY,M0,E0,QUARANTINE_UNTIL_DEFINED,TASK99_MACHINE_TRIAGED_EXPLICIT_QUARANTINE,2,0,0
P4310315853,UNRESOLVED_IDENTITY,M0,E0,QUARANTINE_UNTIL_DEFINED,TASK99_MACHINE_TRIAGED_EXPLICIT_QUARANTINE,1,0,0
P4310315903,UNRESOLVED_IDENTITY,M0,E0,QUARANTINE_UNTIL_DEFINED,TASK99_MACHINE_TRIAGED_EXPLICIT_QUARANTINE,1,0,0
P4310315912,UNRESOLVED_IDENTITY,M0,E0,QUARANTINE_UNTIL_DEFINED,TASK99_MACHINE_TRIAGED_EXPLICIT_QUARANTINE,1,0,0
P4310316034,UNRESOLVED_IDENTITY,M0,E0,QUARANTINE_UNTIL_DEFINED,TASK99_MACHINE_TRIAGED_EXPLICIT_QUARANTINE,1,0,0
P4310316146,UNRESOLVED_IDENTITY,M0,E0,QUARANTINE_UNTIL_DEFINED,TASK99_MACHINE_TRIAGED_EXPLICIT_QUARANTINE,1,0,0
P4310316710,UNRESOLVED_IDENTITY,M0,E0,QUARANTINE_UNTIL_DEFINED,TASK99_MACHINE_TRIAGED_EXPLICIT_QUARANTINE,1,0,0
P4310318547,UNRESOLVED_IDENTITY,M0,E0,QUARANTINE_UNTIL_DEFINED,TASK99_MACHINE_TRIAGED_EXPLICIT_QUARANTINE,2,0,0
P4310318575,UNRESOLVED_IDENTITY,M0,E0,QUARANTINE_UNTIL_DEFINED,TASK99_MACHINE_TRIAGED_EXPLICIT_QUARANTINE,1,0,0
P4310318577,UNRESOLVED_IDENTITY,M0,E0,QUARANTINE_UNTIL_DEFINED,TASK99_MACHINE_TRIAGED_EXPLICIT_QUARANTINE,1,0,0
P4310319750,UNRESOLVED_IDENTITY,M0,E0,QUARANTINE_UNTIL_DEFINED,TASK99_MACHINE_TRIAGED_EXPLICIT_QUARANTINE,1,0,0
P4310319787,UNRESOLVED_IDENTITY,M0,E0,QUARANTINE_UNTIL_DEFINED,TASK99_MACHINE_TRIAGED_EXPLICIT_QUARANTINE,2,0,0
P4310319847,UNRESOLVED_IDENTITY,M0,E0,QUARANTINE_UNTIL_DEFINED,TASK99_MACHINE_TRIAGED_EXPLICIT_QUARANTINE,1,0,0
P4310319881,UNRESOLVED_IDENTITY,M0,E0,QUARANTINE_UNTIL_DEFINED,TASK99_MACHINE_TRIAGED_EXPLICIT_QUARANTINE,1,0,0
P4310319900,UNRESOLVED_IDENTITY,M0,E0,QUARANTINE_UNTIL_DEFINED,TASK99_MACHINE_TRIAGED_EXPLICIT_QUARANTINE,12,0,0
P4310319908,UNRESOLVED_IDENTITY,M0,E0,QUARANTINE_UNTIL_DEFINED,TASK99_MACHINE_TRIAGED_EXPLICIT_QUARANTINE,5,0,0
P4310319945,UNRESOLVED_IDENTITY,M0,E0,QUARANTINE_UNTIL_DEFINED,TASK99_MACHINE_TRIAGED_EXPLICIT_QUARANTINE,1,0,0
P4310319965,UNRESOLVED_IDENTITY,M0,E0,QUARANTINE_UNTIL_DEFINED,TASK99_MACHINE_TRIAGED_EXPLICIT_QUARANTINE,22,0,0
P4310320017,UNRESOLVED_IDENTITY,M0,E0,QUARANTINE_UNTIL_DEFINED,TASK99_MACHINE_TRIAGED_EXPLICIT_QUARANTINE,1,0,0
P4310320052,UNRESOLVED_IDENTITY,M0,E0,QUARANTINE_UNTIL_DEFINED,TASK99_MACHINE_TRIAGED_EXPLICIT_QUARANTINE,3,0,0
P4310320256,UNRESOLVED_IDENTITY,M0,E0,QUARANTINE_UNTIL_DEFINED,TASK99_MACHINE_TRIAGED_EXPLICIT_QUARANTINE,2,0,0
P4310320261,UNRESOLVED_IDENTITY,M0,E0,QUARANTINE_UNTIL_DEFINED,TASK99_MACHINE_TRIAGED_EXPLICIT_QUARANTINE,2,0,0
P4310320262,UNRESOLVED_IDENTITY,M0,E0,QUARANTINE_UNTIL_DEFINED,TASK99_MACHINE_TRIAGED_EXPLICIT_QUARANTINE,1,0,0
P4310320373,UNRESOLVED_IDENTITY,M0,E0,QUARANTINE_UNTIL_DEFINED,TASK99_MACHINE_TRIAGED_EXPLICIT_QUARANTINE,4,0,0
P4310320448,UNRESOLVED_IDENTITY,M0,E0,QUARANTINE_UNTIL_DEFINED,TASK99_MACHINE_TRIAGED_EXPLICIT_QUARANTINE,1,0,0
P4310320508,UNRESOLVED_IDENTITY,M0,E0,QUARANTINE_UNTIL_DEFINED,TASK99_MACHINE_TRIAGED_EXPLICIT_QUARANTINE,2,0,0
P4310320511,UNRESOLVED_IDENTITY,M0,E0,QUARANTINE_UNTIL_DEFINED,TASK99_MACHINE_TRIAGED_EXPLICIT_QUARANTINE,1,0,0
P4310320547,UNRESOLVED_IDENTITY,M0,E0,QUARANTINE_UNTIL_DEFINED,TASK99_MACHINE_TRIAGED_EXPLICIT_QUARANTINE,2,0,0
P4310320595,UNRESOLVED_IDENTITY,M0,E0,QUARANTINE_UNTIL_DEFINED,TASK99_MACHINE_TRIAGED_EXPLICIT_QUARANTINE,6,0,0
P4310320990,UNRESOLVED_IDENTITY,M0,E0,QUARANTINE_UNTIL_DEFINED,TASK99_MACHINE_TRIAGED_EXPLICIT_QUARANTINE,9,0,0
P5,UNRESOLVED_IDENTITY,M0,E0,QUARANTINE_UNTIL_DEFINED,TASK99_MACHINE_TRIAGED_EXPLICIT_QUARANTINE,10,0,0
P7,UNRESOLVED_IDENTITY,M0,E0,QUARANTINE_UNTIL_DEFINED,TASK99_MACHINE_TRIAGED_EXPLICIT_QUARANTINE,10,0,0
P8,UNRESOLVED_IDENTITY,M0,E0,QUARANTINE_UNTIL_DEFINED,TASK99_MACHINE_TRIAGED_EXPLICIT_QUARANTINE,14,0,0
T0,UNRESOLVED_IDENTITY,M0,E0,QUARANTINE_UNTIL_DEFINED,TASK99_MACHINE_TRIAGED_EXPLICIT_QUARANTINE,3,0,0
T1,CONJECTURE_OR_RESEARCH_CANDIDATE,M1,E0,DOWNGRADE_TO_CONJECTURE,TASK99_REPOSITORY_EVIDENCE_ADJUDICATED,44,2,0
T10,PARAMETRIC_MATHEMATICAL_MODEL,M1,E0,QUARANTINE_UNTIL_DEFINED,TASK99_REPOSITORY_EVIDENCE_ADJUDICATED,45,0,0
T100,UNRESOLVED_IDENTITY,M0,E0,QUARANTINE_UNTIL_DEFINED,TASK99_MACHINE_TRIAGED_EXPLICIT_QUARANTINE,1,0,0
T10003,UNRESOLVED_IDENTITY,M0,E0,QUARANTINE_UNTIL_DEFINED,TASK99_MACHINE_TRIAGED_EXPLICIT_QUARANTINE,1,0,0
T10028,UNRESOLVED_IDENTITY,M0,E0,QUARANTINE_UNTIL_DEFINED,TASK99_MACHINE_TRIAGED_EXPLICIT_QUARANTINE,2,0,0
T10029,UNRESOLVED_IDENTITY,M0,E0,QUARANTINE_UNTIL_DEFINED,TASK99_MACHINE_TRIAGED_EXPLICIT_QUARANTINE,3,0,0
T10034,UNRESOLVED_IDENTITY,M0,E0,QUARANTINE_UNTIL_DEFINED,TASK99_MACHINE_TRIAGED_EXPLICIT_QUARANTINE,1,0,0
T10058,UNRESOLVED_IDENTITY,M0,E0,QUARANTINE_UNTIL_DEFINED,TASK99_MACHINE_TRIAGED_EXPLICIT_QUARANTINE,1,0,0
T10067,UNRESOLVED_IDENTITY,M0,E0,QUARANTINE_UNTIL_DEFINED,TASK99_MACHINE_TRIAGED_EXPLICIT_QUARANTINE,1,0,0
T10070,UNRESOLVED_IDENTITY,M0,E0,QUARANTINE_UNTIL_DEFINED,TASK99_MACHINE_TRIAGED_EXPLICIT_QUARANTINE,1,0,0
T10100,UNRESOLVED_IDENTITY,M0,E0,QUARANTINE_UNTIL_DEFINED,TASK99_MACHINE_TRIAGED_EXPLICIT_QUARANTINE,2,0,0
T10102,UNRESOLVED_IDENTITY,M0,E0,QUARANTINE_UNTIL_DEFINED,TASK99_MACHINE_TRIAGED_EXPLICIT_QUARANTINE,3,0,0
T10108,UNRESOLVED_IDENTITY,M0,E0,QUARANTINE_UNTIL_DEFINED,TASK99_MACHINE_TRIAGED_EXPLICIT_QUARANTINE,1,0,0
T10115,UNRESOLVED_IDENTITY,M0,E0,QUARANTINE_UNTIL_DEFINED,TASK99_MACHINE_TRIAGED_EXPLICIT_QUARANTINE,1,0,0
T10126,UNRESOLVED_IDENTITY,M0,E0,QUARANTINE_UNTIL_DEFINED,TASK99_MACHINE_TRIAGED_EXPLICIT_QUARANTINE,1,0,0
T10136,UNRESOLVED_IDENTITY,M0,E0,QUARANTINE_UNTIL_DEFINED,TASK99_MACHINE_TRIAGED_EXPLICIT_QUARANTINE,7,0,0
T10181,UNRESOLVED_IDENTITY,M0,E0,QUARANTINE_UNTIL_DEFINED,TASK99_MACHINE_TRIAGED_EXPLICIT_QUARANTINE,5,0,0
T10190,UNRESOLVED_IDENTITY,M0,E0,QUARANTINE_UNTIL_DEFINED,TASK99_MACHINE_TRIAGED_EXPLICIT_QUARANTINE,1,0,0
T10206,UNRESOLVED_IDENTITY,M0,E0,QUARANTINE_UNTIL_DEFINED,TASK99_MACHINE_TRIAGED_EXPLICIT_QUARANTINE,7,0,0
T10214,UNRESOLVED_IDENTITY,M0,E0,QUARANTINE_UNTIL_DEFINED,TASK99_MACHINE_TRIAGED_EXPLICIT_QUARANTINE,2,0,0
T10215,UNRESOLVED_IDENTITY,M0,E0,QUARANTINE_UNTIL_DEFINED,TASK99_MACHINE_TRIAGED_EXPLICIT_QUARANTINE,7,0,0
T10243,UNRESOLVED_IDENTITY,M0,E0,QUARANTINE_UNTIL_DEFINED,TASK99_MACHINE_TRIAGED_EXPLICIT_QUARANTINE,7,0,0
T10258,UNRESOLVED_IDENTITY,M0,E0,QUARANTINE_UNTIL_DEFINED,TASK99_MACHINE_TRIAGED_EXPLICIT_QUARANTINE,1,0,0
T10288,UNRESOLVED_IDENTITY,M0,E0,QUARANTINE_UNTIL_DEFINED,TASK99_MACHINE_TRIAGED_EXPLICIT_QUARANTINE,1,0,0
T10289,UNRESOLVED_IDENTITY,M0,E0,QUARANTINE_UNTIL_DEFINED,TASK99_MACHINE_TRIAGED_EXPLICIT_QUARANTINE,1,0,0
T10320,UNRESOLVED_IDENTITY,M0,E0,QUARANTINE_UNTIL_DEFINED,TASK99_MACHINE_TRIAGED_EXPLICIT_QUARANTINE,1,0,0
T10344,UNRESOLVED_IDENTITY,M0,E0,QUARANTINE_UNTIL_DEFINED,TASK99_MACHINE_TRIAGED_EXPLICIT_QUARANTINE,1,0,0
T10379,UNRESOLVED_IDENTITY,M0,E0,QUARANTINE_UNTIL_DEFINED,TASK99_MACHINE_TRIAGED_EXPLICIT_QUARANTINE,2,0,0
T10410,UNRESOLVED_IDENTITY,M0,E0,QUARANTINE_UNTIL_DEFINED,TASK99_MACHINE_TRIAGED_EXPLICIT_QUARANTINE,1,0,0
T10429,UNRESOLVED_IDENTITY,M0,E0,QUARANTINE_UNTIL_DEFINED,TASK99_MACHINE_TRIAGED_EXPLICIT_QUARANTINE,1,0,0
T10443,UNRESOLVED_IDENTITY,M0,E0,QUARANTINE_UNTIL_DEFINED,TASK99_MACHINE_TRIAGED_EXPLICIT_QUARANTINE,2,0,0
T10466,UNRESOLVED_IDENTITY,M0,E0,QUARANTINE_UNTIL_DEFINED,TASK99_MACHINE_TRIAGED_EXPLICIT_QUARANTINE,1,0,0
T10467,UNRESOLVED_IDENTITY,M0,E0,QUARANTINE_UNTIL_DEFINED,TASK99_MACHINE_TRIAGED_EXPLICIT_QUARANTINE,2,0,0
T10482,UNRESOLVED_IDENTITY,M0,E0,QUARANTINE_UNTIL_DEFINED,TASK99_MACHINE_TRIAGED_EXPLICIT_QUARANTINE,2,0,0
T10503,UNRESOLVED_IDENTITY,M0,E0,QUARANTINE_UNTIL_DEFINED,TASK99_MACHINE_TRIAGED_EXPLICIT_QUARANTINE,1,0,0
T10508,UNRESOLVED_IDENTITY,M0,E0,QUARANTINE_UNTIL_DEFINED,TASK99_MACHINE_TRIAGED_EXPLICIT_QUARANTINE,1,0,0
T10581,UNRESOLVED_IDENTITY,M0,E0,QUARANTINE_UNTIL_DEFINED,TASK99_MACHINE_TRIAGED_EXPLICIT_QUARANTINE,1,0,0
T10582,UNRESOLVED_IDENTITY,M0,E0,QUARANTINE_UNTIL_DEFINED,TASK99_MACHINE_TRIAGED_EXPLICIT_QUARANTINE,1,0,0
T10588,UNRESOLVED_IDENTITY,M0,E0,QUARANTINE_UNTIL_DEFINED,TASK99_MACHINE_TRIAGED_EXPLICIT_QUARANTINE,1,0,0
T10591,UNRESOLVED_IDENTITY,M0,E0,QUARANTINE_UNTIL_DEFINED,TASK99_MACHINE_TRIAGED_EXPLICIT_QUARANTINE,4,0,0
T10605,UNRESOLVED_IDENTITY,M0,E0,QUARANTINE_UNTIL_DEFINED,TASK99_MACHINE_TRIAGED_EXPLICIT_QUARANTINE,2,0,0
T10621,UNRESOLVED_IDENTITY,M0,E0,QUARANTINE_UNTIL_DEFINED,TASK99_MACHINE_TRIAGED_EXPLICIT_QUARANTINE,4,0,0
T10622,UNRESOLVED_IDENTITY,M0,E0,QUARANTINE_UNTIL_DEFINED,TASK99_MACHINE_TRIAGED_EXPLICIT_QUARANTINE,1,0,0
T10627,UNRESOLVED_IDENTITY,M0,E0,QUARANTINE_UNTIL_DEFINED,TASK99_MACHINE_TRIAGED_EXPLICIT_QUARANTINE,1,0,0
T10628,UNRESOLVED_IDENTITY,M0,E0,QUARANTINE_UNTIL_DEFINED,TASK99_MACHINE_TRIAGED_EXPLICIT_QUARANTINE,1,0,0
T10632,UNRESOLVED_IDENTITY,M0,E0,QUARANTINE_UNTIL_DEFINED,TASK99_MACHINE_TRIAGED_EXPLICIT_QUARANTINE,1,0,0
T10672,UNRESOLVED_IDENTITY,M0,E0,QUARANTINE_UNTIL_DEFINED,TASK99_MACHINE_TRIAGED_EXPLICIT_QUARANTINE,1,0,0
T10674,UNRESOLVED_IDENTITY,M0,E0,QUARANTINE_UNTIL_DEFINED,TASK99_MACHINE_TRIAGED_EXPLICIT_QUARANTINE,1,0,0
T10679,UNRESOLVED_IDENTITY,M0,E0,QUARANTINE_UNTIL_DEFINED,TASK99_MACHINE_TRIAGED_EXPLICIT_QUARANTINE,3,0,0
T10703,UNRESOLVED_IDENTITY,M0,E0,QUARANTINE_UNTIL_DEFINED,TASK99_MACHINE_TRIAGED_EXPLICIT_QUARANTINE,1,0,0
T10772,UNRESOLVED_IDENTITY,M0,E0,QUARANTINE_UNTIL_DEFINED,TASK99_MACHINE_TRIAGED_EXPLICIT_QUARANTINE,1,0,0
T10778,UNRESOLVED_IDENTITY,M0,E0,QUARANTINE_UNTIL_DEFINED,TASK99_MACHINE_TRIAGED_EXPLICIT_QUARANTINE,6,0,0
T10785,UNRESOLVED_IDENTITY,M0,E0,QUARANTINE_UNTIL_DEFINED,TASK99_MACHINE_TRIAGED_EXPLICIT_QUARANTINE,2,0,0
T10791,UNRESOLVED_IDENTITY,M0,E0,QUARANTINE_UNTIL_DEFINED,TASK99_MACHINE_TRIAGED_EXPLICIT_QUARANTINE,1,0,0
T10804,UNRESOLVED_IDENTITY,M0,E0,QUARANTINE_UNTIL_DEFINED,TASK99_MACHINE_TRIAGED_EXPLICIT_QUARANTINE,2,0,0
T10826,UNRESOLVED_IDENTITY,M0,E0,QUARANTINE_UNTIL_DEFINED,TASK99_MACHINE_TRIAGED_EXPLICIT_QUARANTINE,1,0,0
T10845,UNRESOLVED_IDENTITY,M0,E0,QUARANTINE_UNTIL_DEFINED,TASK99_MACHINE_TRIAGED_EXPLICIT_QUARANTINE,17,0,0
T10848,UNRESOLVED_IDENTITY,M0,E0,QUARANTINE_UNTIL_DEFINED,TASK99_MACHINE_TRIAGED_EXPLICIT_QUARANTINE,6,0,0
T10887,UNRESOLVED_IDENTITY,M0,E0,QUARANTINE_UNTIL_DEFINED,TASK99_MACHINE_TRIAGED_EXPLICIT_QUARANTINE,1,0,0
T10906,UNRESOLVED_IDENTITY,M0,E0,QUARANTINE_UNTIL_DEFINED,TASK99_MACHINE_TRIAGED_EXPLICIT_QUARANTINE,1,0,0
T10928,UNRESOLVED_IDENTITY,M0,E0,QUARANTINE_UNTIL_DEFINED,TASK99_MACHINE_TRIAGED_EXPLICIT_QUARANTINE,4,0,0
T10932,UNRESOLVED_IDENTITY,M0,E0,QUARANTINE_UNTIL_DEFINED,TASK99_MACHINE_TRIAGED_EXPLICIT_QUARANTINE,1,0,0
T10942,UNRESOLVED_IDENTITY,M0,E0,QUARANTINE_UNTIL_DEFINED,TASK99_MACHINE_TRIAGED_EXPLICIT_QUARANTINE,1,0,0
T10963,UNRESOLVED_IDENTITY,M0,E0,QUARANTINE_UNTIL_DEFINED,TASK99_MACHINE_TRIAGED_EXPLICIT_QUARANTINE,1,0,0
T10969,UNRESOLVED_IDENTITY,M0,E0,QUARANTINE_UNTIL_DEFINED,TASK99_MACHINE_TRIAGED_EXPLICIT_QUARANTINE,1,0,0
T11,CONJECTURE_OR_RESEARCH_CANDIDATE,M1,E0,DOWNGRADE_TO_CONJECTURE,TASK99_REPOSITORY_EVIDENCE_ADJUDICATED,31,0,0
T11024,UNRESOLVED_IDENTITY,M0,E0,QUARANTINE_UNTIL_DEFINED,TASK99_MACHINE_TRIAGED_EXPLICIT_QUARANTINE,1,0,0
T11031,UNRESOLVED_IDENTITY,M0,E0,QUARANTINE_UNTIL_DEFINED,TASK99_MACHINE_TRIAGED_EXPLICIT_QUARANTINE,1,0,0
T11040,UNRESOLVED_IDENTITY,M0,E0,QUARANTINE_UNTIL_DEFINED,TASK99_MACHINE_TRIAGED_EXPLICIT_QUARANTINE,2,0,0
T11053,UNRESOLVED_IDENTITY,M0,E0,QUARANTINE_UNTIL_DEFINED,TASK99_MACHINE_TRIAGED_EXPLICIT_QUARANTINE,1,0,0
T11056,UNRESOLVED_IDENTITY,M0,E0,QUARANTINE_UNTIL_DEFINED,TASK99_MACHINE_TRIAGED_EXPLICIT_QUARANTINE,1,0,0
T11063,UNRESOLVED_IDENTITY,M0,E0,QUARANTINE_UNTIL_DEFINED,TASK99_MACHINE_TRIAGED_EXPLICIT_QUARANTINE,2,0,0
T11152,UNRESOLVED_IDENTITY,M0,E0,QUARANTINE_UNTIL_DEFINED,TASK99_MACHINE_TRIAGED_EXPLICIT_QUARANTINE,4,0,0
T11168,UNRESOLVED_IDENTITY,M0,E0,QUARANTINE_UNTIL_DEFINED,TASK99_MACHINE_TRIAGED_EXPLICIT_QUARANTINE,1,0,0
T11182,UNRESOLVED_IDENTITY,M0,E0,QUARANTINE_UNTIL_DEFINED,TASK99_MACHINE_TRIAGED_EXPLICIT_QUARANTINE,1,0,0
T11185,UNRESOLVED_IDENTITY,M0,E0,QUARANTINE_UNTIL_DEFINED,TASK99_MACHINE_TRIAGED_EXPLICIT_QUARANTINE,1,0,0
T11235,UNRESOLVED_IDENTITY,M0,E0,QUARANTINE_UNTIL_DEFINED,TASK99_MACHINE_TRIAGED_EXPLICIT_QUARANTINE,3,0,0
T11244,UNRESOLVED_IDENTITY,M0,E0,QUARANTINE_UNTIL_DEFINED,TASK99_MACHINE_TRIAGED_EXPLICIT_QUARANTINE,1,0,0
T11270,UNRESOLVED_IDENTITY,M0,E0,QUARANTINE_UNTIL_DEFINED,TASK99_MACHINE_TRIAGED_EXPLICIT_QUARANTINE,5,0,0
T11303,UNRESOLVED_IDENTITY,M0,E0,QUARANTINE_UNTIL_DEFINED,TASK99_MACHINE_TRIAGED_EXPLICIT_QUARANTINE,3,0,0
T11379,UNRESOLVED_IDENTITY,M0,E0,QUARANTINE_UNTIL_DEFINED,TASK99_MACHINE_TRIAGED_EXPLICIT_QUARANTINE,1,0,0
T11405,UNRESOLVED_IDENTITY,M0,E0,QUARANTINE_UNTIL_DEFINED,TASK99_MACHINE_TRIAGED_EXPLICIT_QUARANTINE,1,0,0
T11437,UNRESOLVED_IDENTITY,M0,E0,QUARANTINE_UNTIL_DEFINED,TASK99_MACHINE_TRIAGED_EXPLICIT_QUARANTINE,1,0,0
T11445,UNRESOLVED_IDENTITY,M0,E0,QUARANTINE_UNTIL_DEFINED,TASK99_MACHINE_TRIAGED_EXPLICIT_QUARANTINE,1,0,0
T11474,UNRESOLVED_IDENTITY,M0,E0,QUARANTINE_UNTIL_DEFINED,TASK99_MACHINE_TRIAGED_EXPLICIT_QUARANTINE,1,0,0
T11492,UNRESOLVED_IDENTITY,M0,E0,QUARANTINE_UNTIL_DEFINED,TASK99_MACHINE_TRIAGED_EXPLICIT_QUARANTINE,3,0,0
T11499,UNRESOLVED_IDENTITY,M0,E0,QUARANTINE_UNTIL_DEFINED,TASK99_MACHINE_TRIAGED_EXPLICIT_QUARANTINE,1,0,0
T11507,UNRESOLVED_IDENTITY,M0,E0,QUARANTINE_UNTIL_DEFINED,TASK99_MACHINE_TRIAGED_EXPLICIT_QUARANTINE,1,0,0
T11520,UNRESOLVED_IDENTITY,M0,E0,QUARANTINE_UNTIL_DEFINED,TASK99_MACHINE_TRIAGED_EXPLICIT_QUARANTINE,7,0,0
T11542,UNRESOLVED_IDENTITY,M0,E0,QUARANTINE_UNTIL_DEFINED,TASK99_MACHINE_TRIAGED_EXPLICIT_QUARANTINE,1,0,0
T11565,UNRESOLVED_IDENTITY,M0,E0,QUARANTINE_UNTIL_DEFINED,TASK99_MACHINE_TRIAGED_EXPLICIT_QUARANTINE,2,0,0
T11567,UNRESOLVED_IDENTITY,M0,E0,QUARANTINE_UNTIL_DEFINED,TASK99_MACHINE_TRIAGED_EXPLICIT_QUARANTINE,1,0,0
T11605,UNRESOLVED_IDENTITY,M0,E0,QUARANTINE_UNTIL_DEFINED,TASK99_MACHINE_TRIAGED_EXPLICIT_QUARANTINE,1,0,0
T11636,UNRESOLVED_IDENTITY,M0,E0,QUARANTINE_UNTIL_DEFINED,TASK99_MACHINE_TRIAGED_EXPLICIT_QUARANTINE,2,0,0
T11649,UNRESOLVED_IDENTITY,M0,E0,QUARANTINE_UNTIL_DEFINED,TASK99_MACHINE_TRIAGED_EXPLICIT_QUARANTINE,1,0,0
T11710,UNRESOLVED_IDENTITY,M0,E0,QUARANTINE_UNTIL_DEFINED,TASK99_MACHINE_TRIAGED_EXPLICIT_QUARANTINE,1,0,0
T11714,UNRESOLVED_IDENTITY,M0,E0,QUARANTINE_UNTIL_DEFINED,TASK99_MACHINE_TRIAGED_EXPLICIT_QUARANTINE,1,0,0
T11719,UNRESOLVED_IDENTITY,M0,E0,QUARANTINE_UNTIL_DEFINED,TASK99_MACHINE_TRIAGED_EXPLICIT_QUARANTINE,1,0,0
T11729,UNRESOLVED_IDENTITY,M0,E0,QUARANTINE_UNTIL_DEFINED,TASK99_MACHINE_TRIAGED_EXPLICIT_QUARANTINE,1,0,0
T11742,UNRESOLVED_IDENTITY,M0,E0,QUARANTINE_UNTIL_DEFINED,TASK99_MACHINE_TRIAGED_EXPLICIT_QUARANTINE,1,0,0
T11764,UNRESOLVED_IDENTITY,M0,E0,QUARANTINE_UNTIL_DEFINED,TASK99_MACHINE_TRIAGED_EXPLICIT_QUARANTINE,1,0,0
T11798,UNRESOLVED_IDENTITY,M0,E0,QUARANTINE_UNTIL_DEFINED,TASK99_MACHINE_TRIAGED_EXPLICIT_QUARANTINE,2,0,0
T11801,UNRESOLVED_IDENTITY,M0,E0,QUARANTINE_UNTIL_DEFINED,TASK99_MACHINE_TRIAGED_EXPLICIT_QUARANTINE,1,0,0
T11804,UNRESOLVED_IDENTITY,M0,E0,QUARANTINE_UNTIL_DEFINED,TASK99_MACHINE_TRIAGED_EXPLICIT_QUARANTINE,2,0,0
T11810,UNRESOLVED_IDENTITY,M0,E0,QUARANTINE_UNTIL_DEFINED,TASK99_MACHINE_TRIAGED_EXPLICIT_QUARANTINE,2,0,0
T11829,UNRESOLVED_IDENTITY,M0,E0,QUARANTINE_UNTIL_DEFINED,TASK99_MACHINE_TRIAGED_EXPLICIT_QUARANTINE,3,0,0
T11838,UNRESOLVED_IDENTITY,M0,E0,QUARANTINE_UNTIL_DEFINED,TASK99_MACHINE_TRIAGED_EXPLICIT_QUARANTINE,1,0,0
T11850,UNRESOLVED_IDENTITY,M0,E0,QUARANTINE_UNTIL_DEFINED,TASK99_MACHINE_TRIAGED_EXPLICIT_QUARANTINE,1,0,0
T11871,UNRESOLVED_IDENTITY,M0,E0,QUARANTINE_UNTIL_DEFINED,TASK99_MACHINE_TRIAGED_EXPLICIT_QUARANTINE,1,0,0
T11874,UNRESOLVED_IDENTITY,M0,E0,QUARANTINE_UNTIL_DEFINED,TASK99_MACHINE_TRIAGED_EXPLICIT_QUARANTINE,1,0,0
T11883,UNRESOLVED_IDENTITY,M0,E0,QUARANTINE_UNTIL_DEFINED,TASK99_MACHINE_TRIAGED_EXPLICIT_QUARANTINE,2,0,0
T11901,UNRESOLVED_IDENTITY,M0,E0,QUARANTINE_UNTIL_DEFINED,TASK99_MACHINE_TRIAGED_EXPLICIT_QUARANTINE,1,0,0
T11913,UNRESOLVED_IDENTITY,M0,E0,QUARANTINE_UNTIL_DEFINED,TASK99_MACHINE_TRIAGED_EXPLICIT_QUARANTINE,2,0,0
T11937,UNRESOLVED_IDENTITY,M0,E0,QUARANTINE_UNTIL_DEFINED,TASK99_MACHINE_TRIAGED_EXPLICIT_QUARANTINE,1,0,0
T11948,UNRESOLVED_IDENTITY,M0,E0,QUARANTINE_UNTIL_DEFINED,TASK99_MACHINE_TRIAGED_EXPLICIT_QUARANTINE,1,0,0
T11986,UNRESOLVED_IDENTITY,M0,E0,QUARANTINE_UNTIL_DEFINED,TASK99_MACHINE_TRIAGED_EXPLICIT_QUARANTINE,4,0,0
T11997,UNRESOLVED_IDENTITY,M0,E0,QUARANTINE_UNTIL_DEFINED,TASK99_MACHINE_TRIAGED_EXPLICIT_QUARANTINE,1,0,0
T12,SCORING_OR_INDEX_FUNCTION,M1,E0,QUARANTINE_UNTIL_DEFINED,TASK99_REPOSITORY_EVIDENCE_ADJUDICATED,33,0,0
T12002,UNRESOLVED_IDENTITY,M0,E0,QUARANTINE_UNTIL_DEFINED,TASK99_MACHINE_TRIAGED_EXPLICIT_QUARANTINE,5,0,0
T12010,UNRESOLVED_IDENTITY,M0,E0,QUARANTINE_UNTIL_DEFINED,TASK99_MACHINE_TRIAGED_EXPLICIT_QUARANTINE,1,0,0
T12026,UNRESOLVED_IDENTITY,M0,E0,QUARANTINE_UNTIL_DEFINED,TASK99_MACHINE_TRIAGED_EXPLICIT_QUARANTINE,2,0,0
T12029,UNRESOLVED_IDENTITY,M0,E0,QUARANTINE_UNTIL_DEFINED,TASK99_MACHINE_TRIAGED_EXPLICIT_QUARANTINE,1,0,0
T12056,UNRESOLVED_IDENTITY,M0,E0,QUARANTINE_UNTIL_DEFINED,TASK99_MACHINE_TRIAGED_EXPLICIT_QUARANTINE,1,0,0
T12072,UNRESOLVED_IDENTITY,M0,E0,QUARANTINE_UNTIL_DEFINED,TASK99_MACHINE_TRIAGED_EXPLICIT_QUARANTINE,1,0,0
T12090,UNRESOLVED_IDENTITY,M0,E0,QUARANTINE_UNTIL_DEFINED,TASK99_MACHINE_TRIAGED_EXPLICIT_QUARANTINE,1,0,0
T12100,UNRESOLVED_IDENTITY,M0,E0,QUARANTINE_UNTIL_DEFINED,TASK99_MACHINE_TRIAGED_EXPLICIT_QUARANTINE,1,0,0
T12129,UNRESOLVED_IDENTITY,M0,E0,QUARANTINE_UNTIL_DEFINED,TASK99_MACHINE_TRIAGED_EXPLICIT_QUARANTINE,1,0,0
T12135,UNRESOLVED_IDENTITY,M0,E0,QUARANTINE_UNTIL_DEFINED,TASK99_MACHINE_TRIAGED_EXPLICIT_QUARANTINE,1,0,0
T12137,UNRESOLVED_IDENTITY,M0,E0,QUARANTINE_UNTIL_DEFINED,TASK99_MACHINE_TRIAGED_EXPLICIT_QUARANTINE,2,0,0
T12259,UNRESOLVED_IDENTITY,M0,E0,QUARANTINE_UNTIL_DEFINED,TASK99_MACHINE_TRIAGED_EXPLICIT_QUARANTINE,1,0,0
T12261,UNRESOLVED_IDENTITY,M0,E0,QUARANTINE_UNTIL_DEFINED,TASK99_MACHINE_TRIAGED_EXPLICIT_QUARANTINE,3,0,0
T12267,UNRESOLVED_IDENTITY,M0,E0,QUARANTINE_UNTIL_DEFINED,TASK99_MACHINE_TRIAGED_EXPLICIT_QUARANTINE,1,0,0
T12308,UNRESOLVED_IDENTITY,M0,E0,QUARANTINE_UNTIL_DEFINED,TASK99_MACHINE_TRIAGED_EXPLICIT_QUARANTINE,2,0,0
T12339,UNRESOLVED_IDENTITY,M0,E0,QUARANTINE_UNTIL_DEFINED,TASK99_MACHINE_TRIAGED_EXPLICIT_QUARANTINE,1,0,0
T12423,UNRESOLVED_IDENTITY,M0,E0,QUARANTINE_UNTIL_DEFINED,TASK99_MACHINE_TRIAGED_EXPLICIT_QUARANTINE,1,0,0
T12430,UNRESOLVED_IDENTITY,M0,E0,QUARANTINE_UNTIL_DEFINED,TASK99_MACHINE_TRIAGED_EXPLICIT_QUARANTINE,1,0,0
T12469,UNRESOLVED_IDENTITY,M0,E0,QUARANTINE_UNTIL_DEFINED,TASK99_MACHINE_TRIAGED_EXPLICIT_QUARANTINE,1,0,0
T12478,UNRESOLVED_IDENTITY,M0,E0,QUARANTINE_UNTIL_DEFINED,TASK99_MACHINE_TRIAGED_EXPLICIT_QUARANTINE,1,0,0
T12535,UNRESOLVED_IDENTITY,M0,E0,QUARANTINE_UNTIL_DEFINED,TASK99_MACHINE_TRIAGED_EXPLICIT_QUARANTINE,1,0,0
T12643,UNRESOLVED_IDENTITY,M0,E0,QUARANTINE_UNTIL_DEFINED,TASK99_MACHINE_TRIAGED_EXPLICIT_QUARANTINE,6,0,0
T12664,UNRESOLVED_IDENTITY,M0,E0,QUARANTINE_UNTIL_DEFINED,TASK99_MACHINE_TRIAGED_EXPLICIT_QUARANTINE,1,0,0
T12722,UNRESOLVED_IDENTITY,M0,E0,QUARANTINE_UNTIL_DEFINED,TASK99_MACHINE_TRIAGED_EXPLICIT_QUARANTINE,1,0,0
T12772,UNRESOLVED_IDENTITY,M0,E0,QUARANTINE_UNTIL_DEFINED,TASK99_MACHINE_TRIAGED_EXPLICIT_QUARANTINE,1,0,0
T12805,UNRESOLVED_IDENTITY,M0,E0,QUARANTINE_UNTIL_DEFINED,TASK99_MACHINE_TRIAGED_EXPLICIT_QUARANTINE,2,0,0
T12814,UNRESOLVED_IDENTITY,M0,E0,QUARANTINE_UNTIL_DEFINED,TASK99_MACHINE_TRIAGED_EXPLICIT_QUARANTINE,1,0,0
T12848,UNRESOLVED_IDENTITY,M0,E0,QUARANTINE_UNTIL_DEFINED,TASK99_MACHINE_TRIAGED_EXPLICIT_QUARANTINE,2,0,0
T12922,UNRESOLVED_IDENTITY,M0,E0,QUARANTINE_UNTIL_DEFINED,TASK99_MACHINE_TRIAGED_EXPLICIT_QUARANTINE,1,0,0
T12953,UNRESOLVED_IDENTITY,M0,E0,QUARANTINE_UNTIL_DEFINED,TASK99_MACHINE_TRIAGED_EXPLICIT_QUARANTINE,1,0,0
T13,RELATION_OR_CONSTRAINT,M1,E0,QUARANTINE_UNTIL_DEFINED,TASK99_REPOSITORY_EVIDENCE_ADJUDICATED,34,0,1
T13051,UNRESOLVED_IDENTITY,M0,E0,QUARANTINE_UNTIL_DEFINED,TASK99_MACHINE_TRIAGED_EXPLICIT_QUARANTINE,2,0,0
T13060,UNRESOLVED_IDENTITY,M0,E0,QUARANTINE_UNTIL_DEFINED,TASK99_MACHINE_TRIAGED_EXPLICIT_QUARANTINE,1,0,0
T13234,UNRESOLVED_IDENTITY,M0,E0,QUARANTINE_UNTIL_DEFINED,TASK99_MACHINE_TRIAGED_EXPLICIT_QUARANTINE,1,0,0
T13283,UNRESOLVED_IDENTITY,M0,E0,QUARANTINE_UNTIL_DEFINED,TASK99_MACHINE_TRIAGED_EXPLICIT_QUARANTINE,3,0,0
T13297,UNRESOLVED_IDENTITY,M0,E0,QUARANTINE_UNTIL_DEFINED,TASK99_MACHINE_TRIAGED_EXPLICIT_QUARANTINE,1,0,0
T13370,UNRESOLVED_IDENTITY,M0,E0,QUARANTINE_UNTIL_DEFINED,TASK99_MACHINE_TRIAGED_EXPLICIT_QUARANTINE,1,0,0
T13377,UNRESOLVED_IDENTITY,M0,E0,QUARANTINE_UNTIL_DEFINED,TASK99_MACHINE_TRIAGED_EXPLICIT_QUARANTINE,11,0,0
T13398,UNRESOLVED_IDENTITY,M0,E0,QUARANTINE_UNTIL_DEFINED,TASK99_MACHINE_TRIAGED_EXPLICIT_QUARANTINE,1,0,0
T13400,UNRESOLVED_IDENTITY,M0,E0,QUARANTINE_UNTIL_DEFINED,TASK99_MACHINE_TRIAGED_EXPLICIT_QUARANTINE,1,0,0
T13402,UNRESOLVED_IDENTITY,M0,E0,QUARANTINE_UNTIL_DEFINED,TASK99_MACHINE_TRIAGED_EXPLICIT_QUARANTINE,1,0,0
T13419,UNRESOLVED_IDENTITY,M0,E0,QUARANTINE_UNTIL_DEFINED,TASK99_MACHINE_TRIAGED_EXPLICIT_QUARANTINE,1,0,0
T13558,UNRESOLVED_IDENTITY,M0,E0,QUARANTINE_UNTIL_DEFINED,TASK99_MACHINE_TRIAGED_EXPLICIT_QUARANTINE,1,0,0
T13607,UNRESOLVED_IDENTITY,M0,E0,QUARANTINE_UNTIL_DEFINED,TASK99_MACHINE_TRIAGED_EXPLICIT_QUARANTINE,3,0,0
T13690,UNRESOLVED_IDENTITY,M0,E0,QUARANTINE_UNTIL_DEFINED,TASK99_MACHINE_TRIAGED_EXPLICIT_QUARANTINE,1,0,0
T13702,UNRESOLVED_IDENTITY,M0,E0,QUARANTINE_UNTIL_DEFINED,TASK99_MACHINE_TRIAGED_EXPLICIT_QUARANTINE,1,0,0
T13777,UNRESOLVED_IDENTITY,M0,E0,QUARANTINE_UNTIL_DEFINED,TASK99_MACHINE_TRIAGED_EXPLICIT_QUARANTINE,2,0,0
T13811,UNRESOLVED_IDENTITY,M0,E0,QUARANTINE_UNTIL_DEFINED,TASK99_MACHINE_TRIAGED_EXPLICIT_QUARANTINE,1,0,0
T14,PARAMETRIC_MATHEMATICAL_MODEL,M1,E0,QUARANTINE_UNTIL_DEFINED,TASK99_REPOSITORY_EVIDENCE_ADJUDICATED,32,0,0
T14094,UNRESOLVED_IDENTITY,M0,E0,QUARANTINE_UNTIL_DEFINED,TASK99_MACHINE_TRIAGED_EXPLICIT_QUARANTINE,1,0,0
T14299,UNRESOLVED_IDENTITY,M0,E0,QUARANTINE_UNTIL_DEFINED,TASK99_MACHINE_TRIAGED_EXPLICIT_QUARANTINE,1,0,0
T14329,UNRESOLVED_IDENTITY,M0,E0,QUARANTINE_UNTIL_DEFINED,TASK99_MACHINE_TRIAGED_EXPLICIT_QUARANTINE,1,0,0
T14347,UNRESOLVED_IDENTITY,M0,E0,QUARANTINE_UNTIL_DEFINED,TASK99_MACHINE_TRIAGED_EXPLICIT_QUARANTINE,1,0,0
T14393,UNRESOLVED_IDENTITY,M0,E0,QUARANTINE_UNTIL_DEFINED,TASK99_MACHINE_TRIAGED_EXPLICIT_QUARANTINE,1,0,0
T15,CONJECTURE_OR_RESEARCH_CANDIDATE,M1,E0,DOWNGRADE_TO_CONJECTURE,TASK99_REPOSITORY_EVIDENCE_ADJUDICATED,35,0,0
T16,CONJECTURE_OR_RESEARCH_CANDIDATE,M1,E0,DOWNGRADE_TO_CONJECTURE,TASK99_REPOSITORY_EVIDENCE_ADJUDICATED,56,0,0
T17,CONJECTURE_OR_RESEARCH_CANDIDATE,M1,E0,DOWNGRADE_TO_CONJECTURE,TASK99_REPOSITORY_EVIDENCE_ADJUDICATED,42,1,0
T18,RELATION_OR_CONSTRAINT,M1,E0,QUARANTINE_UNTIL_DEFINED,TASK99_REPOSITORY_EVIDENCE_ADJUDICATED,40,0,0
T19,RELATION_OR_CONSTRAINT,M1,E0,QUARANTINE_UNTIL_DEFINED,TASK99_REPOSITORY_EVIDENCE_ADJUDICATED,27,0,0
T2,RELATION_OR_CONSTRAINT,M6,E0,KEEP_AS_ESTABLISHED_MATH,TASK98_HUMAN_ADJUDICATION_RECONFIRMED,92,0,1
T20,CONJECTURE_OR_RESEARCH_CANDIDATE,M1,E0,DOWNGRADE_TO_CONJECTURE,TASK99_REPOSITORY_EVIDENCE_ADJUDICATED,39,2,0
T21,CONJECTURE_OR_RESEARCH_CANDIDATE,M1,E0,DOWNGRADE_TO_CONJECTURE,TASK99_REPOSITORY_EVIDENCE_ADJUDICATED,28,0,1
T22,HEURISTIC,M1,E0,QUARANTINE_UNTIL_DEFINED,TASK99_REPOSITORY_EVIDENCE_ADJUDICATED,22,0,0
T23,CONJECTURE_OR_RESEARCH_CANDIDATE,M1,E0,DOWNGRADE_TO_CONJECTURE,TASK99_REPOSITORY_EVIDENCE_ADJUDICATED,30,0,0
T24,GATE_OR_CLASSIFIER,M1,E0,QUARANTINE_UNTIL_DEFINED,TASK99_REPOSITORY_EVIDENCE_ADJUDICATED,22,0,0
T245,UNRESOLVED_IDENTITY,M0,E0,QUARANTINE_UNTIL_DEFINED,TASK99_MACHINE_TRIAGED_EXPLICIT_QUARANTINE,5,0,1
T25,PARAMETRIC_MATHEMATICAL_MODEL,M1,E0,QUARANTINE_UNTIL_DEFINED,TASK99_REPOSITORY_EVIDENCE_ADJUDICATED,22,0,0
T26,ALGORITHM_OR_WORKFLOW,M1,E0,QUARANTINE_UNTIL_DEFINED,TASK99_REPOSITORY_EVIDENCE_ADJUDICATED,40,1,1
T27,CONJECTURE_OR_RESEARCH_CANDIDATE,M1,E0,DOWNGRADE_TO_CONJECTURE,TASK99_REPOSITORY_EVIDENCE_ADJUDICATED,27,0,0
T28,RELATION_OR_CONSTRAINT,M1,E0,QUARANTINE_UNTIL_DEFINED,TASK99_REPOSITORY_EVIDENCE_ADJUDICATED,27,0,0
T29,ALGORITHM_OR_WORKFLOW,M1,E0,QUARANTINE_UNTIL_DEFINED,TASK99_REPOSITORY_EVIDENCE_ADJUDICATED,22,0,0
T3,ALGORITHM_OR_WORKFLOW,M1,E0,QUARANTINE_UNTIL_DEFINED,TASK99_REPOSITORY_EVIDENCE_ADJUDICATED,32,3,0
T30,RELATION_OR_CONSTRAINT,M1,E0,QUARANTINE_UNTIL_DEFINED,TASK99_REPOSITORY_EVIDENCE_ADJUDICATED,33,0,1
T31,CONJECTURE_OR_RESEARCH_CANDIDATE,M1,E0,DOWNGRADE_TO_CONJECTURE,TASK99_REPOSITORY_EVIDENCE_ADJUDICATED,27,0,3
T32,SCORING_OR_INDEX_FUNCTION,M1,E0,QUARANTINE_UNTIL_DEFINED,TASK99_REPOSITORY_EVIDENCE_ADJUDICATED,22,0,0
T33,HEURISTIC,M1,E0,QUARANTINE_UNTIL_DEFINED,TASK99_REPOSITORY_EVIDENCE_ADJUDICATED,36,0,0
T34,CONJECTURE_OR_RESEARCH_CANDIDATE,M1,E0,DOWNGRADE_TO_CONJECTURE,TASK99_REPOSITORY_EVIDENCE_ADJUDICATED,33,0,0
T35,CONJECTURE_OR_RESEARCH_CANDIDATE,M1,E0,DOWNGRADE_TO_CONJECTURE,TASK99_REPOSITORY_EVIDENCE_ADJUDICATED,33,0,0
T36,RELATION_OR_CONSTRAINT,M1,E0,QUARANTINE_UNTIL_DEFINED,TASK99_REPOSITORY_EVIDENCE_ADJUDICATED,24,0,0
T37,CONJECTURE_OR_RESEARCH_CANDIDATE,M1,E0,DOWNGRADE_TO_CONJECTURE,TASK99_REPOSITORY_EVIDENCE_ADJUDICATED,33,0,0
T38,CONJECTURE_OR_RESEARCH_CANDIDATE,M1,E0,DOWNGRADE_TO_CONJECTURE,TASK99_REPOSITORY_EVIDENCE_ADJUDICATED,32,0,0
T39,RELATION_OR_CONSTRAINT,M1,E0,QUARANTINE_UNTIL_DEFINED,TASK99_REPOSITORY_EVIDENCE_ADJUDICATED,52,3,14
T4,RELATION_OR_CONSTRAINT,M1,E0,QUARANTINE_UNTIL_DEFINED,TASK99_REPOSITORY_EVIDENCE_ADJUDICATED,49,0,0
T40,HEURISTIC,M1,E0,QUARANTINE_UNTIL_DEFINED,TASK99_REPOSITORY_EVIDENCE_ADJUDICATED,37,0,1
T41,RELATION_OR_CONSTRAINT,M1,E0,QUARANTINE_UNTIL_DEFINED,TASK99_REPOSITORY_EVIDENCE_ADJUDICATED,25,0,0
T42,RELATION_OR_CONSTRAINT,M1,E0,QUARANTINE_UNTIL_DEFINED,TASK99_REPOSITORY_EVIDENCE_ADJUDICATED,24,0,0
T43,PARAMETRIC_MATHEMATICAL_MODEL,M1,E0,QUARANTINE_UNTIL_DEFINED,TASK99_REPOSITORY_EVIDENCE_ADJUDICATED,24,0,0
T44,PARAMETRIC_MATHEMATICAL_MODEL,M1,E0,QUARANTINE_UNTIL_DEFINED,TASK99_REPOSITORY_EVIDENCE_ADJUDICATED,24,0,0
T45,PARAMETRIC_MATHEMATICAL_MODEL,M1,E0,QUARANTINE_UNTIL_DEFINED,TASK99_REPOSITORY_EVIDENCE_ADJUDICATED,33,0,0
T46,RELATION_OR_CONSTRAINT,M1,E0,QUARANTINE_UNTIL_DEFINED,TASK99_REPOSITORY_EVIDENCE_ADJUDICATED,23,0,0
T47,PARAMETRIC_MATHEMATICAL_MODEL,M1,E0,QUARANTINE_UNTIL_DEFINED,TASK99_REPOSITORY_EVIDENCE_ADJUDICATED,28,0,5
T48,PARAMETRIC_MATHEMATICAL_MODEL,M1,E0,QUARANTINE_UNTIL_DEFINED,TASK99_REPOSITORY_EVIDENCE_ADJUDICATED,27,0,4
T49,PARAMETRIC_MATHEMATICAL_MODEL,M1,E0,QUARANTINE_UNTIL_DEFINED,TASK99_REPOSITORY_EVIDENCE_ADJUDICATED,23,0,0
T5,RELATION_OR_CONSTRAINT,M1,E0,QUARANTINE_UNTIL_DEFINED,TASK99_REPOSITORY_EVIDENCE_ADJUDICATED,38,0,0
T50,PARAMETRIC_MATHEMATICAL_MODEL,M1,E0,QUARANTINE_UNTIL_DEFINED,TASK99_REPOSITORY_EVIDENCE_ADJUDICATED,34,0,0
T51,PARAMETRIC_MATHEMATICAL_MODEL,M1,E0,QUARANTINE_UNTIL_DEFINED,TASK99_REPOSITORY_EVIDENCE_ADJUDICATED,23,0,0
T52,PARAMETRIC_MATHEMATICAL_MODEL,M1,E0,QUARANTINE_UNTIL_DEFINED,TASK99_REPOSITORY_EVIDENCE_ADJUDICATED,25,0,2
T53,PARAMETRIC_MATHEMATICAL_MODEL,M1,E0,QUARANTINE_UNTIL_DEFINED,TASK99_REPOSITORY_EVIDENCE_ADJUDICATED,24,0,1
T54,PARAMETRIC_MATHEMATICAL_MODEL,M1,E0,QUARANTINE_UNTIL_DEFINED,TASK99_REPOSITORY_EVIDENCE_ADJUDICATED,24,0,1
T55,CONJECTURE_OR_RESEARCH_CANDIDATE,M1,E0,DOWNGRADE_TO_PENDING,TASK99_REPOSITORY_EVIDENCE_ADJUDICATED,34,0,1
T56,ALGORITHM_OR_WORKFLOW,M1,E0,QUARANTINE_UNTIL_DEFINED,TASK99_REPOSITORY_EVIDENCE_ADJUDICATED,31,0,8
T57,PARAMETRIC_MATHEMATICAL_MODEL,M1,E0,QUARANTINE_UNTIL_DEFINED,TASK99_REPOSITORY_EVIDENCE_ADJUDICATED,23,0,0
T6,GATE_OR_CLASSIFIER,M1,E0,QUARANTINE_UNTIL_DEFINED,TASK99_REPOSITORY_EVIDENCE_ADJUDICATED,43,0,2
T60,UNRESOLVED_IDENTITY,M0,E0,QUARANTINE_UNTIL_DEFINED,TASK99_MACHINE_TRIAGED_EXPLICIT_QUARANTINE,3,0,0
T61,UNRESOLVED_IDENTITY,M0,E0,QUARANTINE_UNTIL_DEFINED,TASK99_MACHINE_TRIAGED_EXPLICIT_QUARANTINE,1,0,0
T7,PARAMETRIC_MATHEMATICAL_MODEL,M1,E0,QUARANTINE_UNTIL_DEFINED,TASK99_REPOSITORY_EVIDENCE_ADJUDICATED,32,2,0
T70,UNRESOLVED_IDENTITY,M0,E0,QUARANTINE_UNTIL_DEFINED,TASK99_MACHINE_TRIAGED_EXPLICIT_QUARANTINE,1,0,0
T71,UNRESOLVED_IDENTITY,M0,E0,QUARANTINE_UNTIL_DEFINED,TASK99_MACHINE_TRIAGED_EXPLICIT_QUARANTINE,1,0,0
T8,ALGORITHM_OR_WORKFLOW,M1,E0,QUARANTINE_UNTIL_DEFINED,TASK99_REPOSITORY_EVIDENCE_ADJUDICATED,34,0,1
T80,UNRESOLVED_IDENTITY,M0,E0,QUARANTINE_UNTIL_DEFINED,TASK99_MACHINE_TRIAGED_EXPLICIT_QUARANTINE,1,0,0
T81,UNRESOLVED_IDENTITY,M0,E0,QUARANTINE_UNTIL_DEFINED,TASK99_MACHINE_TRIAGED_EXPLICIT_QUARANTINE,1,0,0
T9,SCORING_OR_INDEX_FUNCTION,M1,E0,QUARANTINE_UNTIL_DEFINED,TASK99_REPOSITORY_EVIDENCE_ADJUDICATED,30,1,0
Y0,UNRESOLVED_IDENTITY,M0,E0,QUARANTINE_UNTIL_DEFINED,TASK99_MACHINE_TRIAGED_EXPLICIT_QUARANTINE,3,0,0
Y1,ALGORITHM_OR_WORKFLOW,M1,E0,QUARANTINE_UNTIL_DEFINED,TASK99_REPOSITORY_EVIDENCE_ADJUDICATED,196,10,0
Y2021,UNRESOLVED_IDENTITY,M0,E0,QUARANTINE_UNTIL_DEFINED,TASK99_MACHINE_TRIAGED_EXPLICIT_QUARANTINE,2,0,0
Y6,UNRESOLVED_IDENTITY,M0,E0,QUARANTINE_UNTIL_DEFINED,TASK99_MACHINE_TRIAGED_EXPLICIT_QUARANTINE,1,0,0
Y٥,UNRESOLVED_IDENTITY,M0,E0,QUARANTINE_UNTIL_DEFINED,TASK99_MACHINE_TRIAGED_EXPLICIT_QUARANTINE,1,0,0
