2026-06-13T16:20:33.859399+00:00 worker start resume=True
2026-06-13T16:20:34.495647+00:00 done function A1 round=1 result=true
2026-06-13T16:20:34.581372+00:00 done function A2 round=1 result=true
2026-06-13T16:20:34.649991+00:00 done function A3 round=1 result=true
2026-06-13T16:20:34.719836+00:00 done function A4 round=1 result=true
2026-06-13T16:20:34.787299+00:00 done function A5 round=1 result=true
2026-06-13T16:20:34.853186+00:00 done function A6 round=1 result=true
2026-06-13T16:20:34.928803+00:00 done function A7 round=1 result=true
2026-06-13T16:20:35.004207+00:00 done function A8 round=1 result=true
2026-06-13T16:20:35.079418+00:00 done function A9 round=1 result=true
2026-06-13T16:20:35.152985+00:00 done function T1 round=1 result=true
2026-06-13T16:20:35.233310+00:00 done function T2 round=1 result=true
2026-06-13T16:20:35.323731+00:00 done function T3 round=1 result=true
2026-06-13T16:20:35.412391+00:00 done function T4 round=1 result=true
2026-06-13T16:20:35.506367+00:00 done function T5 round=1 result=true
2026-06-13T16:20:35.592103+00:00 done function T6 round=1 result=true
2026-06-13T16:20:35.680197+00:00 done function T7 round=1 result=true
2026-06-13T16:20:35.769282+00:00 done function T8 round=1 result=true
2026-06-13T16:20:35.844710+00:00 done function T9 round=1 result=true
2026-06-13T16:20:35.934313+00:00 done function T10 round=1 result=true
2026-06-13T16:20:36.011645+00:00 done function T11 round=1 result=true
2026-06-13T16:20:36.117027+00:00 done function T12 round=1 result=true
2026-06-13T16:20:36.203846+00:00 done function T13 round=1 result=true
2026-06-13T16:20:36.292468+00:00 done function T14 round=1 result=true
2026-06-13T16:20:36.378013+00:00 done function T15 round=1 result=true
2026-06-13T16:20:36.456633+00:00 done function T16 round=1 result=true
2026-06-13T16:20:36.545909+00:00 done function T17 round=1 result=true
2026-06-13T16:20:36.639730+00:00 done function T18 round=1 result=true
2026-06-13T16:20:36.711407+00:00 done function T19 round=1 result=true
2026-06-13T16:20:36.800092+00:00 done function T20 round=1 result=true
2026-06-13T16:20:36.878052+00:00 done function T21 round=1 result=true
2026-06-13T16:20:36.955832+00:00 done function T22 round=1 result=true
2026-06-13T16:20:37.046219+00:00 done function T23 round=1 result=true
2026-06-13T16:20:37.134432+00:00 done function T24 round=1 result=true
2026-06-13T16:20:37.233929+00:00 done function T25 round=1 result=true
2026-06-13T16:20:37.325881+00:00 done function T26 round=1 result=true
2026-06-13T16:20:37.412326+00:00 done function T27 round=1 result=true
2026-06-13T16:20:37.503183+00:00 done function T28 round=1 result=true
2026-06-13T16:20:37.579717+00:00 done function T29 round=1 result=true
2026-06-13T16:20:37.667702+00:00 done function T30 round=1 result=true
2026-06-13T16:20:37.756709+00:00 done function T31 round=1 result=true
2026-06-13T16:20:37.858938+00:00 done function T32 round=1 result=true
2026-06-13T16:20:37.945345+00:00 done function T33 round=1 result=true
2026-06-13T16:20:38.035440+00:00 done function T34 round=1 result=true
2026-06-13T16:20:38.123034+00:00 done function T35 round=1 result=true
2026-06-13T16:20:38.211144+00:00 done function T36 round=1 result=true
2026-06-13T16:20:38.299906+00:00 done function T37 round=1 result=true
2026-06-13T16:20:38.389393+00:00 done function T38 round=1 result=true
2026-06-13T16:20:38.478933+00:00 done function T39 round=1 result=true
2026-06-13T16:20:38.555905+00:00 done function D1 round=1 result=true
2026-06-13T16:20:38.633188+00:00 done function D2 round=1 result=true
2026-06-13T16:20:38.709290+00:00 done function D3 round=1 result=true
2026-06-13T16:20:38.789058+00:00 done function D4 round=1 result=true
2026-06-13T16:20:38.878143+00:00 done function D5 round=1 result=true
2026-06-13T16:20:38.956096+00:00 done function D6 round=1 result=true
2026-06-13T16:20:39.045941+00:00 done function D7 round=1 result=true
2026-06-13T16:20:39.134294+00:00 done function D8 round=1 result=true
2026-06-13T16:20:39.223167+00:00 done function D9 round=1 result=true
2026-06-13T16:20:39.311867+00:00 done function D10 round=1 result=true
2026-06-13T16:20:39.401305+00:00 done function D11 round=1 result=true
2026-06-13T16:20:39.490774+00:00 done function D12 round=1 result=true
2026-06-13T16:20:39.564701+00:00 done function D13 round=1 result=true
2026-06-13T16:20:39.644567+00:00 done function D14 round=1 result=true
2026-06-13T16:20:39.722203+00:00 done function D15 round=1 result=true
2026-06-13T16:20:39.811838+00:00 done function D16 round=1 result=true
2026-06-13T16:20:39.900135+00:00 done function D17 round=1 result=true
2026-06-13T16:20:39.990662+00:00 done function D18 round=1 result=true
2026-06-13T16:20:40.079008+00:00 done function D19 round=1 result=true
2026-06-13T16:20:40.166402+00:00 done function D20 round=1 result=true
2026-06-13T16:20:40.256725+00:00 done function D21 round=1 result=true
2026-06-13T16:20:40.345412+00:00 done function D22 round=1 result=true
2026-06-13T16:20:40.453195+00:00 done function D23 round=1 result=true
2026-06-13T16:20:40.563743+00:00 done function D24 round=1 result=true
2026-06-13T16:20:40.663391+00:00 done function D25 round=1 result=true
2026-06-13T16:20:40.755469+00:00 done function D26 round=1 result=true
2026-06-13T16:20:40.851834+00:00 done function D27 round=1 result=true
2026-06-13T16:20:40.934323+00:00 done function D28 round=1 result=true
2026-06-13T16:20:41.041900+00:00 done function D29 round=1 result=true
2026-06-13T16:20:41.129923+00:00 done function D30 round=1 result=true
2026-06-13T16:20:41.219616+00:00 done function D31 round=1 result=true
2026-06-13T16:20:41.319029+00:00 done function D32 round=1 result=true
2026-06-13T16:20:41.410794+00:00 done function D33 round=1 result=true
2026-06-13T16:20:41.519580+00:00 done function D34 round=1 result=true
2026-06-13T16:20:41.620217+00:00 done function D35 round=1 result=true
2026-06-13T16:20:41.718798+00:00 done function D36 round=1 result=true
2026-06-13T16:20:41.818434+00:00 done function D37 round=1 result=true
2026-06-13T16:20:41.888484+00:00 done function D38 round=1 result=true
2026-06-13T16:20:41.990052+00:00 done function D39 round=1 result=true
2026-06-13T16:20:42.091379+00:00 done function D40 round=1 result=true
2026-06-13T16:20:42.189699+00:00 done function D41 round=1 result=true
2026-06-13T16:20:42.290013+00:00 done function D42 round=1 result=true
2026-06-13T16:20:42.389222+00:00 done function D43 round=1 result=true
2026-06-13T16:20:42.488758+00:00 done function D44 round=1 result=true
2026-06-13T16:20:42.595470+00:00 done function D45 round=1 result=true
2026-06-13T16:20:42.691080+00:00 done function D46 round=1 result=true
2026-06-13T16:20:42.791063+00:00 done function D47 round=1 result=true
2026-06-13T16:20:42.888957+00:00 done function D48 round=1 result=true
2026-06-13T16:20:42.990575+00:00 done function D49 round=1 result=true
2026-06-13T16:20:43.088872+00:00 done function D50 round=1 result=true
2026-06-13T16:20:43.175641+00:00 done function D51 round=1 result=true
2026-06-13T16:20:43.266126+00:00 done function D52 round=1 result=true
2026-06-13T16:20:43.356286+00:00 done function D53 round=1 result=true
2026-06-13T16:20:43.456070+00:00 done function D54 round=1 result=true
2026-06-13T16:20:43.561600+00:00 done function D55 round=1 result=true
2026-06-13T16:20:43.651407+00:00 done function D56 round=1 result=true
2026-06-13T16:20:43.745100+00:00 done function D57 round=1 result=true
2026-06-13T16:20:43.843626+00:00 done function D58 round=1 result=true
2026-06-13T16:20:43.944330+00:00 done function D59 round=1 result=true
2026-06-13T16:20:44.033478+00:00 done function D60 round=1 result=true
2026-06-13T16:20:44.135525+00:00 done function D61 round=1 result=true
2026-06-13T16:20:44.233171+00:00 done function D62 round=1 result=true
2026-06-13T16:20:44.322886+00:00 done function D63 round=1 result=true
2026-06-13T16:20:44.424777+00:00 done function D64 round=1 result=true
2026-06-13T16:20:44.526302+00:00 done function D65 round=1 result=true
2026-06-13T16:20:44.623523+00:00 done function D66 round=1 result=true
2026-06-13T16:20:44.727934+00:00 done function D67 round=1 result=true
2026-06-13T16:20:44.812934+00:00 done function D72 round=1 result=true
2026-06-13T16:20:44.910290+00:00 done function D73 round=1 result=true
2026-06-13T16:20:44.999672+00:00 done function D74 round=1 result=true
2026-06-13T16:20:45.088360+00:00 done function D75 round=1 result=true
2026-06-13T16:20:45.180973+00:00 done function D76 round=1 result=true
2026-06-13T16:20:45.280687+00:00 done function D77 round=1 result=true
2026-06-13T16:20:45.380695+00:00 done function D84 round=1 result=true
2026-06-13T16:20:45.477155+00:00 done function D85 round=1 result=true
2026-06-13T16:20:45.571145+00:00 done function D86 round=1 result=true
2026-06-13T16:20:45.666577+00:00 done function D87 round=1 result=true
2026-06-13T16:20:45.758943+00:00 done function D88 round=1 result=true
2026-06-13T16:20:45.854754+00:00 done function D89 round=1 result=true
2026-06-13T16:20:45.955697+00:00 done function D90 round=1 result=true
2026-06-13T16:20:46.059845+00:00 done function D91 round=1 result=true
2026-06-13T16:20:46.160978+00:00 done function D92 round=1 result=true
2026-06-13T16:20:46.248424+00:00 done function D93 round=1 result=true
2026-06-13T16:20:46.344577+00:00 done function D94 round=1 result=true
2026-06-13T16:20:46.460781+00:00 done function D95 round=1 result=true
2026-06-13T16:20:46.556485+00:00 done function D96 round=1 result=true
2026-06-13T16:20:46.655905+00:00 done function D97 round=1 result=true
2026-06-13T16:20:46.750664+00:00 done function D98 round=1 result=true
2026-06-13T16:20:46.832798+00:00 done function D99 round=1 result=true
2026-06-13T16:20:46.932014+00:00 done function D100 round=1 result=true
2026-06-13T16:20:47.039313+00:00 done function D101 round=1 result=true
2026-06-13T16:20:47.123475+00:00 done function D102 round=1 result=true
2026-06-13T16:20:47.224965+00:00 done function D103 round=1 result=true
2026-06-13T16:20:47.367245+00:00 done function D104 round=1 result=true
2026-06-13T16:20:47.455978+00:00 done function D105 round=1 result=true
2026-06-13T16:20:47.545251+00:00 done function D106 round=1 result=true
2026-06-13T16:20:47.644161+00:00 done function D107 round=1 result=true
2026-06-13T16:20:47.745216+00:00 done function D108 round=1 result=true
2026-06-13T16:20:47.841276+00:00 done function D109 round=1 result=true
2026-06-13T16:20:47.921497+00:00 done function D110 round=1 result=true
2026-06-13T16:20:48.010817+00:00 done function D111 round=1 result=true
2026-06-13T16:20:48.110950+00:00 done function D112 round=1 result=true
2026-06-13T16:20:48.200173+00:00 done function D113 round=1 result=true
2026-06-13T16:20:48.288326+00:00 done function D114 round=1 result=true
2026-06-13T16:20:48.394652+00:00 done function D115 round=1 result=true
2026-06-13T16:20:48.490398+00:00 done function D116 round=1 result=true
2026-06-13T16:20:48.592534+00:00 done function D117 round=1 result=true
2026-06-13T16:20:48.687926+00:00 done function D118 round=1 result=true
2026-06-13T16:20:48.788217+00:00 done function D119 round=1 result=true
2026-06-13T16:20:48.877636+00:00 done function D120 round=1 result=true
2026-06-13T16:20:48.966227+00:00 done function D121 round=1 result=true
2026-06-13T16:20:49.069154+00:00 done function D122 round=1 result=true
2026-06-13T16:20:49.166547+00:00 done function D123 round=1 result=true
2026-06-13T16:20:49.254969+00:00 done function D124 round=1 result=true
2026-06-13T16:20:49.344582+00:00 done function D125 round=1 result=true
2026-06-13T16:20:49.433858+00:00 done function D126 round=1 result=true
2026-06-13T16:20:49.521324+00:00 done function D127 round=1 result=true
2026-06-13T16:20:49.621293+00:00 done function D128 round=1 result=true
2026-06-13T16:20:49.710148+00:00 done function D129 round=1 result=true
2026-06-13T16:20:49.799915+00:00 done function D130 round=1 result=true
2026-06-13T16:20:49.890490+00:00 done function D131 round=1 result=true
2026-06-13T16:20:49.992975+00:00 done function D132 round=1 result=true
2026-06-13T16:20:50.087868+00:00 done function D133 round=1 result=true
2026-06-13T16:20:50.190078+00:00 done function D134 round=1 result=true
2026-06-13T16:20:50.278415+00:00 done function D135 round=1 result=true
2026-06-13T16:20:50.384990+00:00 done function D136 round=1 result=true
2026-06-13T16:20:50.476670+00:00 done function D137 round=1 result=true
2026-06-13T16:20:50.580039+00:00 done function D138 round=1 result=true
2026-06-13T16:20:50.665772+00:00 done function D139 round=1 result=true
2026-06-13T16:20:50.771755+00:00 done function D140 round=1 result=true
2026-06-13T16:20:50.866198+00:00 done function D141 round=1 result=true
2026-06-13T16:20:50.967774+00:00 done function D142 round=1 result=true
2026-06-13T16:20:51.055490+00:00 done function D143 round=1 result=true
2026-06-13T16:20:51.146641+00:00 done function D144 round=1 result=true
2026-06-13T16:20:51.243240+00:00 done function D145 round=1 result=true
2026-06-13T16:20:51.347657+00:00 done function D146 round=1 result=true
2026-06-13T16:20:51.442963+00:00 done function D147 round=1 result=true
2026-06-13T16:20:51.536283+00:00 done function D148 round=1 result=true
2026-06-13T16:20:51.635703+00:00 done function D149 round=1 result=true
2026-06-13T16:20:51.732036+00:00 done function D150 round=1 result=true
2026-06-13T16:20:51.821076+00:00 done function D151 round=1 result=true
2026-06-13T16:20:51.923240+00:00 done function D152 round=1 result=true
2026-06-13T16:20:52.009773+00:00 done function D153 round=1 result=true
2026-06-13T16:20:52.110387+00:00 done function D154 round=1 result=true
2026-06-13T16:20:52.198442+00:00 done function D155 round=1 result=true
2026-06-13T16:20:52.287507+00:00 done function D156 round=1 result=true
2026-06-13T16:20:52.376750+00:00 done function D157 round=1 result=true
2026-06-13T16:20:52.480776+00:00 done function D158 round=1 result=true
2026-06-13T16:20:52.577507+00:00 done function D159 round=1 result=true
2026-06-13T16:20:52.668797+00:00 done function D160 round=1 result=true
2026-06-13T16:20:52.766936+00:00 done function D161 round=1 result=true
2026-06-13T16:20:52.867935+00:00 done function D162 round=1 result=true
2026-06-13T16:20:52.974311+00:00 done function D163 round=1 result=true
2026-06-13T16:20:53.054766+00:00 done function D164 round=1 result=true
2026-06-13T16:20:53.143368+00:00 done function D165 round=1 result=true
2026-06-13T16:20:53.231967+00:00 done function D166 round=1 result=true
2026-06-13T16:20:53.321195+00:00 done function D167 round=1 result=true
2026-06-13T16:20:53.415179+00:00 done function D168 round=1 result=true
2026-06-13T16:20:53.514253+00:00 done function D169 round=1 result=true
2026-06-13T16:20:53.613546+00:00 done function D170 round=1 result=true
2026-06-13T16:20:53.701489+00:00 done function D171 round=1 result=true
2026-06-13T16:20:53.787825+00:00 done function D172 round=1 result=true
2026-06-13T16:20:53.876838+00:00 done function D173 round=1 result=true
2026-06-13T16:20:53.965171+00:00 done function D174 round=1 result=true
2026-06-13T16:20:54.054717+00:00 done function D175 round=1 result=true
2026-06-13T16:20:54.158421+00:00 done function D176 round=1 result=true
2026-06-13T16:20:54.255356+00:00 done function D177 round=1 result=true
2026-06-13T16:20:54.359001+00:00 done function D178 round=1 result=true
2026-06-13T16:20:54.485487+00:00 done function D179 round=1 result=true
2026-06-13T16:20:54.588630+00:00 done function D180 round=1 result=true
2026-06-13T16:20:54.681266+00:00 done function D181 round=1 result=true
2026-06-13T16:20:54.779631+00:00 done function D182 round=1 result=true
2026-06-13T16:20:54.868518+00:00 done function D183 round=1 result=true
2026-06-13T16:20:54.956692+00:00 done function D184 round=1 result=true
2026-06-13T16:20:55.059141+00:00 done function D185 round=1 result=true
2026-06-13T16:20:55.169824+00:00 done function D186 round=1 result=true
2026-06-13T16:20:55.267203+00:00 done function D187 round=1 result=true
2026-06-13T16:20:55.358735+00:00 done function D188 round=1 result=true
2026-06-13T16:20:55.459095+00:00 done function D189 round=1 result=true
2026-06-13T16:20:55.561134+00:00 done function D190 round=1 result=true
2026-06-13T16:20:55.668261+00:00 done function D191 round=1 result=true
2026-06-13T16:20:55.756268+00:00 done function D192 round=1 result=true
2026-06-13T16:20:55.865787+00:00 done function D193 round=1 result=true
2026-06-13T16:20:55.966582+00:00 done function D194 round=1 result=true
2026-06-13T16:20:56.086189+00:00 done function D195 round=1 result=true
2026-06-13T16:20:56.166380+00:00 done function D196 round=1 result=true
2026-06-13T16:20:56.256506+00:00 done function D197 round=1 result=true
2026-06-13T16:20:56.363714+00:00 done function D198 round=1 result=true
2026-06-13T16:20:56.456518+00:00 done function D199 round=1 result=true
2026-06-13T16:20:56.544761+00:00 done function D200 round=1 result=true
2026-06-13T16:20:56.638520+00:00 done function D201 round=1 result=true
2026-06-13T16:20:56.752765+00:00 done function D202 round=1 result=true
2026-06-13T16:20:56.847040+00:00 done function D203 round=1 result=true
2026-06-13T16:20:56.947145+00:00 done function D204 round=1 result=true
2026-06-13T16:20:57.043360+00:00 done function D205 round=1 result=true
2026-06-13T16:20:57.137561+00:00 done function D206 round=1 result=true
2026-06-13T16:20:57.232932+00:00 done function D207 round=1 result=true
2026-06-13T16:20:57.321066+00:00 done function D208 round=1 result=true
2026-06-13T16:20:57.422458+00:00 done function D209 round=1 result=true
2026-06-13T16:20:57.510218+00:00 done function D210 round=1 result=true
2026-06-13T16:20:57.599629+00:00 done function D211 round=1 result=true
2026-06-13T16:20:57.696672+00:00 done function D212 round=1 result=true
2026-06-13T16:20:57.788415+00:00 done function D213 round=1 result=true
2026-06-13T16:20:57.876820+00:00 done function D214 round=1 result=true
2026-06-13T16:20:57.966419+00:00 done function D215 round=1 result=true
2026-06-13T16:20:58.067098+00:00 done function D216 round=1 result=true
2026-06-13T16:20:58.155872+00:00 done function D217 round=1 result=true
2026-06-13T16:20:58.256474+00:00 done function D218 round=1 result=true
2026-06-13T16:20:58.355247+00:00 done function D219 round=1 result=true
2026-06-13T16:20:58.444589+00:00 done function D220 round=1 result=true
2026-06-13T16:20:58.538388+00:00 done function D221 round=1 result=true
2026-06-13T16:20:58.667380+00:00 done function D222 round=1 result=true
2026-06-13T16:20:58.759704+00:00 done function D223 round=1 result=true
2026-06-13T16:20:58.858422+00:00 done function D224 round=1 result=true
2026-06-13T16:20:58.946950+00:00 done function D225 round=1 result=true
2026-06-13T16:20:59.046344+00:00 done function D226 round=1 result=true
2026-06-13T16:20:59.143880+00:00 done function D227 round=1 result=true
2026-06-13T16:20:59.235668+00:00 done function D228 round=1 result=true
2026-06-13T16:20:59.332766+00:00 done function D229 round=1 result=true
2026-06-13T16:20:59.425738+00:00 done function D230 round=1 result=true
2026-06-13T16:20:59.525112+00:00 done function D231 round=1 result=true
2026-06-13T16:20:59.627769+00:00 done function D232 round=1 result=true
2026-06-13T16:20:59.722157+00:00 done function D233 round=1 result=true
2026-06-13T16:20:59.815657+00:00 done function D234 round=1 result=true
2026-06-13T16:20:59.913416+00:00 done function D235 round=1 result=true
2026-06-13T16:20:59.998452+00:00 done function D236 round=1 result=true
2026-06-13T16:21:00.088480+00:00 done function D237 round=1 result=true
2026-06-13T16:21:00.177167+00:00 done function D238 round=1 result=true
2026-06-13T16:21:00.264294+00:00 done function D239 round=1 result=true
2026-06-13T16:21:00.355822+00:00 done function D240 round=1 result=true
2026-06-13T16:21:00.443651+00:00 done function D241 round=1 result=true
2026-06-13T16:21:00.532730+00:00 done function D242 round=1 result=true
2026-06-13T16:21:00.626157+00:00 done function D243 round=1 result=true
2026-06-13T16:21:00.721489+00:00 done function D244 round=1 result=true
2026-06-13T16:21:00.813094+00:00 done function D245 round=1 result=true
2026-06-13T16:21:00.899446+00:00 done function D246 round=1 result=true
2026-06-13T16:21:01.009123+00:00 done function D247 round=1 result=true
2026-06-13T16:21:01.102143+00:00 done function D248 round=1 result=true
2026-06-13T16:21:01.203023+00:00 done function D249 round=1 result=true
2026-06-13T16:21:01.288149+00:00 done function D250 round=1 result=true
2026-06-13T16:21:01.377105+00:00 done function D251 round=1 result=true
2026-06-13T16:21:01.468918+00:00 done function D252 round=1 result=true
2026-06-13T16:21:01.556022+00:00 done function D253 round=1 result=true
2026-06-13T16:21:01.643777+00:00 done function D254 round=1 result=true
2026-06-13T16:21:01.732679+00:00 done function D255 round=1 result=true
2026-06-13T16:21:01.825404+00:00 done function D256 round=1 result=true
2026-06-13T16:21:01.911820+00:00 done function D257 round=1 result=true
2026-06-13T16:21:02.016042+00:00 done function D258 round=1 result=true
2026-06-13T16:21:02.119486+00:00 done function D259 round=1 result=true
2026-06-13T16:21:02.210283+00:00 done function D260 round=1 result=true
2026-06-13T16:21:02.299017+00:00 done function D261 round=1 result=true
2026-06-13T16:21:02.394478+00:00 done function D262 round=1 result=true
2026-06-13T16:21:02.493924+00:00 done function D263 round=1 result=true
2026-06-13T16:21:02.593839+00:00 done function D264 round=1 result=true
2026-06-13T16:21:02.694681+00:00 done function D265 round=1 result=true
2026-06-13T16:21:02.781205+00:00 done function D266 round=1 result=true
2026-06-13T16:21:02.871920+00:00 done function D267 round=1 result=true
2026-06-13T16:21:02.961408+00:00 done function D268 round=1 result=true
2026-06-13T16:21:03.059163+00:00 done function D269 round=1 result=true
2026-06-13T16:21:03.148635+00:00 done function D270 round=1 result=true
2026-06-13T16:21:03.236168+00:00 done function D271 round=1 result=true
2026-06-13T16:21:03.325704+00:00 done function D272 round=1 result=true
2026-06-13T16:21:03.419128+00:00 done function D273 round=1 result=true
2026-06-13T16:21:03.515206+00:00 done function D274 round=1 result=true
2026-06-13T16:21:03.603505+00:00 done function D275 round=1 result=true
2026-06-13T16:21:03.703363+00:00 done function D276 round=1 result=true
2026-06-13T16:21:03.793038+00:00 done function D277 round=1 result=true
2026-06-13T16:21:03.882777+00:00 done function D278 round=1 result=true
2026-06-13T16:21:03.983723+00:00 done function D279 round=1 result=true
2026-06-13T16:21:04.070349+00:00 done function D280 round=1 result=true
2026-06-13T16:21:04.163111+00:00 done function D281 round=1 result=true
2026-06-13T16:21:04.259507+00:00 done function D282 round=1 result=true
2026-06-13T16:21:04.359547+00:00 done function D283 round=1 result=true
2026-06-13T16:21:04.448729+00:00 done function D284 round=1 result=true
2026-06-13T16:21:04.537907+00:00 done function D285 round=1 result=true
2026-06-13T16:21:04.626421+00:00 done function D286 round=1 result=true
2026-06-13T16:21:04.714773+00:00 done function D287 round=1 result=true
2026-06-13T16:21:04.816485+00:00 done function D288 round=1 result=true
2026-06-13T16:21:04.903203+00:00 done function D289 round=1 result=true
2026-06-13T16:21:05.003515+00:00 done function D290 round=1 result=true
2026-06-13T16:21:05.095717+00:00 done function D291 round=1 result=true
2026-06-13T16:21:05.191928+00:00 done function D292 round=1 result=true
2026-06-13T16:21:05.281206+00:00 done function D293 round=1 result=true
2026-06-13T16:21:05.370434+00:00 done function D294 round=1 result=true
2026-06-13T16:21:05.458500+00:00 done function D295 round=1 result=true
2026-06-13T16:21:05.558532+00:00 done function D296 round=1 result=true
2026-06-13T16:21:05.647938+00:00 done function D297 round=1 result=true
2026-06-13T16:21:05.736332+00:00 done function D298 round=1 result=true
2026-06-13T16:21:05.836171+00:00 done function D299 round=1 result=true
2026-06-13T16:21:05.925340+00:00 done function D300 round=1 result=true
2026-06-13T16:21:06.014334+00:00 done function D301 round=1 result=true
2026-06-13T16:21:06.102639+00:00 done function D302 round=1 result=true
2026-06-13T16:21:06.202884+00:00 done function D303 round=1 result=true
2026-06-13T16:21:06.292116+00:00 done function D304 round=1 result=true
2026-06-13T16:21:06.381922+00:00 done function D305 round=1 result=true
2026-06-13T16:21:06.482382+00:00 done function D306 round=1 result=true
2026-06-13T16:21:06.569763+00:00 done function D307 round=1 result=true
2026-06-13T16:21:06.670935+00:00 done function D308 round=1 result=true
2026-06-13T16:21:06.758256+00:00 done function D309 round=1 result=true
2026-06-13T16:21:06.854577+00:00 done function D310 round=1 result=true
2026-06-13T16:21:06.936349+00:00 done function D311 round=1 result=true
2026-06-13T16:21:07.025348+00:00 done function D312 round=1 result=true
2026-06-13T16:21:07.115004+00:00 done function D313 round=1 result=true
2026-06-13T16:21:07.202732+00:00 done function D314 round=1 result=true
2026-06-13T16:21:07.292075+00:00 done function D315 round=1 result=true
2026-06-13T16:21:07.391433+00:00 done function D316 round=1 result=true
2026-06-13T16:21:07.482268+00:00 done function D317 round=1 result=true
2026-06-13T16:21:07.569333+00:00 done function D318 round=1 result=true
2026-06-13T16:21:07.681167+00:00 done function D319 round=1 result=true
2026-06-13T16:21:07.771451+00:00 done function D320 round=1 result=true
2026-06-13T16:21:07.859909+00:00 done function D321 round=1 result=true
2026-06-13T16:21:07.948001+00:00 done function D322 round=1 result=true
2026-06-13T16:21:08.048371+00:00 done function D323 round=1 result=true
2026-06-13T16:21:08.138629+00:00 done function D324 round=1 result=true
2026-06-13T16:21:08.225734+00:00 done function D325 round=1 result=true
2026-06-13T16:21:08.314425+00:00 done function D326 round=1 result=true
2026-06-13T16:21:08.404279+00:00 done function D327 round=1 result=true
2026-06-13T16:21:08.492367+00:00 done function D328 round=1 result=true
2026-06-13T16:21:08.583451+00:00 done function D329 round=1 result=true
2026-06-13T16:21:08.680936+00:00 done function D330 round=1 result=true
2026-06-13T16:21:08.770011+00:00 done function D331 round=1 result=true
2026-06-13T16:21:08.858752+00:00 done function D332 round=1 result=true
2026-06-13T16:21:08.950170+00:00 done function D333 round=1 result=true
2026-06-13T16:21:09.036489+00:00 done function D334 round=1 result=true
2026-06-13T16:21:09.125460+00:00 done function D335 round=1 result=true
2026-06-13T16:21:09.215488+00:00 done function D336 round=1 result=true
2026-06-13T16:21:09.314654+00:00 done function D337 round=1 result=true
2026-06-13T16:21:09.403006+00:00 done function D338 round=1 result=true
2026-06-13T16:21:09.514909+00:00 done function D339 round=1 result=true
2026-06-13T16:21:09.615139+00:00 done function D340 round=1 result=true
2026-06-13T16:21:09.703632+00:00 done function D341 round=1 result=true
2026-06-13T16:21:09.793498+00:00 done function D342 round=1 result=true
2026-06-13T16:21:09.892904+00:00 done function D343 round=1 result=true
2026-06-13T16:21:09.993799+00:00 done function D344 round=1 result=true
2026-06-13T16:21:10.081947+00:00 done function D345 round=1 result=true
2026-06-13T16:21:10.169478+00:00 done function D346 round=1 result=true
2026-06-13T16:21:10.258410+00:00 done function D347 round=1 result=true
2026-06-13T16:21:10.349290+00:00 done function D348 round=1 result=true
2026-06-13T16:21:10.458679+00:00 done function D349 round=1 result=true
2026-06-13T16:21:10.559607+00:00 done function D350 round=1 result=true
2026-06-13T16:21:10.647476+00:00 done function D351 round=1 result=true
2026-06-13T16:21:10.738421+00:00 done function D352 round=1 result=true
2026-06-13T16:21:10.824990+00:00 done function D353 round=1 result=true
2026-06-13T16:21:10.915530+00:00 done function D354 round=1 result=true
2026-06-13T16:21:11.002837+00:00 done function D355 round=1 result=true
2026-06-13T16:21:11.094323+00:00 done function D356 round=1 result=true
2026-06-13T16:21:11.201568+00:00 done function D357 round=1 result=true
2026-06-13T16:21:11.291507+00:00 done function D358 round=1 result=true
2026-06-13T16:21:11.404164+00:00 done function D359 round=1 result=true
2026-06-13T16:21:11.491991+00:00 done function D360 round=1 result=true
2026-06-13T16:21:11.580580+00:00 done function D361 round=1 result=true
2026-06-13T16:21:11.669373+00:00 done function D362 round=1 result=true
2026-06-13T16:21:11.781968+00:00 done function D363 round=1 result=true
2026-06-13T16:21:11.870386+00:00 done function D364 round=1 result=true
2026-06-13T16:21:11.958671+00:00 done function D365 round=1 result=true
2026-06-13T16:21:12.047748+00:00 done function D366 round=1 result=true
2026-06-13T16:21:12.136360+00:00 done function D367 round=1 result=true
2026-06-13T16:21:12.226600+00:00 done function D368 round=1 result=true
2026-06-13T16:21:12.314795+00:00 done function D369 round=1 result=true
2026-06-13T16:21:12.414595+00:00 done function D370 round=1 result=true
2026-06-13T16:21:12.505634+00:00 done function D371 round=1 result=true
2026-06-13T16:21:12.592028+00:00 done function D372 round=1 result=true
2026-06-13T16:21:12.691458+00:00 done function D373 round=1 result=true
2026-06-13T16:21:12.770713+00:00 done function D374 round=1 result=true
2026-06-13T16:21:12.870823+00:00 done function D375 round=1 result=true
2026-06-13T16:21:12.958878+00:00 done function D376 round=1 result=true
2026-06-13T16:21:13.069840+00:00 done function D377 round=1 result=true
2026-06-13T16:21:13.170239+00:00 done function D378 round=1 result=true
2026-06-13T16:21:13.280640+00:00 done function D379 round=1 result=true
2026-06-13T16:21:13.380440+00:00 done function D380 round=1 result=true
2026-06-13T16:21:13.480977+00:00 done function D381 round=1 result=true
2026-06-13T16:21:13.569790+00:00 done function D382 round=1 result=true
2026-06-13T16:21:13.670104+00:00 done function D383 round=1 result=true
2026-06-13T16:21:13.792237+00:00 done function D384 round=1 result=true
2026-06-13T16:21:13.893049+00:00 done function D385 round=1 result=true
2026-06-13T16:21:14.003484+00:00 done function D386 round=1 result=true
2026-06-13T16:21:14.104667+00:00 done function D387 round=1 result=true
2026-06-13T16:21:14.204273+00:00 done function D388 round=1 result=true
2026-06-13T16:21:14.303916+00:00 done function D389 round=1 result=true
2026-06-13T16:21:14.414331+00:00 done function D390 round=1 result=true
2026-06-13T16:21:14.517399+00:00 done function D391 round=1 result=true
2026-06-13T16:21:14.624892+00:00 done function D392 round=1 result=true
2026-06-13T16:21:14.720833+00:00 done function D393 round=1 result=true
2026-06-13T16:21:14.820826+00:00 done function D394 round=1 result=true
2026-06-13T16:21:14.921264+00:00 done function D395 round=1 result=true
2026-06-13T16:21:15.022743+00:00 done function D396 round=1 result=true
2026-06-13T16:21:15.137428+00:00 done function D397 round=1 result=true
2026-06-13T16:21:15.236477+00:00 done function D398 round=1 result=true
2026-06-13T16:21:15.347419+00:00 done function D399 round=1 result=true
2026-06-13T16:21:15.443032+00:00 done function D400 round=1 result=true
2026-06-13T16:21:15.548511+00:00 done function D401 round=1 result=true
2026-06-13T16:21:15.642882+00:00 done function D402 round=1 result=true
2026-06-13T16:21:15.744554+00:00 done function D403 round=1 result=true
2026-06-13T16:21:15.847801+00:00 done function D404 round=1 result=true
2026-06-13T16:21:15.945506+00:00 done function D405 round=1 result=true
2026-06-13T16:21:16.046598+00:00 done function D406 round=1 result=true
2026-06-13T16:21:16.145050+00:00 done function D407 round=1 result=true
2026-06-13T16:21:16.243634+00:00 done function D408 round=1 result=true
2026-06-13T16:21:16.343233+00:00 done function D409 round=1 result=true
2026-06-13T16:21:16.445041+00:00 done function D410 round=1 result=true
2026-06-13T16:21:16.548433+00:00 done function D411 round=1 result=true
2026-06-13T16:21:16.643816+00:00 done function D412 round=1 result=true
2026-06-13T16:21:16.744246+00:00 done function D413 round=1 result=true
2026-06-13T16:21:16.844467+00:00 done function D414 round=1 result=true
2026-06-13T16:21:16.948459+00:00 done function D415 round=1 result=true
2026-06-13T16:21:17.043501+00:00 done function D416 round=1 result=true
2026-06-13T16:21:17.144082+00:00 done function D417 round=1 result=true
2026-06-13T16:21:17.248404+00:00 done function D418 round=1 result=true
2026-06-13T16:21:17.343021+00:00 done function D419 round=1 result=true
2026-06-13T16:21:17.446530+00:00 done function D420 round=1 result=true
2026-06-13T16:21:17.543921+00:00 done function D421 round=1 result=true
2026-06-13T16:21:17.646003+00:00 done function D422 round=1 result=true
2026-06-13T16:21:17.745831+00:00 done function D423 round=1 result=true
2026-06-13T16:21:17.844504+00:00 done function D424 round=1 result=true
2026-06-13T16:21:17.946146+00:00 done function D463 round=1 result=true
2026-06-13T16:21:18.043458+00:00 done function D464 round=1 result=true
2026-06-13T16:21:18.145017+00:00 done function D465 round=1 result=true
2026-06-13T16:21:18.244008+00:00 done function D466 round=1 result=true
2026-06-13T16:21:18.343591+00:00 done function D467 round=1 result=true
2026-06-13T16:21:18.445514+00:00 done function D468 round=1 result=true
2026-06-13T16:21:18.544859+00:00 done function D469 round=1 result=true
2026-06-13T16:21:18.651470+00:00 done function D470 round=1 result=true
2026-06-13T16:21:18.741358+00:00 done case C-0001 round=1 result=true
2026-06-13T16:21:18.818809+00:00 done case C-0002 round=1 result=true
2026-06-13T16:21:18.896610+00:00 done case C-0003 round=1 result=true
2026-06-13T16:21:19.869896+00:00 done case C-0004 round=1 result=true
2026-06-13T16:21:19.957860+00:00 done case C-0005 round=1 result=true
2026-06-13T16:21:20.050579+00:00 done case C-0006 round=1 result=true
2026-06-13T16:21:20.152236+00:00 done case C-0007 round=1 result=true
2026-06-13T16:21:20.236540+00:00 done case C-0008 round=1 result=true
2026-06-13T16:21:20.319620+00:00 done case C-0009 round=1 result=true
2026-06-13T16:21:20.403064+00:00 done case C-0010 round=1 result=true
2026-06-13T16:21:20.493317+00:00 done case C-0011 round=1 result=true
2026-06-13T16:21:20.581983+00:00 done case C-0012 round=1 result=true
2026-06-13T16:21:20.683706+00:00 done case C-0013 round=1 result=true
2026-06-13T16:21:20.769698+00:00 done case C-0014 round=1 result=true
2026-06-13T16:21:21.732921+00:00 done case C-0015 round=1 result=true
2026-06-13T16:21:21.824784+00:00 done case C-0016 round=1 result=true
2026-06-13T16:21:21.914358+00:00 done case C-0017 round=1 result=true
2026-06-13T16:21:22.003493+00:00 done case C-0018 round=1 result=true
2026-06-13T16:21:22.106825+00:00 done case C-0019 round=1 result=true
2026-06-13T16:21:22.201641+00:00 done case C-0020 round=1 result=true
2026-06-13T16:21:22.291667+00:00 done case C-0021 round=1 result=true
2026-06-13T16:21:22.381055+00:00 done case C-0022 round=1 result=true
2026-06-13T16:21:22.471284+00:00 done case C-0023 round=1 result=true
2026-06-13T16:21:22.558116+00:00 done case C-0024 round=1 result=true
2026-06-13T16:21:22.646648+00:00 done case C-0025 round=1 result=true
2026-06-13T16:21:23.622897+00:00 done case C-0026 round=1 result=true
2026-06-13T16:21:23.721726+00:00 done case C-0027 round=1 result=true
2026-06-13T16:21:23.813739+00:00 done case C-0028 round=1 result=true
2026-06-13T16:21:23.903901+00:00 done case C-0029 round=1 result=true
2026-06-13T16:21:23.998533+00:00 done case C-0030 round=1 result=true
2026-06-13T16:21:24.092513+00:00 done case C-0031 round=1 result=true
2026-06-13T16:21:24.192081+00:00 done case C-0032 round=1 result=true
2026-06-13T16:21:24.301913+00:00 done case C-0033 round=1 result=true
2026-06-13T16:21:24.398488+00:00 done case C-0034 round=1 result=true
2026-06-13T16:21:24.479166+00:00 done case C-0035 round=1 result=true
2026-06-13T16:21:25.443731+00:00 done case C-0036 round=1 result=true
2026-06-13T16:21:25.544121+00:00 done case C-0037 round=1 result=true
2026-06-13T16:21:25.635626+00:00 done case C-0038 round=1 result=true
2026-06-13T16:21:25.733345+00:00 done case C-0039 round=1 result=true
2026-06-13T16:21:25.830997+00:00 done case C-0040 round=1 result=true
2026-06-13T16:21:25.914309+00:00 done case C-0041 round=1 result=true
2026-06-13T16:21:26.001250+00:00 done case C-0042 round=1 result=true
2026-06-13T16:21:26.090330+00:00 done case C-0043 round=1 result=true
2026-06-13T16:21:26.184666+00:00 done case C-0044 round=1 result=true
2026-06-13T16:21:26.277875+00:00 done case C-0045 round=1 result=true
2026-06-13T16:21:26.371411+00:00 done case C-0046 round=1 result=true
2026-06-13T16:21:27.320013+00:00 done case C-0047 round=1 result=true
2026-06-13T16:21:27.409597+00:00 done case C-0048 round=1 result=true
2026-06-13T16:21:27.510691+00:00 done case C-0049 round=1 result=true
2026-06-13T16:21:27.603654+00:00 done case C-0050 round=1 result=true
2026-06-13T16:21:27.692122+00:00 done case C-0051 round=1 result=true
2026-06-13T16:21:27.782423+00:00 done case C-0052 round=1 result=true
2026-06-13T16:21:27.867283+00:00 done case C-0053 round=1 result=true
2026-06-13T16:21:27.958634+00:00 done case C-0054 round=1 result=true
2026-06-13T16:21:28.044915+00:00 done case C-0055 round=1 result=true
2026-06-13T16:21:28.136697+00:00 done case C-0056 round=1 result=true
2026-06-13T16:21:28.228039+00:00 done case C-0057 round=1 result=true
2026-06-13T16:21:29.170088+00:00 done case C-0058 round=1 result=true
2026-06-13T16:21:29.257571+00:00 done case C-0059 round=1 result=true
2026-06-13T16:21:29.348095+00:00 done case C-0060 round=1 result=true
2026-06-13T16:21:29.443962+00:00 done case C-0061 round=1 result=true
2026-06-13T16:21:29.544906+00:00 done case C-0062 round=1 result=true
2026-06-13T16:21:29.635607+00:00 done case C-0063 round=1 result=true
2026-06-13T16:21:29.723268+00:00 done case C-0064 round=1 result=true
2026-06-13T16:21:29.814114+00:00 done case C-0065 round=1 result=true
2026-06-13T16:21:29.909460+00:00 done case C-0066 round=1 result=true
2026-06-13T16:21:29.992152+00:00 done case C-0067 round=1 result=true
2026-06-13T16:21:30.082747+00:00 done case C-0068 round=1 result=true
2026-06-13T16:21:31.014091+00:00 done case C-0069 round=1 result=true
2026-06-13T16:21:31.110087+00:00 done case C-0070 round=1 result=true
2026-06-13T16:21:31.193441+00:00 done case C-0071 round=1 result=true
2026-06-13T16:21:31.281386+00:00 done case C-0072 round=1 result=true
2026-06-13T16:21:31.377702+00:00 done case C-0073 round=1 result=true
2026-06-13T16:21:31.479706+00:00 done case C-0074 round=1 result=true
2026-06-13T16:21:31.577088+00:00 done case C-0075 round=1 result=true
2026-06-13T16:21:31.676831+00:00 done case C-0076 round=1 result=true
2026-06-13T16:21:31.759433+00:00 done case C-0077 round=1 result=true
2026-06-13T16:21:31.884637+00:00 done case C-0078 round=1 result=true
2026-06-13T16:21:32.859650+00:00 done case C-0079 round=1 result=true
2026-06-13T16:21:32.947367+00:00 done case C-0080 round=1 result=true
2026-06-13T16:21:33.085708+00:00 done case C-0081 round=1 result=true
2026-06-13T16:21:33.182857+00:00 done case C-0082 round=1 result=true
2026-06-13T16:21:33.268911+00:00 done case C-0083 round=1 result=true
2026-06-13T16:21:33.359680+00:00 done case C-0084 round=1 result=true
2026-06-13T16:21:33.461829+00:00 done case C-0085 round=1 result=true
2026-06-13T16:21:33.550947+00:00 done case C-0086 round=1 result=true
2026-06-13T16:21:33.650859+00:00 done case C-0087 round=1 result=true
2026-06-13T16:21:33.739817+00:00 done case C-0088 round=1 result=true
2026-06-13T16:21:34.704154+00:00 done case C-0089 round=1 result=true
2026-06-13T16:21:34.809712+00:00 done case C-0090 round=1 result=true
2026-06-13T16:21:34.904336+00:00 done case C-0091 round=1 result=true
2026-06-13T16:21:35.016756+00:00 done case C-0092 round=1 result=true
2026-06-13T16:21:35.108681+00:00 done case C-0093 round=1 result=true
2026-06-13T16:21:35.215507+00:00 done case C-0094 round=1 result=true
2026-06-13T16:21:35.327622+00:00 done case C-0095 round=1 result=true
2026-06-13T16:21:35.436660+00:00 done case C-0096 round=1 result=true
2026-06-13T16:21:35.527368+00:00 done case C-0097 round=1 result=true
2026-06-13T16:21:35.640245+00:00 done case C-0098 round=1 result=true
2026-06-13T16:21:36.614557+00:00 done case C-0099 round=1 result=true
2026-06-13T16:21:36.720231+00:00 done case C-0100 round=1 result=true
2026-06-13T16:21:36.839924+00:00 done case C-0101 round=1 result=true
2026-06-13T16:21:36.954531+00:00 done case C-0102 round=1 result=true
2026-06-13T16:21:37.518118+00:00 done case C-0103 round=1 result=true
2026-06-13T16:21:38.530798+00:00 done case C-0104 round=1 result=true
2026-06-13T16:21:38.638247+00:00 done case C-0105 round=1 result=true
2026-06-13T16:21:39.609005+00:00 done case C-0106 round=1 result=true
2026-06-13T16:21:39.733251+00:00 done case C-0107 round=1 result=true
2026-06-13T16:21:40.724982+00:00 done case C-0108 round=1 result=true
2026-06-13T16:21:41.713044+00:00 done case C-0109 round=1 result=true
2026-06-13T16:21:41.823393+00:00 done case C-0110 round=1 result=true
2026-06-13T16:21:42.813952+00:00 done case C-0111 round=1 result=true
2026-06-13T16:21:43.779227+00:00 done case C-0112 round=1 result=true
2026-06-13T16:21:43.879239+00:00 done case C-0113 round=1 result=true
2026-06-13T16:21:44.667902+00:00 done case C-0114 round=1 result=true
2026-06-13T16:21:45.668970+00:00 done case C-0115 round=1 result=true
2026-06-13T16:21:45.779331+00:00 done case C-0116 round=1 result=true
2026-06-13T16:21:45.891048+00:00 done case C-0117 round=1 result=true
2026-06-13T16:21:45.982434+00:00 done case C-0118 round=1 result=true
2026-06-13T16:21:46.103952+00:00 done case C-0119 round=1 result=true
2026-06-13T16:21:46.215743+00:00 done case C-0120 round=1 result=true
2026-06-13T16:21:46.338811+00:00 done case C-0121 round=1 result=true
2026-06-13T16:21:46.455164+00:00 done case C-0122 round=1 result=true
2026-06-13T16:21:46.566595+00:00 done case C-0123 round=1 result=true
2026-06-13T16:21:47.555939+00:00 done case C-0124 round=1 result=true
2026-06-13T16:21:47.668019+00:00 done case C-0125 round=1 result=true
2026-06-13T16:21:47.780724+00:00 done case C-0126 round=1 result=true
2026-06-13T16:21:47.913200+00:00 done case C-0127 round=1 result=true
2026-06-13T16:21:48.010215+00:00 done case C-0128 round=1 result=true
2026-06-13T16:21:48.680805+00:00 done case C-0129 round=1 result=true
2026-06-13T16:21:48.791191+00:00 done case C-0130 round=1 result=true
2026-06-13T16:21:49.813450+00:00 done case C-0131 round=1 result=true
2026-06-13T16:21:50.780261+00:00 done case C-0132 round=1 result=true
2026-06-13T16:21:50.891899+00:00 done case C-0133 round=1 result=true
2026-06-13T16:21:51.869637+00:00 done case C-0134 round=1 result=true
2026-06-13T16:21:51.980983+00:00 done case C-0135 round=1 result=true
2026-06-13T16:21:52.936492+00:00 done case C-0136 round=1 result=true
2026-06-13T16:21:53.925007+00:00 done case C-0137 round=1 result=true
2026-06-13T16:21:54.036343+00:00 done case C-0138 round=1 result=true
2026-06-13T16:21:55.000192+00:00 done case C-0139 round=1 result=true
2026-06-13T16:21:55.780993+00:00 done case C-0140 round=1 result=true
2026-06-13T16:21:55.892416+00:00 done case C-0141 round=1 result=true
2026-06-13T16:21:56.914854+00:00 done case C-0142 round=1 result=true
2026-06-13T16:21:57.026234+00:00 done case C-0143 round=1 result=true
2026-06-13T16:21:57.135966+00:00 done case C-0144 round=1 result=true
2026-06-13T16:21:57.237203+00:00 done case C-0145 round=1 result=true
2026-06-13T16:21:57.359192+00:00 done case C-0146 round=1 result=true
2026-06-13T16:21:57.456453+00:00 done case C-0147 round=1 result=true
2026-06-13T16:21:57.570019+00:00 done case C-0148 round=1 result=true
2026-06-13T16:21:57.680881+00:00 done case C-0149 round=1 result=true
2026-06-13T16:21:57.792272+00:00 done case C-0150 round=1 result=true
2026-06-13T16:21:58.782285+00:00 done case C-0151 round=1 result=true
2026-06-13T16:21:58.892330+00:00 done case C-0152 round=1 result=true
2026-06-13T16:21:59.015191+00:00 done case C-0153 round=1 result=true
2026-06-13T16:21:59.126316+00:00 done case C-0154 round=1 result=true
2026-06-13T16:21:59.225649+00:00 done case C-0155 round=1 result=true
2026-06-13T16:21:59.336698+00:00 done case C-0156 round=1 result=true
2026-06-13T16:21:59.449501+00:00 done case C-0157 round=1 result=true
2026-06-13T16:21:59.570246+00:00 done case C-0158 round=1 result=true
2026-06-13T16:22:00.548961+00:00 done case C-0159 round=1 result=true
2026-06-13T16:22:00.670266+00:00 done case C-0160 round=1 result=true
2026-06-13T16:22:00.781791+00:00 done case C-0161 round=1 result=true
2026-06-13T16:22:00.881285+00:00 done case C-0162 round=1 result=true
2026-06-13T16:22:00.995728+00:00 done case C-0163 round=1 result=true
2026-06-13T16:22:01.104128+00:00 done case C-0164 round=1 result=true
2026-06-13T16:22:01.215527+00:00 done case C-0165 round=1 result=true
2026-06-13T16:22:01.337552+00:00 done case C-0166 round=1 result=true
2026-06-13T16:22:01.437282+00:00 done case C-0167 round=1 result=true
2026-06-13T16:22:01.547941+00:00 done case C-0168 round=1 result=true
2026-06-13T16:22:02.527004+00:00 done case C-0169 round=1 result=true
2026-06-13T16:22:02.637328+00:00 done case C-0170 round=1 result=true
2026-06-13T16:22:03.371910+00:00 done case C-0171 round=1 result=true
2026-06-13T16:22:03.471608+00:00 done case C-0172 round=1 result=true
2026-06-13T16:22:03.617784+00:00 done case C-0173 round=1 result=true
2026-06-13T16:22:03.726029+00:00 done case C-0174 round=1 result=true
2026-06-13T16:22:03.836974+00:00 done case C-0175 round=1 result=true
2026-06-13T16:22:03.937804+00:00 done case C-0176 round=1 result=true
2026-06-13T16:22:04.038214+00:00 done case C-0177 round=1 result=true
2026-06-13T16:22:04.134601+00:00 done case C-0178 round=1 result=true
2026-06-13T16:22:04.250109+00:00 done case C-0179 round=1 result=true
2026-06-13T16:22:04.348380+00:00 done case C-0180 round=1 result=true
2026-06-13T16:22:04.459443+00:00 done case C-0181 round=1 result=true
2026-06-13T16:22:04.559532+00:00 done case C-0182 round=1 result=true
2026-06-13T16:22:04.670661+00:00 done case C-0183 round=1 result=true
2026-06-13T16:22:04.772267+00:00 done case C-0184 round=1 result=true
2026-06-13T16:22:04.893998+00:00 done case C-0185 round=1 result=true
2026-06-13T16:22:04.992907+00:00 done case C-0186 round=1 result=true
2026-06-13T16:22:05.104564+00:00 done case C-0187 round=1 result=true
2026-06-13T16:22:05.204879+00:00 done case C-0188 round=1 result=true
2026-06-13T16:22:05.316008+00:00 done case C-0189 round=1 result=true
2026-06-13T16:22:05.416822+00:00 done case C-0190 round=1 result=true
2026-06-13T16:22:05.526181+00:00 done case C-0191 round=1 result=true
2026-06-13T16:22:05.626490+00:00 done case C-0192 round=1 result=true
2026-06-13T16:22:05.738205+00:00 done case C-0193 round=1 result=true
2026-06-13T16:22:05.838423+00:00 done case C-0194 round=1 result=true
2026-06-13T16:22:05.949621+00:00 done case C-0195 round=1 result=true
2026-06-13T16:22:06.050779+00:00 done case C-0196 round=1 result=true
2026-06-13T16:22:06.160992+00:00 done case C-0197 round=1 result=true
2026-06-13T16:22:06.283132+00:00 done case C-0198 round=1 result=true
2026-06-13T16:22:06.404677+00:00 done case C-0199 round=1 result=true
2026-06-13T16:22:06.516318+00:00 done case C-0200 round=1 result=true
2026-06-13T16:22:06.627393+00:00 done case C-0201 round=1 result=true
2026-06-13T16:22:06.738070+00:00 done case C-0202 round=1 result=true
2026-06-13T16:22:06.838584+00:00 done case C-0203 round=1 result=true
2026-06-13T16:22:06.949007+00:00 done case C-0204 round=1 result=true
2026-06-13T16:22:07.048768+00:00 done case C-0205 round=1 result=true
2026-06-13T16:22:07.149138+00:00 done case C-0206 round=1 result=true
2026-06-13T16:22:07.249096+00:00 done case C-0207 round=1 result=true
2026-06-13T16:22:07.360579+00:00 done case C-0208 round=1 result=true
2026-06-13T16:22:07.460580+00:00 done case C-0209 round=1 result=true
2026-06-13T16:22:07.571082+00:00 done case C-0210 round=1 result=true
2026-06-13T16:22:07.671078+00:00 done case C-0211 round=1 result=true
2026-06-13T16:22:07.771810+00:00 done case C-0212 round=1 result=true
2026-06-13T16:22:07.871702+00:00 done case C-0213 round=1 result=true
2026-06-13T16:22:07.982689+00:00 done case C-0214 round=1 result=true
2026-06-13T16:22:08.093938+00:00 done case C-0215 round=1 result=true
2026-06-13T16:22:08.193665+00:00 done case C-0216 round=1 result=true
2026-06-13T16:22:08.316651+00:00 done case C-0217 round=1 result=true
2026-06-13T16:22:08.427163+00:00 done case C-0218 round=1 result=true
2026-06-13T16:22:08.548977+00:00 done case C-0219 round=1 result=true
2026-06-13T16:22:08.648893+00:00 done case C-0220 round=1 result=true
2026-06-13T16:22:08.749974+00:00 done case C-0221 round=1 result=true
2026-06-13T16:22:08.863948+00:00 done case C-0222 round=1 result=true
2026-06-13T16:22:08.971541+00:00 done case C-0223 round=1 result=true
2026-06-13T16:22:09.083135+00:00 done case C-0224 round=1 result=true
2026-06-13T16:22:09.195201+00:00 done case C-0225 round=1 result=true
2026-06-13T16:22:09.304889+00:00 done case C-0226 round=1 result=true
2026-06-13T16:22:09.404840+00:00 done case C-0227 round=1 result=true
2026-06-13T16:22:09.504712+00:00 done case C-0228 round=1 result=true
2026-06-13T16:22:09.615886+00:00 done case C-0229 round=1 result=true
2026-06-13T16:22:09.726778+00:00 done case C-0230 round=1 result=true
2026-06-13T16:22:09.838305+00:00 done case C-0231 round=1 result=true
2026-06-13T16:22:09.938545+00:00 done case C-0232 round=1 result=true
2026-06-13T16:22:10.038386+00:00 done case C-0233 round=1 result=true
2026-06-13T16:22:10.139023+00:00 done case C-0234 round=1 result=true
2026-06-13T16:22:10.249618+00:00 done case C-0235 round=1 result=true
2026-06-13T16:22:10.372009+00:00 done case C-0236 round=1 result=true
2026-06-13T16:22:10.494903+00:00 done case C-0237 round=1 result=true
2026-06-13T16:22:10.616865+00:00 done case C-0238 round=1 result=true
2026-06-13T16:22:10.744424+00:00 done case C-0239 round=1 result=true
2026-06-13T16:22:10.861845+00:00 done case C-0240 round=1 result=true
2026-06-13T16:22:10.986403+00:00 done case C-0241 round=1 result=true
2026-06-13T16:22:11.999723+00:00 done case C-0242 round=1 result=true
2026-06-13T16:22:12.116442+00:00 done case C-0243 round=1 result=true
2026-06-13T16:22:12.227416+00:00 done case C-0244 round=1 result=true
2026-06-13T16:22:12.350587+00:00 done case C-0245 round=1 result=true
2026-06-13T16:22:12.472551+00:00 done case C-0246 round=1 result=true
2026-06-13T16:22:12.595981+00:00 done case C-0247 round=1 result=true
2026-06-13T16:22:12.728061+00:00 done case C-0248 round=1 result=true
2026-06-13T16:22:12.854169+00:00 done case C-0249 round=1 result=true
2026-06-13T16:22:13.830706+00:00 done case C-0250 round=1 result=true
2026-06-13T16:22:13.938817+00:00 done case C-0251 round=1 result=true
2026-06-13T16:22:14.053916+00:00 done case C-0252 round=1 result=true
2026-06-13T16:22:14.161667+00:00 done case C-0253 round=1 result=true
2026-06-13T16:22:14.271973+00:00 done case C-0254 round=1 result=true
2026-06-13T16:22:14.394501+00:00 done case C-0255 round=1 result=true
2026-06-13T16:22:14.520979+00:00 done case C-0256 round=1 result=true
2026-06-13T16:22:14.631109+00:00 done case C-0257 round=1 result=true
2026-06-13T16:22:14.738744+00:00 done case C-0258 round=1 result=true
2026-06-13T16:22:15.736090+00:00 done case C-0259 round=1 result=true
2026-06-13T16:22:15.850621+00:00 done case C-0260 round=1 result=true
2026-06-13T16:22:15.973199+00:00 done case C-0261 round=1 result=true
2026-06-13T16:22:16.103553+00:00 done case C-0262 round=1 result=true
2026-06-13T16:22:16.206259+00:00 done case C-0263 round=1 result=true
2026-06-13T16:22:16.316749+00:00 done case C-0264 round=1 result=true
2026-06-13T16:22:16.429054+00:00 done case C-0265 round=1 result=true
2026-06-13T16:22:16.540233+00:00 done case C-0266 round=1 result=true
2026-06-13T16:22:17.329565+00:00 done case C-0267 round=1 result=true
2026-06-13T16:22:17.450389+00:00 done case C-0268 round=1 result=true
2026-06-13T16:22:17.578444+00:00 done case C-0269 round=1 result=true
2026-06-13T16:22:17.695055+00:00 done case C-0270 round=1 result=true
2026-06-13T16:22:17.818412+00:00 done case C-0271 round=1 result=true
2026-06-13T16:22:17.940657+00:00 done case C-0272 round=1 result=true
2026-06-13T16:22:18.062252+00:00 done case C-0273 round=1 result=true
2026-06-13T16:22:18.184207+00:00 done case C-0274 round=1 result=true
2026-06-13T16:22:20.066856+00:00 done case C-0275 round=1 result=true
2026-06-13T16:22:24.356861+00:00 done case C-0276 round=1 result=true
2026-06-13T16:22:24.464271+00:00 done case C-0277 round=1 result=true
2026-06-13T16:22:25.441576+00:00 done case C-0278 round=1 result=true
2026-06-13T16:22:26.446919+00:00 done case C-0279 round=1 result=true
2026-06-13T16:22:26.554123+00:00 done case C-0280 round=1 result=true
2026-06-13T16:22:27.532730+00:00 done case C-0281 round=1 result=true
2026-06-13T16:22:28.524726+00:00 done case C-0282 round=1 result=true
2026-06-13T16:22:28.619163+00:00 done case C-0283 round=1 result=true
2026-06-13T16:22:29.608899+00:00 done case C-0284 round=1 result=true
2026-06-13T16:22:29.722975+00:00 done case C-0285 round=1 result=true
2026-06-13T16:22:30.696181+00:00 done case C-0286 round=1 result=true
2026-06-13T16:22:30.809957+00:00 done case C-0287 round=1 result=true
2026-06-13T16:22:31.800405+00:00 done case C-0288 round=1 result=true
2026-06-13T16:22:32.586444+00:00 done case C-0289 round=1 result=true
2026-06-13T16:22:32.695521+00:00 done case C-0290 round=1 result=true
2026-06-13T16:22:33.709786+00:00 done case C-0291 round=1 result=true
2026-06-13T16:22:33.820356+00:00 done case C-0292 round=1 result=true
2026-06-13T16:22:33.935646+00:00 done case C-0293 round=1 result=true
2026-06-13T16:22:34.043039+00:00 done case C-0294 round=1 result=true
2026-06-13T16:22:34.169071+00:00 done case C-0295 round=1 result=true
2026-06-13T16:22:34.286902+00:00 done case C-0296 round=1 result=true
2026-06-13T16:22:34.398965+00:00 done case C-0297 round=1 result=true
2026-06-13T16:22:34.512635+00:00 done case C-0298 round=1 result=true
2026-06-13T16:22:34.643491+00:00 done case C-0299 round=1 result=true
2026-06-13T16:22:35.607788+00:00 done case C-0300 round=1 result=true
2026-06-13T16:22:35.733212+00:00 done case C-0301 round=1 result=true
2026-06-13T16:22:35.842034+00:00 done case C-0302 round=1 result=true
2026-06-13T16:22:35.957739+00:00 done case C-0303 round=1 result=true
2026-06-13T16:22:36.068254+00:00 done case C-0304 round=1 result=true
2026-06-13T16:22:36.175532+00:00 done case C-0305 round=1 result=true
2026-06-13T16:22:36.292871+00:00 done case C-0306 round=1 result=true
2026-06-13T16:22:36.424251+00:00 done case C-0307 round=1 result=true
2026-06-13T16:22:37.387477+00:00 done case C-0308 round=1 result=true
2026-06-13T16:22:37.495411+00:00 done case C-0309 round=1 result=true
2026-06-13T16:22:37.609344+00:00 done case C-0310 round=1 result=true
2026-06-13T16:22:37.725864+00:00 done case C-0311 round=1 result=true
2026-06-13T16:22:37.830661+00:00 done case C-0312 round=1 result=true
2026-06-13T16:22:37.943167+00:00 done case C-0313 round=1 result=true
2026-06-13T16:22:38.064502+00:00 done case C-0314 round=1 result=true
2026-06-13T16:22:38.176756+00:00 done case C-0315 round=1 result=true
2026-06-13T16:22:38.292357+00:00 done case C-0316 round=1 result=true
2026-06-13T16:22:39.268352+00:00 done case C-0317 round=1 result=true
2026-06-13T16:22:39.376679+00:00 done case C-0318 round=1 result=true
2026-06-13T16:22:39.511118+00:00 done case C-0319 round=1 result=true
2026-06-13T16:22:39.633478+00:00 done case C-0320 round=1 result=true
2026-06-13T16:22:39.746816+00:00 done case C-0321 round=1 result=true
2026-06-13T16:22:39.858750+00:00 done case C-0322 round=1 result=true
2026-06-13T16:22:39.967462+00:00 done case C-0323 round=1 result=true
2026-06-13T16:22:40.080721+00:00 done case C-0324 round=1 result=true
2026-06-13T16:22:40.189668+00:00 done case C-0325 round=1 result=true
2026-06-13T16:22:41.144382+00:00 done case C-0326 round=1 result=true
2026-06-13T16:22:41.259702+00:00 done case C-0327 round=1 result=true
2026-06-13T16:22:41.360400+00:00 done case C-0328 round=1 result=true
2026-06-13T16:22:41.464144+00:00 done case C-0329 round=1 result=true
2026-06-13T16:22:41.573498+00:00 done case C-0330 round=1 result=true
2026-06-13T16:22:41.677161+00:00 done case C-0331 round=1 result=true
2026-06-13T16:22:41.785208+00:00 done case C-0332 round=1 result=true
2026-06-13T16:22:41.898897+00:00 done case C-0333 round=1 result=true
2026-06-13T16:22:42.014469+00:00 done case C-0334 round=1 result=true
2026-06-13T16:22:42.990672+00:00 done case C-0335 round=1 result=true
2026-06-13T16:22:43.102167+00:00 done case C-0336 round=1 result=true
2026-06-13T16:22:43.208650+00:00 done case C-0337 round=1 result=true
2026-06-13T16:22:43.317861+00:00 done case C-0338 round=1 result=true
2026-06-13T16:22:43.444834+00:00 done case C-0339 round=1 result=true
2026-06-13T16:22:43.555008+00:00 done case C-0340 round=1 result=true
2026-06-13T16:22:43.665687+00:00 done case C-0341 round=1 result=true
2026-06-13T16:22:43.777413+00:00 done case C-0342 round=1 result=true
2026-06-13T16:22:43.891232+00:00 done case C-0343 round=1 result=true
2026-06-13T16:22:44.448470+00:00 done case C-0344 round=1 result=true
2026-06-13T16:22:44.564399+00:00 done case C-0345 round=1 result=true
2026-06-13T16:22:44.677432+00:00 done case C-0346 round=1 result=true
2026-06-13T16:22:44.784539+00:00 done case C-0347 round=1 result=true
2026-06-13T16:22:44.883508+00:00 done case C-0348 round=1 result=true
2026-06-13T16:22:44.983659+00:00 done case C-0349 round=1 result=true
2026-06-13T16:22:45.961549+00:00 done case C-0350 round=1 result=true
2026-06-13T16:22:46.072218+00:00 done case C-0351 round=1 result=true
2026-06-13T16:22:47.056662+00:00 done case C-0352 round=1 result=true
2026-06-13T16:22:47.166976+00:00 done case C-0353 round=1 result=true
2026-06-13T16:22:48.141389+00:00 done case C-0354 round=1 result=true
2026-06-13T16:22:49.096935+00:00 done case C-0355 round=1 result=true
2026-06-13T16:22:49.212280+00:00 done case C-0356 round=1 result=true
2026-06-13T16:22:50.189676+00:00 done case C-0357 round=1 result=true
2026-06-13T16:22:50.295321+00:00 done case C-0358 round=1 result=true
2026-06-13T16:22:51.279090+00:00 done case C-0359 round=1 result=true
2026-06-13T16:22:51.816334+00:00 done case C-0360 round=1 result=true
2026-06-13T16:22:51.922372+00:00 done case C-0361 round=1 result=true
2026-06-13T16:22:52.070807+00:00 done case C-0362 round=1 result=true
2026-06-13T16:22:52.174417+00:00 done case C-0363 round=1 result=true
2026-06-13T16:22:52.281643+00:00 done case C-0364 round=1 result=true
2026-06-13T16:22:52.385428+00:00 done case C-0365 round=1 result=true
2026-06-13T16:22:52.497440+00:00 done case C-0366 round=1 result=true
2026-06-13T16:22:52.605069+00:00 done case C-0367 round=1 result=true
2026-06-13T16:22:52.714010+00:00 done case C-0368 round=1 result=true
2026-06-13T16:22:52.818563+00:00 done case C-0369 round=1 result=true
2026-06-13T16:22:52.928682+00:00 done case C-0370 round=1 result=true
2026-06-13T16:22:53.036098+00:00 done case C-0371 round=1 result=true
2026-06-13T16:22:53.148220+00:00 done case C-0372 round=1 result=true
2026-06-13T16:22:53.259352+00:00 done case C-0373 round=1 result=true
2026-06-13T16:22:53.371915+00:00 done case C-0374 round=1 result=true
2026-06-13T16:22:53.480812+00:00 done case C-0375 round=1 result=true
2026-06-13T16:22:53.592225+00:00 done case C-0376 round=1 result=true
2026-06-13T16:22:53.707791+00:00 done case C-0377 round=1 result=true
2026-06-13T16:22:53.827332+00:00 done case C-0378 round=1 result=true
2026-06-13T16:22:53.945903+00:00 done case C-0379 round=1 result=true
2026-06-13T16:22:54.050163+00:00 done case C-0380 round=1 result=true
2026-06-13T16:22:54.160128+00:00 done case C-0381 round=1 result=true
2026-06-13T16:22:54.274168+00:00 done case C-0382 round=1 result=true
2026-06-13T16:22:54.379531+00:00 done case C-0383 round=1 result=true
2026-06-13T16:22:54.487550+00:00 done case C-0384 round=1 result=true
2026-06-13T16:22:54.605641+00:00 done case C-0385 round=1 result=true
2026-06-13T16:22:54.711561+00:00 done case C-0386 round=1 result=true
2026-06-13T16:22:54.812304+00:00 done case C-0387 round=1 result=true
2026-06-13T16:22:54.920541+00:00 done case C-0388 round=1 result=true
2026-06-13T16:22:55.038814+00:00 done case C-0389 round=1 result=true
2026-06-13T16:22:55.150983+00:00 done case C-0390 round=1 result=true
2026-06-13T16:22:55.258798+00:00 done case C-0391 round=1 result=true
2026-06-13T16:22:55.371137+00:00 done case C-0392 round=1 result=true
2026-06-13T16:22:55.486492+00:00 done case C-0393 round=1 result=true
2026-06-13T16:22:55.575431+00:00 done case C-0394 round=1 result=true
2026-06-13T16:22:55.684025+00:00 done case C-0395 round=1 result=true
2026-06-13T16:22:55.790116+00:00 done case C-0396 round=1 result=true
2026-06-13T16:22:56.793558+00:00 done case C-0397 round=1 result=true
2026-06-13T16:22:56.906621+00:00 done case C-0398 round=1 result=true
2026-06-13T16:22:57.024150+00:00 done case C-0399 round=1 result=true
2026-06-13T16:22:57.127765+00:00 done case C-0400 round=1 result=true
2026-06-13T16:22:57.235935+00:00 done case C-0401 round=1 result=true
2026-06-13T16:22:57.346820+00:00 done case C-0402 round=1 result=true
2026-06-13T16:22:57.455353+00:00 done case C-0403 round=1 result=true
2026-06-13T16:22:57.560910+00:00 done case C-0404 round=1 result=true
2026-06-13T16:22:57.664260+00:00 done case C-0405 round=1 result=true
2026-06-13T16:22:58.433633+00:00 done case C-0406 round=1 result=true
2026-06-13T16:22:58.537179+00:00 done case C-0407 round=1 result=true
2026-06-13T16:22:58.647048+00:00 done case C-0408 round=1 result=true
2026-06-13T16:22:58.758750+00:00 done case C-0409 round=1 result=true
2026-06-13T16:22:58.866219+00:00 done case C-0410 round=1 result=true
2026-06-13T16:22:58.973705+00:00 done case C-0411 round=1 result=true
2026-06-13T16:22:59.083553+00:00 done case C-0412 round=1 result=true
2026-06-13T16:22:59.197783+00:00 done case C-0413 round=1 result=true
2026-06-13T16:22:59.302526+00:00 done case C-0414 round=1 result=true
2026-06-13T16:22:59.443161+00:00 done case C-0415 round=1 result=true
2026-06-13T16:22:59.551866+00:00 done case C-0416 round=1 result=true
2026-06-13T16:22:59.660820+00:00 done case C-0417 round=1 result=true
2026-06-13T16:22:59.768725+00:00 done case C-0418 round=1 result=true
2026-06-13T16:22:59.892947+00:00 done case C-0419 round=1 result=true
2026-06-13T16:23:00.003700+00:00 done case C-0420 round=1 result=true
2026-06-13T16:23:00.109630+00:00 done case C-0421 round=1 result=true
2026-06-13T16:23:00.211847+00:00 done case C-0422 round=1 result=true
2026-06-13T16:23:00.320945+00:00 done case C-0423 round=1 result=true
2026-06-13T16:23:00.429687+00:00 done case C-0424 round=1 result=true
2026-06-13T16:23:00.543676+00:00 done case C-0425 round=1 result=true
2026-06-13T16:23:00.647107+00:00 done case C-0426 round=1 result=true
2026-06-13T16:23:00.756239+00:00 done case C-0427 round=1 result=true
2026-06-13T16:23:00.860282+00:00 done case C-0428 round=1 result=true
2026-06-13T16:23:00.976393+00:00 done case C-0429 round=1 result=true
2026-06-13T16:23:01.069205+00:00 done case C-0430 round=1 result=true
2026-06-13T16:23:01.185475+00:00 done case C-0431 round=1 result=true
2026-06-13T16:23:02.181801+00:00 done case C-0432 round=1 result=true
2026-06-13T16:23:02.289277+00:00 done case C-0433 round=1 result=true
2026-06-13T16:23:02.389850+00:00 done case C-0434 round=1 result=true
2026-06-13T16:23:02.497494+00:00 done case C-0435 round=1 result=true
2026-06-13T16:23:02.603069+00:00 done case C-0436 round=1 result=true
2026-06-13T16:23:02.718800+00:00 done case C-0437 round=1 result=true
2026-06-13T16:23:02.820151+00:00 done case C-0438 round=1 result=true
2026-06-13T16:23:02.939598+00:00 done case C-0439 round=1 result=true
2026-06-13T16:23:03.043766+00:00 done case C-0440 round=1 result=true
2026-06-13T16:23:04.040643+00:00 done case C-0441 round=1 result=true
2026-06-13T16:23:04.151456+00:00 done case C-0442 round=1 result=true
2026-06-13T16:23:04.262889+00:00 done case C-0443 round=1 result=true
2026-06-13T16:23:04.374331+00:00 done case C-0444 round=1 result=true
2026-06-13T16:23:04.477897+00:00 done case C-0445 round=1 result=true
2026-06-13T16:23:04.596191+00:00 done case C-0446 round=1 result=true
2026-06-13T16:23:04.706831+00:00 done case C-0447 round=1 result=true
2026-06-13T16:23:04.807342+00:00 done case C-0448 round=1 result=true
2026-06-13T16:23:04.919863+00:00 done case C-0449 round=1 result=true
2026-06-13T16:23:05.908108+00:00 done case C-0450 round=1 result=true
2026-06-13T16:23:06.018155+00:00 done case C-0451 round=1 result=true
2026-06-13T16:23:06.118170+00:00 done case C-0452 round=1 result=true
2026-06-13T16:23:06.231740+00:00 done case C-0453 round=1 result=true
2026-06-13T16:23:06.352250+00:00 done case C-0454 round=1 result=true
2026-06-13T16:23:06.473383+00:00 done case C-0455 round=1 result=true
2026-06-13T16:23:06.577333+00:00 done case C-0456 round=1 result=true
2026-06-13T16:23:06.684089+00:00 done case C-0457 round=1 result=true
2026-06-13T16:23:06.785779+00:00 done case C-0458 round=1 result=true
2026-06-13T16:23:07.775209+00:00 done case C-0459 round=1 result=true
2026-06-13T16:23:07.874095+00:00 done case C-0460 round=1 result=true
2026-06-13T16:23:07.977939+00:00 done case C-0461 round=1 result=true
2026-06-13T16:23:08.098176+00:00 done case C-0462 round=1 result=true
2026-06-13T16:23:08.211589+00:00 done case C-0463 round=1 result=true
2026-06-13T16:23:08.329668+00:00 done case C-0464 round=1 result=true
2026-06-13T16:23:08.441182+00:00 done case C-0465 round=1 result=true
2026-06-13T16:23:09.419852+00:00 done case C-0466 round=1 result=true
2026-06-13T16:23:09.530848+00:00 done case C-0467 round=1 result=true
2026-06-13T16:23:10.508696+00:00 done case C-0468 round=1 result=true
2026-06-13T16:23:11.485881+00:00 done case C-0469 round=1 result=true
2026-06-13T16:23:11.597598+00:00 done case C-0470 round=1 result=true
2026-06-13T16:23:12.586256+00:00 done case C-0471 round=1 result=true
2026-06-13T16:23:13.566229+00:00 done case C-0472 round=1 result=true
2026-06-13T16:23:13.664948+00:00 done case C-0473 round=1 result=true
2026-06-13T16:23:14.641521+00:00 done case C-0474 round=1 result=true
2026-06-13T16:23:15.619485+00:00 done case C-0475 round=1 result=true
2026-06-13T16:23:15.730972+00:00 done case C-0476 round=1 result=true
2026-06-13T16:23:16.693044+00:00 done case C-0477 round=1 result=true
2026-06-13T16:23:17.666986+00:00 done case C-0478 round=1 result=true
2026-06-13T16:23:18.227962+00:00 done case C-0479 round=1 result=true
2026-06-13T16:23:18.339078+00:00 done case C-0480 round=1 result=true
2026-06-13T16:23:19.347898+00:00 done case C-0481 round=1 result=true
2026-06-13T16:23:19.456646+00:00 done case C-0482 round=1 result=true
2026-06-13T16:23:19.557750+00:00 done case C-0483 round=1 result=true
2026-06-13T16:23:19.677374+00:00 done case C-0484 round=1 result=true
2026-06-13T16:23:19.790858+00:00 done case C-0485 round=1 result=true
2026-06-13T16:23:19.902918+00:00 done case C-0486 round=1 result=true
2026-06-13T16:23:20.013663+00:00 done case C-0487 round=1 result=true
2026-06-13T16:23:20.120777+00:00 done case C-0488 round=1 result=true
2026-06-13T16:23:20.222459+00:00 done case C-0489 round=1 result=true
2026-06-13T16:23:21.196518+00:00 done case C-0490 round=1 result=true
2026-06-13T16:23:22.189467+00:00 done case C-0491 round=1 result=true
2026-06-13T16:23:22.297346+00:00 done case C-0492 round=1 result=true
2026-06-13T16:23:23.259395+00:00 done case C-0493 round=1 result=true
2026-06-13T16:23:23.361165+00:00 done case C-0494 round=1 result=true
2026-06-13T16:23:24.080865+00:00 done case C-0495 round=1 result=true
2026-06-13T16:23:25.095162+00:00 done case C-0496 round=1 result=true
2026-06-13T16:23:25.205775+00:00 done case C-0497 round=1 result=true
2026-06-13T16:23:25.316666+00:00 done case C-0498 round=1 result=true
2026-06-13T16:23:25.426769+00:00 done case C-0499 round=1 result=true
2026-06-13T16:23:25.549959+00:00 done case C-0500 round=1 result=true
2026-06-13T16:23:25.663070+00:00 done case C-0501 round=1 result=true
2026-06-13T16:23:25.780442+00:00 done case C-0502 round=1 result=true
2026-06-13T16:23:25.891571+00:00 done case C-0503 round=1 result=true
2026-06-13T16:23:25.991171+00:00 done case C-0504 round=1 result=true
2026-06-13T16:23:26.981043+00:00 done case C-0505 round=1 result=true
2026-06-13T16:23:27.097415+00:00 done case C-0506 round=1 result=true
2026-06-13T16:23:27.208253+00:00 done case C-0507 round=1 result=true
2026-06-13T16:23:27.318330+00:00 done case C-0508 round=1 result=true
2026-06-13T16:23:27.419202+00:00 done case C-0509 round=1 result=true
2026-06-13T16:23:27.517435+00:00 done case C-0510 round=1 result=true
2026-06-13T16:23:27.620556+00:00 done case C-0511 round=1 result=true
2026-06-13T16:23:27.739638+00:00 done case C-0512 round=1 result=true
2026-06-13T16:23:27.839786+00:00 done case C-0513 round=1 result=true
2026-06-13T16:23:28.813687+00:00 done case C-0514 round=1 result=true
2026-06-13T16:23:28.912129+00:00 done case C-0515 round=1 result=true
2026-06-13T16:23:29.012907+00:00 done case C-0516 round=1 result=true
2026-06-13T16:23:29.111517+00:00 done case C-0517 round=1 result=true
2026-06-13T16:23:29.221970+00:00 done case C-0518 round=1 result=true
2026-06-13T16:23:29.332652+00:00 done case C-0519 round=1 result=true
2026-06-13T16:23:29.443514+00:00 done case C-0520 round=1 result=true
2026-06-13T16:23:29.543699+00:00 done case C-0521 round=1 result=true
2026-06-13T16:23:29.645347+00:00 done case C-0522 round=1 result=true
2026-06-13T16:23:29.764641+00:00 done case C-0523 round=1 result=true
2026-06-13T16:23:30.752065+00:00 done case C-0524 round=1 result=true
2026-06-13T16:23:30.860238+00:00 done case C-0525 round=1 result=true
2026-06-13T16:23:30.959731+00:00 done case C-0526 round=1 result=true
2026-06-13T16:23:31.060302+00:00 done case C-0527 round=1 result=true
2026-06-13T16:23:31.158977+00:00 done case C-0528 round=1 result=true
2026-06-13T16:23:31.269521+00:00 done case C-0529 round=1 result=true
2026-06-13T16:23:31.380539+00:00 done case C-0530 round=1 result=true
2026-06-13T16:23:31.484349+00:00 done case C-0531 round=1 result=true
2026-06-13T16:23:31.612908+00:00 done case C-0532 round=1 result=true
2026-06-13T16:23:32.566155+00:00 done case C-0533 round=1 result=true
2026-06-13T16:23:32.675343+00:00 done case C-0534 round=1 result=true
2026-06-13T16:23:32.774702+00:00 done case C-0535 round=1 result=true
2026-06-13T16:23:32.889001+00:00 done case C-0536 round=1 result=true
2026-06-13T16:23:33.007245+00:00 done case C-0537 round=1 result=true
2026-06-13T16:23:33.119858+00:00 done case C-0538 round=1 result=true
2026-06-13T16:23:33.254909+00:00 done case C-0539 round=1 result=true
2026-06-13T16:23:33.361674+00:00 done case C-0540 round=1 result=true
2026-06-13T16:23:33.465942+00:00 done case C-0541 round=1 result=true
2026-06-13T16:23:34.436642+00:00 done case C-0542 round=1 result=true
2026-06-13T16:23:34.548390+00:00 done case C-0543 round=1 result=true
2026-06-13T16:23:34.657423+00:00 done case C-0544 round=1 result=true
2026-06-13T16:23:34.772675+00:00 done case C-0545 round=1 result=true
2026-06-13T16:23:34.880445+00:00 done case C-0546 round=1 result=true
2026-06-13T16:23:35.003678+00:00 done case C-0547 round=1 result=true
2026-06-13T16:23:35.122282+00:00 done case C-0548 round=1 result=true
2026-06-13T16:23:35.222058+00:00 done case C-0549 round=1 result=true
2026-06-13T16:23:35.334369+00:00 done case C-0550 round=1 result=true
2026-06-13T16:23:36.109143+00:00 done case C-0551 round=1 result=true
2026-06-13T16:23:36.229779+00:00 done case C-0552 round=1 result=true
2026-06-13T16:23:36.341143+00:00 done case C-0553 round=1 result=true
2026-06-13T16:23:36.442884+00:00 done case C-0554 round=1 result=true
2026-06-13T16:23:36.551912+00:00 done case C-0555 round=1 result=true
2026-06-13T16:23:36.650752+00:00 done case C-0556 round=1 result=true
2026-06-13T16:23:36.763068+00:00 done case C-0557 round=1 result=true
2026-06-13T16:23:36.864988+00:00 done case C-0558 round=1 result=true
2026-06-13T16:23:37.007190+00:00 done case C-0559 round=1 result=true
2026-06-13T16:23:38.026419+00:00 done case C-0560 round=1 result=true
2026-06-13T16:23:38.134632+00:00 done case C-0561 round=1 result=true
2026-06-13T16:23:38.223759+00:00 done case C-0562 round=1 result=true
2026-06-13T16:23:38.319925+00:00 done case C-0563 round=1 result=true
2026-06-13T16:23:38.434024+00:00 done case C-0564 round=1 result=true
2026-06-13T16:23:38.545311+00:00 done case C-0565 round=1 result=true
2026-06-13T16:23:38.641558+00:00 done case C-0566 round=1 result=true
2026-06-13T16:23:38.744267+00:00 done case C-0567 round=1 result=true
2026-06-13T16:23:38.857669+00:00 done case C-0568 round=1 result=true
2026-06-13T16:23:39.827299+00:00 done case C-0569 round=1 result=true
2026-06-13T16:23:39.928909+00:00 done case C-0570 round=1 result=true
2026-06-13T16:23:40.027019+00:00 done case C-0571 round=1 result=true
2026-06-13T16:23:40.139462+00:00 done case C-0572 round=1 result=true
2026-06-13T16:23:40.251438+00:00 done case C-0573 round=1 result=true
2026-06-13T16:23:40.344834+00:00 done case C-0574 round=1 result=true
2026-06-13T16:23:40.450219+00:00 done case C-0575 round=1 result=true
2026-06-13T16:23:40.550665+00:00 done case C-0576 round=1 result=true
2026-06-13T16:23:40.643995+00:00 done case C-0577 round=1 result=true
2026-06-13T16:23:40.749203+00:00 done case C-0578 round=1 result=true
2026-06-13T16:23:41.718152+00:00 done function A1 round=2 result=true
2026-06-13T16:23:41.808050+00:00 done function A2 round=2 result=true
2026-06-13T16:23:41.905934+00:00 done function A3 round=2 result=true
2026-06-13T16:23:42.002624+00:00 done function A4 round=2 result=true
2026-06-13T16:23:42.118470+00:00 done function A5 round=2 result=true
2026-06-13T16:23:42.223156+00:00 done function A6 round=2 result=true
2026-06-13T16:23:42.317374+00:00 done function A7 round=2 result=true
2026-06-13T16:23:42.428793+00:00 done function A8 round=2 result=true
2026-06-13T16:23:42.539373+00:00 done function A9 round=2 result=true
2026-06-13T16:23:43.494216+00:00 done function T1 round=2 result=true
2026-06-13T16:23:43.604104+00:00 done function T2 round=2 result=true
2026-06-13T16:23:43.713318+00:00 done function T3 round=2 result=true
2026-06-13T16:23:43.824814+00:00 done function T4 round=2 result=true
2026-06-13T16:23:43.924220+00:00 done function T5 round=2 result=true
2026-06-13T16:23:44.026333+00:00 done function T6 round=2 result=true
2026-06-13T16:23:44.135876+00:00 done function T7 round=2 result=true
2026-06-13T16:23:44.245863+00:00 done function T8 round=2 result=true
2026-06-13T16:23:44.356738+00:00 done function T9 round=2 result=true
2026-06-13T16:23:44.456908+00:00 done function T10 round=2 result=true
2026-06-13T16:23:45.444073+00:00 done function T11 round=2 result=true
2026-06-13T16:23:45.554734+00:00 done function T12 round=2 result=true
2026-06-13T16:23:45.658003+00:00 done function T13 round=2 result=true
2026-06-13T16:23:45.758661+00:00 done function T14 round=2 result=true
2026-06-13T16:23:45.864235+00:00 done function T15 round=2 result=true
2026-06-13T16:23:45.963239+00:00 done function T16 round=2 result=true
2026-06-13T16:23:46.928240+00:00 done function T17 round=2 result=true
2026-06-13T16:23:47.039503+00:00 done function T18 round=2 result=true
2026-06-13T16:23:47.814450+00:00 done function T19 round=2 result=true
2026-06-13T16:23:47.958659+00:00 done function T20 round=2 result=true
2026-06-13T16:23:48.069634+00:00 done function T21 round=2 result=true
2026-06-13T16:23:48.174310+00:00 done function T22 round=2 result=true
2026-06-13T16:23:48.269166+00:00 done function T23 round=2 result=true
2026-06-13T16:23:48.379519+00:00 done function T24 round=2 result=true
2026-06-13T16:23:48.481001+00:00 done function T25 round=2 result=true
2026-06-13T16:23:48.579583+00:00 done function T26 round=2 result=true
2026-06-13T16:23:48.689970+00:00 done function T27 round=2 result=true
2026-06-13T16:23:48.801403+00:00 done function T28 round=2 result=true
2026-06-13T16:23:48.906844+00:00 done function T29 round=2 result=true
2026-06-13T16:23:49.012104+00:00 done function T30 round=2 result=true
2026-06-13T16:23:49.111273+00:00 done function T31 round=2 result=true
2026-06-13T16:23:49.233037+00:00 done function T32 round=2 result=true
2026-06-13T16:23:49.344106+00:00 done function T33 round=2 result=true
2026-06-13T16:23:49.455145+00:00 done function T34 round=2 result=true
2026-06-13T16:23:49.566545+00:00 done function T35 round=2 result=true
2026-06-13T16:23:49.665981+00:00 done function T36 round=2 result=true
2026-06-13T16:23:49.765163+00:00 done function T37 round=2 result=true
2026-06-13T16:23:49.865324+00:00 done function T38 round=2 result=true
2026-06-13T16:23:49.965503+00:00 done function T39 round=2 result=true
2026-06-13T16:23:50.064408+00:00 done function D1 round=2 result=true
2026-06-13T16:23:50.176064+00:00 done function D2 round=2 result=true
2026-06-13T16:23:50.287114+00:00 done function D3 round=2 result=true
2026-06-13T16:23:50.398592+00:00 done function D4 round=2 result=true
2026-06-13T16:23:50.508346+00:00 done function D5 round=2 result=true
2026-06-13T16:23:50.607976+00:00 done function D6 round=2 result=true
2026-06-13T16:23:50.720093+00:00 done function D7 round=2 result=true
2026-06-13T16:23:50.829148+00:00 done function D8 round=2 result=true
2026-06-13T16:23:50.929669+00:00 done function D9 round=2 result=true
2026-06-13T16:23:51.029308+00:00 done function D10 round=2 result=true
2026-06-13T16:23:51.128916+00:00 done function D11 round=2 result=true
2026-06-13T16:23:51.228468+00:00 done function D12 round=2 result=true
2026-06-13T16:23:51.338991+00:00 done function D13 round=2 result=true
2026-06-13T16:23:51.461719+00:00 done function D14 round=2 result=true
2026-06-13T16:23:51.571882+00:00 done function D15 round=2 result=true
2026-06-13T16:23:51.682672+00:00 done function D16 round=2 result=true
2026-06-13T16:23:51.793444+00:00 done function D17 round=2 result=true
2026-06-13T16:23:51.893933+00:00 done function D18 round=2 result=true
2026-06-13T16:23:51.993888+00:00 done function D19 round=2 result=true
2026-06-13T16:23:52.104459+00:00 done function D20 round=2 result=true
2026-06-13T16:23:52.205878+00:00 done function D21 round=2 result=true
2026-06-13T16:23:52.315850+00:00 done function D22 round=2 result=true
2026-06-13T16:23:52.420414+00:00 done function D23 round=2 result=true
2026-06-13T16:23:52.525291+00:00 done function D24 round=2 result=true
2026-06-13T16:23:52.636733+00:00 done function D25 round=2 result=true
2026-06-13T16:23:52.747356+00:00 done function D26 round=2 result=true
2026-06-13T16:23:52.846851+00:00 done function D27 round=2 result=true
2026-06-13T16:23:52.961166+00:00 done function D28 round=2 result=true
2026-06-13T16:23:53.074548+00:00 done function D29 round=2 result=true
2026-06-13T16:23:53.180042+00:00 done function D30 round=2 result=true
2026-06-13T16:23:53.290851+00:00 done function D31 round=2 result=true
2026-06-13T16:23:53.403864+00:00 done function D32 round=2 result=true
2026-06-13T16:23:53.513631+00:00 done function D33 round=2 result=true
2026-06-13T16:23:53.613981+00:00 done function D34 round=2 result=true
2026-06-13T16:23:53.724843+00:00 done function D35 round=2 result=true
2026-06-13T16:23:53.835062+00:00 done function D36 round=2 result=true
2026-06-13T16:23:53.945953+00:00 done function D37 round=2 result=true
2026-06-13T16:23:54.056125+00:00 done function D38 round=2 result=true
2026-06-13T16:23:54.155591+00:00 done function D39 round=2 result=true
2026-06-13T16:23:54.268787+00:00 done function D40 round=2 result=true
2026-06-13T16:23:54.379758+00:00 done function D41 round=2 result=true
2026-06-13T16:23:54.476808+00:00 done function D42 round=2 result=true
2026-06-13T16:23:54.589467+00:00 done function D43 round=2 result=true
2026-06-13T16:23:54.689939+00:00 done function D44 round=2 result=true
2026-06-13T16:23:54.798852+00:00 done function D45 round=2 result=true
2026-06-13T16:23:54.910034+00:00 done function D46 round=2 result=true
2026-06-13T16:23:55.021810+00:00 done function D47 round=2 result=true
2026-06-13T16:23:55.134569+00:00 done function D48 round=2 result=true
2026-06-13T16:23:55.242326+00:00 done function D49 round=2 result=true
2026-06-13T16:23:55.343759+00:00 done function D50 round=2 result=true
2026-06-13T16:23:55.447506+00:00 done function D51 round=2 result=true
2026-06-13T16:23:55.556064+00:00 done function D52 round=2 result=true
2026-06-13T16:23:55.664596+00:00 done function D53 round=2 result=true
2026-06-13T16:23:55.776219+00:00 done function D54 round=2 result=true
2026-06-13T16:23:55.888010+00:00 done function D55 round=2 result=true
2026-06-13T16:23:55.991723+00:00 done function D56 round=2 result=true
2026-06-13T16:23:56.108094+00:00 done function D57 round=2 result=true
2026-06-13T16:23:56.219021+00:00 done function D58 round=2 result=true
2026-06-13T16:23:56.322456+00:00 done function D59 round=2 result=true
2026-06-13T16:23:56.428744+00:00 done function D60 round=2 result=true
2026-06-13T16:23:56.540576+00:00 done function D61 round=2 result=true
2026-06-13T16:23:56.652667+00:00 done function D62 round=2 result=true
2026-06-13T16:23:56.771008+00:00 done function D63 round=2 result=true
2026-06-13T16:23:56.885156+00:00 done function D64 round=2 result=true
2026-06-13T16:23:56.985363+00:00 done function D65 round=2 result=true
2026-06-13T16:23:57.084064+00:00 done function D66 round=2 result=true
2026-06-13T16:23:57.193854+00:00 done function D67 round=2 result=true
2026-06-13T16:23:57.294938+00:00 done function D72 round=2 result=true
2026-06-13T16:23:57.407581+00:00 done function D73 round=2 result=true
2026-06-13T16:23:57.516587+00:00 done function D74 round=2 result=true
2026-06-13T16:23:57.630032+00:00 done function D75 round=2 result=true
2026-06-13T16:23:57.727174+00:00 done function D76 round=2 result=true
2026-06-13T16:23:57.838126+00:00 done function D77 round=2 result=true
2026-06-13T16:23:57.949971+00:00 done function D84 round=2 result=true
2026-06-13T16:23:58.061654+00:00 done function D85 round=2 result=true
2026-06-13T16:23:58.160678+00:00 done function D86 round=2 result=true
2026-06-13T16:23:58.270601+00:00 done function D87 round=2 result=true
2026-06-13T16:23:58.384563+00:00 done function D88 round=2 result=true
2026-06-13T16:23:58.492031+00:00 done function D89 round=2 result=true
2026-06-13T16:23:58.603481+00:00 done function D90 round=2 result=true
2026-06-13T16:23:58.703787+00:00 done function D91 round=2 result=true
2026-06-13T16:23:58.808036+00:00 done function D92 round=2 result=true
2026-06-13T16:23:58.903715+00:00 done function D93 round=2 result=true
2026-06-13T16:23:59.014145+00:00 done function D94 round=2 result=true
2026-06-13T16:23:59.115092+00:00 done function D95 round=2 result=true
2026-06-13T16:23:59.226825+00:00 done function D96 round=2 result=true
2026-06-13T16:23:59.335624+00:00 done function D97 round=2 result=true
2026-06-13T16:23:59.449920+00:00 done function D98 round=2 result=true
2026-06-13T16:23:59.568222+00:00 done function D99 round=2 result=true
2026-06-13T16:23:59.682725+00:00 done function D100 round=2 result=true
2026-06-13T16:23:59.791918+00:00 done function D101 round=2 result=true
2026-06-13T16:23:59.898279+00:00 done function D102 round=2 result=true
2026-06-13T16:24:00.001859+00:00 done function D103 round=2 result=true
2026-06-13T16:24:00.113633+00:00 done function D104 round=2 result=true
2026-06-13T16:24:00.223040+00:00 done function D105 round=2 result=true
2026-06-13T16:24:00.335026+00:00 done function D106 round=2 result=true
2026-06-13T16:24:00.448211+00:00 done function D107 round=2 result=true
2026-06-13T16:24:00.546053+00:00 done function D108 round=2 result=true
2026-06-13T16:24:00.656386+00:00 done function D109 round=2 result=true
2026-06-13T16:24:00.754988+00:00 done function D110 round=2 result=true
2026-06-13T16:24:00.854729+00:00 done function D111 round=2 result=true
2026-06-13T16:24:00.966487+00:00 done function D112 round=2 result=true
2026-06-13T16:24:01.075535+00:00 done function D113 round=2 result=true
2026-06-13T16:24:01.177780+00:00 done function D114 round=2 result=true
2026-06-13T16:24:01.287937+00:00 done function D115 round=2 result=true
2026-06-13T16:24:01.399431+00:00 done function D116 round=2 result=true
2026-06-13T16:24:01.497946+00:00 done function D117 round=2 result=true
2026-06-13T16:24:01.607873+00:00 done function D118 round=2 result=true
2026-06-13T16:24:01.720844+00:00 done function D119 round=2 result=true
2026-06-13T16:24:01.833925+00:00 done function D120 round=2 result=true
2026-06-13T16:24:01.943173+00:00 done function D121 round=2 result=true
2026-06-13T16:24:02.042483+00:00 done function D122 round=2 result=true
2026-06-13T16:24:02.152565+00:00 done function D123 round=2 result=true
2026-06-13T16:24:02.252155+00:00 done function D124 round=2 result=true
2026-06-13T16:24:02.363381+00:00 done function D125 round=2 result=true
2026-06-13T16:24:02.473576+00:00 done function D126 round=2 result=true
2026-06-13T16:24:02.575789+00:00 done function D127 round=2 result=true
2026-06-13T16:24:02.684968+00:00 done function D128 round=2 result=true
2026-06-13T16:24:02.795259+00:00 done function D129 round=2 result=true
2026-06-13T16:24:02.906214+00:00 done function D130 round=2 result=true
2026-06-13T16:24:02.999825+00:00 done function D131 round=2 result=true
2026-06-13T16:24:03.105945+00:00 done function D132 round=2 result=true
2026-06-13T16:24:03.218569+00:00 done function D133 round=2 result=true
2026-06-13T16:24:03.327942+00:00 done function D134 round=2 result=true
2026-06-13T16:24:03.439307+00:00 done function D135 round=2 result=true
2026-06-13T16:24:03.541861+00:00 done function D136 round=2 result=true
2026-06-13T16:24:03.644251+00:00 done function D137 round=2 result=true
2026-06-13T16:24:03.750615+00:00 done function D138 round=2 result=true
2026-06-13T16:24:03.861408+00:00 done function D139 round=2 result=true
2026-06-13T16:24:03.971432+00:00 done function D140 round=2 result=true
2026-06-13T16:24:04.083989+00:00 done function D141 round=2 result=true
2026-06-13T16:24:04.193030+00:00 done function D142 round=2 result=true
2026-06-13T16:24:04.306035+00:00 done function D143 round=2 result=true
2026-06-13T16:24:04.408714+00:00 done function D144 round=2 result=true
2026-06-13T16:24:04.517002+00:00 done function D145 round=2 result=true
2026-06-13T16:24:04.617382+00:00 done function D146 round=2 result=true
2026-06-13T16:24:04.726271+00:00 done function D147 round=2 result=true
2026-06-13T16:24:04.826030+00:00 done function D148 round=2 result=true
2026-06-13T16:24:04.937113+00:00 done function D149 round=2 result=true
2026-06-13T16:24:05.037063+00:00 done function D150 round=2 result=true
2026-06-13T16:24:05.149960+00:00 done function D151 round=2 result=true
2026-06-13T16:24:05.248540+00:00 done function D152 round=2 result=true
2026-06-13T16:24:05.357862+00:00 done function D153 round=2 result=true
2026-06-13T16:24:05.459699+00:00 done function D154 round=2 result=true
2026-06-13T16:24:05.569567+00:00 done function D155 round=2 result=true
2026-06-13T16:24:05.680745+00:00 done function D156 round=2 result=true
2026-06-13T16:24:05.793044+00:00 done function D157 round=2 result=true
2026-06-13T16:24:05.913377+00:00 done function D158 round=2 result=true
2026-06-13T16:24:06.013491+00:00 done function D159 round=2 result=true
2026-06-13T16:24:06.115134+00:00 done function D160 round=2 result=true
2026-06-13T16:24:06.223510+00:00 done function D161 round=2 result=true
2026-06-13T16:24:06.323213+00:00 done function D162 round=2 result=true
2026-06-13T16:24:06.428824+00:00 done function D163 round=2 result=true
2026-06-13T16:24:06.534247+00:00 done function D164 round=2 result=true
2026-06-13T16:24:06.633873+00:00 done function D165 round=2 result=true
2026-06-13T16:24:06.734768+00:00 done function D166 round=2 result=true
2026-06-13T16:24:06.844372+00:00 done function D167 round=2 result=true
2026-06-13T16:24:06.947033+00:00 done function D168 round=2 result=true
2026-06-13T16:24:07.044011+00:00 done function D169 round=2 result=true
2026-06-13T16:24:07.145041+00:00 done function D170 round=2 result=true
2026-06-13T16:24:07.255192+00:00 done function D171 round=2 result=true
2026-06-13T16:24:07.356349+00:00 done function D172 round=2 result=true
2026-06-13T16:24:07.466094+00:00 done function D173 round=2 result=true
2026-06-13T16:24:07.566739+00:00 done function D174 round=2 result=true
2026-06-13T16:24:07.666157+00:00 done function D175 round=2 result=true
2026-06-13T16:24:07.765529+00:00 done function D176 round=2 result=true
2026-06-13T16:24:07.865966+00:00 done function D177 round=2 result=true
2026-06-13T16:24:07.976784+00:00 done function D178 round=2 result=true
2026-06-13T16:24:08.076984+00:00 done function D179 round=2 result=true
2026-06-13T16:24:08.187388+00:00 done function D180 round=2 result=true
2026-06-13T16:24:08.287390+00:00 done function D181 round=2 result=true
2026-06-13T16:24:09.274700+00:00 done function D182 round=2 result=true
2026-06-13T16:24:09.364194+00:00 done function D183 round=2 result=true
2026-06-13T16:24:09.464145+00:00 done function D184 round=2 result=true
2026-06-13T16:24:09.559234+00:00 done function D185 round=2 result=true
2026-06-13T16:24:09.657650+00:00 done function D186 round=2 result=true
2026-06-13T16:24:09.770415+00:00 done function D187 round=2 result=true
2026-06-13T16:24:09.874930+00:00 done function D188 round=2 result=true
2026-06-13T16:24:09.963268+00:00 done function D189 round=2 result=true
2026-06-13T16:24:10.063108+00:00 done function D190 round=2 result=true
2026-06-13T16:24:10.165528+00:00 done function D191 round=2 result=true
2026-06-13T16:24:11.151157+00:00 done function D192 round=2 result=true
2026-06-13T16:24:11.261541+00:00 done function D193 round=2 result=true
2026-06-13T16:24:11.372720+00:00 done function D194 round=2 result=true
2026-06-13T16:24:11.482921+00:00 done function D195 round=2 result=true
2026-06-13T16:24:11.571544+00:00 done function D196 round=2 result=true
2026-06-13T16:24:11.681943+00:00 done function D197 round=2 result=true
2026-06-13T16:24:11.792789+00:00 done function D198 round=2 result=true
2026-06-13T16:24:11.893144+00:00 done function D199 round=2 result=true
2026-06-13T16:24:12.005725+00:00 done function D200 round=2 result=true
2026-06-13T16:24:12.981216+00:00 done function D201 round=2 result=true
2026-06-13T16:24:13.080330+00:00 done function D202 round=2 result=true
2026-06-13T16:24:13.181893+00:00 done function D203 round=2 result=true
2026-06-13T16:24:13.281633+00:00 done function D204 round=2 result=true
2026-06-13T16:24:13.395111+00:00 done function D205 round=2 result=true
2026-06-13T16:24:13.505707+00:00 done function D206 round=2 result=true
2026-06-13T16:24:13.614101+00:00 done function D207 round=2 result=true
2026-06-13T16:24:13.706157+00:00 done function D208 round=2 result=true
2026-06-13T16:24:13.800905+00:00 done function D209 round=2 result=true
2026-06-13T16:24:14.771151+00:00 done function D210 round=2 result=true
2026-06-13T16:24:14.878651+00:00 done function D211 round=2 result=true
2026-06-13T16:24:14.978545+00:00 done function D212 round=2 result=true
2026-06-13T16:24:15.077903+00:00 done function D213 round=2 result=true
2026-06-13T16:24:15.189665+00:00 done function D214 round=2 result=true
2026-06-13T16:24:16.154702+00:00 done function D215 round=2 result=true
2026-06-13T16:24:16.255763+00:00 done function D216 round=2 result=true
2026-06-13T16:24:17.241632+00:00 done function D217 round=2 result=true
2026-06-13T16:24:17.341189+00:00 done function D218 round=2 result=true
2026-06-13T16:24:18.338297+00:00 done function D219 round=2 result=true
2026-06-13T16:24:19.316960+00:00 done function D220 round=2 result=true
2026-06-13T16:24:19.420814+00:00 done function D221 round=2 result=true
2026-06-13T16:24:20.405936+00:00 done function D222 round=2 result=true
2026-06-13T16:24:21.360379+00:00 done function D223 round=2 result=true
2026-06-13T16:24:21.462343+00:00 done function D224 round=2 result=true
2026-06-13T16:24:22.448521+00:00 done function D225 round=2 result=true
2026-06-13T16:24:23.401571+00:00 done function D226 round=2 result=true
2026-06-13T16:24:23.514550+00:00 done function D227 round=2 result=true
2026-06-13T16:24:24.490584+00:00 done function D228 round=2 result=true
2026-06-13T16:24:25.045449+00:00 done function D229 round=2 result=true
2026-06-13T16:24:26.047057+00:00 done function D230 round=2 result=true
2026-06-13T16:24:26.154048+00:00 done function D231 round=2 result=true
2026-06-13T16:24:27.122735+00:00 done function D232 round=2 result=true
2026-06-13T16:24:27.230671+00:00 done function D233 round=2 result=true
2026-06-13T16:24:28.209346+00:00 done function D234 round=2 result=true
2026-06-13T16:24:28.319336+00:00 done function D235 round=2 result=true
2026-06-13T16:24:29.296556+00:00 done function D236 round=2 result=true
2026-06-13T16:24:29.395581+00:00 done function D237 round=2 result=true
2026-06-13T16:24:30.106650+00:00 done function D238 round=2 result=true
2026-06-13T16:24:31.118622+00:00 done function D239 round=2 result=true
2026-06-13T16:24:31.235149+00:00 done function D240 round=2 result=true
2026-06-13T16:24:31.353688+00:00 done function D241 round=2 result=true
2026-06-13T16:24:31.462489+00:00 done function D242 round=2 result=true
2026-06-13T16:24:31.572602+00:00 done function D243 round=2 result=true
2026-06-13T16:24:31.690692+00:00 done function D244 round=2 result=true
2026-06-13T16:24:31.798045+00:00 done function D245 round=2 result=true
2026-06-13T16:24:31.910781+00:00 done function D246 round=2 result=true
2026-06-13T16:24:32.033560+00:00 done function D247 round=2 result=true
2026-06-13T16:24:32.986713+00:00 done function D248 round=2 result=true
2026-06-13T16:24:33.095598+00:00 done function D249 round=2 result=true
2026-06-13T16:24:33.196026+00:00 done function D250 round=2 result=true
2026-06-13T16:24:33.297388+00:00 done function D251 round=2 result=true
2026-06-13T16:24:33.403685+00:00 done function D252 round=2 result=true
2026-06-13T16:24:33.500975+00:00 done function D253 round=2 result=true
2026-06-13T16:24:33.614843+00:00 done function D254 round=2 result=true
2026-06-13T16:24:33.718752+00:00 done function D255 round=2 result=true
2026-06-13T16:24:33.825001+00:00 done function D256 round=2 result=true
2026-06-13T16:24:33.932370+00:00 done function D257 round=2 result=true
2026-06-13T16:24:34.904427+00:00 done function D258 round=2 result=true
2026-06-13T16:24:35.018912+00:00 done function D259 round=2 result=true
2026-06-13T16:24:35.124947+00:00 done function D260 round=2 result=true
2026-06-13T16:24:35.239234+00:00 done function D261 round=2 result=true
2026-06-13T16:24:35.347619+00:00 done function D262 round=2 result=true
2026-06-13T16:24:35.448084+00:00 done function D263 round=2 result=true
2026-06-13T16:24:35.545944+00:00 done function D264 round=2 result=true
2026-06-13T16:24:35.650701+00:00 done function D265 round=2 result=true
2026-06-13T16:24:35.758899+00:00 done function D266 round=2 result=true
2026-06-13T16:24:36.763724+00:00 done function D267 round=2 result=true
2026-06-13T16:24:36.872903+00:00 done function D268 round=2 result=true
2026-06-13T16:24:36.975560+00:00 done function D269 round=2 result=true
2026-06-13T16:24:37.081159+00:00 done function D270 round=2 result=true
2026-06-13T16:24:37.185605+00:00 done function D271 round=2 result=true
2026-06-13T16:24:37.291009+00:00 done function D272 round=2 result=true
2026-06-13T16:24:37.389884+00:00 done function D273 round=2 result=true
2026-06-13T16:24:38.128838+00:00 done function D274 round=2 result=true
2026-06-13T16:24:38.273375+00:00 done function D275 round=2 result=true
2026-06-13T16:24:38.382926+00:00 done function D276 round=2 result=true
2026-06-13T16:24:38.487529+00:00 done function D277 round=2 result=true
2026-06-13T16:24:38.589085+00:00 done function D278 round=2 result=true
2026-06-13T16:24:38.703390+00:00 done function D279 round=2 result=true
2026-06-13T16:24:38.814851+00:00 done function D280 round=2 result=true
2026-06-13T16:24:38.920288+00:00 done function D281 round=2 result=true
2026-06-13T16:24:39.038006+00:00 done function D282 round=2 result=true
2026-06-13T16:24:39.159538+00:00 done function D283 round=2 result=true
2026-06-13T16:24:39.280808+00:00 done function D284 round=2 result=true
2026-06-13T16:24:39.382302+00:00 done function D285 round=2 result=true
2026-06-13T16:24:39.492198+00:00 done function D286 round=2 result=true
2026-06-13T16:24:39.600309+00:00 done function D287 round=2 result=true
2026-06-13T16:24:39.709314+00:00 done function D288 round=2 result=true
2026-06-13T16:24:39.825118+00:00 done function D289 round=2 result=true
2026-06-13T16:24:39.946528+00:00 done function D290 round=2 result=true
2026-06-13T16:24:40.057963+00:00 done function D291 round=2 result=true
2026-06-13T16:24:40.167332+00:00 done function D292 round=2 result=true
2026-06-13T16:24:40.268143+00:00 done function D293 round=2 result=true
2026-06-13T16:24:40.374905+00:00 done function D294 round=2 result=true
2026-06-13T16:24:40.480376+00:00 done function D295 round=2 result=true
2026-06-13T16:24:41.479930+00:00 done function D296 round=2 result=true
2026-06-13T16:24:41.600616+00:00 done function D297 round=2 result=true
2026-06-13T16:24:41.713132+00:00 done function D298 round=2 result=true
2026-06-13T16:24:41.829644+00:00 done function D299 round=2 result=true
2026-06-13T16:24:41.931660+00:00 done function D300 round=2 result=true
2026-06-13T16:24:42.056932+00:00 done function D301 round=2 result=true
2026-06-13T16:24:42.168213+00:00 done function D302 round=2 result=true
2026-06-13T16:24:42.268245+00:00 done function D303 round=2 result=true
2026-06-13T16:24:42.367437+00:00 done function D304 round=2 result=true
2026-06-13T16:24:43.132873+00:00 done function D305 round=2 result=true
2026-06-13T16:24:43.243712+00:00 done function D306 round=2 result=true
2026-06-13T16:24:43.342320+00:00 done function D307 round=2 result=true
2026-06-13T16:24:43.468396+00:00 done function D308 round=2 result=true
2026-06-13T16:24:43.588476+00:00 done function D309 round=2 result=true
2026-06-13T16:24:43.699191+00:00 done function D310 round=2 result=true
2026-06-13T16:24:43.787857+00:00 done function D311 round=2 result=true
2026-06-13T16:24:43.889099+00:00 done function D312 round=2 result=true
2026-06-13T16:24:43.988309+00:00 done function D313 round=2 result=true
2026-06-13T16:24:44.109602+00:00 done function D314 round=2 result=true
2026-06-13T16:24:44.238986+00:00 done function D315 round=2 result=true
2026-06-13T16:24:44.349109+00:00 done function D316 round=2 result=true
2026-06-13T16:24:44.460673+00:00 done function D317 round=2 result=true
2026-06-13T16:24:44.576051+00:00 done function D318 round=2 result=true
2026-06-13T16:24:44.694610+00:00 done function D319 round=2 result=true
2026-06-13T16:24:44.804880+00:00 done function D320 round=2 result=true
2026-06-13T16:24:44.921580+00:00 done function D321 round=2 result=true
2026-06-13T16:24:45.027776+00:00 done function D322 round=2 result=true
2026-06-13T16:24:45.138422+00:00 done function D323 round=2 result=true
2026-06-13T16:24:45.248913+00:00 done function D324 round=2 result=true
2026-06-13T16:24:45.361305+00:00 done function D325 round=2 result=true
2026-06-13T16:24:45.474464+00:00 done function D326 round=2 result=true
2026-06-13T16:24:45.583149+00:00 done function D327 round=2 result=true
2026-06-13T16:24:45.710120+00:00 done function D328 round=2 result=true
2026-06-13T16:24:45.828539+00:00 done function D329 round=2 result=true
2026-06-13T16:24:45.937285+00:00 done function D330 round=2 result=true
2026-06-13T16:24:46.049478+00:00 done function D331 round=2 result=true
2026-06-13T16:24:46.164517+00:00 done function D332 round=2 result=true
2026-06-13T16:24:46.285152+00:00 done function D333 round=2 result=true
2026-06-13T16:24:46.385839+00:00 done function D334 round=2 result=true
2026-06-13T16:24:46.508536+00:00 done function D335 round=2 result=true
2026-06-13T16:24:47.482410+00:00 done function D336 round=2 result=true
2026-06-13T16:24:47.593647+00:00 done function D337 round=2 result=true
2026-06-13T16:24:47.703586+00:00 done function D338 round=2 result=true
2026-06-13T16:24:47.831043+00:00 done function D339 round=2 result=true
2026-06-13T16:24:47.950486+00:00 done function D340 round=2 result=true
2026-06-13T16:24:48.069037+00:00 done function D341 round=2 result=true
2026-06-13T16:24:48.179871+00:00 done function D342 round=2 result=true
2026-06-13T16:24:48.294678+00:00 done function D343 round=2 result=true
2026-06-13T16:24:48.401909+00:00 done function D344 round=2 result=true
2026-06-13T16:24:49.368741+00:00 done function D345 round=2 result=true
2026-06-13T16:24:49.483238+00:00 done function D346 round=2 result=true
2026-06-13T16:24:49.605080+00:00 done function D347 round=2 result=true
2026-06-13T16:24:49.723922+00:00 done function D348 round=2 result=true
2026-06-13T16:24:49.838508+00:00 done function D349 round=2 result=true
2026-06-13T16:24:49.949173+00:00 done function D350 round=2 result=true
2026-06-13T16:24:50.056466+00:00 done function D351 round=2 result=true
2026-06-13T16:24:50.168266+00:00 done function D352 round=2 result=true
2026-06-13T16:24:50.278528+00:00 done function D353 round=2 result=true
2026-06-13T16:24:51.249086+00:00 done function D354 round=2 result=true
2026-06-13T16:24:51.360538+00:00 done function D355 round=2 result=true
2026-06-13T16:24:51.470516+00:00 done function D356 round=2 result=true
2026-06-13T16:24:51.578208+00:00 done function D357 round=2 result=true
2026-06-13T16:24:51.695028+00:00 done function D358 round=2 result=true
2026-06-13T16:24:51.815864+00:00 done function D359 round=2 result=true
2026-06-13T16:24:51.925956+00:00 done function D360 round=2 result=true
2026-06-13T16:24:52.037457+00:00 done function D361 round=2 result=true
2026-06-13T16:24:52.815836+00:00 done function D362 round=2 result=true
2026-06-13T16:24:52.925554+00:00 done function D363 round=2 result=true
2026-06-13T16:24:53.033587+00:00 done function D364 round=2 result=true
2026-06-13T16:24:53.147741+00:00 done function D365 round=2 result=true
2026-06-13T16:24:53.247783+00:00 done function D366 round=2 result=true
2026-06-13T16:24:53.347117+00:00 done function D367 round=2 result=true
2026-06-13T16:24:53.460756+00:00 done function D368 round=2 result=true
2026-06-13T16:24:53.585485+00:00 done function D369 round=2 result=true
2026-06-13T16:24:53.704995+00:00 done function D370 round=2 result=true
2026-06-13T16:24:54.712049+00:00 done function D371 round=2 result=true
2026-06-13T16:24:54.823911+00:00 done function D372 round=2 result=true
2026-06-13T16:24:54.937937+00:00 done function D373 round=2 result=true
2026-06-13T16:24:55.057500+00:00 done function D374 round=2 result=true
2026-06-13T16:24:55.174161+00:00 done function D375 round=2 result=true
2026-06-13T16:24:55.312718+00:00 done function D376 round=2 result=true
2026-06-13T16:24:55.430459+00:00 done function D377 round=2 result=true
2026-06-13T16:24:55.568740+00:00 done function D378 round=2 result=true
2026-06-13T16:24:56.556856+00:00 done function D379 round=2 result=true
2026-06-13T16:24:56.683177+00:00 done function D380 round=2 result=true
2026-06-13T16:24:56.822982+00:00 done function D381 round=2 result=true
2026-06-13T16:24:56.960115+00:00 done function D382 round=2 result=true
2026-06-13T16:24:57.078739+00:00 done function D383 round=2 result=true
2026-06-13T16:24:57.200651+00:00 done function D384 round=2 result=true
2026-06-13T16:24:57.324343+00:00 done function D385 round=2 result=true
2026-06-13T16:24:57.448048+00:00 done function D386 round=2 result=true
2026-06-13T16:24:58.424326+00:00 done function D387 round=2 result=true
2026-06-13T16:24:58.556317+00:00 done function D388 round=2 result=true
2026-06-13T16:24:58.677209+00:00 done function D389 round=2 result=true
2026-06-13T16:24:58.810619+00:00 done function D390 round=2 result=true
2026-06-13T16:24:58.936305+00:00 done function D391 round=2 result=true
2026-06-13T16:24:59.068651+00:00 done function D392 round=2 result=true
2026-06-13T16:24:59.199886+00:00 done function D393 round=2 result=true
2026-06-13T16:24:59.317997+00:00 done function D394 round=2 result=true
2026-06-13T16:25:00.309722+00:00 done function D395 round=2 result=true
2026-06-13T16:25:00.431879+00:00 done function D396 round=2 result=true
2026-06-13T16:25:00.566747+00:00 done function D397 round=2 result=true
2026-06-13T16:25:00.699324+00:00 done function D398 round=2 result=true
2026-06-13T16:25:00.844205+00:00 done function D399 round=2 result=true
2026-06-13T16:25:00.976385+00:00 done function D400 round=2 result=true
2026-06-13T16:25:01.108461+00:00 done function D401 round=2 result=true
2026-06-13T16:25:01.242727+00:00 done function D402 round=2 result=true
2026-06-13T16:25:02.225432+00:00 done function D403 round=2 result=true
2026-06-13T16:25:02.364794+00:00 done function D404 round=2 result=true
2026-06-13T16:25:02.489055+00:00 done function D405 round=2 result=true
2026-06-13T16:25:02.619820+00:00 done function D406 round=2 result=true
2026-06-13T16:25:02.741288+00:00 done function D407 round=2 result=true
2026-06-13T16:25:02.866935+00:00 done function D408 round=2 result=true
2026-06-13T16:25:03.001642+00:00 done function D409 round=2 result=true
2026-06-13T16:25:03.808027+00:00 done function D410 round=2 result=true
2026-06-13T16:25:03.931001+00:00 done function D411 round=2 result=true
2026-06-13T16:25:04.053727+00:00 done function D412 round=2 result=true
2026-06-13T16:25:04.171085+00:00 done function D413 round=2 result=true
2026-06-13T16:25:04.299913+00:00 done function D414 round=2 result=true
2026-06-13T16:25:04.434232+00:00 done function D415 round=2 result=true
2026-06-13T16:25:04.574077+00:00 done function D416 round=2 result=true
2026-06-13T16:25:04.695784+00:00 done function D417 round=2 result=true
2026-06-13T16:25:04.866266+00:00 done function D418 round=2 result=true
2026-06-13T16:25:05.007424+00:00 done function D419 round=2 result=true
2026-06-13T16:25:05.150614+00:00 done function D420 round=2 result=true
2026-06-13T16:25:05.275304+00:00 done function D421 round=2 result=true
2026-06-13T16:25:05.419206+00:00 done function D422 round=2 result=true
2026-06-13T16:25:05.540209+00:00 done function D423 round=2 result=true
2026-06-13T16:25:05.663094+00:00 done function D424 round=2 result=true
2026-06-13T16:25:05.799800+00:00 done function D463 round=2 result=true
2026-06-13T16:25:05.920626+00:00 done function D464 round=2 result=true
2026-06-13T16:25:06.054871+00:00 done function D465 round=2 result=true
2026-06-13T16:25:06.195102+00:00 done function D466 round=2 result=true
2026-06-13T16:25:06.340098+00:00 done function D467 round=2 result=true
2026-06-13T16:25:06.461141+00:00 done function D468 round=2 result=true
2026-06-13T16:25:06.587221+00:00 done function D469 round=2 result=true
2026-06-13T16:25:06.729353+00:00 done function D470 round=2 result=true
2026-06-13T16:25:06.862639+00:00 done case C-0001 round=2 result=true
2026-06-13T16:25:06.986130+00:00 done case C-0002 round=2 result=true
2026-06-13T16:25:07.105760+00:00 done case C-0003 round=2 result=true
2026-06-13T16:25:07.215982+00:00 done case C-0004 round=2 result=true
2026-06-13T16:25:07.344210+00:00 done case C-0005 round=2 result=true
2026-06-13T16:25:07.475063+00:00 done case C-0006 round=2 result=true
2026-06-13T16:25:07.599630+00:00 done case C-0007 round=2 result=true
2026-06-13T16:25:07.737190+00:00 done case C-0008 round=2 result=true
2026-06-13T16:25:07.863276+00:00 done case C-0009 round=2 result=true
2026-06-13T16:25:07.984982+00:00 done case C-0010 round=2 result=true
2026-06-13T16:25:08.110850+00:00 done case C-0011 round=2 result=true
2026-06-13T16:25:08.238989+00:00 done case C-0012 round=2 result=true
2026-06-13T16:25:08.366183+00:00 done case C-0013 round=2 result=true
2026-06-13T16:25:08.494892+00:00 done case C-0014 round=2 result=true
2026-06-13T16:25:08.621367+00:00 done case C-0015 round=2 result=true
2026-06-13T16:25:08.752900+00:00 done case C-0016 round=2 result=true
2026-06-13T16:25:08.888058+00:00 done case C-0017 round=2 result=true
2026-06-13T16:25:09.021165+00:00 done case C-0018 round=2 result=true
2026-06-13T16:25:09.151326+00:00 done case C-0019 round=2 result=true
2026-06-13T16:25:09.277937+00:00 done case C-0020 round=2 result=true
2026-06-13T16:25:09.413909+00:00 done case C-0021 round=2 result=true
2026-06-13T16:25:09.539108+00:00 done case C-0022 round=2 result=true
2026-06-13T16:25:09.666004+00:00 done case C-0023 round=2 result=true
2026-06-13T16:25:09.794475+00:00 done case C-0024 round=2 result=true
2026-06-13T16:25:09.925855+00:00 done case C-0025 round=2 result=true
2026-06-13T16:25:10.053723+00:00 done case C-0026 round=2 result=true
2026-06-13T16:25:10.189089+00:00 done case C-0027 round=2 result=true
2026-06-13T16:25:10.316668+00:00 done case C-0028 round=2 result=true
2026-06-13T16:25:10.436924+00:00 done case C-0029 round=2 result=true
2026-06-13T16:25:10.564886+00:00 done case C-0030 round=2 result=true
2026-06-13T16:25:10.699525+00:00 done case C-0031 round=2 result=true
2026-06-13T16:25:10.825027+00:00 done case C-0032 round=2 result=true
2026-06-13T16:25:10.955343+00:00 done case C-0033 round=2 result=true
2026-06-13T16:25:11.083516+00:00 done case C-0034 round=2 result=true
2026-06-13T16:25:11.211389+00:00 done case C-0035 round=2 result=true
2026-06-13T16:25:11.343286+00:00 done case C-0036 round=2 result=true
2026-06-13T16:25:11.476271+00:00 done case C-0037 round=2 result=true
2026-06-13T16:25:11.610271+00:00 done case C-0038 round=2 result=true
2026-06-13T16:25:11.748628+00:00 done case C-0039 round=2 result=true
2026-06-13T16:25:11.885818+00:00 done case C-0040 round=2 result=true
2026-06-13T16:25:12.021859+00:00 done case C-0041 round=2 result=true
2026-06-13T16:25:12.151958+00:00 done case C-0042 round=2 result=true
2026-06-13T16:25:12.283225+00:00 done case C-0043 round=2 result=true
2026-06-13T16:25:12.405415+00:00 done case C-0044 round=2 result=true
2026-06-13T16:25:12.524623+00:00 done case C-0045 round=2 result=true
2026-06-13T16:25:12.651619+00:00 done case C-0046 round=2 result=true
2026-06-13T16:25:12.781690+00:00 done case C-0047 round=2 result=true
2026-06-13T16:25:12.903303+00:00 done case C-0048 round=2 result=true
2026-06-13T16:25:13.033098+00:00 done case C-0049 round=2 result=true
2026-06-13T16:25:13.163655+00:00 done case C-0050 round=2 result=true
2026-06-13T16:25:13.297632+00:00 done case C-0051 round=2 result=true
2026-06-13T16:25:13.430574+00:00 done case C-0052 round=2 result=true
2026-06-13T16:25:13.557534+00:00 done case C-0053 round=2 result=true
2026-06-13T16:25:13.680673+00:00 done case C-0054 round=2 result=true
2026-06-13T16:25:13.806664+00:00 done case C-0055 round=2 result=true
2026-06-13T16:25:13.936671+00:00 done case C-0056 round=2 result=true
2026-06-13T16:25:14.981801+00:00 done case C-0057 round=2 result=true
2026-06-13T16:25:15.109361+00:00 done case C-0058 round=2 result=true
2026-06-13T16:25:15.240711+00:00 done case C-0059 round=2 result=true
2026-06-13T16:25:15.379229+00:00 done case C-0060 round=2 result=true
2026-06-13T16:25:15.502752+00:00 done case C-0061 round=2 result=true
2026-06-13T16:25:15.627423+00:00 done case C-0062 round=2 result=true
2026-06-13T16:25:15.757846+00:00 done case C-0063 round=2 result=true
2026-06-13T16:25:16.738522+00:00 done case C-0064 round=2 result=true
2026-06-13T16:25:16.854952+00:00 done case C-0065 round=2 result=true
2026-06-13T16:25:16.972496+00:00 done case C-0066 round=2 result=true
2026-06-13T16:25:17.107018+00:00 done case C-0067 round=2 result=true
2026-06-13T16:25:17.239258+00:00 done case C-0068 round=2 result=true
2026-06-13T16:25:17.366946+00:00 done case C-0069 round=2 result=true
2026-06-13T16:25:17.489707+00:00 done case C-0070 round=2 result=true
2026-06-13T16:25:17.611661+00:00 done case C-0071 round=2 result=true
2026-06-13T16:25:18.612121+00:00 done case C-0072 round=2 result=true
2026-06-13T16:25:18.732446+00:00 done case C-0073 round=2 result=true
2026-06-13T16:25:18.860102+00:00 done case C-0074 round=2 result=true
2026-06-13T16:25:18.995662+00:00 done case C-0075 round=2 result=true
2026-06-13T16:25:19.140919+00:00 done case C-0076 round=2 result=true
2026-06-13T16:25:19.274018+00:00 done case C-0077 round=2 result=true
2026-06-13T16:25:19.399739+00:00 done case C-0078 round=2 result=true
2026-06-13T16:25:19.531962+00:00 done case C-0079 round=2 result=true
2026-06-13T16:25:20.501323+00:00 done case C-0080 round=2 result=true
2026-06-13T16:25:20.625928+00:00 done case C-0081 round=2 result=true
2026-06-13T16:25:20.758180+00:00 done case C-0082 round=2 result=true
2026-06-13T16:25:20.924543+00:00 done case C-0083 round=2 result=true
2026-06-13T16:25:21.059629+00:00 done case C-0084 round=2 result=true
2026-06-13T16:25:21.198908+00:00 done case C-0085 round=2 result=true
2026-06-13T16:25:21.324959+00:00 done case C-0086 round=2 result=true
2026-06-13T16:25:22.054574+00:00 done case C-0087 round=2 result=true
2026-06-13T16:25:22.178208+00:00 done case C-0088 round=2 result=true
2026-06-13T16:25:22.314122+00:00 done case C-0089 round=2 result=true
2026-06-13T16:25:22.441502+00:00 done case C-0090 round=2 result=true
2026-06-13T16:25:22.572775+00:00 done case C-0091 round=2 result=true
2026-06-13T16:25:22.697682+00:00 done case C-0092 round=2 result=true
2026-06-13T16:25:22.819052+00:00 done case C-0093 round=2 result=true
2026-06-13T16:25:22.948197+00:00 done case C-0094 round=2 result=true
2026-06-13T16:25:23.993756+00:00 done case C-0095 round=2 result=true
2026-06-13T16:25:24.121977+00:00 done case C-0096 round=2 result=true
2026-06-13T16:25:24.241778+00:00 done case C-0097 round=2 result=true
2026-06-13T16:25:24.370389+00:00 done case C-0098 round=2 result=true
2026-06-13T16:25:24.503571+00:00 done case C-0099 round=2 result=true
2026-06-13T16:25:24.636423+00:00 done case C-0100 round=2 result=true
2026-06-13T16:25:24.764718+00:00 done case C-0101 round=2 result=true
2026-06-13T16:25:24.890570+00:00 done case C-0102 round=2 result=true
2026-06-13T16:25:25.885367+00:00 done case C-0103 round=2 result=true
2026-06-13T16:25:26.008424+00:00 done case C-0104 round=2 result=true
2026-06-13T16:25:26.142332+00:00 done case C-0105 round=2 result=true
2026-06-13T16:25:26.263564+00:00 done case C-0106 round=2 result=true
2026-06-13T16:25:26.393528+00:00 done case C-0107 round=2 result=true
2026-06-13T16:25:26.530731+00:00 done case C-0108 round=2 result=true
2026-06-13T16:25:26.655661+00:00 done case C-0109 round=2 result=true
2026-06-13T16:25:26.784464+00:00 done case C-0110 round=2 result=true
2026-06-13T16:25:27.785878+00:00 done case C-0111 round=2 result=true
2026-06-13T16:25:27.911123+00:00 done case C-0112 round=2 result=true
2026-06-13T16:25:28.041345+00:00 done case C-0113 round=2 result=true
2026-06-13T16:25:28.194895+00:00 done case C-0114 round=2 result=true
2026-06-13T16:25:28.324965+00:00 done case C-0115 round=2 result=true
2026-06-13T16:25:28.462424+00:00 done case C-0116 round=2 result=true
2026-06-13T16:25:28.593111+00:00 done case C-0117 round=2 result=true
2026-06-13T16:25:29.578435+00:00 done case C-0118 round=2 result=true
2026-06-13T16:25:29.714649+00:00 done case C-0119 round=2 result=true
2026-06-13T16:25:29.840316+00:00 done case C-0120 round=2 result=true
2026-06-13T16:25:29.988723+00:00 done case C-0121 round=2 result=true
2026-06-13T16:25:30.107905+00:00 done case C-0122 round=2 result=true
2026-06-13T16:25:30.240639+00:00 done case C-0123 round=2 result=true
2026-06-13T16:25:30.372333+00:00 done case C-0124 round=2 result=true
2026-06-13T16:25:30.499734+00:00 done case C-0125 round=2 result=true
2026-06-13T16:25:31.505935+00:00 done case C-0126 round=2 result=true
2026-06-13T16:25:31.647187+00:00 done case C-0127 round=2 result=true
2026-06-13T16:25:31.779367+00:00 done case C-0128 round=2 result=true
2026-06-13T16:25:31.912503+00:00 done case C-0129 round=2 result=true
2026-06-13T16:25:32.049196+00:00 done case C-0130 round=2 result=true
2026-06-13T16:25:32.164270+00:00 done case C-0131 round=2 result=true
2026-06-13T16:25:32.289921+00:00 done case C-0132 round=2 result=true
2026-06-13T16:25:33.266110+00:00 done case C-0133 round=2 result=true
2026-06-13T16:25:33.398881+00:00 done case C-0134 round=2 result=true
2026-06-13T16:25:33.521155+00:00 done case C-0135 round=2 result=true
2026-06-13T16:25:33.641001+00:00 done case C-0136 round=2 result=true
2026-06-13T16:25:33.765583+00:00 done case C-0137 round=2 result=true
2026-06-13T16:25:33.887684+00:00 done case C-0138 round=2 result=true
2026-06-13T16:25:34.023258+00:00 done case C-0139 round=2 result=true
2026-06-13T16:25:35.031771+00:00 done case C-0140 round=2 result=true
2026-06-13T16:25:36.013077+00:00 done case C-0141 round=2 result=true
2026-06-13T16:25:36.148328+00:00 done case C-0142 round=2 result=true
2026-06-13T16:25:37.143391+00:00 done case C-0143 round=2 result=true
2026-06-13T16:25:38.147644+00:00 done case C-0144 round=2 result=true
2026-06-13T16:25:38.966661+00:00 done case C-0145 round=2 result=true
2026-06-13T16:25:39.987832+00:00 done case C-0146 round=2 result=true
2026-06-13T16:25:40.126366+00:00 done case C-0147 round=2 result=true
2026-06-13T16:25:41.131011+00:00 done case C-0148 round=2 result=true
2026-06-13T16:25:42.132326+00:00 done case C-0149 round=2 result=true
2026-06-13T16:25:43.131628+00:00 done case C-0150 round=2 result=true
2026-06-13T16:25:44.134526+00:00 done case C-0151 round=2 result=true
2026-06-13T16:25:45.134224+00:00 done case C-0152 round=2 result=true
2026-06-13T16:25:46.153606+00:00 done case C-0153 round=2 result=true
2026-06-13T16:25:47.166587+00:00 done case C-0154 round=2 result=true
2026-06-13T16:25:48.157930+00:00 done case C-0155 round=2 result=true
2026-06-13T16:25:49.145220+00:00 done case C-0156 round=2 result=true
2026-06-13T16:25:50.143863+00:00 done case C-0157 round=2 result=true
2026-06-13T16:25:51.982113+00:00 done case C-0158 round=2 result=true
2026-06-13T16:25:52.956158+00:00 done case C-0159 round=2 result=true
2026-06-13T16:25:53.977819+00:00 done case C-0160 round=2 result=true
2026-06-13T16:25:54.968337+00:00 done case C-0161 round=2 result=true
2026-06-13T16:25:56.621962+00:00 done case C-0162 round=2 result=true
2026-06-13T16:25:56.744988+00:00 done case C-0163 round=2 result=true
2026-06-13T16:25:56.903263+00:00 done case C-0164 round=2 result=true
2026-06-13T16:25:57.073556+00:00 done case C-0165 round=2 result=true
2026-06-13T16:25:58.122676+00:00 done case C-0166 round=2 result=true
2026-06-13T16:25:58.294140+00:00 done case C-0167 round=2 result=true
2026-06-13T16:25:58.467412+00:00 done case C-0168 round=2 result=true
2026-06-13T16:25:58.593936+00:00 done case C-0169 round=2 result=true
2026-06-13T16:25:58.709220+00:00 done case C-0170 round=2 result=true
2026-06-13T16:25:58.834222+00:00 done case C-0171 round=2 result=true
2026-06-13T16:25:58.950529+00:00 done case C-0172 round=2 result=true
2026-06-13T16:25:59.977090+00:00 done case C-0173 round=2 result=true
2026-06-13T16:26:00.105714+00:00 done case C-0174 round=2 result=true
2026-06-13T16:26:00.240232+00:00 done case C-0175 round=2 result=true
2026-06-13T16:26:00.340110+00:00 done case C-0176 round=2 result=true
2026-06-13T16:26:00.455330+00:00 done case C-0177 round=2 result=true
2026-06-13T16:26:00.588828+00:00 done case C-0178 round=2 result=true
2026-06-13T16:26:00.707506+00:00 done case C-0179 round=2 result=true
2026-06-13T16:26:00.829253+00:00 done case C-0180 round=2 result=true
2026-06-13T16:26:01.798301+00:00 done case C-0181 round=2 result=true
2026-06-13T16:26:01.907747+00:00 done case C-0182 round=2 result=true
2026-06-13T16:26:02.007500+00:00 done case C-0183 round=2 result=true
2026-06-13T16:26:02.107143+00:00 done case C-0184 round=2 result=true
2026-06-13T16:26:02.217782+00:00 done case C-0185 round=2 result=true
2026-06-13T16:26:02.317697+00:00 done case C-0186 round=2 result=true
2026-06-13T16:26:02.439532+00:00 done case C-0187 round=2 result=true
2026-06-13T16:26:02.550197+00:00 done case C-0188 round=2 result=true
2026-06-13T16:26:02.661832+00:00 done case C-0189 round=2 result=true
2026-06-13T16:26:03.459617+00:00 done case C-0190 round=2 result=true
2026-06-13T16:26:03.570758+00:00 done case C-0191 round=2 result=true
2026-06-13T16:26:03.710660+00:00 done case C-0192 round=2 result=true
2026-06-13T16:26:03.838001+00:00 done case C-0193 round=2 result=true
2026-06-13T16:26:03.977457+00:00 done case C-0194 round=2 result=true
2026-06-13T16:26:04.103965+00:00 done case C-0195 round=2 result=true
2026-06-13T16:26:04.239573+00:00 done case C-0196 round=2 result=true
2026-06-13T16:26:04.350134+00:00 done case C-0197 round=2 result=true
2026-06-13T16:26:05.370470+00:00 done case C-0198 round=2 result=true
2026-06-13T16:26:05.496030+00:00 done case C-0199 round=2 result=true
2026-06-13T16:26:05.616665+00:00 done case C-0200 round=2 result=true
2026-06-13T16:26:05.735523+00:00 done case C-0201 round=2 result=true
2026-06-13T16:26:05.848914+00:00 done case C-0202 round=2 result=true
2026-06-13T16:26:05.970008+00:00 done case C-0203 round=2 result=true
2026-06-13T16:26:06.091533+00:00 done case C-0204 round=2 result=true
2026-06-13T16:26:06.205999+00:00 done case C-0205 round=2 result=true
2026-06-13T16:26:07.193985+00:00 done case C-0206 round=2 result=true
2026-06-13T16:26:07.305196+00:00 done case C-0207 round=2 result=true
2026-06-13T16:26:07.425826+00:00 done case C-0208 round=2 result=true
2026-06-13T16:26:07.549856+00:00 done case C-0209 round=2 result=true
2026-06-13T16:26:07.677870+00:00 done case C-0210 round=2 result=true
2026-06-13T16:26:07.795512+00:00 done case C-0211 round=2 result=true
2026-06-13T16:26:07.915732+00:00 done case C-0212 round=2 result=true
2026-06-13T16:26:08.037690+00:00 done case C-0213 round=2 result=true
2026-06-13T16:26:09.008463+00:00 done case C-0214 round=2 result=true
2026-06-13T16:26:09.121645+00:00 done case C-0215 round=2 result=true
2026-06-13T16:26:09.249391+00:00 done case C-0216 round=2 result=true
2026-06-13T16:26:09.383420+00:00 done case C-0217 round=2 result=true
2026-06-13T16:26:09.503445+00:00 done case C-0218 round=2 result=true
2026-06-13T16:26:09.630361+00:00 done case C-0219 round=2 result=true
2026-06-13T16:26:09.750745+00:00 done case C-0220 round=2 result=true
2026-06-13T16:26:09.869581+00:00 done case C-0221 round=2 result=true
2026-06-13T16:26:10.858931+00:00 done case C-0222 round=2 result=true
2026-06-13T16:26:10.982750+00:00 done case C-0223 round=2 result=true
2026-06-13T16:26:11.103698+00:00 done case C-0224 round=2 result=true
2026-06-13T16:26:11.221422+00:00 done case C-0225 round=2 result=true
2026-06-13T16:26:11.336272+00:00 done case C-0226 round=2 result=true
2026-06-13T16:26:11.448499+00:00 done case C-0227 round=2 result=true
2026-06-13T16:26:11.570332+00:00 done case C-0228 round=2 result=true
2026-06-13T16:26:11.699590+00:00 done case C-0229 round=2 result=true
2026-06-13T16:26:11.809266+00:00 done case C-0230 round=2 result=true
2026-06-13T16:26:12.783374+00:00 done case C-0231 round=2 result=true
2026-06-13T16:26:12.900516+00:00 done case C-0232 round=2 result=true
2026-06-13T16:26:13.035498+00:00 done case C-0233 round=2 result=true
2026-06-13T16:26:13.142103+00:00 done case C-0234 round=2 result=true
2026-06-13T16:26:13.253895+00:00 done case C-0235 round=2 result=true
2026-06-13T16:26:13.382195+00:00 done case C-0236 round=2 result=true
2026-06-13T16:26:13.505620+00:00 done case C-0237 round=2 result=true
2026-06-13T16:26:13.624422+00:00 done case C-0238 round=2 result=true
2026-06-13T16:26:14.413337+00:00 done case C-0239 round=2 result=true
2026-06-13T16:26:14.534144+00:00 done case C-0240 round=2 result=true
2026-06-13T16:26:14.657267+00:00 done case C-0241 round=2 result=true
2026-06-13T16:26:14.778413+00:00 done case C-0242 round=2 result=true
2026-06-13T16:26:14.900976+00:00 done case C-0243 round=2 result=true
2026-06-13T16:26:15.008448+00:00 done case C-0244 round=2 result=true
2026-06-13T16:26:15.122372+00:00 done case C-0245 round=2 result=true
2026-06-13T16:26:15.230933+00:00 done case C-0246 round=2 result=true
2026-06-13T16:26:16.236484+00:00 done case C-0247 round=2 result=true
2026-06-13T16:26:16.357558+00:00 done case C-0248 round=2 result=true
2026-06-13T16:26:16.485519+00:00 done case C-0249 round=2 result=true
2026-06-13T16:26:16.598047+00:00 done case C-0250 round=2 result=true
2026-06-13T16:26:16.723476+00:00 done case C-0251 round=2 result=true
2026-06-13T16:26:16.833035+00:00 done case C-0252 round=2 result=true
2026-06-13T16:26:16.952374+00:00 done case C-0253 round=2 result=true
2026-06-13T16:26:17.080123+00:00 done case C-0254 round=2 result=true
2026-06-13T16:26:17.186347+00:00 done case C-0255 round=2 result=true
2026-06-13T16:26:18.152489+00:00 done case C-0256 round=2 result=true
2026-06-13T16:26:18.279324+00:00 done case C-0257 round=2 result=true
2026-06-13T16:26:18.391228+00:00 done case C-0258 round=2 result=true
2026-06-13T16:26:18.507095+00:00 done case C-0259 round=2 result=true
2026-06-13T16:26:18.623556+00:00 done case C-0260 round=2 result=true
2026-06-13T16:26:18.730711+00:00 done case C-0261 round=2 result=true
2026-06-13T16:26:18.851773+00:00 done case C-0262 round=2 result=true
2026-06-13T16:26:18.967532+00:00 done case C-0263 round=2 result=true
2026-06-13T16:26:19.948470+00:00 done case C-0264 round=2 result=true
2026-06-13T16:26:20.066929+00:00 done case C-0265 round=2 result=true
2026-06-13T16:26:20.189947+00:00 done case C-0266 round=2 result=true
2026-06-13T16:26:20.330929+00:00 done case C-0267 round=2 result=true
2026-06-13T16:26:20.465453+00:00 done case C-0268 round=2 result=true
2026-06-13T16:26:20.617028+00:00 done case C-0269 round=2 result=true
2026-06-13T16:26:20.750707+00:00 done case C-0270 round=2 result=true
2026-06-13T16:26:20.883901+00:00 done case C-0271 round=2 result=true
2026-06-13T16:26:21.880752+00:00 done case C-0272 round=2 result=true
2026-06-13T16:26:22.021271+00:00 done case C-0273 round=2 result=true
2026-06-13T16:26:22.149777+00:00 done case C-0274 round=2 result=true
2026-06-13T16:26:22.283807+00:00 done case C-0275 round=2 result=true
2026-06-13T16:26:22.424958+00:00 done case C-0276 round=2 result=true
2026-06-13T16:26:22.556993+00:00 done case C-0277 round=2 result=true
2026-06-13T16:26:22.699045+00:00 done case C-0278 round=2 result=true
2026-06-13T16:26:23.682486+00:00 done case C-0279 round=2 result=true
2026-06-13T16:26:23.823567+00:00 done case C-0280 round=2 result=true
2026-06-13T16:26:23.968994+00:00 done case C-0281 round=2 result=true
2026-06-13T16:26:24.117580+00:00 done case C-0282 round=2 result=true
2026-06-13T16:26:24.253676+00:00 done case C-0283 round=2 result=true
2026-06-13T16:26:24.401168+00:00 done case C-0284 round=2 result=true
2026-06-13T16:26:24.537597+00:00 done case C-0285 round=2 result=true
2026-06-13T16:26:25.524261+00:00 done case C-0286 round=2 result=true
2026-06-13T16:26:25.662482+00:00 done case C-0287 round=2 result=true
2026-06-13T16:26:25.805956+00:00 done case C-0288 round=2 result=true
2026-06-13T16:26:25.955170+00:00 done case C-0289 round=2 result=true
2026-06-13T16:26:26.106992+00:00 done case C-0290 round=2 result=true
2026-06-13T16:26:26.251909+00:00 done case C-0291 round=2 result=true
2026-06-13T16:26:26.383480+00:00 done case C-0292 round=2 result=true
2026-06-13T16:26:26.955525+00:00 done case C-0293 round=2 result=true
2026-06-13T16:26:27.095509+00:00 done case C-0294 round=2 result=true
2026-06-13T16:26:27.231507+00:00 done case C-0295 round=2 result=true
2026-06-13T16:26:27.388484+00:00 done case C-0296 round=2 result=true
2026-06-13T16:26:27.541786+00:00 done case C-0297 round=2 result=true
2026-06-13T16:26:27.707332+00:00 done case C-0298 round=2 result=true
2026-06-13T16:26:27.867110+00:00 done case C-0299 round=2 result=true
2026-06-13T16:26:33.003822+00:00 done case C-0300 round=2 result=true
2026-06-13T16:26:34.020292+00:00 done case C-0301 round=2 result=true
2026-06-13T16:26:34.160552+00:00 done case C-0302 round=2 result=true
2026-06-13T16:26:35.176919+00:00 done case C-0303 round=2 result=true
2026-06-13T16:26:36.166858+00:00 done case C-0304 round=2 result=true
2026-06-13T16:26:37.157279+00:00 done case C-0305 round=2 result=true
2026-06-13T16:26:37.294693+00:00 done case C-0306 round=2 result=true
2026-06-13T16:26:38.316062+00:00 done case C-0307 round=2 result=true
2026-06-13T16:26:38.891352+00:00 done case C-0308 round=2 result=true
2026-06-13T16:26:39.915818+00:00 done case C-0309 round=2 result=true
2026-06-13T16:26:40.055021+00:00 done case C-0310 round=2 result=true
2026-06-13T16:26:40.193469+00:00 done case C-0311 round=2 result=true
2026-06-13T16:26:40.336819+00:00 done case C-0312 round=2 result=true
2026-06-13T16:26:40.476631+00:00 done case C-0313 round=2 result=true
2026-06-13T16:26:40.625704+00:00 done case C-0314 round=2 result=true
2026-06-13T16:26:40.755380+00:00 done case C-0315 round=2 result=true
2026-06-13T16:26:40.888514+00:00 done case C-0316 round=2 result=true
2026-06-13T16:26:41.688690+00:00 done case C-0317 round=2 result=true
2026-06-13T16:26:41.822402+00:00 done case C-0318 round=2 result=true
2026-06-13T16:26:41.966824+00:00 done case C-0319 round=2 result=true
2026-06-13T16:26:42.109476+00:00 done case C-0320 round=2 result=true
2026-06-13T16:26:42.244591+00:00 done case C-0321 round=2 result=true
2026-06-13T16:26:42.382153+00:00 done case C-0322 round=2 result=true
2026-06-13T16:26:42.528719+00:00 done case C-0323 round=2 result=true
2026-06-13T16:26:42.698647+00:00 done case C-0324 round=2 result=true
2026-06-13T16:26:42.846009+00:00 done case C-0325 round=2 result=true
2026-06-13T16:26:42.993592+00:00 done case C-0326 round=2 result=true
2026-06-13T16:26:43.138033+00:00 done case C-0327 round=2 result=true
2026-06-13T16:26:43.280451+00:00 done case C-0328 round=2 result=true
2026-06-13T16:26:43.397770+00:00 done case C-0329 round=2 result=true
2026-06-13T16:26:43.508980+00:00 done case C-0330 round=2 result=true
2026-06-13T16:26:43.621144+00:00 done case C-0331 round=2 result=true
2026-06-13T16:26:43.767505+00:00 done case C-0332 round=2 result=true
2026-06-13T16:26:43.901739+00:00 done case C-0333 round=2 result=true
2026-06-13T16:26:44.024203+00:00 done case C-0334 round=2 result=true
2026-06-13T16:26:44.141905+00:00 done case C-0335 round=2 result=true
2026-06-13T16:26:44.260340+00:00 done case C-0336 round=2 result=true
2026-06-13T16:26:44.391097+00:00 done case C-0337 round=2 result=true
2026-06-13T16:26:44.535097+00:00 done case C-0338 round=2 result=true
2026-06-13T16:26:44.675165+00:00 done case C-0339 round=2 result=true
2026-06-13T16:26:44.798896+00:00 done case C-0340 round=2 result=true
2026-06-13T16:26:44.927144+00:00 done case C-0341 round=2 result=true
2026-06-13T16:26:45.060148+00:00 done case C-0342 round=2 result=true
2026-06-13T16:26:45.186799+00:00 done case C-0343 round=2 result=true
2026-06-13T16:26:45.298075+00:00 done case C-0344 round=2 result=true
2026-06-13T16:26:45.441388+00:00 done case C-0345 round=2 result=true
2026-06-13T16:26:45.578373+00:00 done case C-0346 round=2 result=true
2026-06-13T16:26:45.699560+00:00 done case C-0347 round=2 result=true
2026-06-13T16:26:45.826392+00:00 done case C-0348 round=2 result=true
2026-06-13T16:26:45.953321+00:00 done case C-0349 round=2 result=true
2026-06-13T16:26:46.080714+00:00 done case C-0350 round=2 result=true
2026-06-13T16:26:46.196785+00:00 done case C-0351 round=2 result=true
2026-06-13T16:26:46.330595+00:00 done case C-0352 round=2 result=true
2026-06-13T16:26:46.457833+00:00 done case C-0353 round=2 result=true
2026-06-13T16:26:46.574683+00:00 done case C-0354 round=2 result=true
2026-06-13T16:26:46.692875+00:00 done case C-0355 round=2 result=true
2026-06-13T16:26:46.827548+00:00 done case C-0356 round=2 result=true
2026-06-13T16:26:46.970156+00:00 done case C-0357 round=2 result=true
2026-06-13T16:26:47.104431+00:00 done case C-0358 round=2 result=true
2026-06-13T16:26:47.249987+00:00 done case C-0359 round=2 result=true
2026-06-13T16:26:47.374148+00:00 done case C-0360 round=2 result=true
2026-06-13T16:26:47.486503+00:00 done case C-0361 round=2 result=true
2026-06-13T16:26:47.606922+00:00 done case C-0362 round=2 result=true
2026-06-13T16:26:47.731789+00:00 done case C-0363 round=2 result=true
2026-06-13T16:26:47.857463+00:00 done case C-0364 round=2 result=true
2026-06-13T16:26:48.014180+00:00 done case C-0365 round=2 result=true
2026-06-13T16:26:48.132839+00:00 done case C-0366 round=2 result=true
2026-06-13T16:26:48.259442+00:00 done case C-0367 round=2 result=true
2026-06-13T16:26:48.386298+00:00 done case C-0368 round=2 result=true
2026-06-13T16:26:48.497291+00:00 done case C-0369 round=2 result=true
2026-06-13T16:26:48.623543+00:00 done case C-0370 round=2 result=true
2026-06-13T16:26:48.741450+00:00 done case C-0371 round=2 result=true
2026-06-13T16:26:48.863297+00:00 done case C-0372 round=2 result=true
2026-06-13T16:26:48.974274+00:00 done case C-0373 round=2 result=true
2026-06-13T16:26:49.101867+00:00 done case C-0374 round=2 result=true
2026-06-13T16:26:49.224992+00:00 done case C-0375 round=2 result=true
2026-06-13T16:26:49.357824+00:00 done case C-0376 round=2 result=true
2026-06-13T16:26:49.484751+00:00 done case C-0377 round=2 result=true
2026-06-13T16:26:49.603863+00:00 done case C-0378 round=2 result=true
2026-06-13T16:26:49.753461+00:00 done case C-0379 round=2 result=true
2026-06-13T16:26:49.877785+00:00 done case C-0380 round=2 result=true
2026-06-13T16:26:49.995296+00:00 done case C-0381 round=2 result=true
2026-06-13T16:26:50.111829+00:00 done case C-0382 round=2 result=true
2026-06-13T16:26:50.229090+00:00 done case C-0383 round=2 result=true
2026-06-13T16:26:50.345481+00:00 done case C-0384 round=2 result=true
2026-06-13T16:26:50.473482+00:00 done case C-0385 round=2 result=true
2026-06-13T16:26:50.600256+00:00 done case C-0386 round=2 result=true
2026-06-13T16:26:50.718744+00:00 done case C-0387 round=2 result=true
2026-06-13T16:26:50.844588+00:00 done case C-0388 round=2 result=true
2026-06-13T16:26:50.970291+00:00 done case C-0389 round=2 result=true
2026-06-13T16:26:51.095858+00:00 done case C-0390 round=2 result=true
2026-06-13T16:26:51.226921+00:00 done case C-0391 round=2 result=true
2026-06-13T16:26:51.351633+00:00 done case C-0392 round=2 result=true
2026-06-13T16:26:52.339514+00:00 done case C-0393 round=2 result=true
2026-06-13T16:26:52.458372+00:00 done case C-0394 round=2 result=true
2026-06-13T16:26:52.599279+00:00 done case C-0395 round=2 result=true
2026-06-13T16:26:52.722708+00:00 done case C-0396 round=2 result=true
2026-06-13T16:26:52.838935+00:00 done case C-0397 round=2 result=true
2026-06-13T16:26:52.953720+00:00 done case C-0398 round=2 result=true
2026-06-13T16:26:53.100813+00:00 done case C-0399 round=2 result=true
2026-06-13T16:26:53.243752+00:00 done case C-0400 round=2 result=true
2026-06-13T16:26:54.217656+00:00 done case C-0401 round=2 result=true
2026-06-13T16:26:54.338150+00:00 done case C-0402 round=2 result=true
2026-06-13T16:26:54.457894+00:00 done case C-0403 round=2 result=true
2026-06-13T16:26:54.590301+00:00 done case C-0404 round=2 result=true
2026-06-13T16:26:54.731338+00:00 done case C-0405 round=2 result=true
2026-06-13T16:26:54.866502+00:00 done case C-0406 round=2 result=true
2026-06-13T16:26:54.991673+00:00 done case C-0407 round=2 result=true
2026-06-13T16:26:55.123284+00:00 done case C-0408 round=2 result=true
2026-06-13T16:26:56.116518+00:00 done case C-0409 round=2 result=true
2026-06-13T16:26:56.242190+00:00 done case C-0410 round=2 result=true
2026-06-13T16:26:56.368095+00:00 done case C-0411 round=2 result=true
2026-06-13T16:26:56.493125+00:00 done case C-0412 round=2 result=true
2026-06-13T16:26:56.608365+00:00 done case C-0413 round=2 result=true
2026-06-13T16:26:56.727837+00:00 done case C-0414 round=2 result=true
2026-06-13T16:26:56.837396+00:00 done case C-0415 round=2 result=true
2026-06-13T16:26:56.963716+00:00 done case C-0416 round=2 result=true
2026-06-13T16:26:57.961324+00:00 done case C-0417 round=2 result=true
2026-06-13T16:26:58.070080+00:00 done case C-0418 round=2 result=true
2026-06-13T16:26:58.209258+00:00 done case C-0419 round=2 result=true
2026-06-13T16:26:58.325718+00:00 done case C-0420 round=2 result=true
2026-06-13T16:26:58.437377+00:00 done case C-0421 round=2 result=true
2026-06-13T16:26:58.556879+00:00 done case C-0422 round=2 result=true
2026-06-13T16:26:58.694165+00:00 done case C-0423 round=2 result=true
2026-06-13T16:26:58.816023+00:00 done case C-0424 round=2 result=true
2026-06-13T16:26:59.819618+00:00 done case C-0425 round=2 result=true
2026-06-13T16:26:59.942768+00:00 done case C-0426 round=2 result=true
2026-06-13T16:27:00.062599+00:00 done case C-0427 round=2 result=true
2026-06-13T16:27:00.182913+00:00 done case C-0428 round=2 result=true
2026-06-13T16:27:00.319182+00:00 done case C-0429 round=2 result=true
2026-06-13T16:27:00.447722+00:00 done case C-0430 round=2 result=true
2026-06-13T16:27:00.576638+00:00 done case C-0431 round=2 result=true
2026-06-13T16:27:00.709037+00:00 done case C-0432 round=2 result=true
2026-06-13T16:27:01.496447+00:00 done case C-0433 round=2 result=true
2026-06-13T16:27:02.498633+00:00 done case C-0434 round=2 result=true
2026-06-13T16:27:02.634330+00:00 done case C-0435 round=2 result=true
2026-06-13T16:27:03.627486+00:00 done case C-0436 round=2 result=true
2026-06-13T16:27:04.615768+00:00 done case C-0437 round=2 result=true
2026-06-13T16:27:04.723383+00:00 done case C-0438 round=2 result=true
2026-06-13T16:27:05.701931+00:00 done case C-0439 round=2 result=true
2026-06-13T16:27:06.694754+00:00 done case C-0440 round=2 result=true
2026-06-13T16:27:07.690041+00:00 done case C-0441 round=2 result=true
2026-06-13T16:27:07.825750+00:00 done case C-0442 round=2 result=true
2026-06-13T16:27:08.838710+00:00 done case C-0443 round=2 result=true
2026-06-13T16:27:09.832763+00:00 done case C-0444 round=2 result=true
2026-06-13T16:27:10.847505+00:00 done case C-0445 round=2 result=true
2026-06-13T16:27:11.832857+00:00 done case C-0446 round=2 result=true
2026-06-13T16:27:12.848121+00:00 done case C-0447 round=2 result=true
2026-06-13T16:27:13.851057+00:00 done case C-0448 round=2 result=true
2026-06-13T16:27:14.853961+00:00 done case C-0449 round=2 result=true
2026-06-13T16:27:15.852378+00:00 done case C-0450 round=2 result=true
2026-06-13T16:27:16.862307+00:00 done case C-0451 round=2 result=true
2026-06-13T16:27:17.869144+00:00 done case C-0452 round=2 result=true
2026-06-13T16:27:18.868549+00:00 done case C-0453 round=2 result=true
2026-06-13T16:27:19.655988+00:00 done case C-0454 round=2 result=true
2026-06-13T16:27:20.667837+00:00 done case C-0455 round=2 result=true
2026-06-13T16:27:21.647851+00:00 done case C-0456 round=2 result=true
2026-06-13T16:27:21.779298+00:00 done case C-0457 round=2 result=true
2026-06-13T16:27:22.778667+00:00 done case C-0458 round=2 result=true
2026-06-13T16:27:23.754606+00:00 done case C-0459 round=2 result=true
2026-06-13T16:27:23.887920+00:00 done case C-0460 round=2 result=true
2026-06-13T16:27:24.891112+00:00 done case C-0461 round=2 result=true
2026-06-13T16:27:25.686450+00:00 done case C-0462 round=2 result=true
2026-06-13T16:27:26.706820+00:00 done case C-0463 round=2 result=true
2026-06-13T16:27:26.842094+00:00 done case C-0464 round=2 result=true
2026-06-13T16:27:26.987393+00:00 done case C-0465 round=2 result=true
2026-06-13T16:27:27.119738+00:00 done case C-0466 round=2 result=true
2026-06-13T16:27:27.248340+00:00 done case C-0467 round=2 result=true
2026-06-13T16:27:27.386784+00:00 done case C-0468 round=2 result=true
2026-06-13T16:27:27.517771+00:00 done case C-0469 round=2 result=true
2026-06-13T16:27:27.647815+00:00 done case C-0470 round=2 result=true
2026-06-13T16:27:28.665950+00:00 done case C-0471 round=2 result=true
2026-06-13T16:27:28.809555+00:00 done case C-0472 round=2 result=true
2026-06-13T16:27:28.937913+00:00 done case C-0473 round=2 result=true
2026-06-13T16:27:29.070635+00:00 done case C-0474 round=2 result=true
2026-06-13T16:27:29.202207+00:00 done case C-0475 round=2 result=true
2026-06-13T16:27:29.329659+00:00 done case C-0476 round=2 result=true
2026-06-13T16:27:29.459731+00:00 done case C-0477 round=2 result=true
2026-06-13T16:27:30.467331+00:00 done case C-0478 round=2 result=true
2026-06-13T16:27:30.605176+00:00 done case C-0479 round=2 result=true
2026-06-13T16:27:30.744800+00:00 done case C-0480 round=2 result=true
2026-06-13T16:27:30.882011+00:00 done case C-0481 round=2 result=true
2026-06-13T16:27:31.016302+00:00 done case C-0482 round=2 result=true
2026-06-13T16:27:31.146437+00:00 done case C-0483 round=2 result=true
2026-06-13T16:27:31.285875+00:00 done case C-0484 round=2 result=true
2026-06-13T16:27:32.302285+00:00 done case C-0485 round=2 result=true
2026-06-13T16:27:32.431333+00:00 done case C-0486 round=2 result=true
2026-06-13T16:27:32.565126+00:00 done case C-0487 round=2 result=true
2026-06-13T16:27:32.690256+00:00 done case C-0488 round=2 result=true
2026-06-13T16:27:32.812176+00:00 done case C-0489 round=2 result=true
2026-06-13T16:27:32.944078+00:00 done case C-0490 round=2 result=true
2026-06-13T16:27:33.084460+00:00 done case C-0491 round=2 result=true
2026-06-13T16:27:33.226200+00:00 done case C-0492 round=2 result=true
2026-06-13T16:27:34.221200+00:00 done case C-0493 round=2 result=true
2026-06-13T16:27:34.358559+00:00 done case C-0494 round=2 result=true
2026-06-13T16:27:34.499421+00:00 done case C-0495 round=2 result=true
2026-06-13T16:27:34.636909+00:00 done case C-0496 round=2 result=true
2026-06-13T16:27:34.772372+00:00 done case C-0497 round=2 result=true
2026-06-13T16:27:34.908545+00:00 done case C-0498 round=2 result=true
2026-06-13T16:27:35.051402+00:00 done case C-0499 round=2 result=true
2026-06-13T16:27:36.052583+00:00 done case C-0500 round=2 result=true
2026-06-13T16:27:36.179309+00:00 done case C-0501 round=2 result=true
2026-06-13T16:27:36.318081+00:00 done case C-0502 round=2 result=true
2026-06-13T16:27:36.451960+00:00 done case C-0503 round=2 result=true
2026-06-13T16:27:36.583873+00:00 done case C-0504 round=2 result=true
2026-06-13T16:27:36.729639+00:00 done case C-0505 round=2 result=true
2026-06-13T16:27:36.864054+00:00 done case C-0506 round=2 result=true
2026-06-13T16:27:36.990232+00:00 done case C-0507 round=2 result=true
2026-06-13T16:27:37.777989+00:00 done case C-0508 round=2 result=true
2026-06-13T16:27:37.905400+00:00 done case C-0509 round=2 result=true
2026-06-13T16:27:38.032188+00:00 done case C-0510 round=2 result=true
2026-06-13T16:27:38.156346+00:00 done case C-0511 round=2 result=true
2026-06-13T16:27:38.288180+00:00 done case C-0512 round=2 result=true
2026-06-13T16:27:38.426861+00:00 done case C-0513 round=2 result=true
2026-06-13T16:27:38.561695+00:00 done case C-0514 round=2 result=true
2026-06-13T16:27:39.584181+00:00 done case C-0515 round=2 result=true
2026-06-13T16:27:39.710064+00:00 done case C-0516 round=2 result=true
2026-06-13T16:27:39.841704+00:00 done case C-0517 round=2 result=true
2026-06-13T16:27:39.981547+00:00 done case C-0518 round=2 result=true
2026-06-13T16:27:40.121721+00:00 done case C-0519 round=2 result=true
2026-06-13T16:27:40.256831+00:00 done case C-0520 round=2 result=true
2026-06-13T16:27:40.403892+00:00 done case C-0521 round=2 result=true
2026-06-13T16:27:40.539375+00:00 done case C-0522 round=2 result=true
2026-06-13T16:27:41.525244+00:00 done case C-0523 round=2 result=true
2026-06-13T16:27:41.659193+00:00 done case C-0524 round=2 result=true
2026-06-13T16:27:41.802552+00:00 done case C-0525 round=2 result=true
2026-06-13T16:27:41.936395+00:00 done case C-0526 round=2 result=true
2026-06-13T16:27:42.070106+00:00 done case C-0527 round=2 result=true
2026-06-13T16:27:42.203242+00:00 done case C-0528 round=2 result=true
2026-06-13T16:27:42.336953+00:00 done case C-0529 round=2 result=true
2026-06-13T16:27:43.336533+00:00 done case C-0530 round=2 result=true
2026-06-13T16:27:43.469858+00:00 done case C-0531 round=2 result=true
2026-06-13T16:27:43.614034+00:00 done case C-0532 round=2 result=true
2026-06-13T16:27:43.746688+00:00 done case C-0533 round=2 result=true
2026-06-13T16:27:43.880055+00:00 done case C-0534 round=2 result=true
2026-06-13T16:27:44.013539+00:00 done case C-0535 round=2 result=true
2026-06-13T16:27:44.136730+00:00 done case C-0536 round=2 result=true
2026-06-13T16:27:44.269475+00:00 done case C-0537 round=2 result=true
2026-06-13T16:27:45.268357+00:00 done case C-0538 round=2 result=true
2026-06-13T16:27:45.413161+00:00 done case C-0539 round=2 result=true
2026-06-13T16:27:45.545727+00:00 done case C-0540 round=2 result=true
2026-06-13T16:27:45.678349+00:00 done case C-0541 round=2 result=true
2026-06-13T16:27:45.812965+00:00 done case C-0542 round=2 result=true
2026-06-13T16:27:45.947672+00:00 done case C-0543 round=2 result=true
2026-06-13T16:27:46.079032+00:00 done case C-0544 round=2 result=true
2026-06-13T16:27:47.089760+00:00 done case C-0545 round=2 result=true
2026-06-13T16:27:47.235095+00:00 done case C-0546 round=2 result=true
2026-06-13T16:27:47.367988+00:00 done case C-0547 round=2 result=true
2026-06-13T16:27:47.501815+00:00 done case C-0548 round=2 result=true
2026-06-13T16:27:47.637695+00:00 done case C-0549 round=2 result=true
2026-06-13T16:27:47.767507+00:00 done case C-0550 round=2 result=true
2026-06-13T16:27:47.900311+00:00 done case C-0551 round=2 result=true
2026-06-13T16:27:48.905320+00:00 done case C-0552 round=2 result=true
2026-06-13T16:27:49.033074+00:00 done case C-0553 round=2 result=true
2026-06-13T16:27:49.167726+00:00 done case C-0554 round=2 result=true
2026-06-13T16:27:49.303480+00:00 done case C-0555 round=2 result=true
2026-06-13T16:27:49.438688+00:00 done case C-0556 round=2 result=true
2026-06-13T16:27:49.577903+00:00 done case C-0557 round=2 result=true
2026-06-13T16:27:49.710605+00:00 done case C-0558 round=2 result=true
2026-06-13T16:27:49.844118+00:00 done case C-0559 round=2 result=true
2026-06-13T16:27:50.632684+00:00 done case C-0560 round=2 result=true
2026-06-13T16:27:50.765624+00:00 done case C-0561 round=2 result=true
2026-06-13T16:27:50.900512+00:00 done case C-0562 round=2 result=true
2026-06-13T16:27:51.032041+00:00 done case C-0563 round=2 result=true
2026-06-13T16:27:51.166734+00:00 done case C-0564 round=2 result=true
2026-06-13T16:27:51.310929+00:00 done case C-0565 round=2 result=true
2026-06-13T16:27:51.443407+00:00 done case C-0566 round=2 result=true
2026-06-13T16:27:51.621144+00:00 done case C-0567 round=2 result=true
2026-06-13T16:27:51.755216+00:00 done case C-0568 round=2 result=true
2026-06-13T16:27:51.889044+00:00 done case C-0569 round=2 result=true
2026-06-13T16:27:52.021216+00:00 done case C-0570 round=2 result=true
2026-06-13T16:27:52.155123+00:00 done case C-0571 round=2 result=true
2026-06-13T16:27:52.299720+00:00 done case C-0572 round=2 result=true
2026-06-13T16:27:52.433057+00:00 done case C-0573 round=2 result=true
2026-06-13T16:27:52.566058+00:00 done case C-0574 round=2 result=true
2026-06-13T16:27:52.699661+00:00 done case C-0575 round=2 result=true
2026-06-13T16:27:52.832031+00:00 done case C-0576 round=2 result=true
2026-06-13T16:27:52.964716+00:00 done case C-0577 round=2 result=true
2026-06-13T16:27:53.099494+00:00 done case C-0578 round=2 result=true
